precision,recall
0.3903700756068444,1.0
0.39053686376003716,0.9998301053346925
0.3905627820546854,0.9998301053346925
0.39058870378973914,0.9998301053346925
0.39061462896588345,0.9998301053346925
0.3906405575838035,0.9998301053346925
0.3906664896441848,0.9998301053346925
0.39069242514771296,0.9998301053346925
0.3907183640950737,0.9998301053346925
0.3907443064869531,0.9998301053346925
0.39077025232403717,0.9998301053346925
0.3907962016070124,0.9998301053346925
0.3908221543365653,0.9998301053346925
0.3908481105133825,0.9998301053346925
0.3908740701381509,0.9998301053346925
0.39090003321155764,0.9998301053346925
0.3909259997342899,0.9998301053346925
0.39095196970703516,0.9998301053346925
0.390977943130481,0.9998301053346925
0.39100392000531525,0.9998301053346925
0.3910299003322259,0.9998301053346925
0.3911078620322988,0.9998301053346925
0.3911338561743985,0.9998301053346925
0.3911598537720173,0.9998301053346925
0.39118585482584417,0.9998301053346925
0.3912118593365685,0.9998301053346925
0.3912378673048797,0.9998301053346925
0.39126387873146734,0.9998301053346925
0.39128989361702127,0.9998301053346925
0.39131591196223153,0.9998301053346925
0.39134193376778825,0.9998301053346925
0.3913679590343819,0.9998301053346925
0.39139398776270284,0.9998301053346925
0.39142001995344194,0.9998301053346925
0.3914460556072901,0.9998301053346925
0.3914720947249385,0.9998301053346925
0.3914981373070782,0.9998301053346925
0.3915241833544009,0.9998301053346925
0.39155023286759816,0.9998301053346925
0.39157628584736176,0.9998301053346925
0.39160234229438384,0.9998301053346925
0.3916284022093565,0.9998301053346925
0.3916544655929722,0.9998301053346925
0.39168053244592343,0.9998301053346925
0.39170660276890307,0.9998301053346925
0.391732676562604,0.9998301053346925
0.39175875382771935,0.9998301053346925
0.3917848345649424,0.9998301053346925
0.3918109187749667,0.9998301053346925
0.3918370064584859,0.9998301053346925
0.3918630976161939,0.9998301053346925
0.3918891922487847,0.9998301053346925
0.3919152903569526,0.9998301053346925
0.39194139194139194,0.9998301053346925
0.39196749700279737,0.9998301053346925
0.39199360554186374,0.9998301053346925
0.3920197175592859,0.9998301053346925
0.39204583305575913,0.9998301053346925
0.3920719520319787,0.9998301053346925
0.39209807448864015,0.9998301053346925
0.39212420042643925,0.9998301053346925
0.39215032984607184,0.9998301053346925
0.39217646274823403,0.9998301053346925
0.3922025991336221,0.9998301053346925
0.39222873900293254,0.9998301053346925
0.39225488235686196,0.9998301053346925
0.3922810291961072,0.9998301053346925
0.39230717952136523,0.9998301053346925
0.3923333333333333,0.9998301053346925
0.39235949063270886,0.9998301053346925
0.3923856514201894,0.9998301053346925
0.39241181569647265,0.9998301053346925
0.3924379834622566,0.9998301053346925
0.3924641547182394,0.9998301053346925
0.39249032946511936,0.9998301053346925
0.39251650770359503,0.9998301053346925
0.392542689434365,0.9998301053346925
0.39256887465812823,0.9998301053346925
0.3925950633755837,0.9998301053346925
0.3926212555874308,0.9998301053346925
0.39264745129436884,0.9998301053346925
0.39267365049709746,0.9998301053346925
0.39269985319631656,0.9998301053346925
0.39272605939272603,0.9998301053346925
0.39275226908702615,0.9998301053346925
0.39277848227991724,0.9998301053346925
0.39280469897209985,0.9998301053346925
0.39283091916427476,0.9998301053346925
0.39285714285714285,0.9998301053346925
0.3928833700514053,0.9998301053346925
0.3929096007477634,0.9998301053346925
0.3929358349469186,0.9998301053346925
0.39296207264957267,0.9998301053346925
0.39298831385642735,0.9998301053346925
0.39301455856818485,0.9998301053346925
0.3930408067855473,0.9998301053346925
0.3930670585092172,0.9998301053346925
0.39309331373989714,0.9998301053346925
0.39311957247828994,0.9998301053346925
0.39314583472509856,0.9998301053346925
0.3931721004810262,0.9998301053346925
0.39319836974677624,0.9998301053346925
0.3932246425230522,0.9998301053346925
0.39325091881055796,0.9998301053346925
0.3932771986099973,0.9998301053346925
0.3933034819220744,0.9998301053346925
0.39332976874749365,0.9998301053346925
0.3933560590869594,0.9998301053346925
0.39338235294117646,0.9998301053346925
0.39340865031084965,0.9998301053346925
0.39343495119668404,0.9998301053346925
0.3934612555993849,0.9998301053346925
0.39348756351965763,0.9998301053346925
0.39351387495820794,0.9998301053346925
0.39354018991574163,0.9998301053346925
0.39356650839296464,0.9998301053346925
0.3935928303905832,0.9998301053346925
0.39361915590930374,0.9998301053346925
0.39364548494983276,0.9998301053346925
0.3936718175128771,0.9998301053346925
0.3936981535991437,0.9998301053346925
0.39372449320933967,0.9998301053346925
0.39375083634417235,0.9998301053346925
0.3937771830043493,0.9998301053346925
0.39380353319057815,0.9998301053346925
0.3938298869035669,0.9998301053346925
0.39385624414402354,0.9998301053346925
0.3938826049126565,0.9998301053346925
0.39390896921017404,0.9998301053346925
0.39393533703728495,0.9998301053346925
0.3939617083946981,0.9998301053346925
0.39398808328312246,0.9998301053346925
0.39401446170326726,0.9998301053346925
0.39404084365584197,0.9998301053346925
0.3940672291415562,0.9998301053346925
0.39409361816111965,0.9998301053346925
0.39412001071524244,0.9998301053346925
0.39414640680463464,0.9998301053346925
0.3941728064300067,0.9998301053346925
0.3941992095920691,0.9998301053346925
0.3942256162915327,0.9998301053346925
0.39425202652910835,0.9998301053346925
0.3942784403055072,0.9998301053346925
0.3943048576214405,0.9998301053346925
0.39433127847761995,0.9998301053346925
0.3943577028747571,0.9998301053346925
0.394317115668141,0.9996602106693849
0.3943435426579988,0.9996602106693849
0.3943699731903485,0.9996602106693849
0.3943964072659025,0.9996602106693849
0.3944228448853734,0.9996602106693849
0.39444928604947377,0.9996602106693849
0.3944757307589166,0.9996602106693849
0.39450217901441503,0.9996602106693849
0.3945286308166823,0.9996602106693849
0.394555086166432,0.9996602106693849
0.3945815450643777,0.9996602106693849
0.3946080075112333,0.9996602106693849
0.39463447350771297,0.9996602106693849
0.3946609430545308,0.9996602106693849
0.3946874161524014,0.9996602106693849
0.39471389280203933,0.9996602106693849
0.3947403730041594,0.9996602106693849
0.3947668567594767,0.9996602106693849
0.39479334406870636,0.9996602106693849
0.3948198349325639,0.9996602106693849
0.3948463293517649,0.9996602106693849
0.39487282732702506,0.9996602106693849
0.39495234259632167,0.9996602106693849
0.39497885480298045,0.9996602106693849
0.39500537056928037,0.9996602106693849
0.39503188989593824,0.9996602106693849
0.39505841278367126,0.9996602106693849
0.3950849392331968,0.9996602106693849
0.3951114692452323,0.9996602106693849
0.3951380028204956,0.9996602106693849
0.3951645399597045,0.9996602106693849
0.3951910806635771,0.9996602106693849
0.3952176249328318,0.9996602106693849
0.395244172768187,0.9996602106693849
0.3952707241703614,0.9996602106693849
0.3952972791400739,0.9996602106693849
0.3953238376780435,0.9996602106693849
0.3953503997849896,0.9996602106693849
0.3953769654616315,0.9996602106693849
0.39540353470868894,0.9996602106693849
0.39543010752688174,0.9996602106693849
0.3954566839169299,0.9996602106693849
0.3954832638795537,0.9996602106693849
0.39550984741547357,0.9996602106693849
0.39553643452541004,0.9996602106693849
0.395563025210084,0.9996602106693849
0.3955896194702165,0.9996602106693849
0.39561621730652863,0.9996602106693849
0.3956694237105776,0.9996602106693849
0.3956960322797579,0.9996602106693849
0.3957226444280046,0.9996602106693849
0.39574926015603984,0.9996602106693849
0.395775879464586,0.9996602106693849
0.39580250235436565,0.9996602106693849
0.3958291288261016,0.9996602106693849
0.39585575888051666,0.9996602106693849
0.3958823925183341,0.9996602106693849
0.3959090297402772,0.9996602106693849
0.3959356705470695,0.9996602106693849
0.39596231493943473,0.9996602106693849
0.39598896291809677,0.9996602106693849
0.39601561448377975,0.9996602106693849
0.39604226963720807,0.9996602106693849
0.39606892837910607,0.9996602106693849
0.39609559071019856,0.9996602106693849
0.3961222566312104,0.9996602106693849
0.3961489261428668,0.9996602106693849
0.3961755992458928,0.9996602106693849
0.3962022759410141,0.9996602106693849
0.3962289562289562,0.9996602106693849
0.3962556401104452,0.9996602106693849
0.3962823275862069,0.9996602106693849
0.3963090186569677,0.9996602106693849
0.39633571332345413,0.9996602106693849
0.39636241158639274,0.9996602106693849
0.3963891134465104,0.9996602106693849
0.39641581890453415,0.9996602106693849
0.3964425279611912,0.9996602106693849
0.39646924061720906,0.9996602106693849
0.39649595687331535,0.9996602106693849
0.3965226767302379,0.9996602106693849
0.39654940018870466,0.9996602106693849
0.39657612724944397,0.9996602106693849
0.39660285791318417,0.9996602106693849
0.39662959218065386,0.9996602106693849
0.3966563300525819,0.9996602106693849
0.3966830715296973,0.9996602106693849
0.39670981661272925,0.9996602106693849
0.39673656530240714,0.9996602106693849
0.39676331759946054,0.9996602106693849
0.3967900735046193,0.9996602106693849
0.3968168330186134,0.9996602106693849
0.39684359614217307,0.9996602106693849
0.3968703628760286,0.9996602106693849
0.39689713322091064,0.9996602106693849
0.39692390717754994,0.9996602106693849
0.39695068474667744,0.9996602106693849
0.39697746592902444,0.9996602106693849
0.3970042507253222,0.9996602106693849
0.3970310391363023,0.9996602106693849
0.39705783116269655,0.9996602106693849
0.3970846268052369,0.9996602106693849
0.39711142606465544,0.9996602106693849
0.39713822894168466,0.9996602106693849
0.39716503543705706,0.9996602106693849
0.39719184555150533,0.9996602106693849
0.3972186592857625,0.9996602106693849
0.3972454766405617,0.9996602106693849
0.3972722976166363,0.9996602106693849
0.3972991222147198,0.9996602106693849
0.39732595043554597,0.9996602106693849
0.3973527822798487,0.9996602106693849
0.3973796177483623,0.9996602106693849
0.3974064568418209,0.9996602106693849
0.39743329956095913,0.9996602106693849
0.39746014590651174,0.9996602106693849
0.39748699587921366,0.9996602106693849
0.3975138494798,0.9996602106693849
0.39754070670900615,0.9996602106693849
0.39756756756756756,0.9996602106693849
0.39759443205622,0.9996602106693849
0.3976213001756994,0.9996602106693849
0.3976481719267419,0.9996602106693849
0.3976750473100838,0.9996602106693849
0.3977019263264616,0.9996602106693849
0.3977288089766121,0.9996602106693849
0.39775569526127225,0.9996602106693849
0.39778258518117904,0.9996602106693849
0.39780947873706984,0.9996602106693849
0.39783637592968224,0.9996602106693849
0.39786327675975386,0.9996602106693849
0.3978901812280227,0.9996602106693849
0.3979170893352269,0.9996602106693849
0.3979440010821047,0.9996602106693849
0.39797091646939464,0.9996602106693849
0.3979978354978355,0.9996602106693849
0.3980247581681661,0.9996602106693849
0.3980516844811257,0.9996602106693849
0.3980786144374535,0.9996602106693849
0.39810554803788906,0.9996602106693849
0.3981324852831721,0.9996602106693849
0.3981594261740425,0.9996602106693849
0.39818637071124047,0.9996602106693849
0.3982133188955062,0.9996602106693849
0.3982402707275804,0.9996602106693849
0.3982672262082036,0.9996602106693849
0.39829418533811684,0.9996602106693849
0.3983211481180612,0.9996602106693849
0.398348114548778,0.9996602106693849
0.3983750846310088,0.9996602106693849
0.3984020583654953,0.9996602106693849
0.3984290357529794,0.9996602106693849
0.3984560167942033,0.9996602106693849
0.3984830014899092,0.9996602106693849
0.39850998984083985,0.9996602106693849
0.3985369818477377,0.9996602106693849
0.3985639775113459,0.9996602106693849
0.3985909768324075,0.9996602106693849
0.39861797981166586,0.9996602106693849
0.3986449864498645,0.9996602106693849
0.3986719967477471,0.9996602106693849
0.39869901070605773,0.9996602106693849
0.39872602832554044,0.9996602106693849
0.3987530496069395,0.9996602106693849
0.3987800745509997,0.9996602106693849
0.3988071031584655,0.9996602106693849
0.398834135430082,0.9996602106693849
0.3988611713665944,0.9996602106693849
0.3988882109687479,0.9996602106693849
0.39891525423728813,0.9996602106693849
0.39894230117296087,0.9996602106693849
0.39896935177651205,0.9996602106693849
0.39899640604868786,0.9996602106693849
0.39902346399023464,0.9996602106693849
0.39905052560189896,0.9996602106693849
0.39907759088442757,0.9996602106693849
0.39910465983856747,0.9996602106693849
0.3991317324650658,0.9996602106693849
0.39915880876466997,0.9996602106693849
0.39918588873812755,0.9996602106693849
0.3992129723861863,0.9996602106693849
0.39924005970959425,0.9996602106693849
0.39926715070909957,0.9996602106693849
0.3992942453854506,0.9996602106693849
0.399321343739396,0.9996602106693849
0.39934844577168455,0.9996602106693849
0.39937555148306525,0.9996602106693849
0.3994026608742873,0.9996602106693849
0.3994297739461001,0.9996602106693849
0.3994568906992532,0.9996602106693849
0.39948401113449655,0.9996602106693849
0.39951113525258014,0.9996602106693849
0.3995382630542541,0.9996602106693849
0.3995653945402689,0.9996602106693849
0.3995925297113752,0.9996602106693849
0.3996196685683238,0.9996602106693849
0.3996468111118658,0.9996602106693849
0.39967395734275235,0.9996602106693849
0.3997011072617349,0.9996602106693849
0.3997282608695652,0.9996602106693849
0.39975541816699506,0.9996602106693849
0.39978257915477644,0.9996602106693849
0.39980974383366175,0.9996602106693849
0.39983691220440337,0.9996602106693849
0.399864084267754,0.9996602106693849
0.3998912600244665,0.9996602106693849
0.399918439475294,0.9996602106693849
0.39994562262098965,0.9996602106693849
0.3999728094623071,0.9996602106693849
0.4,0.9996602106693849
0.4000271942348222,0.9996602106693849
0.40005439216752786,0.9996602106693849
0.40008159379887126,0.9996602106693849
0.40010879912960695,0.9996602106693849
0.4001360081604896,0.9996602106693849
0.4001632208922742,0.9996602106693849
0.40019043732571585,0.9996602106693849
0.40021765746156984,0.9996602106693849
0.40024488130059177,0.9996602106693849
0.4002721088435374,0.9996602106693849
0.40029934009116264,0.9996602106693849
0.4003265750442237,0.9996602106693849
0.4003538137034769,0.9996602106693849
0.40038105606967883,0.9996602106693849
0.40040830214358625,0.9996602106693849
0.40043555192595615,0.9996602106693849
0.40046280541754575,0.9996602106693849
0.40049006261911246,0.9996602106693849
0.4005173235314138,0.9996602106693849
0.4005445881552076,0.9996602106693849
0.40057185649125193,0.9996602106693849
0.400599128540305,0.9996602106693849
0.40062640430312524,0.9996602106693849
0.40065368378047117,0.9996602106693849
0.4006809669731018,0.9996602106693849
0.40070825388177606,0.9996602106693849
0.4007355445072533,0.9996602106693849
0.4007628388502929,0.9996602106693849
0.4007901369116545,0.9996602106693849
0.40081743869209807,0.9996602106693849
0.4008447441923837,0.9996602106693849
0.4008720534132716,0.9996602106693849
0.40089936635552226,0.9996602106693849
0.4009266830198964,0.9996602106693849
0.40095400340715504,0.9996602106693849
0.40098132751805915,0.9996602106693849
0.40100865535337016,0.9996602106693849
0.4010359869138495,0.9996602106693849
0.40106332220025903,0.9996602106693849
0.4010906612133606,0.9996602106693849
0.40111800395391645,0.9996602106693849
0.40114535042268884,0.9996602106693849
0.40117270062044047,0.9996602106693849
0.401200054547934,0.9996602106693849
0.4012274122059325,0.9996602106693849
0.4012547735951991,0.9996602106693849
0.4012821387164973,0.9996602106693849
0.40130950757059064,0.9996602106693849
0.401336880158243,0.9996602106693849
0.4013642564802183,0.9996602106693849
0.4013916365372808,0.9996602106693849
0.4014190203301951,0.9996602106693849
0.40144640785972574,0.9996602106693849
0.40147379912663755,0.9996602106693849
0.40150119413169566,0.9996602106693849
0.40152859287566534,0.9996602106693849
0.4015559953593121,0.9996602106693849
0.40158340158340156,0.9996602106693849
0.40161081154869976,0.9996602106693849
0.4016382252559727,0.9996602106693849
0.40166564270598676,0.9996602106693849
0.4016930638995085,0.9996602106693849
0.40172048883730455,0.9996602106693849
0.401747917520142,0.9996602106693849
0.401775349948788,0.9996602106693849
0.4018027861240098,0.9996602106693849
0.40183022604657515,0.9996602106693849
0.40185766971725173,0.9996602106693849
0.4018851171368076,0.9996602106693849
0.4019125683060109,0.9996602106693849
0.40194002322563016,0.9996602106693849
0.40196748189643394,0.9996602106693849
0.4019949443191911,0.9996602106693849
0.4020224104946707,0.9996602106693849
0.402049880423642,0.9996602106693849
0.4020773541068744,0.9996602106693849
0.4021048315451377,0.9996602106693849
0.40213231273920175,0.9996602106693849
0.4021597976898367,0.9996602106693849
0.4021872863978127,0.9996602106693849
0.40221477886390045,0.9996602106693849
0.40224227508887067,0.9996602106693849
0.4022697750734942,0.9996602106693849
0.4022972788185423,0.9996602106693849
0.4023247863247863,0.9996602106693849
0.4023522975929978,0.9996602106693849
0.40237981262394856,0.9996602106693849
0.4024073314184106,0.9996602106693849
0.40243485397715617,0.9996602106693849
0.4024623803009576,0.9996602106693849
0.40248991039058757,0.9996602106693849
0.402517444246819,0.9996602106693849
0.40254498187042487,0.9996602106693849
0.40257252326217846,0.9996602106693849
0.40260006842285323,0.9996602106693849
0.40262761735322294,0.9996602106693849
0.40265517005406143,0.9996602106693849
0.4026827265261429,0.9996602106693849
0.4027102867702416,0.9996602106693849
0.4027378507871321,0.9996602106693849
0.4027654185775892,0.9996602106693849
0.40279299014238773,0.9996602106693849
0.402820565482303,0.9996602106693849
0.40284814459811036,0.9996602106693849
0.4028757274905854,0.9996602106693849
0.40290331416050396,0.9996602106693849
0.40293090460864206,0.9996602106693849
0.40295849883577595,0.9996602106693849
0.402986096842682,0.9996602106693849
0.403013698630137,0.9996602106693849
0.40304130419891776,0.9996602106693849
0.40306891354980134,0.9996602106693849
0.4030965266835651,0.9996602106693849
0.4031241436009866,0.9996602106693849
0.40315176430284344,0.9996602106693849
0.40317938878991366,0.9996602106693849
0.4032070170629754,0.9996602106693849
0.40323464912280704,0.9996602106693849
0.4032622849701871,0.9996602106693849
0.40328992460589447,0.9996602106693849
0.40331756803070806,0.9996602106693849
0.4033452152454072,0.9996602106693849
0.40337286625077123,0.9996602106693849
0.4034005210475799,0.9996602106693849
0.403428179636613,0.9996602106693849
0.4034558420186506,0.9996602106693849
0.40348350819447304,0.9996602106693849
0.40351117816486076,0.9996602106693849
0.40353885193059463,0.9996602106693849
0.4035665294924554,0.9996602106693849
0.4035942108512244,0.9996602106693849
0.40362189600768283,0.9996602106693849
0.40364958496261233,0.9996602106693849
0.40367727771679474,0.9996602106693849
0.403704974271012,0.9996602106693849
0.4037326746260464,0.9996602106693849
0.4037603787826803,0.9996602106693849
0.4037880867416964,0.9996602106693849
0.40381579850387755,0.9996602106693849
0.40384351407000685,0.9996602106693849
0.4038712334408676,0.9996602106693849
0.4038989566172433,0.9996602106693849
0.4039544143896746,0.9996602106693849
0.40398214898729834,0.9996602106693849
0.4040098873935732,0.9996602106693849
0.4040376296092838,0.9996602106693849
0.40406537563521494,0.9996602106693849
0.40409312547215165,0.9996602106693849
0.40412087912087913,0.9996602106693849
0.40414863658218286,0.9996602106693849
0.40417639785684845,0.9996602106693849
0.40420416294566186,0.9996602106693849
0.4042319318494092,0.9996602106693849
0.40425970456887667,0.9996602106693849
0.4042874811048509,0.9996602106693849
0.4043152614581186,0.9996602106693849
0.40439862542955324,0.9996602106693849
0.40442642105986665,0.9996602106693849
0.4044542205114105,0.9996602106693849
0.40448202378497283,0.9996602106693849
0.40450983088134196,0.9996602106693849
0.4045376418013063,0.9996602106693849
0.40456545654565457,0.9996602106693849
0.4045932751151757,0.9996602106693849
0.4046210975106588,0.9996602106693849
0.4046489237328932,0.9996602106693849
0.4046767537826685,0.9996602106693849
0.4047045876607745,0.9996602106693849
0.4047324253680011,0.9996602106693849
0.4047602669051386,0.9996602106693849
0.40478811227297745,0.9996602106693849
0.4048159614723082,0.9996602106693849
0.4048438145039218,0.9996602106693849
0.40487167136860935,0.9996602106693849
0.4048995320671621,0.9996602106693849
0.40492739660037164,0.9996602106693849
0.4049552649690296,0.9996602106693849
0.40498313717392803,0.9996602106693849
0.40501101321585903,0.9996602106693849
0.4050388930956151,0.9996602106693849
0.4050667768139887,0.9996602106693849
0.40509466437177283,0.9996602106693849
0.4051225557697604,0.9996602106693849
0.40515045100874475,0.9996602106693849
0.40517835008951936,0.9996602106693849
0.4052062530128779,0.9996602106693849
0.4052341597796143,0.9996602106693849
0.40526207039052276,0.9996602106693849
0.40528998484639756,0.9996602106693849
0.40531790314803334,0.9996602106693849
0.40534582529622487,0.9996602106693849
0.4053737512917671,0.9996602106693849
0.40540168113545544,0.9996602106693849
0.40542961482808515,0.9996602106693849
0.40545755237045206,0.9996602106693849
0.40548549376335197,0.9996602106693849
0.40551343900758097,0.9996602106693849
0.4055413881039355,0.9996602106693849
0.405569341053212,0.9996602106693849
0.40559729785620735,0.9996602106693849
0.40562525851371845,0.9996602106693849
0.40565322302654255,0.9996602106693849
0.4056811913954771,0.9996602106693849
0.4057091636213197,0.9996602106693849
0.4057371397048683,0.9996602106693849
0.4057651196469209,0.9996602106693849
0.40579310344827585,0.9996602106693849
0.4058210911097317,0.9996602106693849
0.4058490826320872,0.9996602106693849
0.40587707801614126,0.9996602106693849
0.40590507726269315,0.9996602106693849
0.4059330803725423,0.9996602106693849
0.4059610873464882,0.9996602106693849
0.40598909818533085,0.9996602106693849
0.40601711288987025,0.9996602106693849
0.40604513146090676,0.9996602106693849
0.40607315389924087,0.9996602106693849
0.40610118020567326,0.9996602106693849
0.40612921038100497,0.9996602106693849
0.4061572444260371,0.9996602106693849
0.4061852823415712,0.9996602106693849
0.4062133241284087,0.9996602106693849
0.40624136978735154,0.9996602106693849
0.4062694193192018,0.9996602106693849
0.4062974727247618,0.9996602106693849
0.4063255300048339,0.9996602106693849
0.406353591160221,0.9996602106693849
0.40638165619172595,0.9996602106693849
0.40640972510015194,0.9996602106693849
0.4064377978863024,0.9996602106693849
0.40646587455098093,0.9996602106693849
0.40649395509499137,0.9996602106693849
0.4065220395191378,0.9996602106693849
0.4065501278242244,0.9996602106693849
0.4065782200110558,0.9996602106693849
0.40660631608043674,0.9996602106693849
0.4066344160331721,0.9996602106693849
0.406662519870067,0.9996602106693849
0.40669062759192703,0.9996602106693849
0.4067187391995576,0.9996602106693849
0.4067468546937647,0.9996602106693849
0.4067749740753543,0.9996602106693849
0.40680309734513276,0.9996602106693849
0.4068312245039065,0.9996602106693849
0.40685935555248237,0.9996602106693849
0.4068874904916672,0.9996602106693849
0.4069156293222683,0.9996602106693849
0.406943772045093,0.9996602106693849
0.4070282235749862,0.9996602106693849
0.4070563818747838,0.9996602106693849
0.40708454407084543,0.9996602106693849
0.4071127101639798,0.9996602106693849
0.40714088015499583,0.9996602106693849
0.40716905404470277,0.9996602106693849
0.40719723183391004,0.9996602106693849
0.4072254135234272,0.9996602106693849
0.4072535991140642,0.9996602106693849
0.4072817886066311,0.9996602106693849
0.40730998200193824,0.9996602106693849
0.40733817930079613,0.9996602106693849
0.4073663805040155,0.9996602106693849
0.4073945856124074,0.9996602106693849
0.407422794626783,0.9996602106693849
0.40745100754795377,0.9996602106693849
0.4074792243767313,0.9996602106693849
0.40750744511392756,0.9996602106693849
0.4075356697603546,0.9996602106693849
0.4075638983168248,0.9996602106693849
0.40759213078415074,0.9996602106693849
0.40762036716314515,0.9996602106693849
0.40764860745462106,0.9996602106693849
0.40767685165939166,0.9996602106693849
0.4077050997782705,0.9996602106693849
0.4077333518120712,0.9996602106693849
0.40776160776160775,0.9996602106693849
0.4077898676276942,0.9996602106693849
0.407818131411145,0.9996602106693849
0.40784639911277465,0.9996602106693849
0.407874670733398,0.9996602106693849
0.40790294627383017,0.9996602106693849
0.4079312257348863,0.9996602106693849
0.40795950911738194,0.9996602106693849
0.40798779642213284,0.9996602106693849
0.40801608764995495,0.9996602106693849
0.40804438280166433,0.9996602106693849
0.40807268187807755,0.9996602106693849
0.4081009848800111,0.9996602106693849
0.4081292918082819,0.9996602106693849
0.408157602663707,0.9996602106693849
0.4081859174471037,0.9996602106693849
0.4082142361592896,0.9996602106693849
0.40824255880108234,0.9996602106693849
0.40827088537330003,0.9996602106693849
0.4082992158767608,0.9996602106693849
0.4083275503122831,0.9996602106693849
0.4083558886806857,0.9996602106693849
0.40838423098278737,0.9996602106693849
0.4084125772194072,0.9996602106693849
0.4084409273913647,0.9996602106693849
0.40846928149947936,0.9996602106693849
0.40849763954457097,0.9996602106693849
0.40852600152745955,0.9996602106693849
0.4085543674489654,0.9996602106693849
0.408582737309909,0.9996602106693849
0.4086111111111111,0.9996602106693849
0.4086394888533926,0.9996602106693849
0.40866787053757464,0.9996602106693849
0.4086962561644787,0.9996602106693849
0.4087246457349264,0.9996602106693849
0.4087530392497395,0.9996602106693849
0.40878143670974015,0.9996602106693849
0.4088098381157507,0.9996602106693849
0.40883824346859365,0.9996602106693849
0.4088666527690918,0.9996602106693849
0.4088950660180681,0.9996602106693849
0.4089234832163458,0.9996602106693849
0.4089519043647484,0.9996602106693849
0.4089803294640995,0.9996602106693849
0.4090087585152231,0.9996602106693849
0.40903719151894335,0.9996602106693849
0.4090656284760845,0.9996602106693849
0.40909406938747134,0.9996602106693849
0.40912251425392854,0.9996602106693849
0.4091509630762812,0.9996602106693849
0.40917941585535467,0.9996602106693849
0.4092078725919744,0.9996602106693849
0.4092363332869662,0.9996602106693849
0.409264797941156,0.9996602106693849
0.40929326655537007,0.9996602106693849
0.4093217391304348,0.9996602106693849
0.40935021566717683,0.9996602106693849
0.40937869616642314,0.9996602106693849
0.40940718062900083,0.9996602106693849
0.40943566905573725,0.9996602106693849
0.40946416144746,0.9996602106693849
0.4094926578049969,0.9996602106693849
0.40952115812917594,0.9996602106693849
0.4095496624208255,0.9996602106693849
0.40957817068077407,0.9996602106693849
0.4096066829098503,0.9996602106693849
0.4096351991088833,0.9996602106693849
0.4096637192787022,0.9996602106693849
0.4096922434201365,0.9996602106693849
0.40972077153401576,0.9996602106693849
0.4097493036211699,0.9996602106693849
0.40977783968242915,0.9996602106693849
0.40980637971862377,0.9996602106693849
0.4098349237305844,0.9996602106693849
0.40986347171914184,0.9996602106693849
0.4098920236851271,0.9996602106693849
0.4099205796293716,0.9996602106693849
0.40994913955270673,0.9996602106693849
0.40997770345596435,0.9996602106693849
0.4100062713399763,0.9996602106693849
0.41003484320557493,0.9996602106693849
0.41006341905359256,0.9996602106693849
0.410091998884862,0.9996602106693849
0.41012058270021606,0.9996602106693849
0.41014917050048794,0.9996602106693849
0.410177762286511,0.9996602106693849
0.4102063580591188,0.9996602106693849
0.4102349578191452,0.9996602106693849
0.41026356156742433,0.9996602106693849
0.41029216930479045,0.9996602106693849
0.4103207810320781,0.9996602106693849
0.41034939675012205,0.9996602106693849
0.4103780164597573,0.9996602106693849
0.41040664016181905,0.9996602106693849
0.41043526785714285,0.9996602106693849
0.41046389954656437,0.9996602106693849
0.4104925352309195,0.9996602106693849
0.41052117491104445,0.9996602106693849
0.4105498185877756,0.9996602106693849
0.4105784662619496,0.9996602106693849
0.41060711793440335,0.9996602106693849
0.4106357736059739,0.9996602106693849
0.41066443327749863,0.9996602106693849
0.41069309694981504,0.9996602106693849
0.410721764623761,0.9996602106693849
0.4107504363001745,0.9996602106693849
0.41077911197989386,0.9996602106693849
0.4108077916637576,0.9996602106693849
0.41083647535260437,0.9996602106693849
0.4108651630472732,0.9996602106693849
0.41089385474860335,0.9996602106693849
0.4109225504574342,0.9996602106693849
0.4109512501746054,0.9996602106693849
0.41097995390095693,0.9996602106693849
0.41100866163732885,0.9996602106693849
0.41103737338456164,0.9996602106693849
0.4110660891434959,0.9996602106693849
0.4110948089149724,0.9996602106693849
0.4111235326998323,0.9996602106693849
0.4111522604989169,0.9996602106693849
0.41118099231306776,0.9996602106693849
0.41120972814312673,0.9996602106693849
0.4112384679899357,0.9996602106693849
0.411267211854337,0.9996602106693849
0.4112959597371732,0.9996602106693849
0.41132471163928697,0.9996602106693849
0.41135346756152125,0.9996602106693849
0.4113822275047193,0.9996602106693849
0.41141099146972454,0.9996602106693849
0.4114397594573806,0.9996602106693849
0.41146853146853146,0.9996602106693849
0.41149730750402125,0.9996602106693849
0.4115260875646944,0.9996602106693849
0.41155487165139537,0.9996602106693849
0.41158365976496925,0.9996602106693849
0.41161245190626095,0.9996602106693849
0.41164124807611585,0.9996602106693849
0.41167004827537956,0.9996602106693849
0.41169885250489785,0.9996602106693849
0.41172766076551676,0.9996602106693849
0.41175647305808255,0.9996602106693849
0.41178528938344183,0.9996602106693849
0.4118141097424412,0.9996602106693849
0.41184293413592776,0.9996602106693849
0.4118717625647487,0.9996602106693849
0.4119005950297515,0.9996602106693849
0.4119294315317838,0.9996602106693849
0.4119582720716936,0.9996602106693849
0.4119871166503291,0.9996602106693849
0.4120159652685386,0.9996602106693849
0.41204481792717085,0.9996602106693849
0.4120736746270747,0.9996602106693849
0.4121025353690993,0.9996602106693849
0.412131400154094,0.9996602106693849
0.41216026898290836,0.9996602106693849
0.41218914185639227,0.9996602106693849
0.4122180187753958,0.9996602106693849
0.4122468997407693,0.9996602106693849
0.41227578475336324,0.9996602106693849
0.41230467381402847,0.9996602106693849
0.412333566923616,0.9996602106693849
0.4123624640829771,0.9996602106693849
0.4123913652929633,0.9996602106693849
0.4124202705544263,0.9996602106693849
0.41244917986821816,0.9996602106693849
0.412478093235191,0.9996602106693849
0.41250701065619744,0.9996602106693849
0.41253593213209,0.9996602106693849
0.41256485766372175,0.9996602106693849
0.41259378725194584,0.9996602106693849
0.4126227208976157,0.9996602106693849
0.412651658601585,0.9996602106693849
0.41270954618783756,0.9996602106693849
0.4127384960718294,0.9996602106693849
0.41276745001753773,0.9996602106693849
0.4127964080258173,0.9996602106693849
0.41282537009752335,0.9996602106693849
0.4128543362335111,0.9996602106693849
0.41288330643463617,0.9996602106693849
0.4129122807017544,0.9996602106693849
0.4129412590357218,0.9996602106693849
0.41297024143739475,0.9996602106693849
0.41299922790762966,0.9996602106693849
0.41302821844728344,0.9996602106693849
0.41305721305721305,0.9996602106693849
0.41308621173827575,0.9996602106693849
0.4131152144913291,0.9996602106693849
0.4131442213172307,0.9996602106693849
0.4131732322168387,0.9996602106693849
0.41320224719101123,0.9996602106693849
0.4132312662406068,0.9996602106693849
0.41326028936648407,0.9996602106693849
0.413289316569502,0.9996602106693849
0.4133183478505198,0.9996602106693849
0.41334738321039693,0.9996602106693849
0.41337642264999297,0.9996602106693849
0.41340546617016793,0.9996602106693849
0.4134345137717819,0.9996602106693849
0.4134635654556953,0.9996602106693849
0.4134926212227688,0.9996602106693849
0.4135216810738632,0.9996602106693849
0.41355074500983974,0.9996602106693849
0.4135798130315597,0.9996602106693849
0.4136088851398847,0.9996602106693849
0.41363796133567665,0.9996602106693849
0.4136670416197975,0.9996602106693849
0.41369612599310973,0.9996602106693849
0.41372521445647586,0.9996602106693849
0.4137543070107587,0.9996602106693849
0.41378340365682137,0.9996602106693849
0.41381250439552714,0.9996602106693849
0.4138416092277395,0.9996602106693849
0.4138707181543223,0.9996602106693849
0.41389983117613954,0.9996602106693849
0.4139289482940556,0.9996602106693849
0.4139580695089349,0.9996602106693849
0.41398719482164215,0.9996602106693849
0.4140163242330425,0.9996602106693849
0.41404545774400114,0.9996602106693849
0.41407459535538355,0.9996602106693849
0.4141037370680555,0.9996602106693849
0.41413288288288286,0.9996602106693849
0.41416203280073205,0.9996602106693849
0.41419118682246936,0.9996602106693849
0.41422034494896165,0.9996602106693849
0.4142495071810757,0.9996602106693849
0.41427867351967895,0.9996602106693849
0.41430784396563863,0.9996602106693849
0.4143370185198226,0.9996602106693849
0.4143661971830986,0.9996602106693849
0.41439537995633496,0.9996602106693849
0.4144245668404001,0.9996602106693849
0.41445375783616256,0.9996602106693849
0.4144829529444914,0.9996602106693849
0.4145121521662557,0.9996602106693849
0.4145413555023249,0.9996602106693849
0.41457056295356864,0.9996602106693849
0.41459977452085683,0.9996602106693849
0.41462899020505956,0.9996602106693849
0.4146582100070472,0.9996602106693849
0.4146874339276905,0.9996602106693849
0.41471666196786017,0.9996602106693849
0.41474589412842744,0.9996602106693849
0.41477513041026365,0.9996602106693849
0.4148043708142404,0.9996602106693849
0.41483361534122953,0.9996602106693849
0.4148628639921032,0.9996602106693849
0.41489211676773374,0.9996602106693849
0.41492137366899373,0.9996602106693849
0.41495063469675597,0.9996602106693849
0.41497989985189365,0.9996602106693849
0.41500916913528,0.9996602106693849
0.41503844254778866,0.9996602106693849
0.41506772009029347,0.9996602106693849
0.4150970017636684,0.9996602106693849
0.41512628756878794,0.9996602106693849
0.4151555775065265,0.9996602106693849
0.41518487157775896,0.9996602106693849
0.4152141697833604,0.9996602106693849
0.4152434721242061,0.9996602106693849
0.41527277860117157,0.9996602106693849
0.4153020892151327,0.9996602106693849
0.4153314039669655,0.9996602106693849
0.4153607228575462,0.9996602106693849
0.4153900458877515,0.9996602106693849
0.41541937305845805,0.9996602106693849
0.415448704370543,0.9996602106693849
0.4154780398248835,0.9996602106693849
0.41550737942235716,0.9996602106693849
0.4155367231638418,0.9996602106693849
0.4155660710502154,0.9996602106693849
0.41559542308235625,0.9996602106693849
0.4156247792611429,0.9996602106693849
0.41565413958745406,0.9996602106693849
0.41568350406216886,0.9996602106693849
0.41571287268616647,0.9996602106693849
0.41574224546032645,0.9996602106693849
0.41577162238552856,0.9996602106693849
0.4158010034626528,0.9996602106693849
0.4158303886925795,0.9996602106693849
0.4158597780761891,0.9996602106693849
0.41588917161436245,0.9996602106693849
0.4159185693079805,0.9996602106693849
0.4159479711579245,0.9996602106693849
0.415977377165076,0.9996602106693849
0.41600678733031676,0.9996602106693849
0.41603620165452876,0.9996602106693849
0.41606562013859427,0.9996602106693849
0.4160950427833958,0.9996602106693849
0.41612446958981614,0.9996602106693849
0.41615390055873824,0.9996602106693849
0.41618333569104543,0.9996602106693849
0.41621277498762116,0.9996602106693849
0.41624221844934917,0.9996602106693849
0.4162716660771135,0.9996602106693849
0.4163011178717985,0.9996602106693849
0.41633057383428856,0.9996602106693849
0.41636003396546845,0.9996602106693849
0.4163894982662232,0.9996602106693849
0.41641896673743806,0.9996602106693849
0.4164484393799986,0.9996602106693849
0.41647791619479047,0.9996602106693849
0.4165073971826998,0.9996602106693849
0.4165368823446128,0.9996602106693849
0.4165663716814159,0.9996602106693849
0.41659586519399605,0.9996602106693849
0.4166253628832401,0.9996602106693849
0.4166548647500354,0.9996602106693849
0.41668437079526943,0.9996602106693849
0.41671388101983003,0.9996602106693849
0.41674339542460515,0.9996602106693849
0.41677291401048305,0.9996602106693849
0.4168024367783523,0.9996602106693849
0.41683196372910175,0.9996602106693849
0.4168614948636203,0.9996602106693849
0.4168910301827972,0.9996602106693849
0.41692056968752217,0.9996602106693849
0.4169501133786848,0.9996602106693849
0.4169796612571752,0.9996602106693849
0.41700921332388374,0.9996602106693849
0.4170387695797009,0.9996602106693849
0.41706833002551746,0.9996602106693849
0.4170978946622244,0.9996602106693849
0.41712746349071317,0.9996602106693849
0.41715703651187525,0.9996602106693849
0.4171866137266024,0.9996602106693849
0.4172161951357867,0.9996602106693849
0.41724578074032054,0.9996602106693849
0.41727537054109637,0.9996602106693849
0.4173049645390071,0.9996602106693849
0.41733456273494574,0.9996602106693849
0.4173641651298056,0.9996602106693849
0.4173937717244804,0.9996602106693849
0.4174233825198638,0.9996602106693849
0.41745299751684994,0.9996602106693849
0.4174826167163332,0.9996602106693849
0.4175122401192081,0.9996602106693849
0.4175418677263696,0.9996602106693849
0.41757149953871264,0.9996602106693849
0.41760113555713274,0.9996602106693849
0.4176307757825254,0.9996602106693849
0.4176604202157865,0.9996602106693849
0.4176900688578122,0.9996602106693849
0.4177197217094988,0.9996602106693849
0.417749378771743,0.9996602106693849
0.41777904004544164,0.9996602106693849
0.41780870553149185,0.9996602106693849
0.4178383752307911,0.9996602106693849
0.4178680491442369,0.9996602106693849
0.4178977272727273,0.9996602106693849
0.4179274096171603,0.9996602106693849
0.41795709617843446,0.9996602106693849
0.41798678695744834,0.9996602106693849
0.4180164819551009,0.9996602106693849
0.4180461811722913,0.9996602106693849
0.418075884609919,0.9996602106693849
0.41810559226888366,0.9996602106693849
0.41813530415008526,0.9996602106693849
0.418165020254424,0.9996602106693849
0.41819474058280026,0.9996602106693849
0.4182244651361149,0.9996602106693849
0.4182541939152687,0.9996602106693849
0.418283926921163,0.9996602106693849
0.4183136641546993,0.9996602106693849
0.41834340561677924,0.9996602106693849
0.4183731513083049,0.9996602106693849
0.4184029012301785,0.9996602106693849
0.41843265538330254,0.9996602106693849
0.41846241376857973,0.9996602106693849
0.4184921763869132,0.9996602106693849
0.4185219432392062,0.9996602106693849
0.41855171432636223,0.9996602106693849
0.41858148964928504,0.9996602106693849
0.41861126920887876,0.9996602106693849
0.41864105300604765,0.9996602106693849
0.41867084104169633,0.9996602106693849
0.4187006333167295,0.9996602106693849
0.4187304298320524,0.9996602106693849
0.4187602305885702,0.9996602106693849
0.41879003558718864,0.9996602106693849
0.41881984482881346,0.9996602106693849
0.4188496583143508,0.9996602106693849
0.41887947604470704,0.9996602106693849
0.41890929802078886,0.9996602106693849
0.41893912424350305,0.9996602106693849
0.4189689547137568,0.9996602106693849
0.41899878943245744,0.9996602106693849
0.41902862840051275,0.9996602106693849
0.4190584716188306,0.9996602106693849
0.41908831908831906,0.9996602106693849
0.4191181708098867,0.9996602106693849
0.41914802678444224,0.9996602106693849
0.4191778870128945,0.9996602106693849
0.41920775149615275,0.9996602106693849
0.41923762023512645,0.9996602106693849
0.4192674932307254,0.9996602106693849
0.41929737048385946,0.9996602106693849
0.419327251995439,0.9996602106693849
0.41935713776637445,0.9996602106693849
0.41938702779757664,0.9996602106693849
0.4194169220899565,0.9996602106693849
0.41944682064442546,0.9996602106693849
0.4194767234618949,0.9996602106693849
0.4195664575014261,0.9996602106693849
0.41959637738001854,0.9996602106693849
0.41962630152617314,0.9996602106693849
0.4196562299408031,0.9996602106693849
0.41968616262482167,0.9996602106693849
0.4197160995791426,0.9996602106693849
0.4197460408046797,0.9996602106693849
0.41977598630234714,0.9996602106693849
0.4198059360730594,0.9996602106693849
0.419835890117731,0.9996602106693849
0.41986584843727703,0.9996602106693849
0.4198958110326126,0.9996602106693849
0.41992577790465313,0.9996602106693849
0.4199557490543145,0.9996602106693849
0.4199857244825125,0.9996602106693849
0.4200157041901635,0.9996602106693849
0.4200456881781839,0.9996602106693849
0.42007567644749055,0.9996602106693849
0.4201056689990004,0.9996602106693849
0.4201356658336308,0.9996602106693849
0.42016566695229934,0.9996602106693849
0.42019567235592375,0.9996602106693849
0.4202256820454221,0.9996602106693849
0.42025569602171275,0.9996602106693849
0.42028571428571426,0.9996602106693849
0.4203157368383456,0.9996602106693849
0.4203457636805258,0.9996602106693849
0.4203757948131743,0.9996602106693849
0.4204058302372106,0.9996602106693849
0.42043586995355486,0.9996602106693849
0.42046591396312705,0.9996602106693849
0.4204959622668477,0.9996602106693849
0.4205260148656375,0.9996602106693849
0.4205560717604174,0.9996602106693849
0.42058613295210867,0.9996602106693849
0.4206161984416327,0.9996602106693849
0.42064626822991136,0.9996602106693849
0.4206763423178666,0.9996602106693849
0.4207064207064207,0.9996602106693849
0.42073650339649626,0.9996602106693849
0.42076659038901604,0.9996602106693849
0.4207966816849031,0.9996602106693849
0.42082677728508083,0.9996602106693849
0.42085687719047277,0.9996602106693849
0.42088698140200287,0.9996602106693849
0.4209170899205952,0.9996602106693849
0.4209472027471741,0.9996602106693849
0.4209773198826644,0.9996602106693849
0.42100744132799084,0.9996602106693849
0.4210375670840787,0.9996602106693849
0.42106769715185344,0.9996602106693849
0.42109783153224073,0.9996602106693849
0.4211279702261666,0.9996602106693849
0.4211581132345573,0.9996602106693849
0.4211882605583393,0.9996602106693849
0.4212184121984394,0.9996602106693849
0.42124856815578465,0.9996602106693849
0.4212787284313024,0.9996602106693849
0.4213088930259201,0.9996602106693849
0.4213390619405657,0.9996602106693849
0.4213692351761673,0.9996602106693849
0.4213994127336532,0.9996602106693849
0.42142959461395213,0.9996602106693849
0.42145978081799296,0.9996602106693849
0.42148997134670485,0.9996602106693849
0.4215201662010173,0.9996602106693849
0.42155036538185986,0.9996602106693849
0.42158056889016265,0.9996602106693849
0.4216107767268558,0.9996602106693849
0.42164098889286994,0.9996602106693849
0.4216712053891357,0.9996602106693849
0.42170142621658424,0.9996602106693849
0.42173165137614677,0.9996602106693849
0.42176188086875493,0.9996602106693849
0.4217921146953405,0.9996602106693849
0.4218223528568356,0.9996602106693849
0.42185259535417263,0.9996602106693849
0.4218828421882842,0.9996602106693849
0.42191309336010324,0.9996602106693849
0.42194334887056295,0.9996602106693849
0.4219736087205967,0.9996602106693849
0.4220038729111382,0.9996602106693849
0.4220341414431215,0.9996602106693849
0.4220644143174808,0.9996602106693849
0.42209469153515067,0.9996602106693849
0.4221249730970658,0.9996602106693849
0.4221552590041613,0.9996602106693849
0.42218554925737245,0.9996602106693849
0.4222158438576349,0.9996602106693849
0.42224614280588446,0.9996602106693849
0.42227644610305726,0.9996602106693849
0.4223067537500897,0.9996602106693849
0.42233706574791846,0.9996602106693849
0.42242802785555317,0.9996602106693849
0.4224583572659391,0.9996602106693849
0.4224886910318087,0.9996602106693849
0.4225190291541002,0.9996602106693849
0.42257971847170356,0.9996602106693849
0.4226100696688932,0.9996602106693849
0.4226404252262606,0.9996602106693849
0.4226707851447454,0.9996602106693849
0.42270114942528736,0.9996602106693849
0.4227315180688268,0.9996602106693849
0.4227618910763041,0.9996602106693849
0.4227922684486599,0.9996602106693849
0.4228226501868353,0.9996602106693849
0.42285303629177146,0.9996602106693849
0.42288342676440993,0.9996602106693849
0.4229138216056925,0.9996602106693849
0.42294422081656124,0.9996602106693849
0.42297462439795847,0.9996602106693849
0.42300503235082676,0.9996602106693849
0.423035444676109,0.9996602106693849
0.42306586137474833,0.9996602106693849
0.4230962824476882,0.9996602106693849
0.4231267078958723,0.9996602106693849
0.4231571377202445,0.9996602106693849
0.42318757192174916,0.9996602106693849
0.4232180105013306,0.9996602106693849
0.42324845345993384,0.9996602106693849
0.4232789007985037,0.9996602106693849
0.4233093525179856,0.9996602106693849
0.42333980861932513,0.9996602106693849
0.42337026910346814,0.9996602106693849
0.42340073397136074,0.9996602106693849
0.42343120322394934,0.9996602106693849
0.4234616768621806,0.9996602106693849
0.4234921548870016,0.9996602106693849
0.4235226372993594,0.9996602106693849
0.4235531241002016,0.9996602106693849
0.42358361529047583,0.9996602106693849
0.4236141108711303,0.9996602106693849
0.4236446108431133,0.9996602106693849
0.4236751152073733,0.9996602106693849
0.4237056239648592,0.9996602106693849
0.42373613711652025,0.9996602106693849
0.4237666546633057,0.9996602106693849
0.4237971766061654,0.9996602106693849
0.4238277029460491,0.9996602106693849
0.42385823368390724,0.9996602106693849
0.42388876882069015,0.9996602106693849
0.4239193083573487,0.9996602106693849
0.4239498522948339,0.9996602106693849
0.42398040063409714,0.9996602106693849
0.42401095337608996,0.9996602106693849
0.4240415105217642,0.9996602106693849
0.4240720720720721,0.9996602106693849
0.424102638027966,0.9996602106693849
0.42413320839039864,0.9996602106693849
0.42416378316032294,0.9996602106693849
0.42419436233869223,0.9996602106693849
0.42422494592646,0.9996602106693849
0.42425553392458,0.9996602106693849
0.42428612633400636,0.9996602106693849
0.42431672315569335,0.9996602106693849
0.4243473243905957,0.9996602106693849
0.4243779300396682,0.9996602106693849
0.42440854010386614,0.9996602106693849
0.42443915458414483,0.9996602106693849
0.4244697734814601,0.9996602106693849
0.42450039679676793,0.9996602106693849
0.42453102453102454,0.9996602106693849
0.42456165668518653,0.9996602106693849
0.4245922932602107,0.9996602106693849
0.4246229342570542,0.9996602106693849
0.4246535796766744,0.9996602106693849
0.4246842295200289,0.9996602106693849
0.42471488378807565,0.9996602106693849
0.4247455424817729,0.9996602106693849
0.4247762056020791,0.9996602106693849
0.4248068731499531,0.9996602106693849
0.4248375451263538,0.9996602106693849
0.4248682215322406,0.9996602106693849
0.4248989023685731,0.9996602106693849
0.4249295876363111,0.9996602106693849
0.42496027733641484,0.9996602106693849
0.4249909714698447,0.9996602106693849
0.4250216700375614,0.9996602106693849
0.4250523730405259,0.9996602106693849
0.42508308047969945,0.9996602106693849
0.42511379235604363,0.9996602106693849
0.4251445086705202,0.9996602106693849
0.42517522942409136,0.9996602106693849
0.4252059546177193,0.9996602106693849
0.4252366842523668,0.9996602106693849
0.42526741832899684,0.9996602106693849
0.4252981568485725,0.9996602106693849
0.42532889981205724,0.9996602106693849
0.42535964722041497,0.9996602106693849
0.4253903990746096,0.9996602106693849
0.42542115537560554,0.9996602106693849
0.42545191612436734,0.9996602106693849
0.42548268132185985,0.9996602106693849
0.4255134509690483,0.9996602106693849
0.4255442250668981,0.9996602106693849
0.42557500361637496,0.9996602106693849
0.42560578661844484,0.9996602106693849
0.42563657407407407,0.9996602106693849
0.42566736598422916,0.9996602106693849
0.425698162349877,0.9996602106693849
0.42572896317198466,0.9996602106693849
0.4257597684515195,0.9996602106693849
0.4257905781894493,0.9996602106693849
0.42582139238674194,0.9996602106693849
0.42585221104436566,0.9996602106693849
0.42588303416328893,0.9996602106693849
0.42591386174448065,0.9996602106693849
0.4259446937889098,0.9996602106693849
0.4259755302975458,0.9996602106693849
0.42600637127135826,0.9996602106693849
0.42603721671131706,0.9996602106693849
0.42606806661839247,0.9996602106693849
0.42609892099355495,0.9996602106693849
0.4261297798377752,0.9996602106693849
0.42616064315202434,0.9996602106693849
0.42619151093727364,0.9996602106693849
0.42622238319449474,0.9996602106693849
0.4262532599246595,0.9996602106693849
0.42628414112874013,0.9996602106693849
0.42631502680770905,0.9996602106693849
0.42634591696253893,0.9996602106693849
0.4263768115942029,0.9996602106693849
0.42640771070367417,0.9996602106693849
0.42643861429192637,0.9996602106693849
0.4264695223599333,0.9996602106693849
0.4265004349086692,0.9996602106693849
0.42653135193910835,0.9996602106693849
0.4265622734522256,0.9996602106693849
0.4265931994489959,0.9996602106693849
0.42662412993039445,0.9996602106693849
0.42665506489739685,0.9996602106693849
0.426686004350979,0.9996602106693849
0.4267169482921169,0.9996602106693849
0.42674789672178703,0.9996602106693849
0.42677884964096613,0.9996602106693849
0.4268098070506311,0.9996602106693849
0.42684076895175915,0.9996602106693849
0.4268717353453279,0.9996602106693849
0.4269027062323152,0.9996602106693849
0.42693368161369905,0.9996602106693849
0.42696466149045786,0.9996602106693849
0.4269956458635704,0.9996602106693849
0.42702663473401553,0.9996602106693849
0.42705762810277254,0.9996602106693849
0.4270886259708209,0.9996602106693849
0.4271196283391405,0.9996602106693849
0.42715063520871144,0.9996602106693849
0.427181646580514,0.9996602106693849
0.4272126624555289,0.9996602106693849
0.4272436828347371,0.9996602106693849
0.4272747077191199,0.9996602106693849
0.4273057371096587,0.9996602106693849
0.4273367710073353,0.9996602106693849
0.4273678094131319,0.9996602106693849
0.4273988523280308,0.9996602106693849
0.42742989975301465,0.9996602106693849
0.42746095168906645,0.9996602106693849
0.4274920081371694,0.9996602106693849
0.42752306909830706,0.9996602106693849
0.42755413457346314,0.9996602106693849
0.4275852045636218,0.9996602106693849
0.42761627906976746,0.9996602106693849
0.4276473580928847,0.9996602106693849
0.4276784416339584,0.9996602106693849
0.42770952969397397,0.9996602106693849
0.42774062227391685,0.9996602106693849
0.4277717193747728,0.9996602106693849
0.427802820997528,0.9996602106693849
0.42783392714316876,0.9996602106693849
0.4278650378126818,0.9996602106693849
0.427896153007054,0.9996602106693849
0.4279272727272727,0.9996602106693849
0.4279583969743254,0.9996602106693849
0.4279895257491999,0.9996602106693849
0.4280206590528843,0.9996602106693849
0.42805179688636696,0.9996602106693849
0.4280829392506366,0.9996602106693849
0.42811408614668217,0.9996602106693849
0.428145237575493,0.9996602106693849
0.4282075540353686,0.9996602106693849
0.4282387190684134,0.9996602106693849
0.42826988863818327,0.9996602106693849
0.4283010627456689,0.9996602106693849
0.4283322413918614,0.9996602106693849
0.4283634245777519,0.9996602106693849
0.428394612304332,0.9996602106693849
0.42842580457259355,0.9996602106693849
0.4284570013835287,0.9996602106693849
0.42848820273812993,0.9996602106693849
0.42851940863738985,0.9996602106693849
0.4285506190823015,0.9996602106693849
0.42858183407385825,0.9996602106693849
0.42861305361305363,0.9996602106693849
0.4286442777008815,0.9996602106693849
0.428675506338336,0.9996602106693849
0.42870673952641164,0.9996602106693849
0.4287379772661032,0.9996602106693849
0.4287692195584056,0.9996602106693849
0.42880046640431424,0.9996602106693849
0.4288317178048247,0.9996602106693849
0.42886297376093296,0.9996602106693849
0.4288942342736351,0.9996602106693849
0.4289254993439277,0.9996602106693849
0.4289567689728075,0.9996602106693849
0.4289880431612715,0.9996602106693849
0.42901932191031716,0.9996602106693849
0.4290506052209421,0.9996602106693849
0.42908189309414424,0.9996602106693849
0.4291131855309218,0.9996602106693849
0.42914448253227333,0.9996602106693849
0.42917578409919765,0.9996602106693849
0.4292070902326939,0.9996602106693849
0.4292384009337613,0.9996602106693849
0.4292697162033997,0.9996602106693849
0.42930103604260905,0.9996602106693849
0.42933236045238965,0.9996602106693849
0.429363689433742,0.9996602106693849
0.4293950229876669,0.9996602106693849
0.4294263611151657,0.9996602106693849
0.42945770381723963,0.9996602106693849
0.4294890510948905,0.9996602106693849
0.42952040294912036,0.9996602106693849
0.42955175938093154,0.9996602106693849
0.42958312039132657,0.9996602106693849
0.4296144859813084,0.9996602106693849
0.4296458561518802,0.9996602106693849
0.4296772309040456,0.9996602106693849
0.42970861023880813,0.9996602106693849
0.42973999415717207,0.9996602106693849
0.4297713826601417,0.9996602106693849
0.4298027757487217,0.9996602106693849
0.429834173423917,0.9996602106693849
0.4298655756867329,0.9996602106693849
0.42989698253817493,0.9996602106693849
0.42992839397924887,0.9996602106693849
0.4299598100109609,0.9996602106693849
0.42999123063431743,0.9996602106693849
0.43002265585032523,0.9996602106693849
0.4300540856599912,0.9996602106693849
0.43008552006432277,0.9996602106693849
0.4301169590643275,0.9996602106693849
0.43014840266101323,0.9996602106693849
0.43017985085538823,0.9996602106693849
0.43021130364846094,0.9996602106693849
0.43024276104124015,0.9996602106693849
0.4302742230347349,0.9996602106693849
0.43030568962995464,0.9996602106693849
0.430337160827909,0.9996602106693849
0.43036863662960795,0.9996602106693849
0.43040011703606174,0.9996602106693849
0.4304316020482809,0.9996602106693849
0.4304630916672763,0.9996602106693849
0.4304945858940591,0.9996602106693849
0.43052608472964077,0.9996602106693849
0.4305575881750329,0.9996602106693849
0.4305890962312477,0.9996602106693849
0.43062060889929743,0.9996602106693849
0.43065212618019466,0.9996602106693849
0.4306836480749524,0.9996602106693849
0.43071517458458386,0.9996602106693849
0.4307467057101025,0.9996602106693849
0.43077824145252214,0.9996602106693849
0.43080978181285695,0.9996602106693849
0.4308413267921213,0.9996602106693849
0.4308728763913298,0.9996602106693849
0.43090443061149764,0.9996602106693849
0.43093598945364,0.9996602106693849
0.4309675529187724,0.9996602106693849
0.43099912100791093,0.9996602106693849
0.43103069372207165,0.9996602106693849
0.4310622710622711,0.9996602106693849
0.43109385302952596,0.9996602106693849
0.43112543962485345,0.9996602106693849
0.43115703084927093,0.9996602106693849
0.431188626703796,0.9996602106693849
0.4312202271894467,0.9996602106693849
0.4312518323072413,0.9996602106693849
0.43128344205819835,0.9996602106693849
0.43131505644333673,0.9996602106693849
0.43134667546367567,0.9996602106693849
0.4313782991202346,0.9996602106693849
0.4314099274140333,0.9996602106693849
0.4314415603460918,0.9996602106693849
0.4314731979174305,0.9996602106693849
0.4315048401290701,0.9996602106693849
0.43153648698203156,0.9996602106693849
0.43156813847733605,0.9996602106693849
0.4315997946160053,0.9996602106693849
0.43163145539906106,0.9996602106693849
0.4316631208275255,0.9996602106693849
0.43169479090242113,0.9996602106693849
0.4317264656247707,0.9996602106693849
0.4317581449955973,0.9996602106693849
0.4317898290159243,0.9996602106693849
0.4318215176867753,0.9996602106693849
0.4318532110091743,0.9996602106693849
0.4318849089841456,0.9996602106693849
0.4319166116127138,0.9996602106693849
0.4319483188959037,0.9996602106693849
0.43198003083474046,0.9996602106693849
0.4320117474302496,0.9996602106693849
0.43204346868345694,0.9996602106693849
0.43207519459538846,0.9996602106693849
0.43210692516707055,0.9996602106693849
0.43213866039953,0.9996602106693849
0.4321704002937936,0.9996602106693849
0.4322021448508888,0.9996602106693849
0.4322338940718431,0.9996602106693849
0.4322656479576844,0.9996602106693849
0.4322974065094409,0.9996602106693849
0.43232916972814106,0.9996602106693849
0.4323609376148137,0.9996602106693849
0.43239271017048797,0.9996602106693849
0.43242448739619316,0.9996602106693849
0.432456269292959,0.9996602106693849
0.4324880558618155,0.9996602106693849
0.432519847103793,0.9996602106693849
0.43255164301992205,0.9996602106693849
0.43258344361123363,0.9996602106693849
0.4326152488787589,0.9996602106693849
0.4326470588235294,0.9996602106693849
0.43267887344657696,0.9996602106693849
0.43271069274893365,0.9996602106693849
0.432742516731632,0.9996602106693849
0.43277434539570464,0.9996602106693849
0.43280617874218463,0.9996602106693849
0.4328380167721053,0.9996602106693849
0.4328698594865004,0.9996602106693849
0.4329017068864038,0.9996602106693849
0.4329335589728497,0.9996602106693849
0.4329654157468727,0.9996602106693849
0.4329972772095077,0.9996602106693849
0.4330291433617898,0.9996602106693849
0.43306101420475457,0.9996602106693849
0.43309288973943766,0.9996602106693849
0.4331247699668752,0.9996602106693849
0.4331566548881037,0.9996602106693849
0.4331885445041596,0.9996602106693849
0.43322043881608013,0.9996602106693849
0.4332523378249024,0.9996602106693849
0.4332842415316642,0.9996602106693849
0.43331614993740336,0.9996602106693849
0.43334806304315804,0.9996602106693849
0.4333799808499669,0.9996602106693849
0.4334119033588686,0.9996602106693849
0.4334438305709024,0.9996602106693849
0.43347576248710773,0.9996602106693849
0.43350769910852427,0.9996602106693849
0.43353964043619214,0.9996602106693849
0.43357158647115174,0.9996602106693849
0.4336035372144436,0.9996602106693849
0.4336354926671088,0.9996602106693849
0.4336674528301887,0.9996602106693849
0.4337313872917588,0.9996602106693849
0.4337953406074904,0.9996602106693849
0.43382732433827326,0.9996602106693849
0.4338593127857248,0.9996602106693849
0.4338913059508886,0.9996602106693849
0.43392330383480826,0.9996602106693849
0.4339553064385279,0.9996602106693849
0.4339873137630919,0.9996602106693849
0.4340193258095449,0.9996602106693849
0.43405134257893185,0.9996602106693849
0.43408336407229803,0.9996602106693849
0.4341153902906891,0.9996602106693849
0.4341474212351509,0.9996602106693849
0.43417945690672965,0.9996602106693849
0.43421149730647185,0.9996602106693849
0.43424354243542435,0.9996602106693849
0.4342755922946343,0.9996602106693849
0.4343076468851491,0.9996602106693849
0.43433970620801654,0.9996602106693849
0.43437177026428464,0.9996602106693849
0.43440383905500185,0.9996602106693849
0.4344359125812168,0.9996602106693849
0.4344679908439784,0.9996602106693849
0.43450007384433614,0.9996602106693849
0.43453216158333946,0.9996602106693849
0.4345642540620384,0.9996602106693849
0.4345963512814831,0.9996602106693849
0.4346284532427242,0.9996602106693849
0.43466055994681246,0.9996602106693849
0.43469267139479906,0.9996602106693849
0.4347247875877355,0.9996602106693849
0.43475690852667354,0.9996602106693849
0.43478903421266535,0.9996602106693849
0.43482116464676324,0.9996602106693849
0.43485329983001997,0.9996602106693849
0.43488543976348853,0.9996602106693849
0.4349175844482223,0.9996602106693849
0.43494973388527497,0.9996602106693849
0.43498188807570043,0.9996602106693849
0.435014047020553,0.9996602106693849
0.4350462107208872,0.9996602106693849
0.43507837917775805,0.9996602106693849
0.4351105523922207,0.9996602106693849
0.4351427303653306,0.9996602106693849
0.4351749130981436,0.9996602106693849
0.43520710059171597,0.9996602106693849
0.43523929284710405,0.9996602106693849
0.4352714898653647,0.9996602106693849
0.43530369164755495,0.9996602106693849
0.4353358981947322,0.9996602106693849
0.4353681095079541,0.9996602106693849
0.43540032558827885,0.9996602106693849
0.4354325464367646,0.9996602106693849
0.4354647720544701,0.9996602106693849
0.4354970024424543,0.9996602106693849
0.4355292376017765,0.9996602106693849
0.43556147753349617,0.9996602106693849
0.4355937222386734,0.9996602106693849
0.43562597171836825,0.9996602106693849
0.43565822597364134,0.9996602106693849
0.4356904850055535,0.9996602106693849
0.4357227488151659,0.9996602106693849
0.43575501740353995,0.9996602106693849
0.4357872907717375,0.9996602106693849
0.4358195689208207,0.9996602106693849
0.4358518518518519,0.9996602106693849
0.4358841395658938,0.9996602106693849
0.4359164320640095,0.9996602106693849
0.43594872934726236,0.9996602106693849
0.43598103141671607,0.9996602106693849
0.4360133382734346,0.9996602106693849
0.43604564991848227,0.9996602106693849
0.43607796635292373,0.9996602106693849
0.4361102875778239,0.9996602106693849
0.436142613594248,0.9996602106693849
0.43617494440326166,0.9996602106693849
0.43620728000593073,0.9996602106693849
0.4362396204033215,0.9996602106693849
0.43627196559650033,0.9996602106693849
0.4363043155865342,0.9996602106693849
0.4363366703744902,0.9996602106693849
0.4363690299614358,0.9996602106693849
0.4364013943484388,0.9996602106693849
0.43643376353656727,0.9996602106693849
0.4364661375268897,0.9996602106693849
0.43649851632047476,0.9996602106693849
0.43653089991839156,0.9996602106693849
0.43656328832170943,0.9996602106693849
0.4365956815314981,0.9996602106693849
0.43662807954882754,0.9996602106693849
0.43666048237476807,0.9996602106693849
0.43669289001039036,0.9996602106693849
0.4367253024567654,0.9996602106693849
0.43675771971496435,0.9996602106693849
0.43679014178605896,0.9996602106693849
0.436822568671121,0.9996602106693849
0.4368550003712228,0.9996602106693849
0.43688743688743686,0.9996602106693849
0.4369198782208361,0.9996602106693849
0.4369523243724937,0.9996602106693849
0.4369847753434831,0.9996602106693849
0.43701723113487817,0.9996602106693849
0.4370496917477531,0.9996602106693849
0.4370821571831823,0.9996602106693849
0.43711462744224056,0.9996602106693849
0.437147102526003,0.9996602106693849
0.437179582435545,0.9996602106693849
0.43721206717194233,0.9996602106693849
0.4372445567362711,0.9996602106693849
0.43727705112960763,0.9996602106693849
0.4373095503530286,0.9996602106693849
0.4373745632944325,0.9996602106693849
0.4374070770145703,0.9996602106693849
0.43743959556910267,0.9996602106693849
0.4374721189591078,0.9996602106693849
0.43750464718566434,0.9996602106693849
0.4375371802498513,0.9996602106693849
0.4375697181527478,0.9996602106693849
0.4376022608954336,0.9996602106693849
0.43763480847898845,0.9996602106693849
0.4376673609044927,0.9996602106693849
0.43769991817302684,0.9996602106693849
0.4377324802856718,0.9996602106693849
0.4377650472435087,0.9996602106693849
0.43779761904761905,0.9996602106693849
0.43783019569908477,0.9996602106693849
0.4378627771989879,0.9996602106693849
0.4378953635484111,0.9996602106693849
0.43792795474843704,0.9996602106693849
0.43796055080014884,0.9996602106693849
0.43799315170463005,0.9996602106693849
0.43802575746296435,0.9996602106693849
0.4380583680762359,0.9996602106693849
0.438090983545529,0.9996602106693849
0.4381236038719285,0.9996602106693849
0.43815622905651946,0.9996602106693849
0.43818885910038724,0.9996602106693849
0.4382214940046176,0.9996602106693849
0.43825413377029643,0.9996602106693849
0.43828677839851027,0.9996602106693849
0.43831942789034567,0.9996602106693849
0.43835208224688965,0.9996602106693849
0.4383847414692296,0.9996602106693849
0.43841740555845315,0.9996602106693849
0.43845007451564827,0.9996602106693849
0.43848274834190326,0.9996602106693849
0.43851542703830676,0.9996602106693849
0.43854811060594767,0.9996602106693849
0.43858079904591535,0.9996602106693849
0.4386134923592993,0.9996602106693849
0.4386461905471895,0.9996602106693849
0.4386788936106762,0.9996602106693849
0.43871160155085,0.9996602106693849
0.43874431436880174,0.9996602106693849
0.4387770320656227,0.9996602106693849
0.43880975464240435,0.9996602106693849
0.4388424821002387,0.9996602106693849
0.4388752144402178,0.9996602106693849
0.43890795166343427,0.9996602106693849
0.438940693770981,0.9996602106693849
0.43900619264343804,0.9996602106693849
0.43903894941053573,0.9996602106693849
0.43907171106633835,0.9996602106693849
0.4391044776119403,0.9996602106693849
0.43913724904843643,0.9996602106693849
0.4391700253769219,0.9996602106693849
0.4392028065984922,0.9996602106693849
0.43923559271424306,0.9996602106693849
0.4392683837252706,0.9996602106693849
0.43930117963267135,0.9996602106693849
0.439333980437542,0.9996602106693849
0.4393667861409797,0.9996602106693849
0.43939959674408186,0.9996602106693849
0.4394324122479462,0.9996602106693849
0.43946523265367093,0.9996602106693849
0.43949805796235436,0.9996602106693849
0.4395308881750952,0.9996602106693849
0.4395637232929927,0.9996602106693849
0.4395965633171461,0.9996602106693849
0.4396294082486551,0.9996602106693849
0.4396622580886199,0.9996602106693849
0.4396951128381408,0.9996602106693849
0.4397279724983185,0.9996602106693849
0.4397608370702541,0.9996602106693849
0.43979370655504896,0.9996602106693849
0.4398265809538048,0.9996602106693849
0.4398594602676235,0.9996602106693849
0.43989234449760767,0.9996602106693849
0.4399252336448598,0.9996602106693849
0.43995812771048304,0.9996602106693849
0.43999102669558066,0.9996602106693849
0.44002393060125633,0.9996602106693849
0.4400568394286142,0.9996602106693849
0.4400897531787584,0.9996602106693849
0.4401226718527938,0.9996602106693849
0.44015559545182525,0.9996602106693849
0.4401885239769582,0.9996602106693849
0.44022145742929825,0.9996602106693849
0.44025439580995135,0.9996602106693849
0.44028733912002394,0.9996602106693849
0.4403202873606226,0.9996602106693849
0.44035324053285435,0.9996602106693849
0.4403861986378265,0.9996602106693849
0.4404191616766467,0.9996602106693849
0.44045212965042296,0.9996602106693849
0.4404851025602635,0.9996602106693849
0.4405180804072771,0.9996602106693849
0.44055106319257265,0.9996602106693849
0.44058405091725944,0.9996602106693849
0.4406170435824472,0.9996602106693849
0.4406500411892459,0.9996602106693849
0.4406830437387657,0.9996602106693849
0.44071605123211743,0.9996602106693849
0.440749063670412,0.9996602106693849
0.44078208105476063,0.9996602106693849
0.4408151033862751,0.9996602106693849
0.44084813066606726,0.9996602106693849
0.44088116289524953,0.9996602106693849
0.4409142000749344,0.9996602106693849
0.440947242206235,0.9996602106693849
0.44098028929026456,0.9996602106693849
0.4410133413281367,0.9996602106693849
0.4410463983209654,0.9996602106693849
0.44107946026986505,0.9996602106693849
0.44111252717595023,0.9996602106693849
0.4411455990403359,0.9996602106693849
0.44117867586413734,0.9996602106693849
0.4412117576484703,0.9996602106693849
0.4412448443944507,0.9996602106693849
0.4412779361031948,0.9996602106693849
0.4413110327758194,0.9996602106693849
0.44134413441344134,0.9996602106693849
0.441377241017178,0.9996602106693849
0.44141035258814704,0.9996602106693849
0.4414434691274664,0.9996602106693849
0.4414765906362545,0.9996602106693849
0.4415097171156299,0.9996602106693849
0.44154284856671167,0.9996602106693849
0.4415759849906191,0.9996602106693849
0.44160912638847194,0.9996602106693849
0.44164227276139006,0.9996602106693849
0.44167542411049393,0.9996602106693849
0.44170858043690414,0.9996602106693849
0.44174174174174174,0.9996602106693849
0.44177490802612807,0.9996602106693849
0.4418080792911849,0.9996602106693849
0.4418412555380341,0.9996602106693849
0.44187443676779814,0.9996602106693849
0.4419076229815997,0.9996602106693849
0.4419408141805618,0.9996602106693849
0.44197401036580786,0.9996602106693849
0.44200721153846156,0.9996602106693849
0.4420404176996469,0.9996602106693849
0.44207362885048834,0.9996602106693849
0.4421068449921106,0.9996602106693849
0.4421400661256387,0.9996602106693849
0.4421732922521981,0.9996602106693849
0.4422065233729145,0.9996602106693849
0.4422397594889139,0.9996602106693849
0.4422730006013229,0.9996602106693849
0.4423062467112681,0.9996602106693849
0.4423394978198767,0.9996602106693849
0.4423727539282761,0.9996602106693849
0.44240601503759397,0.9996602106693849
0.4424392811489586,0.9996602106693849
0.4424725522634983,0.9996602106693849
0.44250582838234187,0.9996602106693849
0.4425391095066185,0.9996602106693849
0.4425723956374577,0.9996602106693849
0.44260568677598916,0.9996602106693849
0.44263898292334314,0.9996602106693849
0.44267228408065,0.9996602106693849
0.4427055902490407,0.9996602106693849
0.44273890142964634,0.9996602106693849
0.4427722176235985,0.9996602106693849
0.4428055388320289,0.9996602106693849
0.44283886505606984,0.9996602106693849
0.4428721962968538,0.9996602106693849
0.44290553255551374,0.9996602106693849
0.44293887383318276,0.9996602106693849
0.4429722201309945,0.9996602106693849
0.4430055714500828,0.9996602106693849
0.44303892779158194,0.9996602106693849
0.4430722891566265,0.9996602106693849
0.4431056555463514,0.9996602106693849
0.44313902696189184,0.9996602106693849
0.4431724034043835,0.9996602106693849
0.4432057848749623,0.9996602106693849
0.4432391713747646,0.9996602106693849
0.44327256290492695,0.9996602106693849
0.4433059594665863,0.9996602106693849
0.44333936106088007,0.9996602106693849
0.44337276768894585,0.9996602106693849
0.4434061793519216,0.9996602106693849
0.4434395960509458,0.9996602106693849
0.4434730177871571,0.9996602106693849
0.4435064445616944,0.9996602106693849
0.44353987637569725,0.9996602106693849
0.4435733132303053,0.9996602106693849
0.44360675512665865,0.9996602106693849
0.4436402020658976,0.9996602106693849
0.44367365404916304,0.9996602106693849
0.443707111077596,0.9996602106693849
0.44374057315233784,0.9996602106693849
0.4437740402745305,0.9996602106693849
0.443807512445316,0.9996602106693849
0.4438409896658369,0.9996602106693849
0.44387447193723595,0.9996602106693849
0.44390795926065635,0.9996602106693849
0.4439414516372416,0.9996602106693849
0.4439749490681355,0.9996602106693849
0.4440084515544823,0.9996602106693849
0.4440419590974266,0.9996602106693849
0.44407547169811323,0.9996602106693849
0.4441089893576874,0.9996602106693849
0.44414251207729466,0.9996602106693849
0.4441760398580811,0.9996602106693849
0.4442095727011928,0.9996602106693849
0.4442431106077765,0.9996602106693849
0.44427665357897916,0.9996602106693849
0.44431020161594803,0.9996602106693849
0.44434375471983084,0.9996602106693849
0.44437731289177557,0.9996602106693849
0.4444108761329305,0.9996602106693849
0.4444444444444444,0.9996602106693849
0.4444780178274664,0.9996602106693849
0.44451159628314574,0.9996602106693849
0.4445451798126322,0.9996602106693849
0.44457876841707594,0.9996602106693849
0.44461236209762733,0.9996602106693849
0.4446459608554372,0.9996602106693849
0.4446795646916566,0.9996602106693849
0.44471317360743706,0.9996602106693849
0.44474678760393044,0.9996602106693849
0.4447804066822889,0.9996602106693849
0.44481403084366494,0.9996602106693849
0.44484766008921145,0.9996602106693849
0.4448812944200817,0.9996602106693849
0.44491493383742914,0.9996602106693849
0.44494857834240775,0.9996602106693849
0.4449822279361718,0.9996602106693849
0.44501588261987596,0.9996602106693849
0.44504954239467515,0.9996602106693849
0.4450832072617247,0.9996602106693849
0.4451168772221802,0.9996602106693849
0.44515055227719774,0.9996602106693849
0.4451842324279337,0.9996602106693849
0.4452179176755448,0.9996602106693849
0.445251608021188,0.9996602106693849
0.4452853034660209,0.9996602106693849
0.4453190040112011,0.9996602106693849
0.44535270965788676,0.9996602106693849
0.4453864204072364,0.9996602106693849
0.44542013626040877,0.9996602106693849
0.4454538572185631,0.9996602106693849
0.44548758328285887,0.9996602106693849
0.445521314454456,0.9996602106693849
0.4455550507345146,0.9996602106693849
0.4455887921241954,0.9996602106693849
0.44562253862465917,0.9996602106693849
0.4456562902370673,0.9996602106693849
0.4456900469625814,0.9996602106693849
0.44572380880236345,0.9996602106693849
0.44575757575757574,0.9996602106693849
0.445791347829381,0.9996602106693849
0.4458251250189423,0.9996602106693849
0.4458589073274229,0.9996602106693849
0.44589269475598664,0.9996602106693849
0.44592648730579765,0.9996602106693849
0.4459602849780203,0.9996602106693849
0.44599408777381944,0.9996602106693849
0.44602789569436024,0.9996602106693849
0.44606170874080814,0.9996602106693849
0.446095526914329,0.9996602106693849
0.4461293502160892,0.9996602106693849
0.4461631786472551,0.9996602106693849
0.4461970122089937,0.9996602106693849
0.44623085090247233,0.9996602106693849
0.44626469472885855,0.9996602106693849
0.44629854368932037,0.9996602106693849
0.44633239778502615,0.9996602106693849
0.4463662570171446,0.9996602106693849
0.4464001213868447,0.9996602106693849
0.4464339908952959,0.9996602106693849
0.44646786554366796,0.9996602106693849
0.446501745333131,0.9996602106693849
0.44653563026485543,0.9996602106693849
0.4465695203400121,0.9996602106693849
0.4466034155597723,0.9996602106693849
0.4466373159253074,0.9996602106693849
0.4466712214377894,0.9996602106693849
0.4467051320983905,0.9996602106693849
0.44673904790828334,0.9996602106693849
0.4467729688686409,0.9996602106693849
0.44680689498063636,0.9996602106693849
0.4468408262454435,0.9996602106693849
0.44687476266423637,0.9996602106693849
0.4469087042381893,0.9996602106693849
0.446942650968477,0.9996602106693849
0.44697660285627466,0.9996602106693849
0.44701055990275773,0.9996602106693849
0.44704452210910195,0.9996602106693849
0.44707848947648354,0.9996602106693849
0.447112462006079,0.9996602106693849
0.44714643969906526,0.9996602106693849
0.44718042255661955,0.9996602106693849
0.44721441057991945,0.9996602106693849
0.4472484037701429,0.9996602106693849
0.44728240212846826,0.9996602106693849
0.4473164056560742,0.9996602106693849
0.44735041435413975,0.9996602106693849
0.4473844282238443,0.9996602106693849
0.4474184472663676,0.9996602106693849
0.44745247148288975,0.9996602106693849
0.44748650087459124,0.9996602106693849
0.44752053544265286,0.9996602106693849
0.44755457518825587,0.9996602106693849
0.44758862011258177,0.9996602106693849
0.44762267021681246,0.9996602106693849
0.44765672550213026,0.9996602106693849
0.44769078596971773,0.9996602106693849
0.44772485162075787,0.9996602106693849
0.44775892245643406,0.9996602106693849
0.44779299847792997,0.9996602106693849
0.4478270796864297,0.9996602106693849
0.44786116608311766,0.9996602106693849
0.44789525766917865,0.9996602106693849
0.4479293544457978,0.9996602106693849
0.44796345641416063,0.9996602106693849
0.447997563575453,0.9996602106693849
0.4480316759308612,0.9996602106693849
0.4480657934815717,0.9996602106693849
0.4480999162287716,0.9996602106693849
0.44813404417364816,0.9996602106693849
0.448168177317389,0.9996602106693849
0.4482023156611822,0.9996602106693849
0.4482364592062162,0.9996602106693849
0.44827060795367973,0.9996602106693849
0.44830476190476193,0.9996602106693849
0.44833892106065226,0.9996602106693849
0.44837308542254056,0.9996602106693849
0.44840725499161715,0.9996602106693849
0.4484414297690725,0.9996602106693849
0.44847560975609757,0.9996602106693849
0.44850979495388366,0.9996602106693849
0.4485439853636225,0.9996602106693849
0.44857818098650604,0.9996602106693849
0.44861238182372676,0.9996602106693849
0.4486465878764773,0.9996602106693849
0.4486807991459509,0.9996602106693849
0.448715015633341,0.9996602106693849
0.44874923733984134,0.9996602106693849
0.44878346426664634,0.9996602106693849
0.4488176964149504,0.9996602106693849
0.44885193378594856,0.9996602106693849
0.4488861763808361,0.9996602106693849
0.44892042420080874,0.9996602106693849
0.4489546772470624,0.9996602106693849
0.4489889355207936,0.9996602106693849
0.44902319902319904,0.9996602106693849
0.44905746775547584,0.9996602106693849
0.44909174171882155,0.9996602106693849
0.449126020914434,0.9996602106693849
0.4491603053435114,0.9996602106693849
0.44919459500725245,0.9996602106693849
0.449228889906856,0.9996602106693849
0.4492974954184484,0.9996602106693849
0.44933180603283696,0.9996602106693849
0.4493661218878876,0.9996602106693849
0.44940044298480103,0.9996602106693849
0.4494347693247785,0.9996602106693849
0.4494691009090215,0.9996602106693849
0.44950343773873186,0.9996602106693849
0.44953777981511195,0.9996602106693849
0.4495721271393643,0.9996602106693849
0.44960647971269196,0.9996602106693849
0.44964083753629835,0.9996602106693849
0.4496752006113871,0.9996602106693849
0.44970956893916236,0.9996602106693849
0.44974394252082855,0.9996602106693849
0.4497783213575906,0.9996602106693849
0.4498127054506536,0.9996602106693849
0.44984709480122326,0.9996602106693849
0.4498814894105054,0.9996602106693849
0.4499158892797064,0.9996602106693849
0.44995029441003287,0.9996602106693849
0.449984704802692,0.9996602106693849
0.45001912045889103,0.9996602106693849
0.45005354137983783,0.9996602106693849
0.45008796756674063,0.9996602106693849
0.4501223990208078,0.9996602106693849
0.45015683574324844,0.9996602106693849
0.4501912777352716,0.9996602106693849
0.45022572499808705,0.9996602106693849
0.4502601775329048,0.9996602106693849
0.45029463534093517,0.9996602106693849
0.450329098423389,0.9996602106693849
0.4503635667814772,0.9996602106693849
0.4503980404164115,0.9996602106693849
0.45043251932940365,0.9996602106693849
0.4504670035216659,0.9996602106693849
0.45050149299441083,0.9996602106693849
0.45053598774885145,0.9996602106693849
0.45057048778620107,0.9996602106693849
0.45060499310767343,0.9996602106693849
0.45063950371448264,0.9996602106693849
0.45067401960784315,0.9996602106693849
0.45070854078896977,0.9996602106693849
0.4507430672590777,0.9996602106693849
0.4507775990193825,0.9996602106693849
0.4508121360711002,0.9996602106693849
0.45084667841544707,0.9996602106693849
0.45088122605363984,0.9996602106693849
0.45091577898689555,0.9996602106693849
0.45095033721643163,0.9996602106693849
0.4509849007434659,0.9996602106693849
0.4510194695692166,0.9996602106693849
0.45105404369490226,0.9996602106693849
0.4510886231217418,0.9996602106693849
0.45112320785095456,0.9996602106693849
0.45115779788376015,0.9996602106693849
0.4511923932213787,0.9996602106693849
0.4512269938650307,0.9996602106693849
0.45126159981593683,0.9996602106693849
0.4512962110753183,0.9996602106693849
0.4513308276443967,0.9996602106693849
0.451365449524394,0.9996602106693849
0.45140007671653243,0.9996602106693849
0.45143470922203466,0.9996602106693849
0.4514693470421238,0.9996602106693849
0.45150399017802334,0.9996602106693849
0.45153863863095695,0.9996602106693849
0.4516079514928237,0.9996602106693849
0.45164261590420635,0.9996602106693849
0.4516772856375221,0.9996602106693849
0.4517119606939966,0.9996602106693849
0.45174664107485607,0.9996602106693849
0.45178132678132676,0.9996602106693849
0.45181601781463565,0.9996602106693849
0.4518507141760098,0.9996602106693849
0.4518854158666769,0.9996602106693849
0.4519201228878648,0.9996602106693849
0.4519548352408019,0.9996602106693849
0.45198955292671683,0.9996602106693849
0.45202427594683875,0.9996602106693849
0.45205900430239704,0.9996602106693849
0.4520937379946216,0.9996602106693849
0.45212847702474257,0.9996602106693849
0.4521632213939906,0.9996602106693849
0.45219797110359666,0.9996602106693849
0.4522327261547921,0.9996602106693849
0.4522674865488086,0.9996602106693849
0.4523022522868783,0.9996602106693849
0.4523370233702337,0.9996602106693849
0.4523717998001076,0.9996602106693849
0.45240658157773334,0.9996602106693849
0.4524413687043445,0.9996602106693849
0.452476161181175,0.9996602106693849
0.45251095900945937,0.9996602106693849
0.45254576219043224,0.9996602106693849
0.4525805707253288,0.9996602106693849
0.45261538461538464,0.9996602106693849
0.4526502038618355,0.9996602106693849
0.45268502846591785,0.9996602106693849
0.4527198584288682,0.9996602106693849
0.4527546937519237,0.9996602106693849
0.45278953443632164,0.9996602106693849
0.4528243804833,0.9996602106693849
0.4528592318940968,0.9996602106693849
0.45289408866995073,0.9996602106693849
0.45292895081210066,0.9996602106693849
0.452963818321786,0.9996602106693849
0.4529986912002464,0.9996602106693849
0.4530335694487219,0.9996602106693849
0.45306845306845306,0.9996602106693849
0.45310334206068076,0.9996602106693849
0.45313823642664613,0.9996602106693849
0.45317313616759086,0.9996602106693849
0.453208041284757,0.9996602106693849
0.45324295177938684,0.9996602106693849
0.4532778676527232,0.9996602106693849
0.45331278890600923,0.9996602106693849
0.45334771554048847,0.9996602106693849
0.4533826475574048,0.9996602106693849
0.4534175849580026,0.9996602106693849
0.4534525277435265,0.9996602106693849
0.4534874759152216,0.9996602106693849
0.4535224294743333,0.9996602106693849
0.45355738842210747,0.9996602106693849
0.4535923527597903,0.9996602106693849
0.45362732248862847,0.9996602106693849
0.4536622976098689,0.9996602106693849
0.453697278124759,0.9996602106693849
0.4537322640345466,0.9996602106693849
0.4537672553404797,0.9996602106693849
0.45380225204380686,0.9996602106693849
0.4538372541457771,0.9996602106693849
0.4538722616476396,0.9996602106693849
0.45390727455064417,0.9996602106693849
0.4539422928560407,0.9996602106693849
0.45397731656507984,0.9996602106693849
0.45401234567901233,0.9996602106693849
0.4540473801990894,0.9996602106693849
0.45408242012656275,0.9996602106693849
0.4541174654626843,0.9996602106693849
0.4541525162087064,0.9996602106693849
0.4541875723658819,0.9996602106693849
0.45422263393546397,0.9996602106693849
0.4542577009187061,0.9996602106693849
0.45429277331686224,0.9996602106693849
0.4543278511311868,0.9996602106693849
0.45436293436293435,0.9996602106693849
0.45439802301336013,0.9996602106693849
0.4544331170837195,0.9996602106693849
0.4544682165752684,0.9996602106693849
0.4545033214892631,0.9996602106693849
0.45453843182696024,0.9996602106693849
0.4545735475896168,0.9996602106693849
0.4546086687784903,0.9996602106693849
0.4546437953948385,0.9996602106693849
0.4546789274399196,0.9996602106693849
0.4547140649149923,0.9996602106693849
0.4547492078213154,0.9996602106693849
0.4547843561601484,0.9996602106693849
0.454819509932751,0.9996602106693849
0.4548546691403834,0.9996602106693849
0.45488983378430614,0.9996602106693849
0.4549250038657801,0.9996602106693849
0.45496017938606664,0.9996602106693849
0.45499536034642746,0.9996602106693849
0.45503054674812465,0.9996602106693849
0.4550657385924207,0.9996602106693849
0.45510093588057854,0.9996602106693849
0.4551361386138614,0.9996602106693849
0.45517134679353294,0.9996602106693849
0.45520656042085716,0.9996602106693849
0.45524177949709865,0.9996602106693849
0.4552770040235221,0.9996602106693849
0.45531223400139287,0.9996602106693849
0.45541795665634677,0.9996602106693849
0.4554532084526666,0.9996602106693849
0.45548846570676577,0.9996602106693849
0.45552372841991173,0.9996602106693849
0.45555899659337257,0.9996602106693849
0.4555942702284166,0.9996602106693849
0.45562954932631256,0.9996602106693849
0.45566483388832957,0.9996602106693849
0.4557001239157373,0.9996602106693849
0.4557354194098056,0.9996602106693849
0.4557707203718048,0.9996602106693849
0.45580602680300564,0.9996602106693849
0.45584133870467924,0.9996602106693849
0.45587665607809713,0.9996602106693849
0.4559119789245312,0.9996602106693849
0.4559473072452538,0.9996602106693849
0.4559826410415375,0.9996602106693849
0.4560179803146555,0.9996602106693849
0.45605332506588125,0.9996602106693849
0.45608867529648867,0.9996602106693849
0.45612403100775195,0.9996602106693849
0.4561593922009458,0.9996602106693849
0.45619475887734534,0.9996602106693849
0.45623013103822596,0.9996602106693849
0.45626550868486354,0.9996602106693849
0.45630089181853434,0.9996602106693849
0.45633628044051494,0.9996602106693849
0.45637167455208255,0.9996602106693849
0.4564070741545144,0.9996602106693849
0.4564424792490885,0.9996602106693849
0.456477889837083,0.9996602106693849
0.45651330591977657,0.9996602106693849
0.45654872749844816,0.9996602106693849
0.4565841545743773,0.9996602106693849
0.4566195871488437,0.9996602106693849
0.4566550252231277,0.9996602106693849
0.4566904687985098,0.9996602106693849
0.45672591787627104,0.9996602106693849
0.4567613724576929,0.9996602106693849
0.4567968325440571,0.9996602106693849
0.45683229813664594,0.9996602106693849
0.456867769236742,0.9996602106693849
0.4569032458456282,0.9996602106693849
0.456938727964588,0.9996602106693849
0.45697421559490525,0.9996602106693849
0.45700970873786406,0.9996602106693849
0.45704520739474913,0.9996602106693849
0.4570807115668453,0.9996602106693849
0.45711622125543816,0.9996602106693849
0.4571517364618134,0.9996602106693849
0.45718725718725717,0.9996602106693849
0.45722278343305617,0.9996602106693849
0.45725831520049737,0.9996602106693849
0.4572938524908681,0.9996602106693849
0.45732939530545624,0.9996602106693849
0.4573649436455499,0.9996602106693849
0.45740049751243783,0.9996602106693849
0.45743605690740885,0.9996602106693849
0.45747162183175244,0.9996602106693849
0.4575071922867584,0.9996602106693849
0.4575427682737169,0.9996602106693849
0.45757834979391865,0.9996602106693849
0.45761393684865453,0.9996602106693849
0.457649529439216,0.9996602106693849
0.45768512756689483,0.9996602106693849
0.4577207312329833,0.9996602106693849
0.45775634043877395,0.9996602106693849
0.4577919551855598,0.9996602106693849
0.4578275754746343,0.9996602106693849
0.45786320130729125,0.9996602106693849
0.4578988326848249,0.9996602106693849
0.45793446960852985,0.9996602106693849
0.4579701120797011,0.9996602106693849
0.4580057600996342,0.9996602106693849
0.4580414136696248,0.9996602106693849
0.45807707279096926,0.9996602106693849
0.45811273746496417,0.9996602106693849
0.45814840769290666,0.9996602106693849
0.4581840834760941,0.9996602106693849
0.4582197648158243,0.9996602106693849
0.45825545171339566,0.9996602106693849
0.4582911441701067,0.9996602106693849
0.45832684218725656,0.9996602106693849
0.4583625457661447,0.9996602106693849
0.45839825490807107,0.9996602106693849
0.4584339696143358,0.9996602106693849
0.45846968988623965,0.9996602106693849
0.45850541572508374,0.9996602106693849
0.4585411471321696,0.9996602106693849
0.458576884108799,0.9996602106693849
0.45861262665627434,0.9996602106693849
0.45864837477589837,0.9996602106693849
0.4586841284689741,0.9996602106693849
0.45871988773680517,0.9996602106693849
0.45875565258069545,0.9996602106693849
0.4587914230019493,0.9996602106693849
0.45882719900187147,0.9996602106693849
0.4588629805817671,0.9996602106693849
0.4588987677429418,0.9996602106693849
0.4589345604867015,0.9996602106693849
0.45897035881435255,0.9996602106693849
0.4590061627272018,0.9996602106693849
0.4590419722265564,0.9996602106693849
0.45907778731372395,0.9996602106693849
0.4591136079900125,0.9996602106693849
0.4591494342567304,0.9996602106693849
0.4591852661151865,0.9996602106693849
0.4592211035666901,0.9996602106693849
0.45925694661255073,0.9996602106693849
0.4592927952540785,0.9996602106693849
0.4593286494925839,0.9996602106693849
0.4593645093293778,0.9996602106693849
0.4594003747657714,0.9996602106693849
0.45943624580307646,0.9996602106693849
0.45947212244260505,0.9996602106693849
0.45950800468566966,0.9996602106693849
0.45954389253358324,0.9996602106693849
0.45957978598765914,0.9996602106693849
0.4596156850492111,0.9996602106693849
0.45965158971955317,0.9996602106693849
0.4596875,0.9996602106693849
0.45972341589186655,0.9996602106693849
0.4597593373964682,0.9996602106693849
0.4597952645151207,0.9996602106693849
0.45983119724914034,0.9996602106693849
0.4598671355998437,0.9996602106693849
0.45990307956854776,0.9996602106693849
0.45993902915657,0.9996602106693849
0.45997498436522827,0.9996602106693849
0.46001094519584085,0.9996602106693849
0.46004691164972633,0.9996602106693849
0.46008288372820394,0.9996602106693849
0.46011886143259306,0.9996602106693849
0.46015484476421364,0.9996602106693849
0.4601908337243861,0.9996602106693849
0.46022682831443096,0.9996602106693849
0.4602628285356696,0.9996602106693849
0.46029883438942343,0.9996602106693849
0.46033484587701456,0.9996602106693849
0.46037086299976526,0.9996602106693849
0.4604068857589984,0.9996602106693849
0.4604429141560373,0.9996602106693849
0.46047894819220536,0.9996602106693849
0.4605149878688268,0.9996602106693849
0.46055103318722607,0.9996602106693849
0.460587084148728,0.9996602106693849
0.4606231407546579,0.9996602106693849
0.4606592030063415,0.9996602106693849
0.4606952709051049,0.9996602106693849
0.4607313444522747,0.9996602106693849
0.4607674236491778,0.9996602106693849
0.4608035084971415,0.9996602106693849
0.4608395989974937,0.9996602106693849
0.4608756951515626,0.9996602106693849
0.4609117969606768,0.9996602106693849
0.4609479044261653,0.9996602106693849
0.4609840175493576,0.9996602106693849
0.4610201363315835,0.9996602106693849
0.46105626077417333,0.9996602106693849
0.4610923908784578,0.9996602106693849
0.46112852664576803,0.9996602106693849
0.46116466807743556,0.9996602106693849
0.4612008151747923,0.9996602106693849
0.46123696793917063,0.9996602106693849
0.46127312637190343,0.9996602106693849
0.4613092904743238,0.9996602106693849
0.4613454602477654,0.9996602106693849
0.4613816356935623,0.9996602106693849
0.46141781681304894,0.9996602106693849
0.46145400360756017,0.9996602106693849
0.4614901960784314,0.9996602106693849
0.4615263942269982,0.9996602106693849
0.4615625980545968,0.9996602106693849
0.4615988075625637,0.9996602106693849
0.461635022752236,0.9996602106693849
0.461671243624951,0.9996602106693849
0.46170747018204644,0.9996602106693849
0.4617437024248607,0.9996602106693849
0.46177994035473235,0.9996602106693849
0.46181618397300056,0.9996602106693849
0.4618524332810047,0.9996602106693849
0.4618886882800848,0.9996602106693849
0.4619249489715811,0.9996602106693849
0.46196121535683443,0.9996602106693849
0.46199748743718594,0.9996602106693849
0.4620337652139772,0.9996602106693849
0.46207004868855034,0.9996602106693849
0.4621063378622477,0.9996602106693849
0.4621426327364122,0.9996602106693849
0.4621789333123871,0.9996602106693849
0.4622152395915161,0.9996602106693849
0.46225155157514336,0.9996602106693849
0.46228786926461346,0.9996602106693849
0.46232419266127134,0.9996602106693849
0.46236052176646236,0.9996602106693849
0.4623968565815324,0.9996602106693849
0.4624331971078277,0.9996602106693849
0.462469543346695,0.9996602106693849
0.4625058952994812,0.9996602106693849
0.462542252967534,0.9996602106693849
0.46257861635220127,0.9996602106693849
0.4626149854548314,0.9996602106693849
0.46265136027677306,0.9996602106693849
0.46268774081937564,0.9996602106693849
0.4627241270839887,0.9996602106693849
0.46276051907196225,0.9996602106693849
0.46279691678464685,0.9996602106693849
0.46283332022339335,0.9996602106693849
0.4628697293895532,0.9996602106693849
0.462906144284478,0.9996602106693849
0.46294256490952007,0.9996602106693849
0.4629789912660319,0.9996602106693849
0.4630154233553667,0.9996602106693849
0.4630518611788778,0.9996602106693849
0.4630883047379191,0.9996602106693849
0.46312475403384495,0.9996602106693849
0.46316120906801006,0.9996602106693849
0.4631976698417697,0.9996602106693849
0.4632341363564793,0.9996602106693849
0.463270608613495,0.9996602106693849
0.46330708661417325,0.9996602106693849
0.46334357035987084,0.9996602106693849
0.4633800598519452,0.9996602106693849
0.46341655509175395,0.9996602106693849
0.46345305608065535,0.9996602106693849
0.46348956282000786,0.9996602106693849
0.4635260753111706,0.9996602106693849
0.46356259355550306,0.9996602106693849
0.46359911755436495,0.9996602106693849
0.4636356473091167,0.9996602106693849
0.463672182821119,0.9996602106693849
0.46370872409173297,0.9996602106693849
0.4637452711223203,0.9996602106693849
0.46378182391424294,0.9996602106693849
0.4638183824688633,0.9996602106693849
0.46385494678754435,0.9996602106693849
0.4638915168716493,0.9996602106693849
0.463928092722542,0.9996602106693849
0.4639646743415865,0.9996602106693849
0.46400126173014744,0.9996602106693849
0.46407445382127926,0.9996602106693849
0.46411105852658147,0.9996602106693849
0.46414766900686283,0.9996602106693849
0.46418428526349004,0.9996602106693849
0.4642209072978304,0.9996602106693849
0.4642575351112514,0.9996602106693849
0.46429416870512114,0.9996602106693849
0.46433080808080807,0.9996602106693849
0.46436745323968115,0.9996602106693849
0.46440410418310973,0.9996602106693849
0.4644407609124635,0.9996602106693849
0.46447742342911275,0.9996602106693849
0.46451409173442804,0.9996602106693849
0.4645507658297805,0.9996602106693849
0.46458744571654165,0.9996602106693849
0.4646241313960834,0.9996602106693849
0.4646608228697781,0.9996602106693849
0.46469752013899857,0.9996602106693849
0.4647342232051181,0.9996602106693849
0.46477093206951026,0.9996602106693849
0.46480764673354924,0.9996602106693849
0.46484436719860955,0.9996602106693849
0.4648810934660662,0.9996602106693849
0.46491782553729455,0.9996602106693849
0.4649545634136705,0.9996602106693849
0.46499130709657027,0.9996602106693849
0.46502805658737056,0.9996602106693849
0.46506481188744864,0.9996602106693849
0.46510157299818194,0.9996602106693849
0.4651383399209486,0.9996602106693849
0.465175112657127,0.9996602106693849
0.46521189120809614,0.9996602106693849
0.46524867557523525,0.9996602106693849
0.4652854657599241,0.9996602106693849
0.4653222617635429,0.9996602106693849
0.4653590635874723,0.9996602106693849
0.4653958712330934,0.9996602106693849
0.46543268470178767,0.9996602106693849
0.4654695039949371,0.9996602106693849
0.46550632911392403,0.9996602106693849
0.46554316006013136,0.9996602106693849
0.4655799968349422,0.9996602106693849
0.46561683943974047,0.9996602106693849
0.4656536878759101,0.9996602106693849
0.4656905421448358,0.9996602106693849
0.4657274022479025,0.9996602106693849
0.4657642681864957,0.9996602106693849
0.4658011399620013,0.9996602106693849
0.46583801757580556,0.9996602106693849
0.46587490102929535,0.9996602106693849
0.46591179032385777,0.9996602106693849
0.4659486854608806,0.9996602106693849
0.4659855864417518,0.9996602106693849
0.46602249326786,0.9996602106693849
0.4660594059405941,0.9996602106693849
0.46609632446134347,0.9996602106693849
0.46613324883149804,0.9996602106693849
0.4661701790524481,0.9996602106693849
0.4662071151255843,0.9996602106693849
0.46624405705229793,0.9996602106693849
0.4662810048339805,0.9996602106693849
0.4663179584720241,0.9996602106693849
0.4663549179678212,0.9996602106693849
0.46639188332276477,0.9996602106693849
0.4664288545382481,0.9996602106693849
0.4664658316156651,0.9996602106693849
0.4665028145564101,0.9996602106693849
0.46653980336187756,0.9996602106693849
0.46657679803346286,0.9996602106693849
0.46661379857256147,0.9996602106693849
0.46665080498056943,0.9996602106693849
0.46668781725888325,0.9996602106693849
0.4667248354088998,0.9996602106693849
0.4667618594320165,0.9996602106693849
0.4667988893296311,0.9996602106693849
0.46683592510314187,0.9996602106693849
0.46687296675394746,0.9996602106693849
0.4669100142834471,0.9996602106693849
0.46694706769304023,0.9996602106693849
0.466984126984127,0.9996602106693849
0.4670211921581078,0.9996602106693849
0.46705826321638355,0.9996602106693849
0.46709534016035564,0.9996602106693849
0.4671324229914258,0.9996602106693849
0.4671695117109964,0.9996602106693849
0.46720660632047006,0.9996602106693849
0.4672437068212499,0.9996602106693849
0.4672808132147395,0.9996602106693849
0.46731792550234297,0.9996602106693849
0.46735504368546466,0.9996602106693849
0.46739216776550957,0.9996602106693849
0.4674292977438831,0.9996602106693849
0.4674664336219909,0.9996602106693849
0.4675035754012395,0.9996602106693849
0.46754072308303535,0.9996602106693849
0.46757787666878575,0.9996602106693849
0.4676150361598983,0.9996602106693849
0.467652201557781,0.9996602106693849
0.4676893728638423,0.9996602106693849
0.46772655007949127,0.9996602106693849
0.46776373320613723,0.9996602106693849
0.46780092224519,0.9996602106693849
0.46783811719805996,0.9996602106693849
0.4678753180661578,0.9996602106693849
0.46791252485089463,0.9996602106693849
0.4679497375536822,0.9996602106693849
0.46798695617593256,0.9996602106693849
0.4680241807190582,0.9996602106693849
0.4680614111844722,0.9996602106693849
0.46809864757358793,0.9996602106693849
0.46813588988781923,0.9996602106693849
0.4681731381285805,0.9996602106693849
0.46821039229728656,0.9996602106693849
0.46824765239535254,0.9996602106693849
0.4682849184241942,0.9996602106693849
0.46832219038522765,0.9996602106693849
0.46835946827986946,0.9996602106693849
0.4683967521095367,0.9996602106693849
0.46843404187564686,0.9996602106693849
0.46847133757961784,0.9996602106693849
0.46850863922286806,0.9996602106693849
0.4685459468068164,0.9996602106693849
0.46858326033288206,0.9996602106693849
0.4686205798024849,0.9996602106693849
0.468657905217045,0.9996602106693849
0.4686952365779831,0.9996602106693849
0.4687325738867203,0.9996602106693849
0.46876991714467814,0.9996602106693849
0.46880726635327863,0.9996602106693849
0.46884462151394424,0.9996602106693849
0.4688819826280979,0.9996602106693849
0.46891934969716287,0.9996602106693849
0.46895672272256317,0.9996602106693849
0.4689941017057229,0.9996602106693849
0.469031486648067,0.9996602106693849
0.4690688775510204,0.9996602106693849
0.46910627441600894,0.9996602106693849
0.4691436772444586,0.9996602106693849
0.469181086037796,0.9996602106693849
0.46921850079744815,0.9996602106693849
0.46925592152484247,0.9996602106693849
0.46929334822140695,0.9996602106693849
0.46933078088856983,0.9996602106693849
0.46936821952776003,0.9996602106693849
0.46940566414040685,0.9996602106693849
0.46944311472794,0.9996602106693849
0.46948057129178966,0.9996602106693849
0.4695180338333865,0.9996602106693849
0.46955550235416166,0.9996602106693849
0.4695929768555467,0.9996602106693849
0.4696304573389736,0.9996602106693849
0.46966794380587484,0.9996602106693849
0.4697054362576834,0.9996602106693849
0.46974293469583267,0.9996602106693849
0.4697804391217565,0.9996602106693849
0.46981794953688916,0.9996602106693849
0.4698554659426655,0.9996602106693849
0.4698929883405207,0.9996602106693849
0.4699305167318904,0.9996602106693849
0.4699680511182109,0.9996602106693849
0.4700055915009186,0.9996602106693849
0.4700431378814507,0.9996602106693849
0.4700806902612447,0.9996602106693849
0.47011824864173857,0.9996602106693849
0.47015581302437076,0.9996602106693849
0.47019338341058015,0.9996602106693849
0.4702309598018061,0.9996602106693849
0.4702685421994885,0.9996602106693849
0.47030613060506754,0.9996602106693849
0.470343725019984,0.9996602106693849
0.4703813254456791,0.9996602106693849
0.4704189318835945,0.9996602106693849
0.4704565443351723,0.9996602106693849
0.47049416280185513,0.9996602106693849
0.470531787285086,0.9996602106693849
0.4705694177863084,0.9996602106693849
0.4706070543069663,0.9996602106693849
0.47064469684850424,0.9996602106693849
0.47068234541236703,0.9996602106693849
0.47072,0.9996602106693849
0.470757660612849,0.9996602106693849
0.4707953272523604,0.9996602106693849
0.4708329999199808,0.9996602106693849
0.4708706786171575,0.9996602106693849
0.47090836334533814,0.9996602106693849
0.47094605410597085,0.9996602106693849
0.47098375090050426,0.9996602106693849
0.47102145373038745,0.9996602106693849
0.47105916259706987,0.9996602106693849
0.4710968775020016,0.9996602106693849
0.471134598446633,0.9996602106693849
0.4711723254324151,0.9996602106693849
0.4712100584607992,0.9996602106693849
0.4712477975332372,0.9996602106693849
0.47128554265118144,0.9996602106693849
0.47132329381608457,0.9996602106693849
0.47136105102939996,0.9996602106693849
0.4713988142925813,0.9996602106693849
0.4714365836070828,0.9996602106693849
0.47147435897435896,0.9996602106693849
0.47151214039586503,0.9996602106693849
0.4715499278730566,0.9996602106693849
0.4715877214073896,0.9996602106693849
0.4716633266533066,0.9996602106693849
0.47170113836780503,0.9996602106693849
0.4717389561452738,0.9996602106693849
0.47177677998717127,0.9996602106693849
0.47181460989495627,0.9996602106693849
0.47185244587008823,0.9996602106693849
0.47189028791402676,0.9996602106693849
0.47192813602823225,0.9996602106693849
0.4719659902141654,0.9996602106693849
0.47200385047328736,0.9996602106693849
0.47204171680705975,0.9996602106693849
0.4720795892169448,0.9996602106693849
0.47211746770440505,0.9996602106693849
0.47215535227090355,0.9996602106693849
0.4721932429179039,0.9996602106693849
0.47223113964686997,0.9996602106693849
0.4722690424592664,0.9996602106693849
0.47230695135655804,0.9996602106693849
0.47234486634021033,0.9996602106693849
0.47238278741168915,0.9996602106693849
0.4724207145724609,0.9996602106693849
0.4724586478239923,0.9996602106693849
0.4724965871677507,0.9996602106693849
0.472534532605204,0.9996602106693849
0.47257248413782027,0.9996602106693849
0.4726104417670683,0.9996602106693849
0.4726484054944172,0.9996602106693849
0.4726863753213368,0.9996602106693849
0.472724351249297,0.9996602106693849
0.4727623332797686,0.9996602106693849
0.47280032141422257,0.9996602106693849
0.4728383156541305,0.9996602106693849
0.4728763160009644,0.9996602106693849
0.47291432245619675,0.9996602106693849
0.4729523350213005,0.9996602106693849
0.4729903536977492,0.9996602106693849
0.4730283784870166,0.9996602106693849
0.47306640939057726,0.9996602106693849
0.4731044464099059,0.9996602106693849
0.473142489546478,0.9996602106693849
0.4731805388017692,0.9996602106693849
0.4732185941772559,0.9996602106693849
0.4732566556744149,0.9996602106693849
0.4732947232947233,0.9996602106693849
0.4733327970396589,0.9996602106693849
0.4733708769106999,0.9996602106693849
0.473408962909325,0.9996602106693849
0.4734470550370132,0.9996602106693849
0.4734851532952442,0.9996602106693849
0.47352325768549813,0.9996602106693849
0.47356136820925554,0.9996602106693849
0.4735994848679974,0.9996602106693849
0.47363760766320534,0.9996602106693849
0.4736757365963613,0.9996602106693849
0.47371387166894774,0.9996602106693849
0.47375201288244767,0.9996602106693849
0.47379016023834447,0.9996602106693849
0.47382831373812206,0.9996602106693849
0.4738664733832649,0.9996602106693849
0.4739046391752577,0.9996602106693849
0.473942811115586,0.9996602106693849
0.47398098920573545,0.9996602106693849
0.47401917344719247,0.9996602106693849
0.47405736384144376,0.9996602106693849
0.47409556038997663,0.9996602106693849
0.4741337630942788,0.9996602106693849
0.4741719719558385,0.9996602106693849
0.4742101869761444,0.9996602106693849
0.47424840815668573,0.9996602106693849
0.4742866354989521,0.9996602106693849
0.4743248690044337,0.9996602106693849
0.4743631086746211,0.9996602106693849
0.4744013545110054,0.9996602106693849
0.4744396065150782,0.9996602106693849
0.4744778646883316,0.9996602106693849
0.47451612903225804,0.9996602106693849
0.47455439954835066,0.9996602106693849
0.4745926762381029,0.9996602106693849
0.4746309591030088,0.9996602106693849
0.47466924814456274,0.9996602106693849
0.4747075433642598,0.9996602106693849
0.47474584476359527,0.9996602106693849
0.4747841523440652,0.9996602106693849
0.4748224661071659,0.9996602106693849
0.4748607860543943,0.9996602106693849
0.4748991121872478,0.9996602106693849
0.47493744450722414,0.9996602106693849
0.4749757830158218,0.9996602106693849
0.47501412771453944,0.9996602106693849
0.4750524786048765,0.9996602106693849
0.47509083568833266,0.9996602106693849
0.47512919896640826,0.9996602106693849
0.47516756844060404,0.9996602106693849
0.47520594411242123,0.9996602106693849
0.4752443259833616,0.9996602106693849
0.4752827140549273,0.9996602106693849
0.47532110832862107,0.9996602106693849
0.475359508805946,0.9996602106693849
0.47539791548840593,0.9996602106693849
0.4754363283775048,0.9996602106693849
0.4754747474747475,0.9996602106693849
0.4755131727816389,0.9996602106693849
0.4755516042996848,0.9996602106693849
0.4755900420303912,0.9996602106693849
0.47562848597526475,0.9996602106693849
0.47566693613581246,0.9996602106693849
0.47570539251354194,0.9996602106693849
0.4757438551099612,0.9996602106693849
0.4757823239265788,0.9996602106693849
0.47582079896490376,0.9996602106693849
0.47585928022644564,0.9996602106693849
0.47589776771271436,0.9996602106693849
0.47593626142522044,0.9996602106693849
0.47597476136547484,0.9996602106693849
0.47601326753498907,0.9996602106693849
0.4760517799352751,0.9996602106693849
0.4760902985678453,0.9996602106693849
0.47612882343421264,0.9996602106693849
0.4761673545358906,0.9996602106693849
0.476205891874393,0.9996602106693849
0.4762444354512343,0.9996602106693849
0.4762829852679294,0.9996602106693849
0.4763215413259937,0.9996602106693849
0.47636010362694303,0.9996602106693849
0.47639867217229376,0.9996602106693849
0.47643724696356277,0.9996602106693849
0.4764758280022674,0.9996602106693849
0.4765144152899255,0.9996602106693849
0.4765530088280554,0.9996602106693849
0.47659160861817595,0.9996602106693849
0.4766302146618064,0.9996602106693849
0.47666882696046664,0.9996602106693849
0.4767074455156769,0.9996602106693849
0.47674607032895805,0.9996602106693849
0.47678470140183127,0.9996602106693849
0.4768233387358185,0.9996602106693849
0.47686198233244187,0.9996602106693849
0.4769006321932242,0.9996602106693849
0.47693928831968874,0.9996602106693849
0.4769779507133593,0.9996602106693849
0.47701661937576,0.9996602106693849
0.47705529430841576,0.9996602106693849
0.4770939755128517,0.9996602106693849
0.4771326629905936,0.9996602106693849
0.47717135674316763,0.9996602106693849
0.47721005677210054,0.9996602106693849
0.4772487630789196,0.9996602106693849
0.4772874756651525,0.9996602106693849
0.4773261945323274,0.9996602106693849
0.4773649196819731,0.9996602106693849
0.47740365111561867,0.9996602106693849
0.4774423888347939,0.9996602106693849
0.47748113284102894,0.9996602106693849
0.4775198831358546,0.9996602106693849
0.47755863972080187,0.9996602106693849
0.4775974025974026,0.9996602106693849
0.4776361717671889,0.9996602106693849
0.47767494723169346,0.9996602106693849
0.47771372899244946,0.9996602106693849
0.4777525170509906,0.9996602106693849
0.477791311408851,0.9996602106693849
0.47783011206756537,0.9996602106693849
0.4778689190286689,0.9996602106693849
0.4779077322936972,0.9996602106693849
0.4779465518641865,0.9996602106693849
0.47798537774167343,0.9996602106693849
0.4780242099276952,0.9996602106693849
0.4780630484237894,0.9996602106693849
0.47810189323149427,0.9996602106693849
0.47814074435234843,0.9996602106693849
0.4781796017878911,0.9996602106693849
0.4782184655396619,0.9996602106693849
0.47825733560920103,0.9996602106693849
0.4782962119980491,0.9996602106693849
0.4783350947077473,0.9996602106693849
0.4783739837398374,0.9996602106693849
0.47841287909586144,0.9996602106693849
0.47845178077736217,0.9996602106693849
0.47849068878588275,0.9996602106693849
0.47852960312296683,0.9996602106693849
0.47856852379015863,0.9996602106693849
0.47860745078900274,0.9996602106693849
0.4786463841210445,0.9996602106693849
0.47868532378782946,0.9996602106693849
0.47872426979090393,0.9996602106693849
0.4787632221318145,0.9996602106693849
0.4788021808121084,0.9996602106693849
0.4788411458333333,0.9996602106693849
0.47888011719703755,0.9996602106693849
0.47891909490476964,0.9996602106693849
0.47895807895807896,0.9996602106693849
0.47899706935851516,0.9996602106693849
0.47903606610762844,0.9996602106693849
0.4790750692069696,0.9996602106693849
0.47911407865808975,0.9996602106693849
0.47915309446254073,0.9996602106693849
0.4791921166218747,0.9996602106693849
0.4792311451376446,0.9996602106693849
0.4792701800114034,0.9996602106693849
0.4793092212447051,0.9996602106693849
0.47934826883910386,0.9996602106693849
0.4793873227961545,0.9996602106693849
0.4794263831174122,0.9996602106693849
0.47946544980443284,0.9996602106693849
0.4795045228587727,0.9996602106693849
0.4795436022819886,0.9996602106693849
0.4795826880756378,0.9996602106693849
0.4796217802412781,0.9996602106693849
0.4796608787804679,0.9996602106693849
0.479699983694766,0.9996602106693849
0.47973909498573175,0.9996602106693849
0.479778212654925,0.9996602106693849
0.4798173367039061,0.9996602106693849
0.47985646713423585,0.9996602106693849
0.4798956039474757,0.9996602106693849
0.4799347471451876,0.9996602106693849
0.47997389672893387,0.9996602106693849
0.4800130527002774,0.9996602106693849
0.4800522150607816,0.9996602106693849
0.48009138381201044,0.9996602106693849
0.48013055895552836,0.9996602106693849
0.4801697404929003,0.9996602106693849
0.4802089284256917,0.9996602106693849
0.4802481227554685,0.9996602106693849
0.48028732348379727,0.9996602106693849
0.4803265306122449,0.9996602106693849
0.480365744142379,0.9996602106693849
0.4804049640757675,0.9996602106693849
0.48044419041397896,0.9996602106693849
0.4804834231585824,0.9996602106693849
0.48052266231114743,0.9996602106693849
0.48056190787324404,0.9996602106693849
0.48060115984644286,0.9996602106693849
0.48064041823231496,0.9996602106693849
0.48067968303243197,0.9996602106693849
0.4806372549019608,0.9994903160040775
0.4806765258599559,0.9994903160040775
0.48071580323582286,0.9994903160040775
0.48075508703113506,0.9994903160040775
0.4807943772474665,0.9994903160040775
0.4808336738863915,0.9994903160040775
0.48087297694948505,0.9994903160040775
0.48091228643832257,0.9994903160040775
0.48095160235448003,0.9994903160040775
0.480990924699534,0.9994903160040775
0.48103025347506134,0.9994903160040775
0.4810695886826396,0.9994903160040775
0.4811089303238469,0.9994903160040775
0.4811482784002617,0.9994903160040775
0.4811876329134631,0.9994903160040775
0.48122699386503065,0.9994903160040775
0.4812663612565445,0.9994903160040775
0.4813057350895852,0.9994903160040775
0.48134511536573393,0.9994903160040775
0.4813845020865723,0.9994903160040775
0.4814238952536825,0.9994903160040775
0.4814632948686472,0.9994903160040775
0.4815027009330496,0.9994903160040775
0.4815421134484734,0.9994903160040775
0.4815815324165029,0.9994903160040775
0.4816209578387229,0.9994903160040775
0.48166038971671854,0.9994903160040775
0.4816998280520757,0.9994903160040775
0.48173927284638063,0.9994903160040775
0.4817787241012202,0.9994903160040775
0.4818181818181818,0.9994903160040775
0.4818576459988533,0.9994903160040775
0.48189711664482304,0.9994903160040775
0.48193659375768,0.9994903160040775
0.4819760773390136,0.9994903160040775
0.4820155673904138,0.9994903160040775
0.48205506391347097,0.9994903160040775
0.4820945669097763,0.9994903160040775
0.48213407638092115,0.9994903160040775
0.48217359232849766,0.9994903160040775
0.48221311475409834,0.9994903160040775
0.48225264365931636,0.9994903160040775
0.48229217904574523,0.9994903160040775
0.4823317209149791,0.9994903160040775
0.4823712692686127,0.9994903160040775
0.4824108241082411,0.9994903160040775
0.48245038543546004,0.9994903160040775
0.48248995325186583,0.9994903160040775
0.4825295275590551,0.9994903160040775
0.4825691083586252,0.9994903160040775
0.4826086956521739,0.9994903160040775
0.4826482894412995,0.9994903160040775
0.4826878897276009,0.9994903160040775
0.48272749651267743,0.9994903160040775
0.482767109798129,0.9994903160040775
0.48280672958555604,0.9994903160040775
0.48284635587655944,0.9994903160040775
0.4828859886727407,0.9994903160040775
0.4829256279757019,0.9994903160040775
0.4829652737870454,0.9994903160040775
0.48300492610837437,0.9994903160040775
0.4830445849412924,0.9994903160040775
0.48308425028740354,0.9994903160040775
0.4831239221483124,0.9994903160040775
0.4831636005256242,0.9994903160040775
0.48320328542094454,0.9994903160040775
0.48324297683587975,0.9994903160040775
0.48328267477203646,0.9994903160040775
0.483322379231022,0.9994903160040775
0.48336209021444415,0.9994903160040775
0.4834018077239113,0.9994903160040775
0.4834415317610321,0.9994903160040775
0.4834812623274162,0.9994903160040775
0.4835209994246733,0.9994903160040775
0.48356074305441393,0.9994903160040775
0.48360049321824905,0.9994903160040775
0.4836402499177902,0.9994903160040775
0.48368001315464937,0.9994903160040775
0.48371978293043905,0.9994903160040775
0.4837595592467725,0.9994903160040775
0.48379934210526315,0.9994903160040775
0.4838391315075253,0.9994903160040775
0.4838789274551735,0.9994903160040775
0.48391872994982316,0.9994903160040775
0.4839585389930898,0.9994903160040775
0.4839983545865899,0.9994903160040775
0.4840381767319401,0.9994903160040775
0.48407800543075785,0.9994903160040775
0.48411784068466096,0.9994903160040775
0.48415768249526786,0.9994903160040775
0.48419753086419753,0.9994903160040775
0.4842373857930694,0.9994903160040775
0.48427724728350346,0.9994903160040775
0.4843171153371203,0.9994903160040775
0.48435698995554094,0.9994903160040775
0.484396871140387,0.9994903160040775
0.48443675889328064,0.9994903160040775
0.48447665321584454,0.9994903160040775
0.48451655410970185,0.9994903160040775
0.4845564615764764,0.9994903160040775
0.4845963756177924,0.9994903160040775
0.4846362962352747,0.9994903160040775
0.48467622343054867,0.9994903160040775
0.4847161572052402,0.9994903160040775
0.4847560975609756,0.9994903160040775
0.48479604449938196,0.9994903160040775
0.4848359980220867,0.9994903160040775
0.4848759581307179,0.9994903160040775
0.48491592482690404,0.9994903160040775
0.48495589811227435,0.9994903160040775
0.4849958779884584,0.9994903160040775
0.4850358644570863,0.9994903160040775
0.48507585751978893,0.9994903160040775
0.4851158571781974,0.9994903160040775
0.48515586343394357,0.9994903160040775
0.4851958762886598,0.9994903160040775
0.4852358957439789,0.9994903160040775
0.4852759218015343,0.9994903160040775
0.4853159544629599,0.9994903160040775
0.4853559937298903,0.9994903160040775
0.4853960396039604,0.9994903160040775
0.4854360920868058,0.9994903160040775
0.4854761511800627,0.9994903160040775
0.48551621688536767,0.9994903160040775
0.4855562892043579,0.9994903160040775
0.4855963681386711,0.9994903160040775
0.4856364536899455,0.9994903160040775
0.48567654585982,0.9994903160040775
0.48571664464993397,0.9994903160040775
0.4857567500619272,0.9994903160040775
0.4857968620974401,0.9994903160040775
0.4858369807581138,0.9994903160040775
0.4858771060455897,0.9994903160040775
0.4859172379615099,0.9994903160040775
0.4859573765075169,0.9994903160040775
0.485997521685254,0.9994903160040775
0.48603767349636484,0.9994903160040775
0.4860778319424936,0.9994903160040775
0.4861179970252851,0.9994903160040775
0.4861581687463846,0.9994903160040775
0.48619834710743803,0.9994903160040775
0.48623853211009177,0.9994903160040775
0.48627872375599274,0.9994903160040775
0.48631892204678845,0.9994903160040775
0.486359126984127,0.9994903160040775
0.4863993385696569,0.9994903160040775
0.48643955680502726,0.9994903160040775
0.4864797816918879,0.9994903160040775
0.48652001323188887,0.9994903160040775
0.486560251426681,0.9994903160040775
0.48660049627791563,0.9994903160040775
0.4866407477872446,0.9994903160040775
0.4866810059563203,0.9994903160040775
0.4867212707867957,0.9994903160040775
0.48676154228032437,0.9994903160040775
0.4868018204385602,0.9994903160040775
0.4868421052631579,0.9994903160040775
0.48688239675577255,0.9994903160040775
0.48692269491805995,0.9994903160040775
0.4869629997516762,0.9994903160040775
0.48700331125827817,0.9994903160040775
0.4870436294395231,0.9994903160040775
0.4870839542970691,0.9994903160040775
0.48712428583257433,0.9994903160040775
0.4871646240476979,0.9994903160040775
0.48720496894409937,0.9994903160040775
0.4872453205234388,0.9994903160040775
0.4872856787873768,0.9994903160040775
0.48732604373757454,0.9994903160040775
0.4873664153756938,0.9994903160040775
0.48740679370339685,0.9994903160040775
0.4874471787223465,0.9994903160040775
0.48748757043420615,0.9994903160040775
0.48752796884063976,0.9994903160040775
0.48756837394331176,0.9994903160040775
0.4876087857438873,0.9994903160040775
0.48764920424403185,0.9994903160040775
0.4876896294454116,0.9994903160040775
0.48773006134969327,0.9994903160040775
0.48777049995854405,0.9994903160040775
0.48781094527363184,0.9994903160040775
0.4878513972966249,0.9994903160040775
0.4878918560291922,0.9994903160040775
0.48793232147300325,0.9994903160040775
0.48797279362972795,0.9994903160040775
0.48801327250103693,0.9994903160040775
0.4880537580886013,0.9994903160040775
0.48809425039409277,0.9994903160040775
0.48813474941918356,0.9994903160040775
0.48817525516554644,0.9994903160040775
0.48821576763485475,0.9994903160040775
0.48825628682878247,0.9994903160040775
0.488296812749004,0.9994903160040775
0.4883373453971943,0.9994903160040775
0.4883778847750291,0.9994903160040775
0.4884184308841843,0.9994903160040775
0.4884589837263368,0.9994903160040775
0.48849954330316364,0.9994903160040775
0.4885401096163428,0.9994903160040775
0.4885806826675525,0.9994903160040775
0.48862126245847176,0.9994903160040775
0.48866184899077997,0.9994903160040775
0.48870244226615717,0.9994903160040775
0.48874304228628396,0.9994903160040775
0.4887836490528415,0.9994903160040775
0.48882426256751144,0.9994903160040775
0.48886488283197604,0.9994903160040775
0.48890550984791825,0.9994903160040775
0.48894614361702127,0.9994903160040775
0.4889867841409692,0.9994903160040775
0.4890274314214464,0.9994903160040775
0.489068085460138,0.9994903160040775
0.48910874625872963,0.9994903160040775
0.4891494138189075,0.9994903160040775
0.4891900881423582,0.9994903160040775
0.48923076923076925,0.9994903160040775
0.48927145708582837,0.9994903160040775
0.489312151709224,0.9994903160040775
0.48935285310264515,0.9994903160040775
0.4893935612677814,0.9994903160040775
0.4894342762063228,0.9994903160040775
0.4894749979199601,0.9994903160040775
0.48951572641038443,0.9994903160040775
0.4895564616792877,0.9994903160040775
0.4895972037283622,0.9994903160040775
0.48963795255930087,0.9994903160040775
0.4896787081737972,0.9994903160040775
0.4897194705735453,0.9994903160040775
0.48976023976023975,0.9994903160040775
0.4898010157355757,0.9994903160040775
0.489841798501249,0.9994903160040775
0.4898825880589558,0.9994903160040775
0.48992338441039307,0.9994903160040775
0.4899641875572583,0.9994903160040775
0.4900049975012494,0.9994903160040775
0.49004581424406496,0.9994903160040775
0.4900866377874042,0.9994903160040775
0.49012746813296676,0.9994903160040775
0.4901683052824529,0.9994903160040775
0.49020914923756354,0.9994903160040775
0.49025,0.9994903160040775
0.4902908575714643,0.9994903160040775
0.49033172195365893,0.9994903160040775
0.4903725931482871,0.9994903160040775
0.49041347115705236,0.9994903160040775
0.49045435598165904,0.9994903160040775
0.4904952476238119,0.9994903160040775
0.4905361460852164,0.9994903160040775
0.4905770513675784,0.9994903160040775
0.49061796347260445,0.9994903160040775
0.4906588824020017,0.9994903160040775
0.4906998081574777,0.9994903160040775
0.49074074074074076,0.9994903160040775
0.4907816801534996,0.9994903160040775
0.4908226263974637,0.9994903160040775
0.49086357947434295,0.9994903160040775
0.49090453938584777,0.9994903160040775
0.49094550613368937,0.9994903160040775
0.49098647971957937,0.9994903160040775
0.49102746014522997,0.9994903160040775
0.49106844741235395,0.9994903160040775
0.49110944152266467,0.9994903160040775
0.4911504424778761,0.9994903160040775
0.4911914502797028,0.9994903160040775
0.4912324649298597,0.9994903160040775
0.49127348643006263,0.9994903160040775
0.4913145147820277,0.9994903160040775
0.49135554998747183,0.9994903160040775
0.49139659204811226,0.9994903160040775
0.49143764096566706,0.9994903160040775
0.4914786967418546,0.9994903160040775
0.4915197593783942,0.9994903160040775
0.49156082887700536,0.9994903160040775
0.4916019052394084,0.9994903160040775
0.49164298846732407,0.9994903160040775
0.49168407856247387,0.9994903160040775
0.49172517552657974,0.9994903160040775
0.4917662793613642,0.9994903160040775
0.4918073900685504,0.9994903160040775
0.49184850764986204,0.9994903160040775
0.4918896321070234,0.9994903160040775
0.49193076344175934,0.9994903160040775
0.4919719016557953,0.9994903160040775
0.4920130467508572,0.9994903160040775
0.4920541987286718,0.9994903160040775
0.4920953575909661,0.9994903160040775
0.49213652333946795,0.9994903160040775
0.4921776959759056,0.9994903160040775
0.4923012552301255,0.9994903160040775
0.4923424554356013,0.9994903160040775
0.4923836625376632,0.9994903160040775
0.492424876538043,0.9994903160040775
0.49246609743847314,0.9994903160040775
0.49250732524068647,0.9994903160040775
0.4925485599464166,0.9994903160040775
0.4925898015573976,0.9994903160040775
0.4926310500753643,0.9994903160040775
0.49267230550205177,0.9994903160040775
0.49271356783919595,0.9994903160040775
0.4927548370885334,0.9994903160040775
0.49279611325180095,0.9994903160040775
0.49283739633073637,0.9994903160040775
0.49287868632707776,0.9994903160040775
0.49291998324256386,0.9994903160040775
0.49296128707893416,0.9994903160040775
0.49300259783792844,0.9994903160040775
0.4930439155212873,0.9994903160040775
0.49308524013075183,0.9994903160040775
0.49312657166806373,0.9994903160040775
0.4931679101349652,0.9994903160040775
0.4932092555331992,0.9994903160040775
0.4932506078645091,0.9994903160040775
0.49329196713063894,0.9994903160040775
0.49333333333333335,0.9994903160040775
0.49337470647433745,0.9994903160040775
0.49341608655539715,0.9994903160040775
0.4934574735782587,0.9994903160040775
0.4934988675446691,0.9994903160040775
0.49354026845637583,0.9994903160040775
0.4935816763151271,0.9994903160040775
0.4936645128807586,0.9994903160040775
0.49370594159113795,0.9994903160040775
0.4937473772555602,0.9994903160040775
0.4937888198757764,0.9994903160040775
0.49383026945353814,0.9994903160040775
0.4938717259905977,0.9994903160040775
0.49391318948870794,0.9994903160040775
0.4939546599496222,0.9994903160040775
0.49399613737509446,0.9994903160040775
0.49403762176687943,0.9994903160040775
0.4940791131267322,0.9994903160040775
0.4941206114564085,0.9994903160040775
0.49416211675766486,0.9994903160040775
0.49420362903225806,0.9994903160040775
0.4942451482819457,0.9994903160040775
0.49428667450848596,0.9994903160040775
0.4943282077136375,0.9994903160040775
0.49436974789915966,0.9994903160040775
0.49441129506681236,0.9994903160040775
0.494452849218356,0.9994903160040775
0.4944944103555518,0.9994903160040775
0.4945359784801614,0.9994903160040775
0.49457755359394706,0.9994903160040775
0.4946191356986716,0.9994903160040775
0.49466072479609857,0.9994903160040775
0.49470232088799193,0.9994903160040775
0.4947439239761164,0.9994903160040775
0.4947855340622372,0.9994903160040775
0.49486877523553163,0.9994903160040775
0.4949104063262387,0.9994903160040775
0.4949520444220091,0.9994903160040775
0.4949095498527556,0.99932042133877
0.4949511948838775,0.99932042133877
0.4949928469241774,0.99932042133877
0.49503450597542503,0.99932042133877
0.49507617203939064,0.99932042133877
0.4951178451178451,0.99932042133877
0.49515952521255996,0.99932042133877
0.4952012123253073,0.99932042133877
0.49524290645785973,0.99932042133877
0.49528460761199056,0.99932042133877
0.49532631578947367,0.99932042133877
0.49536803099208354,0.99932042133877
0.4954097532215952,0.99932042133877
0.4954514824797844,0.99932042133877
0.4954932187684273,0.99932042133877
0.49553496208930076,0.99932042133877
0.49557671244418233,0.99932042133877
0.49561846983485003,0.99932042133877
0.4956602342630825,0.99932042133877
0.49570200573065903,0.99932042133877
0.49574378423935944,0.99932042133877
0.4957855697909643,0.99932042133877
0.4958273623872545,0.99932042133877
0.4958691620300118,0.99932042133877
0.4959109687210185,0.99932042133877
0.4959527824620573,0.99932042133877
0.4959946032549119,0.99932042133877
0.4960364311013662,0.99932042133877
0.49607826600320487,0.99932042133877
0.49612010796221323,0.99932042133877
0.4961619569801771,0.99932042133877
0.49620381305888306,0.99932042133877
0.4962456762001181,0.99932042133877
0.4962875464056699,0.99932042133877
0.4963294236773268,0.99932042133877
0.4963713080168776,0.99932042133877
0.49645509790681974,0.99932042133877
0.4964970034607918,0.99932042133877
0.49653891608981937,0.99932042133877
0.4965808357956944,0.99932042133877
0.4966227625802094,0.99932042133877
0.4966646964451575,0.99932042133877
0.4967066373923324,0.99932042133877
0.4967485854235284,0.99932042133877
0.49679054054054056,0.99932042133877
0.4968325027451643,0.99932042133877
0.4968744720391958,0.99932042133877
0.4969164484244319,0.99932042133877
0.4969584319026698,0.99932042133877
0.49700042247570764,0.99932042133877
0.49704242014534394,0.99932042133877
0.49708442491337784,0.99932042133877
0.49712643678160917,0.99932042133877
0.4971684557518384,0.99932042133877
0.49721048182586647,0.99932042133877
0.49725251500549494,0.99932042133877
0.4972945552925262,0.99932042133877
0.497336602688763,0.99932042133877
0.49737865719600877,0.99932042133877
0.49742071881606764,0.99932042133877
0.49746278755074425,0.99932042133877
0.49750486340184386,0.99932042133877
0.4975469463711724,0.99932042133877
0.4975890364605363,0.99932042133877
0.49763113367174283,0.99932042133877
0.4976732380065995,0.99932042133877
0.49771534946691487,0.99932042133877
0.4977574680544978,0.99932042133877
0.49779959377115773,0.99932042133877
0.497841726618705,0.99932042133877
0.4978838665989504,0.99932042133877
0.49792601371370526,0.99932042133877
0.4979681679647816,0.99932042133877
0.49801032935399203,0.99932042133877
0.49805249788314987,0.99932042133877
0.49809467355406895,0.99932042133877
0.4981368563685637,0.99932042133877
0.4981790463284492,0.99932042133877
0.49822124343554125,0.99932042133877
0.4982634476916561,0.99932042133877
0.49830565909861063,0.99932042133877
0.49834787765822247,0.99932042133877
0.49839010337230977,0.99932042133877
0.4984323362426913,0.99932042133877
0.49847457627118646,0.99932042133877
0.49851682345961523,0.99932042133877
0.49855907780979825,0.99932042133877
0.4986013393235568,0.99932042133877
0.4986436080027128,0.99932042133877
0.4986858838490886,0.99932042133877
0.4987281668645074,0.99932042133877
0.49877045705079287,0.99932042133877
0.49881275440976935,0.99932042133877
0.4988550589432618,0.99932042133877
0.49889737065309586,0.99932042133877
0.49893968954109763,0.99932042133877
0.498982015609094,0.99932042133877
0.49902434885891234,0.99932042133877
0.4990666892923808,0.99932042133877
0.49910903691132796,0.99932042133877
0.49915139171758316,0.99932042133877
0.4991937537129763,0.99932042133877
0.499236122899338,0.99932042133877
0.49927849927849927,0.99932042133877
0.49932088285229204,0.99932042133877
0.4993632736225486,0.99932042133877
0.49940567159110205,0.99932042133877
0.49944807675978603,0.99932042133877
0.49949048913043476,0.99932042133877
0.4995329087048832,0.99932042133877
0.49957533548496685,0.99932042133877
0.49961776947252184,0.99932042133877
0.499660210669385,0.99932042133877
0.4997026590773936,0.99932042133877
0.49974511469838573,0.99932042133877
0.4997875775342,0.99932042133877
0.4998300475866757,0.99932042133877
0.49987252485765277,0.99932042133877
0.4999150093489716,0.99932042133877
0.49995750106247344,0.99932042133877
0.5,0.99932042133877
0.5000425061633937,0.99932042133877
0.5000850195544976,0.99932042133877
0.5001275401751551,0.99932042133877
0.5001700680272109,0.99932042133877
0.5002126031125096,0.99932042133877
0.5002551454328967,0.99932042133877
0.5002976949902186,0.99932042133877
0.5003402517863219,0.99932042133877
0.500382815823054,0.99932042133877
0.500425387102263,0.99932042133877
0.5004679656257977,0.99932042133877
0.5005105513955072,0.99932042133877
0.5005531444132414,0.99932042133877
0.5005957446808511,0.99932042133877
0.5006383522001873,0.99932042133877
0.5006809669731018,0.99932042133877
0.5007235890014472,0.99932042133877
0.5007662182870765,0.99932042133877
0.5008088548318433,0.99932042133877
0.5008514986376021,0.99932042133877
0.5008941497062079,0.99932042133877
0.5009368080395162,0.99932042133877
0.5009794736393833,0.99932042133877
0.5010221465076661,0.99932042133877
0.501064826646222,0.99932042133877
0.5011075140569092,0.99932042133877
0.5011502087415864,0.99932042133877
0.5011929107021131,0.99932042133877
0.5012356199403494,0.99932042133877
0.5012783364581558,0.99932042133877
0.5013210602573936,0.99932042133877
0.501363791339925,0.99932042133877
0.5014065297076123,0.99932042133877
0.5014492753623189,0.99932042133877
0.5014920283059084,0.99932042133877
0.5015347885402456,0.99932042133877
0.5015775560671953,0.99932042133877
0.5016203308886236,0.99932042133877
0.5016631130063965,0.99932042133877
0.5017059024223814,0.99932042133877
0.5017486991384458,0.99932042133877
0.5017915031564579,0.99932042133877
0.5018343144782869,0.99932042133877
0.5018771331058021,0.99932042133877
0.5019199590408738,0.99932042133877
0.5019627922853729,0.99932042133877
0.502005632841171,0.99932042133877
0.50204848071014,0.99932042133877
0.5020913358941528,0.99932042133877
0.5021341983950828,0.99932042133877
0.502177068214804,0.99932042133877
0.5022199453551912,0.99932042133877
0.5022628298181198,0.99932042133877
0.5023057216054654,0.99932042133877
0.5023486207191049,0.99932042133877
0.5023915271609156,0.99932042133877
0.5024344409327752,0.99932042133877
0.5024773620365625,0.99932042133877
0.5025202904741564,0.99932042133877
0.5025632262474368,0.99932042133877
0.5026061693582842,0.99932042133877
0.5026491198085797,0.99932042133877
0.5026920776002051,0.99932042133877
0.5027350427350428,0.99932042133877
0.5027780152149757,0.99932042133877
0.5028209950418875,0.99932042133877
0.5028639822176626,0.99932042133877
0.502906976744186,0.99932042133877
0.5029499786233433,0.99932042133877
0.5029929878570207,0.99932042133877
0.5030360044471051,0.99932042133877
0.5030790283954841,0.99932042133877
0.5031220597040459,0.99932042133877
0.5031650983746793,0.99932042133877
0.5032081444092736,0.99932042133877
0.5032511978097194,0.99932042133877
0.5032942585779071,0.99932042133877
0.5033373267157282,0.99932042133877
0.5033804022250749,0.99932042133877
0.5034234851078397,0.99932042133877
0.5034665753659163,0.99932042133877
0.5035096730011984,0.99932042133877
0.5035527780155808,0.99932042133877
0.5035958904109589,0.99932042133877
0.5036390101892285,0.99932042133877
0.5036821373522864,0.99932042133877
0.5037252719020296,0.99932042133877
0.5037684138403563,0.99932042133877
0.5038115631691649,0.99932042133877
0.5038547198903547,0.99932042133877
0.5038978840058254,0.99932042133877
0.5039410555174777,0.99932042133877
0.5039842344272127,0.99932042133877
0.5040274207369323,0.99932042133877
0.5040706144485388,0.99932042133877
0.5041138155639355,0.99932042133877
0.5041570240850262,0.99932042133877
0.5042002400137151,0.99932042133877
0.5042434633519074,0.99932042133877
0.504286694101509,0.99932042133877
0.504329932264426,0.99932042133877
0.5043731778425656,0.99932042133877
0.5044164308378355,0.99932042133877
0.5044596912521441,0.99932042133877
0.5045029590874003,0.99932042133877
0.5045462343455138,0.99932042133877
0.5045895170283949,0.99932042133877
0.5046328071379547,0.99932042133877
0.5046761046761047,0.99932042133877
0.5047194096447571,0.99932042133877
0.5047627220458251,0.99932042133877
0.5048060418812221,0.99932042133877
0.5048493691528624,0.99932042133877
0.5048927038626609,0.99932042133877
0.5049360460125333,0.99932042133877
0.5049793956043956,0.99932042133877
0.5050227526401648,0.99932042133877
0.5050661171217585,0.99932042133877
0.5051094890510949,0.99932042133877
0.5051528684300928,0.99932042133877
0.5051962552606717,0.99932042133877
0.5052396495447518,0.99932042133877
0.5052830512842539,0.99932042133877
0.5053264604810996,0.99932042133877
0.5053698771372112,0.99932042133877
0.5054133012545111,0.99932042133877
0.5054567328349231,0.99932042133877
0.5055001718803712,0.99932042133877
0.5055436183927804,0.99932042133877
0.505587072374076,0.99932042133877
0.5056740027510316,0.99932042133877
0.505717479150546,0.99932042133877
0.5057609630266552,0.99932042133877
0.5058044543812882,0.99932042133877
0.5058479532163743,0.99932042133877
0.5058914595338436,0.99932042133877
0.5059349733356271,0.99932042133877
0.505978494623656,0.99932042133877
0.5060220233998624,0.99932042133877
0.5060655596661792,0.99932042133877
0.5061091034245396,0.99932042133877
0.5061526546768781,0.99932042133877
0.5061962134251291,0.99932042133877
0.5062397796712281,0.99932042133877
0.5062833534171114,0.99932042133877
0.5063269346647155,0.99932042133877
0.506370523415978,0.99932042133877
0.5064141196728369,0.99932042133877
0.5064577234372309,0.99932042133877
0.5065013347110996,0.99932042133877
0.5065449534963831,0.99932042133877
0.5065885797950219,0.99932042133877
0.5066322136089578,0.99932042133877
0.5066758549401327,0.99932042133877
0.5067195037904894,0.99932042133877
0.5067631601619712,0.99932042133877
0.5068068240565224,0.99932042133877
0.5068504954760878,0.99932042133877
0.5068941744226129,0.99932042133877
0.5069378608980436,0.99932042133877
0.5069815549043268,0.99932042133877
0.50702525644341,0.99932042133877
0.5070689655172413,0.99932042133877
0.5071126821277696,0.99932042133877
0.5071564062769442,0.99932042133877
0.5072001379667155,0.99932042133877
0.5072876239758517,0.99932042133877
0.5073313782991202,0.99932042133877
0.5073751401707928,0.99932042133877
0.5074189095928227,0.99932042133877
0.5074626865671642,0.99932042133877
0.5075064710957722,0.99932042133877
0.5075502631806023,0.99932042133877
0.5075940628236106,0.99932042133877
0.5076378700267541,0.99932042133877
0.5076816847919904,0.99932042133877
0.5077255071212775,0.99932042133877
0.5077693370165746,0.99932042133877
0.5078131744798412,0.99932042133877
0.5078570195130375,0.99932042133877
0.5079008721181245,0.99932042133877
0.5079447322970639,0.99932042133877
0.5079886000518179,0.99932042133877
0.5080324753843496,0.99932042133877
0.5080763582966226,0.99932042133877
0.5081202487906012,0.99932042133877
0.5081641468682505,0.99932042133877
0.5082080525315362,0.99932042133877
0.5082519657824246,0.99932042133877
0.5082958866228828,0.99932042133877
0.5083398150548786,0.99932042133877
0.5083837510803803,0.99932042133877
0.5084276947013571,0.99932042133877
0.5084716459197787,0.99932042133877
0.5085156047376156,0.99932042133877
0.508559571156839,0.99932042133877
0.5086035451794206,0.99932042133877
0.508647526807333,0.99932042133877
0.5086915160425495,0.99932042133877
0.5087355128870438,0.99932042133877
0.5087795173427904,0.99932042133877
0.5088235294117647,0.99932042133877
0.5088675490959426,0.99932042133877
0.5089115763973006,0.99932042133877
0.5089556113178161,0.99932042133877
0.508999653859467,0.99932042133877
0.5090437040242319,0.99932042133877
0.5090877618140903,0.99932042133877
0.5091318272310222,0.99932042133877
0.5091759002770083,0.99932042133877
0.50921998095403,0.99932042133877
0.5092640692640693,0.99932042133877
0.509308165209109,0.99932042133877
0.5093522687911327,0.99932042133877
0.5093963800121244,0.99932042133877
0.509440498874069,0.99932042133877
0.5094846253789519,0.99932042133877
0.5095287595287595,0.99932042133877
0.5095729013254786,0.99932042133877
0.5096170507710969,0.99932042133877
0.5096612078676025,0.99932042133877
0.5097053726169845,0.99932042133877
0.5097495450212324,0.99932042133877
0.5097937250823367,0.99932042133877
0.5098379128022883,0.99932042133877
0.5098821081830791,0.99932042133877
0.5099263112267013,0.99932042133877
0.5099705219351482,0.99932042133877
0.5100147403104136,0.99932042133877
0.5100589663544919,0.99932042133877
0.5101032000693781,0.99932042133877
0.5101474414570685,0.99932042133877
0.5101916905195594,0.99932042133877
0.510235947258848,0.99932042133877
0.5102802116769324,0.99932042133877
0.5103244837758112,0.99932042133877
0.5103687635574837,0.99932042133877
0.5104130510239501,0.99932042133877
0.5104573461772108,0.99932042133877
0.5105016490192675,0.99932042133877
0.5105459595521222,0.99932042133877
0.5105902777777778,0.99932042133877
0.5106346036982377,0.99932042133877
0.5106789373155062,0.99932042133877
0.5107232786315881,0.99932042133877
0.510767627648489,0.99932042133877
0.5108119843682154,0.99932042133877
0.510856348792774,0.99932042133877
0.5109007209241727,0.99932042133877
0.5109894883155243,0.99932042133877
0.5110338835794961,0.99932042133877
0.5110782865583456,0.99932042133877
0.5111226972540841,0.99932042133877
0.5111671156687234,0.99932042133877
0.5112115418042761,0.99932042133877
0.5112559756627553,0.99932042133877
0.5113004172461753,0.99932042133877
0.5113448665565504,0.99932042133877
0.5113893235958964,0.99932042133877
0.511433788366229,0.99932042133877
0.5114782608695653,0.99932042133877
0.5115227411079224,0.99932042133877
0.5115672290833189,0.99932042133877
0.5116117247977733,0.99932042133877
0.5116562282533055,0.99932042133877
0.5117007394519356,0.99932042133877
0.5117452583956847,0.99932042133877
0.5117897850865745,0.99932042133877
0.5118343195266272,0.99932042133877
0.5118788617178661,0.99932042133877
0.511923411662315,0.99932042133877
0.5119679693619984,0.99932042133877
0.5120125348189415,0.99932042133877
0.5120571080351702,0.99932042133877
0.5121016890127111,0.99932042133877
0.5121462777535917,0.99932042133877
0.5121908742598398,0.99932042133877
0.5122354785334843,0.99932042133877
0.5122800905765547,0.99932042133877
0.512324710391081,0.99932042133877
0.5123693379790941,0.99932042133877
0.5124139733426256,0.99932042133877
0.5124586164837079,0.99932042133877
0.512503267404374,0.99932042133877
0.5125479261066573,0.99932042133877
0.5125925925925926,0.99932042133877
0.5126372668642147,0.99932042133877
0.5126819489235597,0.99932042133877
0.5127266387726639,0.99932042133877
0.5127713364135646,0.99932042133877
0.5128160418482999,0.99932042133877
0.5128607550789084,0.99932042133877
0.5129054761074293,0.99932042133877
0.512950204935903,0.99932042133877
0.5129949415663702,0.99932042133877
0.5130396860008722,0.99932042133877
0.5130844382414514,0.99932042133877
0.5131291982901509,0.99932042133877
0.5131739661490141,0.99932042133877
0.5132187418200855,0.99932042133877
0.5132635253054101,0.99932042133877
0.5133083166070338,0.99932042133877
0.5133531157270029,0.99932042133877
0.513397922667365,0.99932042133877
0.5134427374301676,0.99932042133877
0.5134875600174597,0.99932042133877
0.5135323904312904,0.99932042133877
0.5135772286737099,0.99932042133877
0.5136220747467691,0.99932042133877
0.5136669286525194,0.99932042133877
0.5137117903930131,0.99932042133877
0.5137566599703031,0.99932042133877
0.5138015373864431,0.99932042133877
0.5138464226434873,0.99932042133877
0.5138913157434912,0.99932042133877
0.5139362166885103,0.99932042133877
0.5139811254806012,0.99932042133877
0.5140260421218212,0.99932042133877
0.5140709666142282,0.99932042133877
0.5141158989598811,0.99932042133877
0.5141608391608392,0.99932042133877
0.5142057872191625,0.99932042133877
0.5142507431369121,0.99932042133877
0.5142957069161493,0.99932042133877
0.5143406785589367,0.99932042133877
0.5143856580673372,0.99932042133877
0.5144306454434143,0.99932042133877
0.5144756406892329,0.99932042133877
0.5145206438068579,0.99932042133877
0.5145656547983554,0.99932042133877
0.5146106736657918,0.99932042133877
0.5146557004112345,0.99932042133877
0.5147007350367518,0.99932042133877
0.5147457775444123,0.99932042133877
0.5147908279362856,0.99932042133877
0.514835886214442,0.99932042133877
0.5148809523809523,0.99932042133877
0.5149260264378884,0.99932042133877
0.5149711083873227,0.99932042133877
0.5150161982313283,0.99932042133877
0.515061295971979,0.99932042133877
0.5151064016113495,0.99932042133877
0.5151515151515151,0.99932042133877
0.515196636594552,0.99932042133877
0.5152417659425368,0.99932042133877
0.5152869031975471,0.99932042133877
0.5153320483616611,0.99932042133877
0.5153772014369579,0.99932042133877
0.515422362425517,0.99932042133877
0.515467531329419,0.99932042133877
0.515512708150745,0.99932042133877
0.5155578928915768,0.99932042133877
0.5156030855539971,0.99932042133877
0.5156482861400894,0.99932042133877
0.5156934946519376,0.99932042133877
0.5157387110916265,0.99932042133877
0.5157839354612417,0.99932042133877
0.5158291677628695,0.99932042133877
0.5158744079985967,0.99932042133877
0.5159196561705114,0.99932042133877
0.5159649122807017,0.99932042133877
0.5160101763312571,0.99932042133877
0.5160554483242674,0.99932042133877
0.5161007282618233,0.99932042133877
0.5161460161460162,0.99932042133877
0.5161913119789381,0.99932042133877
0.5162366157626821,0.99932042133877
0.5162819274993417,0.99932042133877
0.5163272471910112,0.99932042133877
0.5163725748397858,0.99932042133877
0.5164179104477612,0.99932042133877
0.516463254017034,0.99932042133877
0.5165086055497015,0.99932042133877
0.5165539650478616,0.99932042133877
0.5165993325136132,0.99932042133877
0.5166447079490558,0.99932042133877
0.5166900913562895,0.99932042133877
0.5167354827374154,0.99932042133877
0.5167808820945352,0.99932042133877
0.5168262894297514,0.99932042133877
0.516871704745167,0.99932042133877
0.516917128042886,0.99932042133877
0.5169625593250132,0.99932042133877
0.5170079985936539,0.99932042133877
0.5170534458509142,0.99932042133877
0.5170989010989011,0.99932042133877
0.5171443643397222,0.99932042133877
0.5171898355754858,0.99932042133877
0.5172353148083011,0.99932042133877
0.5172808020402779,0.99932042133877
0.5173262972735269,0.99932042133877
0.5173718005101592,0.99932042133877
0.5174173117522871,0.99932042133877
0.5174628310020234,0.99932042133877
0.5175083582614816,0.99932042133877
0.517553893532776,0.99932042133877
0.5175114396339318,0.9991505266734625
0.5175569831910587,0.9991505266734625
0.5176025347650062,0.9991505266734625
0.517648094357891,0.9991505266734625
0.517693661971831,0.9991505266734625
0.5177392376089445,0.9991505266734625
0.5177848212713506,0.9991505266734625
0.5178304129611693,0.9991505266734625
0.5178760126805213,0.9991505266734625
0.517921620431528,0.9991505266734625
0.5179672362163115,0.9991505266734625
0.5180128600369946,0.9991505266734625
0.5180584918957012,0.9991505266734625
0.5181041317945555,0.9991505266734625
0.5181497797356828,0.9991505266734625
0.518195435721209,0.9991505266734625
0.5182410997532605,0.9991505266734625
0.5182867718339649,0.9991505266734625
0.5183324519654504,0.9991505266734625
0.5183781401498457,0.9991505266734625
0.5184238363892807,0.9991505266734625
0.5184695406858856,0.9991505266734625
0.5185152530417916,0.9991505266734625
0.5185609734591305,0.9991505266734625
0.5186067019400352,0.9991505266734625
0.518652438486639,0.9991505266734625
0.5186981831010761,0.9991505266734625
0.5187439357854812,0.9991505266734625
0.5187896965419901,0.9991505266734625
0.5188354653727393,0.9991505266734625
0.5188812422798659,0.9991505266734625
0.5189270272655078,0.9991505266734625
0.5189728203318037,0.9991505266734625
0.5190186214808932,0.9991505266734625
0.5190644307149161,0.9991505266734625
0.5191102480360138,0.9991505266734625
0.5191560734463276,0.9991505266734625
0.5192019069480004,0.9991505266734625
0.519247748543175,0.9991505266734625
0.5192935982339956,0.9991505266734625
0.5193394560226069,0.9991505266734625
0.5193853219111543,0.9991505266734625
0.5194311959017841,0.9991505266734625
0.5194770779966434,0.9991505266734625
0.5195229681978799,0.9991505266734625
0.5196147729280791,0.9991505266734625
0.5196606874613413,0.9991505266734625
0.5197066101095793,0.9991505266734625
0.5197984797595899,0.9991505266734625
0.5198444267656678,0.9991505266734625
0.5198903818953324,0.9991505266734625
0.5199363451507382,0.9991505266734625
0.5199823165340407,0.9991505266734625
0.5200282960473959,0.9991505266734625
0.5200742836929607,0.9991505266734625
0.5201202794728929,0.9991505266734625
0.5201662833893508,0.9991505266734625
0.5202122954444935,0.9991505266734625
0.5202583156404812,0.9991505266734625
0.5203503804636348,0.9991505266734625
0.5203964250951243,0.9991505266734625
0.5204424778761062,0.9991505266734625
0.5204885388087441,0.9991505266734625
0.5205346078952027,0.9991505266734625
0.5205806851376472,0.9991505266734625
0.5206267705382436,0.9991505266734625
0.5206728640991589,0.9991505266734625
0.5207189658225606,0.9991505266734625
0.5207650757106171,0.9991505266734625
0.5208111937654977,0.9991505266734625
0.520857319989372,0.9991505266734625
0.520903454384411,0.9991505266734625
0.5209495969527859,0.9991505266734625
0.520995747696669,0.9991505266734625
0.5210419066182334,0.9991505266734625
0.5210880737196527,0.9991505266734625
0.5211342490031015,0.9991505266734625
0.5211804324707551,0.9991505266734625
0.5212266241247895,0.9991505266734625
0.5212728239673816,0.9991505266734625
0.5213190320007092,0.9991505266734625
0.5213652482269504,0.9991505266734625
0.5214114726482845,0.9991505266734625
0.5214577052668913,0.9991505266734625
0.5215039460849517,0.9991505266734625
0.5215501951046471,0.9991505266734625
0.5215964523281597,0.9991505266734625
0.5216427177576726,0.9991505266734625
0.5216889913953695,0.9991505266734625
0.521735273243435,0.9991505266734625
0.5217815633040547,0.9991505266734625
0.5218278615794144,0.9991505266734625
0.5217854290531547,0.9989806320081549
0.5218317358892439,0.9989806320081549
0.5218780509452383,0.9989806320081549
0.5219243742233268,0.9989806320081549
0.521970705725699,0.9989806320081549
0.5220170454545454,0.9989806320081549
0.5220633934120572,0.9989806320081549
0.5221097496004262,0.9989806320081549
0.5221561140218453,0.9989806320081549
0.522202486678508,0.9989806320081549
0.5222488675726086,0.9989806320081549
0.5222952567063421,0.9989806320081549
0.5223416540819046,0.9989806320081549
0.5223880597014925,0.9989806320081549
0.5224344735673034,0.9989806320081549
0.5224808956815354,0.9989806320081549
0.5225273260463876,0.9989806320081549
0.5225737646640597,0.9989806320081549
0.5226202115367523,0.9989806320081549
0.522713130056005,0.9989806320081549
0.5227596017069701,0.9989806320081549
0.5228060816217658,0.9989806320081549
0.5228525698025965,0.9989806320081549
0.5228990662516674,0.9989806320081549
0.5229455709711847,0.9989806320081549
0.522992083963355,0.9989806320081549
0.523038605230386,0.9989806320081549
0.5230851347744863,0.9989806320081549
0.5231316725978647,0.9989806320081549
0.5231782187027315,0.9989806320081549
0.5232247730912973,0.9989806320081549
0.5232713357657738,0.9989806320081549
0.5233179067283731,0.9989806320081549
0.5233644859813084,0.9989806320081549
0.5234110735267936,0.9989806320081549
0.5234576693670435,0.9989806320081549
0.5235042735042735,0.9989806320081549
0.5235508859406999,0.9989806320081549
0.5235975066785397,0.9989806320081549
0.5236441357200107,0.9989806320081549
0.5236907730673317,0.9989806320081549
0.5237374187227221,0.9989806320081549
0.5237840726884019,0.9989806320081549
0.5238307349665924,0.9989806320081549
0.5238774055595153,0.9989806320081549
0.5239240844693932,0.9989806320081549
0.5239707716984495,0.9989806320081549
0.5240174672489083,0.9989806320081549
0.5240641711229946,0.9989806320081549
0.5241108833229343,0.9989806320081549
0.5241576038509538,0.9989806320081549
0.5242043327092806,0.9989806320081549
0.5242510699001427,0.9989806320081549
0.524297815425769,0.9989806320081549
0.5243445692883895,0.9989806320081549
0.5243913314902345,0.9989806320081549
0.5244381020335355,0.9989806320081549
0.5244848809205245,0.9989806320081549
0.5245316681534344,0.9989806320081549
0.524578463734499,0.9989806320081549
0.5246252676659529,0.9989806320081549
0.5246720799500312,0.9989806320081549
0.5247189005889702,0.9989806320081549
0.5247657295850067,0.9989806320081549
0.5248125669403785,0.9989806320081549
0.5248594126573239,0.9989806320081549
0.5249062667380825,0.9989806320081549
0.5249531291848942,0.9989806320081549
0.525,0.9989806320081549
0.5250468791856415,0.9989806320081549
0.5250937667440614,0.9989806320081549
0.5251406626775029,0.9989806320081549
0.5251875669882101,0.9989806320081549
0.5252344796784278,0.9989806320081549
0.525281400750402,0.9989806320081549
0.525328330206379,0.9989806320081549
0.5253752680486061,0.9989806320081549
0.5254222142793316,0.9989806320081549
0.5254691689008043,0.9989806320081549
0.5255161319152739,0.9989806320081549
0.525563103324991,0.9989806320081549
0.525610083132207,0.9989806320081549
0.5256570713391739,0.9989806320081549
0.5257040679481448,0.9989806320081549
0.5257510729613734,0.9989806320081549
0.5257980863811141,0.9989806320081549
0.5258451082096226,0.9989806320081549
0.5258921384491548,0.9989806320081549
0.5259391771019678,0.9989806320081549
0.5259862241703194,0.9989806320081549
0.5260332796564681,0.9989806320081549
0.5260803435626733,0.9989806320081549
0.5261274158911954,0.9989806320081549
0.5261744966442953,0.9989806320081549
0.5262215858242348,0.9989806320081549
0.5262686834332766,0.9989806320081549
0.5263157894736842,0.9989806320081549
0.5263629039477218,0.9989806320081549
0.5264100268576545,0.9989806320081549
0.526457158205748,0.9989806320081549
0.5265042979942693,0.9989806320081549
0.5265514462254858,0.9989806320081549
0.5265986029016658,0.9989806320081549
0.5266457680250783,0.9989806320081549
0.5266929415979935,0.9989806320081549
0.5267873141014155,0.9989806320081549
0.5268345130364662,0.9989806320081549
0.5268817204301075,0.9989806320081549
0.5269289362846133,0.9989806320081549
0.5269761606022585,0.9989806320081549
0.5270233933853187,0.9989806320081549
0.5270706346360703,0.9989806320081549
0.5271178843567906,0.9989806320081549
0.5271651425497579,0.9989806320081549
0.527212409217251,0.9989806320081549
0.5272596843615495,0.9989806320081549
0.527306967984934,0.9989806320081549
0.5273542600896861,0.9989806320081549
0.5274015606780877,0.9989806320081549
0.527448869752422,0.9989806320081549
0.5274961873149726,0.9989806320081549
0.5275435133680244,0.9989806320081549
0.5275908479138627,0.9989806320081549
0.5276381909547738,0.9989806320081549
0.527685542493045,0.9989806320081549
0.5277329025309639,0.9989806320081549
0.5277802710708195,0.9989806320081549
0.5278276481149012,0.9989806320081549
0.5278750336654996,0.9989806320081549
0.5279224277249057,0.9989806320081549
0.5279698302954117,0.9989806320081549
0.5280172413793104,0.9989806320081549
0.5280646609788954,0.9989806320081549
0.5281120890964612,0.9989806320081549
0.5281595257343035,0.9989806320081549
0.5282069708947179,0.9989806320081549
0.5282544245800018,0.9989806320081549
0.5283018867924528,0.9989806320081549
0.5283493575343696,0.9989806320081549
0.5283968368080517,0.9989806320081549
0.5284443246157994,0.9989806320081549
0.5284918209599138,0.9989806320081549
0.5285393258426966,0.9989806320081549
0.5285868392664509,0.9989806320081549
0.5287294308065822,0.9989806320081549
0.5287769784172662,0.9989806320081549
0.5288245345804479,0.9989806320081549
0.5288720992984349,0.9989806320081549
0.5288297202482685,0.9988107373428474
0.5288772939906441,0.9988107373428474
0.5289248762932973,0.9988107373428474
0.5289724671585387,0.9988107373428474
0.52902006658868,0.9988107373428474
0.5290676745860331,0.9988107373428474
0.5291152911529116,0.9988107373428474
0.5291629162916291,0.9988107373428474
0.5292105500045009,0.9988107373428474
0.5292581922938423,0.9988107373428474
0.5293058431619699,0.9988107373428474
0.5293535026112012,0.9988107373428474
0.5294011706438542,0.9988107373428474
0.5294488472622478,0.9988107373428474
0.5294965324687022,0.9988107373428474
0.5295442262655378,0.9988107373428474
0.5295919286550761,0.9988107373428474
0.5296396396396397,0.9988107373428474
0.5296873592215515,0.9988107373428474
0.5297350874031357,0.9988107373428474
0.5297828241867172,0.9988107373428474
0.5298305695746215,0.9988107373428474
0.5298783235691753,0.9988107373428474
0.529926086172706,0.9988107373428474
0.5299738573875417,0.9988107373428474
0.5300216372160116,0.9988107373428474
0.5300694256604455,0.9988107373428474
0.5301172227231741,0.9988107373428474
0.530165028406529,0.9988107373428474
0.5302128427128427,0.9988107373428474
0.5302606656444484,0.9988107373428474
0.5303084972036803,0.9988107373428474
0.5303563373928732,0.9988107373428474
0.530404186214363,0.9988107373428474
0.5304520436704864,0.9988107373428474
0.5304999097635806,0.9988107373428474
0.5305477844959842,0.9988107373428474
0.5305956678700361,0.9988107373428474
0.5306435598880765,0.9988107373428474
0.5306914605524463,0.9988107373428474
0.5307393698654871,0.9988107373428474
0.5307872878295413,0.9988107373428474
0.5308352144469526,0.9988107373428474
0.530883149720065,0.9988107373428474
0.5309310936512237,0.9988107373428474
0.5309790462427746,0.9988107373428474
0.5310270074970644,0.9988107373428474
0.5310749774164408,0.9988107373428474
0.5311229560032523,0.9988107373428474
0.5311709432598483,0.9988107373428474
0.5312189391885787,0.9988107373428474
0.5312669437917947,0.9988107373428474
0.5313149570718482,0.9988107373428474
0.5313629790310919,0.9988107373428474
0.5314110096718793,0.9988107373428474
0.5314590489965648,0.9988107373428474
0.5315070970075039,0.9988107373428474
0.5315551537070524,0.9988107373428474
0.5316032190975676,0.9988107373428474
0.5316512931814071,0.9988107373428474
0.5316993759609298,0.9988107373428474
0.5317474674384949,0.9988107373428474
0.5317955676164632,0.9988107373428474
0.5318436764971955,0.9988107373428474
0.5318917940830544,0.9988107373428474
0.5319399203764025,0.9988107373428474
0.5319880553796037,0.9988107373428474
0.5320361990950226,0.9988107373428474
0.5320843515250249,0.9988107373428474
0.5321325126719768,0.9988107373428474
0.5321806825382457,0.9988107373428474
0.5322288611261995,0.9988107373428474
0.5322770484382073,0.9988107373428474
0.5323252444766389,0.9988107373428474
0.5323734492438649,0.9988107373428474
0.5324216627422569,0.9988107373428474
0.5324698849741871,0.9988107373428474
0.532518115942029,0.9988107373428474
0.5325663556481566,0.9988107373428474
0.5326146040949448,0.9988107373428474
0.5326628612847694,0.9988107373428474
0.5327111272200072,0.9988107373428474
0.5327594019030358,0.9988107373428474
0.5328076853362335,0.9988107373428474
0.5328559775219796,0.9988107373428474
0.5329042784626541,0.9988107373428474
0.5329525881606382,0.9988107373428474
0.5330009066183137,0.9988107373428474
0.5330492338380632,0.9988107373428474
0.5330975698222706,0.9988107373428474
0.5331459145733201,0.9988107373428474
0.5331942680935969,0.9988107373428474
0.5332426303854876,0.9988107373428474
0.5332910014513788,0.9988107373428474
0.5333393812936588,0.9988107373428474
0.533387769914716,0.9988107373428474
0.5334361673169404,0.9988107373428474
0.5334845735027223,0.9988107373428474
0.5335329884744532,0.9988107373428474
0.5335814122345254,0.9988107373428474
0.5336298447853317,0.9988107373428474
0.5336782861292665,0.9988107373428474
0.5337267362687245,0.9988107373428474
0.5337751952061013,0.9988107373428474
0.5338236629437937,0.9988107373428474
0.5338721394841991,0.9988107373428474
0.5339206248297157,0.9988107373428474
0.5339691189827429,0.9988107373428474
0.5340176219456808,0.9988107373428474
0.5340661337209303,0.9988107373428474
0.5341146543108931,0.9988107373428474
0.534163183717972,0.9988107373428474
0.5342117219445707,0.9988107373428474
0.5342602689930934,0.9988107373428474
0.5343088248659457,0.9988107373428474
0.5343573895655336,0.9988107373428474
0.5344059630942641,0.9988107373428474
0.5344545454545454,0.9988107373428474
0.5345031366487862,0.9988107373428474
0.5345517366793963,0.9988107373428474
0.534600345548786,0.9988107373428474
0.5346489632593671,0.9988107373428474
0.5346975898135516,0.9988107373428474
0.5347462252137529,0.9988107373428474
0.5347948694623852,0.9988107373428474
0.5348435225618632,0.9988107373428474
0.5348921845146029,0.9988107373428474
0.5349408553230209,0.9988107373428474
0.5349895349895349,0.9988107373428474
0.5350382235165635,0.9988107373428474
0.5350869209065259,0.9988107373428474
0.5351356271618424,0.9988107373428474
0.5351843422849341,0.9988107373428474
0.5352330662782229,0.9988107373428474
0.5352817991441319,0.9988107373428474
0.5353305408850847,0.9988107373428474
0.535379291503506,0.9988107373428474
0.5354280510018214,0.9988107373428474
0.5354768193824574,0.9988107373428474
0.5355255966478412,0.9988107373428474
0.5355743828004008,0.9988107373428474
0.5356231778425656,0.9988107373428474
0.5356719817767653,0.9988107373428474
0.535720794605431,0.9988107373428474
0.5357696163309943,0.9988107373428474
0.5358184469558878,0.9988107373428474
0.5358672864825449,0.9988107373428474
0.5359161349134002,0.9988107373428474
0.5359649922508889,0.9988107373428474
0.5360138584974471,0.9988107373428474
0.5360627336555119,0.9988107373428474
0.5361116177275215,0.9988107373428474
0.5361605107159143,0.9988107373428474
0.5362094126231303,0.9988107373428474
0.53625832345161,0.9988107373428474
0.536307243203795,0.9988107373428474
0.5363561718821276,0.9988107373428474
0.5364051094890511,0.9988107373428474
0.5364540560270098,0.9988107373428474
0.5365030114984486,0.9988107373428474
0.5365519759058136,0.9988107373428474
0.5366009492515517,0.9988107373428474
0.5366499315381105,0.9988107373428474
0.5366989227679386,0.9988107373428474
0.5367479229434858,0.9988107373428474
0.5367969320672024,0.9988107373428474
0.5368459501415396,0.9988107373428474
0.5368949771689497,0.9988107373428474
0.536944013151886,0.9988107373428474
0.5369930580928023,0.9988107373428474
0.5370421119941536,0.9988107373428474
0.5370911748583957,0.9988107373428474
0.5371402466879854,0.9988107373428474
0.5371893274853801,0.9988107373428474
0.5372384172530384,0.9988107373428474
0.5372875159934198,0.9988107373428474
0.5373366237089846,0.9988107373428474
0.5373857404021938,0.9988107373428474
0.5374348660755096,0.9988107373428474
0.5374840007313951,0.9988107373428474
0.5375331443723141,0.9988107373428474
0.5375822970007316,0.9988107373428474
0.537631458619113,0.9988107373428474
0.537680629229925,0.9988107373428474
0.5377298088356353,0.9988107373428474
0.537778997438712,0.9988107373428474
0.5378281950416247,0.9988107373428474
0.5378774016468435,0.9988107373428474
0.5379266172568397,0.9988107373428474
0.5379758418740849,0.9988107373428474
0.5380250755010524,0.9988107373428474
0.538074318140216,0.9988107373428474
0.5381235697940503,0.9988107373428474
0.5381728304650312,0.9988107373428474
0.5382221001556349,0.9988107373428474
0.5382713788683391,0.9988107373428474
0.5383206666056222,0.9988107373428474
0.5383699633699633,0.9988107373428474
0.5384192691638429,0.9988107373428474
0.5384685839897417,0.9988107373428474
0.538517907850142,0.9988107373428474
0.5385672407475266,0.9988107373428474
0.5386165826843793,0.9988107373428474
0.5386659336631849,0.9988107373428474
0.538715293686429,0.9988107373428474
0.5387646627565983,0.9988107373428474
0.53881404087618,0.9988107373428474
0.5389128242735356,0.9988107373428474
0.5389622295562889,0.9988107373428474
0.5390116438984138,0.9988107373428474
0.5390610673024023,0.9988107373428474
0.5391104997707473,0.9988107373428474
0.5391599413059428,0.9988107373428474
0.5392093919104833,0.9988107373428474
0.5392588515868648,0.9988107373428474
0.5393083203375837,0.9988107373428474
0.5393577981651376,0.9988107373428474
0.539407285072025,0.9988107373428474
0.5394567810607451,0.9988107373428474
0.5395062861337983,0.9988107373428474
0.5395558002936858,0.9988107373428474
0.5396053235429096,0.9988107373428474
0.5396548558839729,0.9988107373428474
0.5397043973193795,0.9988107373428474
0.5397539478516342,0.9988107373428474
0.539803507483243,0.9988107373428474
0.5398530762167126,0.9988107373428474
0.5399026540545505,0.9988107373428474
0.5399522409992652,0.9988107373428474
0.5400018370533664,0.9988107373428474
0.5400514422193643,0.9988107373428474
0.5401010564997704,0.9988107373428474
0.5401506798970966,0.9988107373428474
0.5402003124138565,0.9988107373428474
0.5402499540525638,0.9988107373428474
0.5402996048157338,0.9988107373428474
0.5403492647058824,0.9988107373428474
0.5403989337255263,0.9988107373428474
0.5404486118771833,0.9988107373428474
0.5404982991633722,0.9988107373428474
0.5405479955866127,0.9988107373428474
0.5405977011494253,0.9988107373428474
0.5406474158543314,0.9988107373428474
0.5406971397038536,0.9988107373428474
0.5407468727005151,0.9988107373428474
0.5407966148468402,0.9988107373428474
0.5408463661453542,0.9988107373428474
0.5408961265985831,0.9988107373428474
0.5409458962090541,0.9988107373428474
0.5409956749792951,0.9988107373428474
0.5410454629118351,0.9988107373428474
0.5410952600092038,0.9988107373428474
0.5411450662739322,0.9988107373428474
0.541194881708552,0.9988107373428474
0.5412447063155956,0.9988107373428474
0.5412945400975969,0.9988107373428474
0.5413443830570902,0.9988107373428474
0.5413942351966111,0.9988107373428474
0.5414440965186958,0.9988107373428474
0.5414939670258819,0.9988107373428474
0.5415438467207074,0.9988107373428474
0.5415937356057117,0.9988107373428474
0.5416436336834347,0.9988107373428474
0.5416935409564175,0.9988107373428474
0.5417434574272023,0.9988107373428474
0.5417933830983319,0.9988107373428474
0.5418433179723502,0.9988107373428474
0.541893262051802,0.9988107373428474
0.5419432153392331,0.9988107373428474
0.54199317783719,0.9988107373428474
0.5420431495482205,0.9988107373428474
0.5420931304748732,0.9988107373428474
0.5421431206196975,0.9988107373428474
0.5421931199852439,0.9988107373428474
0.5422431285740639,0.9988107373428474
0.5422931463887095,0.9988107373428474
0.5423431734317343,0.9988107373428474
0.5423932097056924,0.9988107373428474
0.542443255213139,0.9988107373428474
0.54249330995663,0.9988107373428474
0.5425433739387228,0.9988107373428474
0.5425934471619751,0.9988107373428474
0.5426435296289459,0.9988107373428474
0.5426936213421951,0.9988107373428474
0.5427437223042836,0.9988107373428474
0.542793832517773,0.9988107373428474
0.5428439519852262,0.9988107373428474
0.5428940807092067,0.9988107373428474
0.5429943659370093,0.9988107373428474
0.5430445224459635,0.9988107373428474
0.543094688221709,0.9988107373428474
0.5431448632668144,0.9988107373428474
0.5431950475838492,0.9988107373428474
0.5432452411753835,0.9988107373428474
0.5432954440439886,0.9988107373428474
0.5433456561922366,0.9988107373428474
0.5433958776227008,0.9988107373428474
0.5434461083379553,0.9988107373428474
0.543496348340575,0.9988107373428474
0.5435465976331361,0.9988107373428474
0.5435968562182154,0.9988107373428474
0.543647124098391,0.9988107373428474
0.5436974012762416,0.9988107373428474
0.543747687754347,0.9988107373428474
0.5437979835352882,0.9988107373428474
0.5439489267209474,0.9988107373428474
0.543999259739058,0.9988107373428474
0.5440496020729224,0.9988107373428474
0.5440999537251272,0.9988107373428474
0.5441503146982599,0.9988107373428474
0.5442006849949088,0.9988107373428474
0.5442510646176634,0.9988107373428474
0.544301453569114,0.9988107373428474
0.5443518518518519,0.9988107373428474
0.5444022594684693,0.9988107373428474
0.5444526764215596,0.9988107373428474
0.5445031027137168,0.9988107373428474
0.5445535383475362,0.9988107373428474
0.5446039833256137,0.9988107373428474
0.5446544376505466,0.9988107373428474
0.5447049013249329,0.9988107373428474
0.5447553743513713,0.9988107373428474
0.5448058567324623,0.9988107373428474
0.5448563484708063,0.9988107373428474
0.5449068495690055,0.9988107373428474
0.5449573600296626,0.9988107373428474
0.5450078798553815,0.9988107373428474
0.5450584090487669,0.9988107373428474
0.5451089476124247,0.9988107373428474
0.5451594955489614,0.9988107373428474
0.5452100528609849,0.9988107373428474
0.5452606195511037,0.9988107373428474
0.5453111956219274,0.9988107373428474
0.5453617810760668,0.9988107373428474
0.5454123759161332,0.9988107373428474
0.5454629801447393,0.9988107373428474
0.5455135937644985,0.9988107373428474
0.5455642167780252,0.9988107373428474
0.545614849187935,0.9988107373428474
0.5456654909968442,0.9988107373428474
0.5457161422073703,0.9988107373428474
0.5457668028221314,0.9988107373428474
0.5458174728437472,0.9988107373428474
0.5458681522748375,0.9988107373428474
0.5459188411180239,0.9988107373428474
0.5459695393759286,0.9988107373428474
0.5460202470511749,0.9988107373428474
0.5460709641463868,0.9988107373428474
0.5461216906641895,0.9988107373428474
0.5461724266072092,0.9988107373428474
0.546223171978073,0.9988107373428474
0.546273926779409,0.9988107373428474
0.5463246910138463,0.9988107373428474
0.5463754646840149,0.9988107373428474
0.5464262477925458,0.9988107373428474
0.546477040342071,0.9988107373428474
0.5465278423352236,0.9988107373428474
0.5465786537746374,0.9988107373428474
0.5466294746629474,0.9988107373428474
0.5466803050027896,0.9988107373428474
0.5467311447968008,0.9988107373428474
0.5467819940476191,0.9988107373428474
0.546832852757883,0.9988107373428474
0.5468837209302325,0.9988107373428474
0.5469345985673086,0.9988107373428474
0.5469854856717529,0.9988107373428474
0.5470363822462082,0.9988107373428474
0.5470872882933184,0.9988107373428474
0.5471382038157282,0.9988107373428474
0.5471891288160834,0.9988107373428474
0.5472400632970307,0.9988107373428474
0.5472910072612176,0.9988107373428474
0.5473419607112932,0.9988107373428474
0.5473929236499069,0.9988107373428474
0.5474438960797094,0.9988107373428474
0.5474948780033526,0.9988107373428474
0.5475458694234888,0.9988107373428474
0.5475968703427719,0.9988107373428474
0.5476478807638565,0.9988107373428474
0.5476989006893982,0.9988107373428474
0.5477499301220535,0.9988107373428474
0.5478009690644801,0.9988107373428474
0.5478520175193365,0.9988107373428474
0.5479030754892824,0.9988107373428474
0.5479541429769783,0.9988107373428474
0.5480052199850858,0.9988107373428474
0.5480563065162674,0.9988107373428474
0.5481074025731867,0.9988107373428474
0.5481585081585082,0.9988107373428474
0.5482096232748974,0.9988107373428474
0.548260747925021,0.9988107373428474
0.5483118821115464,0.9988107373428474
0.548363025837142,0.9988107373428474
0.5484141791044777,0.9988107373428474
0.5484653419162235,0.9988107373428474
0.5485165142750513,0.9988107373428474
0.5485676961836334,0.9988107373428474
0.5486188876446435,0.9988107373428474
0.548670088660756,0.9988107373428474
0.5487212992346463,0.9988107373428474
0.548772519368991,0.9988107373428474
0.5488237490664675,0.9988107373428474
0.5488749883297545,0.9988107373428474
0.5489262371615313,0.9988107373428474
0.5489774955644785,0.9988107373428474
0.5490287635412775,0.9988107373428474
0.549080041094611,0.9988107373428474
0.5491313282271624,0.9988107373428474
0.5491826249416161,0.9988107373428474
0.5492339312406577,0.9988107373428474
0.5492852471269738,0.9988107373428474
0.5493365726032517,0.9988107373428474
0.5493879076721802,0.9988107373428474
0.5494392523364486,0.9988107373428474
0.5494906065987476,0.9988107373428474
0.5495419704617686,0.9988107373428474
0.5495933439282041,0.9988107373428474
0.549644727000748,0.9988107373428474
0.5496961196820944,0.9988107373428474
0.5497475219749393,0.9988107373428474
0.5497989338819789,0.9988107373428474
0.549850355405911,0.9988107373428474
0.5499017865494341,0.9988107373428474
0.5499532273152479,0.9988107373428474
0.550004677706053,0.9988107373428474
0.5500561377245509,0.9988107373428474
0.5501076073734443,0.9988107373428474
0.550159086655437,0.9988107373428474
0.5502105755732335,0.9988107373428474
0.5502620741295395,0.9988107373428474
0.5503135823270617,0.9988107373428474
0.5503651001685078,0.9988107373428474
0.5504166276565865,0.9988107373428474
0.5504681647940075,0.9988107373428474
0.5505197115834816,0.9988107373428474
0.5505712680277205,0.9988107373428474
0.5506228341294371,0.9988107373428474
0.5506744098913451,0.9988107373428474
0.5507259953161593,0.9988107373428474
0.5507775904065955,0.9988107373428474
0.5508291951653705,0.9988107373428474
0.5508808095952024,0.9988107373428474
0.5509324336988098,0.9988107373428474
0.5509840674789128,0.9988107373428474
0.5510357109382322,0.9988107373428474
0.5510873640794901,0.9988107373428474
0.5511390269054092,0.9988107373428474
0.5511906994187137,0.9988107373428474
0.5512423816221285,0.9988107373428474
0.5512940735183796,0.9988107373428474
0.5513457751101941,0.9988107373428474
0.5513974864003002,0.9988107373428474
0.5514492073914267,0.9988107373428474
0.551500938086304,0.9988107373428474
0.551552678487663,0.9988107373428474
0.5516044285982361,0.9988107373428474
0.5516561884207563,0.9988107373428474
0.5517079579579579,0.9988107373428474
0.5517597372125762,0.9988107373428474
0.5518115261873475,0.9988107373428474
0.5518633248850089,0.9988107373428474
0.5519151333082989,0.9988107373428474
0.5519669514599568,0.9988107373428474
0.552018779342723,0.9988107373428474
0.5520706169593389,0.9988107373428474
0.552122464312547,0.9988107373428474
0.5521743214050906,0.9988107373428474
0.5522261882397145,0.9988107373428474
0.552278064819164,0.9988107373428474
0.5523299511461857,0.9988107373428474
0.5523818472235272,0.9988107373428474
0.5524337530539373,0.9988107373428474
0.5524856686401654,0.9988107373428474
0.5525375939849624,0.9988107373428474
0.55258952909108,0.9988107373428474
0.552641473961271,0.9988107373428474
0.552693428598289,0.9988107373428474
0.552745393004889,0.9988107373428474
0.552797367183827,0.9988107373428474
0.5528493511378597,0.9988107373428474
0.5529013448697452,0.9988107373428474
0.5529533483822423,0.9988107373428474
0.5530053616781112,0.9988107373428474
0.5530573847601129,0.9988107373428474
0.5531094176310095,0.9988107373428474
0.5531614602935642,0.9988107373428474
0.5532135127505411,0.9988107373428474
0.5532655750047054,0.9988107373428474
0.5533176470588236,0.9988107373428474
0.5533697289156626,0.9988107373428474
0.5534218205779912,0.9988107373428474
0.5534739220485784,0.9988107373428474
0.5535260333301949,0.9988107373428474
0.5535781544256121,0.9988107373428474
0.5536824260689396,0.9988107373428474
0.553734576622398,0.9988107373428474
0.5537867370007535,0.9988107373428474
0.5538389072067829,0.9988107373428474
0.5538910872432636,0.9988107373428474
0.5539432771129746,0.9988107373428474
0.5539954768186958,0.9988107373428474
0.554047686363208,0.9988107373428474
0.5540999057492931,0.9988107373428474
0.5541521349797341,0.9988107373428474
0.5542043740573153,0.9988107373428474
0.5542566229848214,0.9988107373428474
0.5543088817650387,0.9988107373428474
0.554465717249835,0.9988107373428474
0.5545180154687794,0.9988107373428474
0.5545703235543816,0.9988107373428474
0.554622641509434,0.9988107373428474
0.5546749693367299,0.9988107373428474
0.5547273070390639,0.9988107373428474
0.5547796546192318,0.9988107373428474
0.5548320120800302,0.9988107373428474
0.5548843794242567,0.9988107373428474
0.5549367566547102,0.9988107373428474
0.5549891437741905,0.9988107373428474
0.5550415407854985,0.9988107373428474
0.5550939476914362,0.9988107373428474
0.5551463644948064,0.9988107373428474
0.5551987911984134,0.9988107373428474
0.5552512278050623,0.9988107373428474
0.5553036743175592,0.9988107373428474
0.5553561307387115,0.9988107373428474
0.5554085970713274,0.9988107373428474
0.5554610733182161,0.9988107373428474
0.5555135594821884,0.9988107373428474
0.5555660555660555,0.9988107373428474
0.5556185615726302,0.9988107373428474
0.5556710775047259,0.9988107373428474
0.5557236033651574,0.9988107373428474
0.5557761391567404,0.9988107373428474
0.5558286848822918,0.9988107373428474
0.5558812405446294,0.9988107373428474
0.5559338061465721,0.9988107373428474
0.5559863816909401,0.9988107373428474
0.5560389671805542,0.9988107373428474
0.5560915626182369,0.9988107373428474
0.556049569577145,0.9986408426775399
0.5561021759697257,0.9986408426775399
0.5561547923171539,0.9986408426775399
0.5562074186222559,0.9986408426775399
0.5562600548878585,0.9986408426775399
0.5563127011167897,0.9986408426775399
0.5563653573118789,0.9986408426775399
0.556418023475956,0.9986408426775399
0.5564706996118527,0.9986408426775399
0.556523385722401,0.9986408426775399
0.5565760818104346,0.9986408426775399
0.5566287878787879,0.9986408426775399
0.5566815039302965,0.9986408426775399
0.556734229967797,0.9986408426775399
0.5567869659941271,0.9986408426775399
0.5568397120121258,0.9986408426775399
0.5568924680246329,0.9986408426775399
0.5569452340344893,0.9986408426775399
0.5569980100445371,0.9986408426775399
0.5570507960576194,0.9986408426775399
0.5571035920765804,0.9986408426775399
0.5571563981042654,0.9986408426775399
0.5572092141435208,0.9986408426775399
0.5572620401971938,0.9986408426775399
0.5573148762681331,0.9986408426775399
0.5573677223591883,0.9986408426775399
0.55742057847321,0.9986408426775399
0.55747344461305,0.9986408426775399
0.5575263207815613,0.9986408426775399
0.5575792069815975,0.9986408426775399
0.5576321032160136,0.9986408426775399
0.5576850094876661,0.9986408426775399
0.5577379257994117,0.9986408426775399
0.557790852154109,0.9986408426775399
0.557843788554617,0.9986408426775399
0.5578967350037966,0.9986408426775399
0.5579496915045088,0.9986408426775399
0.5580026580596165,0.9986408426775399
0.5580556346719833,0.9986408426775399
0.558108621344474,0.9986408426775399
0.5581616180799545,0.9986408426775399
0.5582146248812916,0.9986408426775399
0.5582676417513533,0.9986408426775399
0.5583206686930091,0.9986408426775399
0.5583737057091289,0.9986408426775399
0.558426752802584,0.9986408426775399
0.5585328772329913,0.9986408426775399
0.5585859545756914,0.9986408426775399
0.5586390420072229,0.9986408426775399
0.5586921395304629,0.9986408426775399
0.558745247148289,0.9986408426775399
0.5587983648635801,0.9986408426775399
0.5588514926792166,0.9986408426775399
0.5589046305980793,0.9986408426775399
0.5589577786230506,0.9986408426775399
0.5590109367570137,0.9986408426775399
0.5590641050028533,0.9986408426775399
0.5591172833634548,0.9986408426775399
0.5591704718417048,0.9986408426775399
0.5592236704404909,0.9986408426775399
0.5592768791627022,0.9986408426775399
0.5593300980112285,0.9986408426775399
0.5593833269889608,0.9986408426775399
0.5594365660987913,0.9986408426775399
0.5594898153436132,0.9986408426775399
0.5595430747263208,0.9986408426775399
0.5595963442498096,0.9986408426775399
0.5596496239169761,0.9986408426775399
0.5597562136939339,0.9986408426775399
0.5598095238095238,0.9986408426775399
0.5598628440803886,0.9986408426775399
0.5599161745094303,0.9986408426775399
0.5599695150995523,0.9986408426775399
0.5600228658536586,0.9986408426775399
0.5600762267746546,0.9986408426775399
0.5601295978654469,0.9986408426775399
0.5601829791289431,0.9986408426775399
0.5602363705680519,0.9986408426775399
0.560289772185683,0.9986408426775399
0.5603431839847474,0.9986408426775399
0.5603966059681571,0.9986408426775399
0.5604500381388253,0.9986408426775399
0.5605034804996663,0.9986408426775399
0.5605569330535952,0.9986408426775399
0.5606103958035289,0.9986408426775399
0.5606638687523846,0.9986408426775399
0.5607173519030811,0.9986408426775399
0.5607708452585385,0.9986408426775399
0.5608243488216773,0.9986408426775399
0.5608778625954198,0.9986408426775399
0.5609313865826892,0.9986408426775399
0.5610384652095065,0.9986408426775399
0.5610920198549064,0.9986408426775399
0.561145584725537,0.9986408426775399
0.5611991598243269,0.9986408426775399
0.5612527451542061,0.9986408426775399
0.5613063407181055,0.9986408426775399
0.5613599465189572,0.9986408426775399
0.5614135625596943,0.9986408426775399
0.5614671888432515,0.9986408426775399
0.561520825372564,0.9986408426775399
0.5615744721505684,0.9986408426775399
0.5616281291802026,0.9986408426775399
0.5616817964644052,0.9986408426775399
0.5617354740061162,0.9986408426775399
0.5617891618082768,0.9986408426775399
0.5618428598738291,0.9986408426775399
0.5618965682057164,0.9986408426775399
0.5619502868068834,0.9986408426775399
0.5620040156802754,0.9986408426775399
0.5620577548288391,0.9986408426775399
0.5621115042555226,0.9986408426775399
0.5621652639632747,0.9986408426775399
0.5622190339550455,0.9986408426775399
0.5622728142337861,0.9986408426775399
0.562326604802449,0.9986408426775399
0.5623804056639877,0.9986408426775399
0.5624342168213569,0.9986408426775399
0.5624880382775119,0.9986408426775399
0.5625418700354101,0.9986408426775399
0.5625957120980092,0.9986408426775399
0.5626495644682684,0.9986408426775399
0.562703427149148,0.9986408426775399
0.5627573001436094,0.9986408426775399
0.5628111834546151,0.9986408426775399
0.5628650770851288,0.9986408426775399
0.562823213943689,0.9984709480122325
0.5628771190498995,0.9984709480122325
0.5629310344827586,0.9984709480122325
0.5629849602452343,0.9984709480122325
0.563038896340295,0.9984709480122325
0.5630928427709112,0.9984709480122325
0.5631467995400536,0.9984709480122325
0.5632007666506947,0.9984709480122325
0.5632547441058079,0.9984709480122325
0.5633087319083677,0.9984709480122325
0.5633627300613497,0.9984709480122325
0.5634167385677308,0.9984709480122325
0.563470757430489,0.9984709480122325
0.5635247866526033,0.9984709480122325
0.5635788262370541,0.9984709480122325
0.5636328761868227,0.9984709480122325
0.5636869365048917,0.9984709480122325
0.5637410071942446,0.9984709480122325
0.5637950882578665,0.9984709480122325
0.5638491796987432,0.9984709480122325
0.5639032815198618,0.9984709480122325
0.5639573937242107,0.9984709480122325
0.5640115163147793,0.9984709480122325
0.564065649294558,0.9984709480122325
0.5641197926665387,0.9984709480122325
0.5641739464337141,0.9984709480122325
0.5642281105990783,0.9984709480122325
0.5643364701363549,0.9984709480122325
0.564390665514261,0.9984709480122325
0.5644448713023434,0.9984709480122325
0.564499087503602,0.9984709480122325
0.5645533141210375,0.9984709480122325
0.564607551157652,0.9984709480122325
0.5646617986164489,0.9984709480122325
0.5647160565004324,0.9984709480122325
0.5647703248126081,0.9984709480122325
0.5648246035559827,0.9984709480122325
0.5648788927335641,0.9984709480122325
0.564933192348361,0.9984709480122325
0.5649875024033839,0.9984709480122325
0.5649456783001634,0.9983010533469249
0.565,0.9983010533469249
0.5650543321473218,0.9983010533469249
0.5651086747451433,0.9983010533469249
0.5651630277964798,0.9983010533469249
0.5652173913043478,0.9983010533469249
0.5652717652717653,0.9983010533469249
0.565326149701751,0.9983010533469249
0.5653805445973251,0.9983010533469249
0.5654349499615089,0.9983010533469249
0.5654893657973246,0.9983010533469249
0.5655437921077959,0.9983010533469249
0.5655982288959477,0.9983010533469249
0.5656526761648055,0.9983010533469249
0.5657071339173968,0.9983010533469249
0.5657616021567494,0.9983010533469249
0.5658160808858931,0.9983010533469249
0.5658705701078582,0.9983010533469249
0.5659250698256766,0.9983010533469249
0.565979580042381,0.9983010533469249
0.5660341007610057,0.9983010533469249
0.5660886319845857,0.9983010533469249
0.5661431737161576,0.9983010533469249
0.566197725958759,0.9983010533469249
0.5662522887154283,0.9983010533469249
0.5663068619892059,0.9983010533469249
0.5663614457831325,0.9983010533469249
0.5664160401002506,0.9983010533469249
0.5664706449436036,0.9983010533469249
0.5665252603162361,0.9983010533469249
0.5665798862211937,0.9983010533469249
0.5666345226615236,0.9983010533469249
0.5666891696402739,0.9983010533469249
0.566798495225234,0.9983010533469249
0.5668531738375459,0.9983010533469249
0.5669078630004823,0.9983010533469249
0.5669625627170977,0.9983010533469249
0.5670172729904468,0.9983010533469249
0.5670719938235862,0.9983010533469249
0.5671267252195734,0.9983010533469249
0.5671814671814672,0.9983010533469249
0.5672362197123274,0.9983010533469249
0.5672909828152153,0.9983010533469249
0.567345756493193,0.9983010533469249
0.5674005407493241,0.9983010533469249
0.5674553355866732,0.9983010533469249
0.567510141008306,0.9983010533469249
0.5675649570172897,0.9983010533469249
0.5676197836166924,0.9983010533469249
0.5676746208095836,0.9983010533469249
0.5677294685990338,0.9983010533469249
0.5677843269881148,0.9983010533469249
0.5678391959798995,0.9983010533469249
0.5678940755774621,0.9983010533469249
0.5679489657838779,0.9983010533469249
0.5680038666022234,0.9983010533469249
0.5680587780355761,0.9983010533469249
0.5681137000870153,0.9983010533469249
0.5681686327596209,0.9983010533469249
0.5682235760564742,0.9983010533469249
0.5682785299806576,0.9983010533469249
0.5683334945352548,0.9983010533469249
0.5683884697233508,0.9983010533469249
0.5684434555480313,0.9983010533469249
0.5684984520123839,0.9983010533469249
0.5685534591194968,0.9983010533469249
0.5686084768724599,0.9983010533469249
0.5686635052743637,0.9983010533469249
0.5687185443283004,0.9983010533469249
0.5687735940373633,0.9983010533469249
0.5688286544046467,0.9983010533469249
0.5688837254332462,0.9983010533469249
0.5689388071262587,0.9983010533469249
0.5689938994867823,0.9983010533469249
0.5690490025179159,0.9983010533469249
0.5691041162227602,0.9983010533469249
0.5691592406044169,0.9983010533469249
0.5692143756659885,0.9983010533469249
0.5692695214105793,0.9983010533469249
0.5693246778412945,0.9983010533469249
0.5693798449612403,0.9983010533469249
0.5694350227735245,0.9983010533469249
0.5694902112812561,0.9983010533469249
0.5695454104875448,0.9983010533469249
0.5696006203955021,0.9983010533469249
0.5696558410082404,0.9983010533469249
0.5697110723288734,0.9983010533469249
0.5697663143605158,0.9983010533469249
0.569821567106284,0.9983010533469249
0.569876830569295,0.9983010533469249
0.5699321047526673,0.9983010533469249
0.5699873896595208,0.9983010533469249
0.5700426852929763,0.9983010533469249
0.570097991656156,0.9983010533469249
0.5701533087521832,0.9983010533469249
0.5702086365841824,0.9983010533469249
0.5702639751552795,0.9983010533469249
0.5703193244686013,0.9983010533469249
0.5703746845272762,0.9983010533469249
0.5704300553344336,0.9983010533469249
0.5704854368932039,0.9983010533469249
0.5705408292067191,0.9983010533469249
0.5705962322781123,0.9983010533469249
0.5706516461105177,0.9983010533469249
0.5707070707070707,0.9983010533469249
0.5707625060709082,0.9983010533469249
0.5708179522051681,0.9983010533469249
0.5708734091129894,0.9983010533469249
0.5709288767975126,0.9983010533469249
0.5709843552618793,0.9983010533469249
0.5710398445092323,0.9983010533469249
0.5710953445427155,0.9983010533469249
0.5711508553654744,0.9983010533469249
0.5712063769806552,0.9983010533469249
0.5712619093914058,0.9983010533469249
0.5713174526008751,0.9983010533469249
0.5713730066122131,0.9983010533469249
0.5714285714285714,0.9983010533469249
0.5714841470531025,0.9983010533469249
0.5715397334889603,0.9983010533469249
0.5715953307392996,0.9983010533469249
0.571650938807277,0.9983010533469249
0.5717065576960498,0.9983010533469249
0.5717621874087769,0.9983010533469249
0.5718178279486181,0.9983010533469249
0.5719291415222892,0.9983010533469249
0.5719848145624452,0.9983010533469249
0.5720404984423676,0.9983010533469249
0.5720961931652224,0.9983010533469249
0.5721518987341773,0.9983010533469249
0.5722076151524005,0.9983010533469249
0.572263342423062,0.9983010533469249
0.5723190805493328,0.9983010533469249
0.5723748295343853,0.9983010533469249
0.5724305893813931,0.9983010533469249
0.5724863600935308,0.9983010533469249
0.5725421416739744,0.9983010533469249
0.5725979341259014,0.9983010533469249
0.57265373745249,0.9983010533469249
0.5727095516569201,0.9983010533469249
0.5727653767423726,0.9983010533469249
0.5728212127120297,0.9983010533469249
0.5728770595690748,0.9983010533469249
0.5729329173166927,0.9983010533469249
0.5729887859580692,0.9983010533469249
0.5730446654963917,0.9983010533469249
0.5731005559348483,0.9983010533469249
0.573156457276629,0.9983010533469249
0.5732123695249244,0.9983010533469249
0.5732682926829268,0.9983010533469249
0.5733242267538297,0.9983010533469249
0.5733801717408274,0.9983010533469249
0.5734361276471163,0.9983010533469249
0.573492094475893,0.9983010533469249
0.5735480722303563,0.9983010533469249
0.5736040609137056,0.9983010533469249
0.5736600605291419,0.9983010533469249
0.5737160710798672,0.9983010533469249
0.573772092569085,0.9983010533469249
0.573828125,0.9983010533469249
0.5738841683758179,0.9983010533469249
0.5739402226997461,0.9983010533469249
0.5739962879749927,0.9983010533469249
0.5740523642047675,0.9983010533469249
0.5741084513922814,0.9983010533469249
0.5741645495407466,0.9983010533469249
0.5742206586533763,0.9983010533469249
0.5742767787333855,0.9983010533469249
0.5743329097839899,0.9983010533469249
0.5743890518084066,0.9983010533469249
0.5744452048098543,0.9983010533469249
0.5745013687915526,0.9983010533469249
0.5745575437567224,0.9983010533469249
0.5746137297085859,0.9983010533469249
0.5746699266503668,0.9983010533469249
0.5747261345852895,0.9983010533469249
0.5747823535165802,0.9983010533469249
0.5748385834474663,0.9983010533469249
0.574894824381176,0.9983010533469249
0.5750073392699873,0.9983010533469249
0.5750636132315522,0.9983010533469249
0.5751198982088676,0.9983010533469249
0.5751761942051684,0.9983010533469249
0.5752325012236906,0.9983010533469249
0.5752888192676718,0.9983010533469249
0.5753451483403506,0.9983010533469249
0.5754014884449667,0.9983010533469249
0.5754578395847615,0.9983010533469249
0.5755142017629775,0.9983010533469249
0.5755705749828582,0.9983010533469249
0.575626959247649,0.9983010533469249
0.5756833545605957,0.9983010533469249
0.5757397609249462,0.9983010533469249
0.575796178343949,0.9983010533469249
0.5758526068208546,0.9983010533469249
0.575909046358914,0.9983010533469249
0.5759654969613801,0.9983010533469249
0.5760219586315067,0.9983010533469249
0.576078431372549,0.9983010533469249
0.5761349151877635,0.9983010533469249
0.576191410080408,0.9983010533469249
0.5762479160537413,0.9983010533469249
0.576304433111024,0.9983010533469249
0.5763609612555174,0.9983010533469249
0.5764175004904846,0.9983010533469249
0.5764740508191897,0.9983010533469249
0.576530612244898,0.9983010533469249
0.5765871847708762,0.9983010533469249
0.5766437684003926,0.9983010533469249
0.576700363136716,0.9983010533469249
0.5767569689831173,0.9983010533469249
0.5768135859428684,0.9983010533469249
0.5768702140192421,0.9983010533469249
0.576926853215513,0.9983010533469249
0.5769835035349568,0.9983010533469249
0.5770401649808504,0.9983010533469249
0.5770968375564722,0.9983010533469249
0.5771535212651017,0.9983010533469249
0.5772102161100197,0.9983010533469249
0.5772669220945083,0.9983010533469249
0.577323639221851,0.9983010533469249
0.5773803674953326,0.9983010533469249
0.577437106918239,0.9983010533469249
0.5774938574938575,0.9983010533469249
0.5775506192254767,0.9983010533469249
0.5776073921163866,0.9983010533469249
0.5776641761698781,0.9983010533469249
0.5777209713892439,0.9983010533469249
0.5777777777777777,0.9983010533469249
0.5778345953387747,0.9983010533469249
0.5778914240755311,0.9983010533469249
0.5779482639913446,0.9983010533469249
0.578005115089514,0.9983010533469249
0.5780619773733399,0.9983010533469249
0.5781188508461236,0.9983010533469249
0.578175735511168,0.9983010533469249
0.5782326313717772,0.9983010533469249
0.5782895384312567,0.9983010533469249
0.5783464566929134,0.9983010533469249
0.5784033861600552,0.9983010533469249
0.5784603268359914,0.9983010533469249
0.5785172787240327,0.9983010533469249
0.5785742418274912,0.9983010533469249
0.5786312161496799,0.9983010533469249
0.5786882016939138,0.9983010533469249
0.5787451984635084,0.9983010533469249
0.5788022064617809,0.9983010533469249
0.5788592256920501,0.9983010533469249
0.5789162561576354,0.9983010533469249
0.5789732978618584,0.9983010533469249
0.579030350808041,0.9983010533469249
0.5790874149995072,0.9983010533469249
0.579144490439582,0.9983010533469249
0.5792015771315919,0.9983010533469249
0.5792586750788643,0.9983010533469249
0.5793157842847284,0.9983010533469249
0.5793729047525144,0.9983010533469249
0.5794300364855537,0.9983010533469249
0.5794871794871795,0.9983010533469249
0.579445704704606,0.9981311586816174
0.5795028605247583,0.9981311586816174
0.5795600276215843,0.9981311586816174
0.5796172059984215,0.9981311586816174
0.5796743956586088,0.9981311586816174
0.5797315966054865,0.9981311586816174
0.5797888088423961,0.9981311586816174
0.5798460323726806,0.9981311586816174
0.5799032671996841,0.9981311586816174
0.5799605133267522,0.9981311586816174
0.5800750394944708,0.9981311586816174
0.5801323195418189,0.9981311586816174
0.5801896109026269,0.9981311586816174
0.5802469135802469,0.9981311586816174
0.5803042275780324,0.9981311586816174
0.5803615528993381,0.9981311586816174
0.5804188895475203,0.9981311586816174
0.5804762375259361,0.9981311586816174
0.5805335968379447,0.9981311586816174
0.5805909674869059,0.9981311586816174
0.580648349476181,0.9981311586816174
0.5807057428091331,0.9981311586816174
0.5807631474891262,0.9981311586816174
0.5808205635195255,0.9981311586816174
0.5808779909036978,0.9981311586816174
0.5809354296450113,0.9981311586816174
0.5809928797468354,0.9981311586816174
0.5810503412125408,0.9981311586816174
0.5811078140454995,0.9981311586816174
0.581165298249085,0.9981311586816174
0.581222793826672,0.9981311586816174
0.5812803007816365,0.9981311586816174
0.581337819117356,0.9981311586816174
0.5813953488372093,0.9981311586816174
0.5814528899445764,0.9981311586816174
0.5815104424428388,0.9981311586816174
0.5815680063353791,0.9981311586816174
0.5816255816255816,0.9981311586816174
0.5816831683168316,0.9981311586816174
0.581740766412516,0.9981311586816174
0.581798375916023,0.9981311586816174
0.5818559968307419,0.9981311586816174
0.5819136291600634,0.9981311586816174
0.5819712729073799,0.9981311586816174
0.5820289280760848,0.9981311586816174
0.582086594669573,0.9981311586816174
0.5821442726912406,0.9981311586816174
0.5822019621444852,0.9981311586816174
0.5822596630327056,0.9981311586816174
0.5823173753593022,0.9981311586816174
0.5823750991276765,0.9981311586816174
0.5824328343412313,0.9981311586816174
0.582490581003371,0.9981311586816174
0.5825483391175013,0.9981311586816174
0.582606108687029,0.9981311586816174
0.5826638897153625,0.9981311586816174
0.5827216822059115,0.9981311586816174
0.5827794861620871,0.9981311586816174
0.5828373015873016,0.9981311586816174
0.5828951284849687,0.9981311586816174
0.5829529668585036,0.9981311586816174
0.5830108167113228,0.9981311586816174
0.583068678046844,0.9981311586816174
0.5832423309838182,0.9981311586816174
0.5833002382843526,0.9981311586816174
0.5833581570846986,0.9981311586816174
0.583416087388282,0.9981311586816174
0.5834740291985302,0.9981311586816174
0.5835319825188717,0.9981311586816174
0.5835899473527366,0.9981311586816174
0.5836479237035566,0.9981311586816174
0.583705911574764,0.9981311586816174
0.5837639109697933,0.9981311586816174
0.5838219218920799,0.9981311586816174
0.5838799443450606,0.9981311586816174
0.5839379783321738,0.9981311586816174
0.5839960238568589,0.9981311586816174
0.584054080922557,0.9981311586816174
0.5841121495327103,0.9981311586816174
0.5841702296907626,0.9981311586816174
0.5842283214001591,0.9981311586816174
0.5842864246643461,0.9981311586816174
0.5843445394867715,0.9981311586816174
0.5844026658708843,0.9981311586816174
0.5844608038201353,0.9981311586816174
0.5845189533379763,0.9981311586816174
0.5845771144278606,0.9981311586816174
0.5846352870932431,0.9981311586816174
0.5846934713375797,0.9981311586816174
0.5847516671643277,0.9981311586816174
0.584809874576946,0.9981311586816174
0.584868093578895,0.9981311586816174
0.584926324173636,0.9981311586816174
0.584984566364632,0.9981311586816174
0.5850428201553476,0.9981311586816174
0.5851010855492481,0.9981311586816174
0.5851593625498008,0.9981311586816174
0.5852176511604742,0.9981311586816174
0.585275951384738,0.9981311586816174
0.5853342632260635,0.9981311586816174
0.5853925866879235,0.9981311586816174
0.5854509217737918,0.9981311586816174
0.5855092684871437,0.9981311586816174
0.5855676268314562,0.9981311586816174
0.5856259968102073,0.9981311586816174
0.5856843784268767,0.9981311586816174
0.5857427716849452,0.9981311586816174
0.5858011765878951,0.9981311586816174
0.5858595931392102,0.9981311586816174
0.5859180213423756,0.9981311586816174
0.5859764612008778,0.9981311586816174
0.5860349127182045,0.9981311586816174
0.5860933758978452,0.9981311586816174
0.5861518507432905,0.9981311586816174
0.5862103372580323,0.9981311586816174
0.5862688354455643,0.9981311586816174
0.5863273453093812,0.9981311586816174
0.5863858668529793,0.9981311586816174
0.5864444000798562,0.9981311586816174
0.5865029449935111,0.9981311586816174
0.5865615015974441,0.9981311586816174
0.5866200698951572,0.9981311586816174
0.5866786498901538,0.9981311586816174
0.5867372415859383,0.9981311586816174
0.5867958449860168,0.9981311586816174
0.5868544600938967,0.9981311586816174
0.586913086913087,0.9981311586816174
0.5869717254470976,0.9981311586816174
0.5870303756994405,0.9981311586816174
0.5870890376736284,0.9981311586816174
0.5871477113731761,0.9981311586816174
0.5872063968015993,0.9981311586816174
0.587265093962415,0.9981311586816174
0.5873238028591422,0.9981311586816174
0.587382523495301,0.9981311586816174
0.5874412558744125,0.9981311586816174
0.5875,0.9981311586816174
0.5875587558755876,0.9981311586816174
0.587617523504701,0.9981311586816174
0.5876763028908673,0.9981311586816174
0.587735094037615,0.9981311586816174
0.5877938969484743,0.9981311586816174
0.5878527116269762,0.9981311586816174
0.5879115380766536,0.9981311586816174
0.5879703763010409,0.9981311586816174
0.5880292263036733,0.9981311586816174
0.5880880880880881,0.9981311586816174
0.5881469616578237,0.9981311586816174
0.5882058470164198,0.9981311586816174
0.5882647441674177,0.9981311586816174
0.5883236531143601,0.9981311586816174
0.5883825738607912,0.9981311586816174
0.5884415064102564,0.9981311586816174
0.5885004507663028,0.9981311586816174
0.5885594069324784,0.9981311586816174
0.5887363463272873,0.9981311586816174
0.5887953497694929,0.9981311586816174
0.5888543650395911,0.9981311586816174
0.5889133921411387,0.9981311586816174
0.5889724310776943,0.9981311586816174
0.5890314818528173,0.9981311586816174
0.5890905444700691,0.9981311586816174
0.5891496189330124,0.9981311586816174
0.5892087052452111,0.9981311586816174
0.5892678034102307,0.9981311586816174
0.5893269134316381,0.9981311586816174
0.5893860353130016,0.9981311586816174
0.589445169057891,0.9981311586816174
0.5895043146698776,0.9981311586816174
0.5895634721525339,0.9981311586816174
0.589622641509434,0.9981311586816174
0.5896818227441534,0.9981311586816174
0.5897410158602691,0.9981311586816174
0.5898002208613593,0.9981311586816174
0.589859437751004,0.9981311586816174
0.5899186665327845,0.9981311586816174
0.5899779072102832,0.9981311586816174
0.5900371597870845,0.9981311586816174
0.5900964242667738,0.9981311586816174
0.5901557006529382,0.9981311586816174
0.5902149889491661,0.9981311586816174
0.5902742891590476,0.9981311586816174
0.5903336012861736,0.9981311586816174
0.5903929253341372,0.9981311586816174
0.5904522613065326,0.9981311586816174
0.5905116092069554,0.9981311586816174
0.5905709690390029,0.9981311586816174
0.5906303408062733,0.9981311586816174
0.5906897245123668,0.9981311586816174
0.5907491201608849,0.9981311586816174
0.5908085277554304,0.9981311586816174
0.5908679472996078,0.9981311586816174
0.5909273787970227,0.9981311586816174
0.5909868222512825,0.9981311586816174
0.5910462776659959,0.9981311586816174
0.5911057450447731,0.9981311586816174
0.5911652243912257,0.9981311586816174
0.5912247157089665,0.9981311586816174
0.5912842190016103,0.9981311586816174
0.591343734272773,0.9981311586816174
0.591403261526072,0.9981311586816174
0.5914628007651264,0.9981311586816174
0.5915223519935562,0.9981311586816174
0.5915819152149834,0.9981311586816174
0.5916414904330313,0.9981311586816174
0.5917010776513244,0.9981311586816174
0.5917606768734891,0.9981311586816174
0.591820288103153,0.9981311586816174
0.5918799113439452,0.9981311586816174
0.5919395465994962,0.9981311586816174
0.5919991938734381,0.9981311586816174
0.5920588531694044,0.9981311586816174
0.5921185244910301,0.9981311586816174
0.5921782078419514,0.9981311586816174
0.5922379032258065,0.9981311586816174
0.5922976106462345,0.9981311586816174
0.5923573301068764,0.9981311586816174
0.5924170616113744,0.9981311586816174
0.5924768051633723,0.9981311586816174
0.5925365607665154,0.9981311586816174
0.5925963284244503,0.9981311586816174
0.5926561081408251,0.9981311586816174
0.5927158999192897,0.9981311586816174
0.5927757037634951,0.9981311586816174
0.5928355196770938,0.9981311586816174
0.5928953476637401,0.9981311586816174
0.5929551877270892,0.9981311586816174
0.5930150398707984,0.9981311586816174
0.5930749040985261,0.9981311586816174
0.5931347804139323,0.9981311586816174
0.5931946688206785,0.9981311586816174
0.5932545693224276,0.9981311586816174
0.5933144819228439,0.9981311586816174
0.5933744066255934,0.9981311586816174
0.5934343434343434,0.9981311586816174
0.5934942923527629,0.9981311586816174
0.5935542533845222,0.9981311586816174
0.5936142265332929,0.9981311586816174
0.5936742118027486,0.9981311586816174
0.593734209196564,0.9981311586816174
0.5938542403719802,0.9981311586816174
0.5939142741609381,0.9981311586816174
0.5939743200889698,0.9981311586816174
0.5940343781597573,0.9981311586816174
0.5940944483769846,0.9981311586816174
0.5942146252655002,0.9981311586816174
0.5942747319441635,0.9981311586816174
0.5943348507840162,0.9981311586816174
0.5943949817887495,0.9981311586816174
0.5944551249620561,0.9981311586816174
0.59451528030763,0.9981311586816174
0.594575447829167,0.9981311586816174
0.5946356275303644,0.9981311586816174
0.5946958194149206,0.9981311586816174
0.5947560234865358,0.9981311586816174
0.5948162397489116,0.9981311586816174
0.5948764682057514,0.9981311586816174
0.5949367088607594,0.9981311586816174
0.5949969617176423,0.9981311586816174
0.5950572267801074,0.9981311586816174
0.5951175040518638,0.9981311586816174
0.5951777935366225,0.9981311586816174
0.5952380952380952,0.9981311586816174
0.595298409159996,0.9981311586816174
0.5953587353060398,0.9981311586816174
0.5954190736799433,0.9981311586816174
0.5954794242854247,0.9981311586816174
0.5955397871262037,0.9981311586816174
0.5956001622060016,0.9981311586816174
0.595660549528541,0.9981311586816174
0.5957209490975461,0.9981311586816174
0.5957813609167427,0.9981311586816174
0.595841784989858,0.9981311586816174
0.5959022213206208,0.9981311586816174
0.5959626699127613,0.9981311586816174
0.5960231307700111,0.9981311586816174
0.5960836038961039,0.9981311586816174
0.5961440892947742,0.9981311586816174
0.5962045869697584,0.9981311586816174
0.5962650969247945,0.9981311586816174
0.5963256191636216,0.9981311586816174
0.5963861536899807,0.9981311586816174
0.5965678310316815,0.9981311586816174
0.5966284147456078,0.9981311586816174
0.5966890107657932,0.9981311586816174
0.5967496190959878,0.9981311586816174
0.5968102397399431,0.9981311586816174
0.5968708727014121,0.9981311586816174
0.5969315179841496,0.9981311586816174
0.5969921755919114,0.9981311586816174
0.5970528455284553,0.9981311586816174
0.5971135277975405,0.9981311586816174
0.5971742224029274,0.9981311586816174
0.5972349293483785,0.9981311586816174
0.5972956486376576,0.9981311586816174
0.5973563802745298,0.9981311586816174
0.5974171242627618,0.9981311586816174
0.5974778806061223,0.9981311586816174
0.5975386493083807,0.9981311586816174
0.5975994303733089,0.9981311586816174
0.5976602238046795,0.9981311586816174
0.5977210296062672,0.9981311586816174
0.5977818477818477,0.9981311586816174
0.597842678335199,0.9981311586816174
0.5979035212700997,0.9981311586816174
0.5979643765903307,0.9981311586816174
0.5980252442996743,0.9981311586816174
0.5980861244019139,0.9981311586816174
0.5981470169008348,0.9981311586816174
0.598207921800224,0.9981311586816174
0.5982688391038696,0.9981311586816174
0.5983297688155617,0.9981311586816174
0.5983907109390915,0.9981311586816174
0.598451665478252,0.9981311586816174
0.5985126324368378,0.9981311586816174
0.5985736118186449,0.9981311586816174
0.598634603627471,0.9981311586816174
0.5986956078671151,0.9981311586816174
0.5987566245413779,0.9981311586816174
0.5988176536540618,0.9981311586816174
0.5988786952089704,0.9981311586816174
0.5989397492099092,0.9981311586816174
0.5990008156606852,0.9981311586816174
0.5990618945651066,0.9981311586816174
0.5991229859269834,0.9981311586816174
0.5991840897501275,0.9981311586816174
0.5992452060383517,0.9981311586816174
0.5993063347954708,0.9981311586816174
0.5993674760253009,0.9981311586816174
0.59942862973166,0.9981311586816174
0.5994897959183674,0.9981311586816174
0.5995509745892438,0.9981311586816174
0.5996121657481118,0.9981311586816174
0.5996733693987956,0.9981311586816174
0.5997345855451205,0.9981311586816174
0.5997958141909138,0.9981311586816174
0.5998570553400041,0.9981311586816174
0.5999183089962218,0.9981311586816174
0.5999795751633987,0.9981311586816174
0.6000408538453682,0.9981311586816174
0.6001021450459653,0.9981311586816174
0.6001634487690265,0.9981311586816174
0.6002247650183898,0.9981311586816174
0.6002860937978952,0.9981311586816174
0.6003474351113836,0.9981311586816174
0.600408788962698,0.9981311586816174
0.6004701553556827,0.9981311586816174
0.6005315342941838,0.9981311586816174
0.6005929257820487,0.9981311586816174
0.6006543298231265,0.9981311586816174
0.6007157464212679,0.9981311586816174
0.6007771755803252,0.9981311586816174
0.6008386173041522,0.9981311586816174
0.6009000715966043,0.9981311586816174
0.6009615384615384,0.9981311586816174
0.6010230179028133,0.9981311586816174
0.601084509924289,0.9981311586816174
0.6011460145298271,0.9981311586816174
0.601207531723291,0.9981311586816174
0.6012690615085456,0.9981311586816174
0.6013306038894575,0.9981311586816174
0.6013921588698946,0.9981311586816174
0.6014537264537264,0.9981311586816174
0.6015153066448244,0.9981311586816174
0.6015768994470613,0.9981311586816174
0.6016385048643114,0.9981311586816174
0.6017001229004506,0.9981311586816174
0.6017617535593568,0.9981311586816174
0.6018233968449088,0.9981311586816174
0.6018850527609876,0.9981311586816174
0.6019467213114754,0.9981311586816174
0.6020084025002562,0.9981311586816174
0.6020700963312154,0.9981311586816174
0.6021318028082402,0.9981311586816174
0.6021935219352194,0.9981311586816174
0.602255253716043,0.9981311586816174
0.6023169981546033,0.9981311586816174
0.6023787552547935,0.9981311586816174
0.6024405250205086,0.9981311586816174
0.6025023074556456,0.9981311586816174
0.6025641025641025,0.9981311586816174
0.6026259103497794,0.9981311586816174
0.6026877308165778,0.9981311586816174
0.6027495639684005,0.9981311586816174
0.6028114098091525,0.9981311586816174
0.6028732683427399,0.9981311586816174
0.6029351395730707,0.9981311586816174
0.6029970235040542,0.9981311586816174
0.6030589201396017,0.9981311586816174
0.6031208294836259,0.9981311586816174
0.6031827515400411,0.9981311586816174
0.6032446863127631,0.9981311586816174
0.6033066338057096,0.9981311586816174
0.6033685940227996,0.9981311586816174
0.6034305669679539,0.9981311586816174
0.603492552645095,0.9981311586816174
0.6035545510581467,0.9981311586816174
0.6036165622110347,0.9981311586816174
0.603678586107686,0.9981311586816174
0.6037406227520296,0.9981311586816174
0.6038026721479959,0.9981311586816174
0.6038647342995169,0.9981311586816174
0.6039268092105263,0.9981311586816174
0.6039888968849594,0.9981311586816174
0.604050997326753,0.9981311586816174
0.6041131105398457,0.9981311586816174
0.6041752365281777,0.9981311586816174
0.6042373752956907,0.9981311586816174
0.6042995268463279,0.9981311586816174
0.6043616911840346,0.9981311586816174
0.6044238683127572,0.9981311586816174
0.6044860582364441,0.9981311586816174
0.6045482609590451,0.9981311586816174
0.6046104764845117,0.9981311586816174
0.604672704816797,0.9981311586816174
0.6047349459598559,0.9981311586816174
0.6047971999176447,0.9981311586816174
0.6048594666941213,0.9981311586816174
0.6049217462932455,0.9981311586816174
0.6049840387189784,0.9981311586816174
0.6050463439752832,0.9981311586816174
0.6051086620661242,0.9981311586816174
0.6051709929954676,0.9981311586816174
0.6052333367672813,0.9981311586816174
0.6052956933855347,0.9981311586816174
0.6053580628541989,0.9981311586816174
0.6054204451772465,0.9981311586816174
0.605482840358652,0.9981311586816174
0.6055452484023912,0.9981311586816174
0.605607669312442,0.9981311586816174
0.6056701030927835,0.9981311586816174
0.6057325497473967,0.9981311586816174
0.605795009280264,0.9981311586816174
0.6058574816953697,0.9981311586816174
0.6059199669966997,0.9981311586816174
0.6059824651882414,0.9981311586816174
0.6060449762739839,0.9981311586816174
0.606107500257918,0.9981311586816174
0.6061700371440363,0.9981311586816174
0.6062325869363326,0.9981311586816174
0.6062951496388029,0.9981311586816174
0.6063577252554443,0.9981311586816174
0.606420313790256,0.9981311586816174
0.6064829152472385,0.9981311586816174
0.6065455296303944,0.9981311586816174
0.6066081569437274,0.9981311586816174
0.6066707971912433,0.9981311586816174
0.6067334503769493,0.9981311586816174
0.6067961165048543,0.9981311586816174
0.6068587955789692,0.9981311586816174
0.6069214876033058,0.9981311586816174
0.6069841925818783,0.9981311586816174
0.6070469105187022,0.9981311586816174
0.6071096414177948,0.9981311586816174
0.6071723852831749,0.9981311586816174
0.6072351421188631,0.9981311586816174
0.6072979119288815,0.9981311586816174
0.6073606947172542,0.9981311586816174
0.6074234904880066,0.9981311586816174
0.607486299245166,0.9981311586816174
0.6075491209927611,0.9981311586816174
0.6076119557348226,0.9981311586816174
0.6076748034753827,0.9981311586816174
0.6077376642184752,0.9981311586816174
0.6078005379681357,0.9981311586816174
0.6078634247284015,0.9981311586816174
0.6079263245033113,0.9981311586816174
0.6079892372969057,0.9981311586816174
0.6080521631132271,0.9981311586816174
0.6081151019563192,0.9981311586816174
0.6081780538302277,0.9981311586816174
0.6082410187389999,0.9981311586816174
0.6083039966866847,0.9981311586816174
0.6083669876773325,0.9981311586816174
0.6084299917149959,0.9981311586816174
0.6084930088037286,0.9981311586816174
0.6085560389475865,0.9981311586816174
0.6086190821506268,0.9981311586816174
0.6086821384169084,0.9981311586816174
0.6087452077504921,0.9981311586816174
0.6088082901554405,0.9981311586816174
0.6088713856358172,0.9981311586816174
0.6089344941956882,0.9981311586816174
0.6089976158391209,0.9981311586816174
0.6090607505701845,0.9981311586816174
0.6091238983929497,0.9981311586816174
0.609187059311489,0.9981311586816174
0.6092502333298766,0.9981311586816174
0.6093134204521884,0.9981311586816174
0.6093766206825019,0.9981311586816174
0.6094398340248963,0.9981311586816174
0.6095030604834526,0.9981311586816174
0.6095663000622535,0.9981311586816174
0.6096295527653834,0.9981311586816174
0.6096928185969281,0.9981311586816174
0.6097560975609756,0.9981311586816174
0.6098826949029378,0.9981311586816174
0.6099460132890365,0.9981311586816174
0.6100093448240058,0.9981311586816174
0.6100726895119418,0.9981311586816174
0.6101360473569426,0.9981311586816174
0.6101994183631076,0.9981311586816174
0.6102628025345382,0.9981311586816174
0.6103261998753376,0.9981311586816174
0.6103896103896104,0.9981311586816174
0.610453034081463,0.9981311586816174
0.6105164709550036,0.9981311586816174
0.6105799210143421,0.9981311586816174
0.6106433842635901,0.9981311586816174
0.6107068607068608,0.9981311586816174
0.6107703503482691,0.9981311586816174
0.6108338531919318,0.9981311586816174
0.6108973692419674,0.9981311586816174
0.6109608985024958,0.9981311586816174
0.6110244409776391,0.9981311586816174
0.6110879966715207,0.9981311586816174
0.6111515655882659,0.9981311586816174
0.6112151477320017,0.9981311586816174
0.6112787431068567,0.9981311586816174
0.6113423517169615,0.9981311586816174
0.6114059735664481,0.9981311586816174
0.6114696086594504,0.9981311586816174
0.6115332570001041,0.9981311586816174
0.6115969185925463,0.9981311586816174
0.6116605934409162,0.9981311586816174
0.6117242815493544,0.9981311586816174
0.6117879829220035,0.9981311586816174
0.6119154254765129,0.9981311586816174
0.6119791666666666,0.9981311586816174
0.6120429211376185,0.9981311586816174
0.6121066888935195,0.9981311586816174
0.6121704699385224,0.9981311586816174
0.612234264276782,0.9981311586816174
0.6122980719124544,0.9981311586816174
0.6123618928496978,0.9981311586816174
0.6124257270926717,0.9981311586816174
0.612489574645538,0.9981311586816174
0.6125534355124596,0.9981311586816174
0.6126173096976016,0.9981311586816174
0.6126811972051309,0.9981311586816174
0.6127450980392157,0.9981311586816174
0.6128090122040263,0.9981311586816174
0.6128729397037346,0.9981311586816174
0.6129368805425144,0.9981311586816174
0.6130008347245409,0.9981311586816174
0.6130648022539914,0.9981311586816174
0.6131287831350449,0.9981311586816174
0.6131927773718818,0.9981311586816174
0.6132567849686847,0.9981311586816174
0.6133208059296378,0.9981311586816174
0.6133848402589267,0.9981311586816174
0.6134488879607393,0.9981311586816174
0.6135129490392648,0.9981311586816174
0.6135770234986945,0.9981311586816174
0.6136411113432212,0.9981311586816174
0.6137052125770396,0.9981311586816174
0.613769327204346,0.9981311586816174
0.6138334552293386,0.9981311586816174
0.6138975966562173,0.9981311586816174
0.6139617514891839,0.9981311586816174
0.6140259197324415,0.9981311586816174
0.6140901013901955,0.9981311586816174
0.6141542964666528,0.9981311586816174
0.6142185049660219,0.9981311586816174
0.6142827268925136,0.9981311586816174
0.6143469622503398,0.9981311586816174
0.6144112110437147,0.9981311586816174
0.6144754732768539,0.9981311586816174
0.6145397489539749,0.9981311586816174
0.614604038079297,0.9981311586816174
0.6146683406570412,0.9981311586816174
0.6147326566914304,0.9981311586816174
0.614796986186689,0.9981311586816174
0.6148613291470434,0.9981311586816174
0.6149256855767218,0.9981311586816174
0.6149900554799539,0.9981311586816174
0.6150544388609716,0.9981311586816174
0.6151188357240079,0.9981311586816174
0.6151832460732984,0.9981311586816174
0.6152476699130799,0.9981311586816174
0.6153121072475911,0.9981311586816174
0.6153765580810726,0.9981311586816174
0.6154410224177667,0.9981311586816174
0.6155055002619172,0.9981311586816174
0.6155699916177704,0.9981311586816174
0.6156344964895735,0.9981311586816174
0.6156990148815762,0.9981311586816174
0.6157635467980296,0.9981311586816174
0.6158280922431866,0.9981311586816174
0.615892651221302,0.9981311586816174
0.6159572237366324,0.9981311586816174
0.6160218097934361,0.9981311586816174
0.6160864093959731,0.9981311586816174
0.6161510225485055,0.9981311586816174
0.6162156492552968,0.9981311586816174
0.6162802895206126,0.9981311586816174
0.6163449433487201,0.9981311586816174
0.6164096107438883,0.9981311586816174
0.6164742917103883,0.9981311586816174
0.6165389862524924,0.9981311586816174
0.6166036943744753,0.9981311586816174
0.616668416080613,0.9981311586816174
0.6167331513751837,0.9981311586816174
0.6167979002624672,0.9981311586816174
0.6168626627467451,0.9981311586816174
0.6169274388323007,0.9981311586816174
0.6169922285234194,0.9981311586816174
0.6170570318243882,0.9981311586816174
0.6171218487394958,0.9981311586816174
0.6171866792730328,0.9981311586816174
0.6172515234292919,0.9981311586816174
0.6173163812125669,0.9981311586816174
0.6173812526271543,0.9981311586816174
0.6174461376773516,0.9981311586816174
0.6175110363674585,0.9981311586816174
0.6175759487017766,0.9981311586816174
0.6176408746846089,0.9981311586816174
0.6177058143202607,0.9981311586816174
0.617770767613039,0.9981311586816174
0.617835734567252,0.9981311586816174
0.6179007151872108,0.9981311586816174
0.6179657094772273,0.9981311586816174
0.6180307174416159,0.9981311586816174
0.6180957390846923,0.9981311586816174
0.6181607744107744,0.9981311586816174
0.6182258234241819,0.9981311586816174
0.618290886129236,0.9981311586816174
0.6183559625302599,0.9981311586816174
0.618421052631579,0.9981311586816174
0.6184861564375197,0.9981311586816174
0.618551273952411,0.9981311586816174
0.6186164051805834,0.9981311586816174
0.618681550126369,0.9981311586816174
0.6187467087941022,0.9981311586816174
0.6188118811881188,0.9981311586816174
0.6188770673127568,0.9981311586816174
0.6189422671723557,0.9981311586816174
0.619007480771257,0.9981311586816174
0.619072708113804,0.9981311586816174
0.6191379492043418,0.9981311586816174
0.6192032040472175,0.9981311586816174
0.6192684726467798,0.9981311586816174
0.6193337550073793,0.9981311586816174
0.6193990511333685,0.9981311586816174
0.6194643610291016,0.9981311586816174
0.619529684698935,0.9981311586816174
0.6195950221472263,0.9981311586816174
0.6196603733783356,0.9981311586816174
0.6197257383966245,0.9981311586816174
0.6197911172064564,0.9981311586816174
0.6198565098121966,0.9981311586816174
0.6199219162182125,0.9981311586816174
0.6199873364288729,0.9981311586816174
0.6200527704485488,0.9981311586816174
0.6201182182816128,0.9981311586816174
0.6201836799324396,0.9981311586816174
0.6202491554054054,0.9981311586816174
0.6203146447048886,0.9981311586816174
0.6203801478352693,0.9981311586816174
0.6204456648009293,0.9981311586816174
0.6205111956062527,0.9981311586816174
0.6205767402556248,0.9981311586816174
0.6206422987534334,0.9981311586816174
0.6207078711040677,0.9981311586816174
0.6207734573119188,0.9981311586816174
0.6208390573813801,0.9981311586816174
0.6209046713168463,0.9981311586816174
0.6209702991227143,0.9981311586816174
0.6210359408033826,0.9981311586816174
0.6211015963632519,0.9981311586816174
0.6211672658067244,0.9981311586816174
0.6212329491382045,0.9981311586816174
0.6212986463620981,0.9981311586816174
0.6213643574828134,0.9981311586816174
0.6214300825047598,0.9981311586816174
0.6214958214323495,0.9981311586816174
0.6215615742699958,0.9981311586816174
0.621627341022114,0.9981311586816174
0.6216931216931217,0.9981311586816174
0.6217589162874378,0.9981311586816174
0.6218247248094835,0.9981311586816174
0.6218905472636815,0.9981311586816174
0.6219563836544569,0.9981311586816174
0.6220222339862361,0.9981311586816174
0.6220880982634477,0.9981311586816174
0.6221539764905221,0.9981311586816174
0.6222198686718915,0.9981311586816174
0.6222857748119902,0.9981311586816174
0.6223516949152542,0.9981311586816174
0.6224176289861214,0.9981311586816174
0.6224835770290316,0.9981311586816174
0.6225495390484264,0.9981311586816174
0.6226155150487495,0.9981311586816174
0.6226815050344462,0.9981311586816174
0.622747509009964,0.9981311586816174
0.6228135269797519,0.9981311586816174
0.6228795589482612,0.9981311586816174
0.6229456049199449,0.9981311586816174
0.6230116648992576,0.9981311586816174
0.6230777388906565,0.9981311586816174
0.6231438268985999,0.9981311586816174
0.6232099289275486,0.9981311586816174
0.6232760449819648,0.9981311586816174
0.623342175066313,0.9981311586816174
0.6234083191850595,0.9981311586816174
0.6234744773426721,0.9981311586816174
0.6235406495436213,0.9981311586816174
0.6236068357923787,0.9981311586816174
0.6236730360934183,0.9981311586816174
0.6237392504512156,0.9981311586816174
0.6238054788702485,0.9981311586816174
0.6238717213549962,0.9981311586816174
0.6239379779099405,0.9981311586816174
0.6240042485395645,0.9981311586816174
0.6240705332483535,0.9981311586816174
0.6241368320407946,0.9981311586816174
0.624203144921377,0.9981311586816174
0.6242694718945915,0.9981311586816174
0.6243358129649309,0.9981311586816174
0.6244021681368902,0.9981311586816174
0.624468537414966,0.9981311586816174
0.6245349208036568,0.9981311586816174
0.6246013183074633,0.9981311586816174
0.6246677299308878,0.9981311586816174
0.6247341556784347,0.9981311586816174
0.6248005955546102,0.9981311586816174
0.6248670495639226,0.9981311586816174
0.625,0.9981311586816174
0.625066496435791,0.9981311586816174
0.6251330070227707,0.9981311586816174
0.6251995317654571,0.9981311586816174
0.6252660706683695,0.9981311586816174
0.6253326237360298,0.9981311586816174
0.6253991909729615,0.9981311586816174
0.6254657723836899,0.9981311586816174
0.6255323679727428,0.9981311586816174
0.6255989777446491,0.9981311586816174
0.6256656017039404,0.9981311586816174
0.6257322398551497,0.9981311586816174
0.6257988922028122,0.9981311586816174
0.6258655587514648,0.9981311586816174
0.6259322395056467,0.9981311586816174
0.6259989344698987,0.9981311586816174
0.6260656436487638,0.9981311586816174
0.6261323670467868,0.9981311586816174
0.6261991046685141,0.9981311586816174
0.6262658565184949,0.9981311586816174
0.6263326226012793,0.9981311586816174
0.6263994029214202,0.9981311586816174
0.626466197483472,0.9981311586816174
0.626533006291991,0.9981311586816174
0.6265998293515358,0.9981311586816174
0.6266666666666667,0.9981311586816174
0.6267335182419458,0.9981311586816174
0.6268003840819375,0.9981311586816174
0.6268672641912079,0.9981311586816174
0.626934158574325,0.9981311586816174
0.6270679901803821,0.9981311586816174
0.627134927412468,0.9981311586816174
0.6272018789366927,0.9981311586816174
0.627268844757634,0.9981311586816174
0.6273358248798718,0.9981311586816174
0.627402819307988,0.9981311586816174
0.6274698280465663,0.9981311586816174
0.6275368511001923,0.9981311586816174
0.6276038884734537,0.9981311586816174
0.6276709401709402,0.9981311586816174
0.6277380061972433,0.9981311586816174
0.6278050865569567,0.9981311586816174
0.6278721812546757,0.9981311586816174
0.6279392902949978,0.9981311586816174
0.6280064136825227,0.9981311586816174
0.6280735514218516,0.9981311586816174
0.628140703517588,0.9981311586816174
0.6282078699743371,0.9981311586816174
0.6282750507967062,0.9981311586816174
0.6283422459893048,0.9981311586816174
0.628409455556744,0.9981311586816174
0.6284766795036372,0.9981311586816174
0.6285439178345993,0.9981311586816174
0.6286111705542478,0.9981311586816174
0.6286784376672017,0.9981311586816174
0.6287457191780822,0.9981311586816174
0.6288130150915123,0.9981311586816174
0.6288803254121174,0.9981311586816174
0.6289476501445241,0.9981311586816174
0.6290149892933619,0.9981311586816174
0.6290823428632616,0.9981311586816174
0.6291497108588563,0.9981311586816174
0.6292170932847809,0.9981311586816174
0.6292844901456727,0.9981311586816174
0.6293519014461704,0.9981311586816174
0.6293121919862867,0.9979612640163099
0.6293796207007393,0.9979612640163099
0.6294470638662666,0.9979612640163099
0.6295145214875147,0.9979612640163099
0.6295819935691318,0.9979612640163099
0.629649480115768,0.9979612640163099
0.6297169811320755,0.9979612640163099
0.6297844966227083,0.9979612640163099
0.6298520265923225,0.9979612640163099
0.6299195710455764,0.9979612640163099
0.62998712998713,0.9979612640163099
0.6300547034216454,0.9979612640163099
0.6301222913537867,0.9979612640163099
0.6301898937882201,0.9979612640163099
0.6302575107296138,0.9979612640163099
0.6303251421826376,0.9979612640163099
0.630392788151964,0.9979612640163099
0.6304604486422668,0.9979612640163099
0.6305281236582224,0.9979612640163099
0.6305958132045089,0.9979612640163099
0.6306635172858063,0.9979612640163099
0.6307312359067969,0.9979612640163099
0.6307989690721649,0.9979612640163099
0.6308667167865964,0.9979612640163099
0.6309344790547798,0.9979612640163099
0.6310022558814051,0.9979612640163099
0.6310700472711646,0.9979612640163099
0.6311378532287526,0.9979612640163099
0.6312056737588653,0.9979612640163099
0.6312735088662009,0.9979612640163099
0.63134135855546,0.9979612640163099
0.6314092228313447,0.9979612640163099
0.6314771016985594,0.9979612640163099
0.6315449951618105,0.9979612640163099
0.6316129032258064,0.9979612640163099
0.6316808258952575,0.9979612640163099
0.6317487631748763,0.9979612640163099
0.6318167150693772,0.9979612640163099
0.6318846815834768,0.9979612640163099
0.6319526627218935,0.9979612640163099
0.632020658489348,0.9979612640163099
0.6320886688905628,0.9979612640163099
0.6321566939302626,0.9979612640163099
0.632224733613174,0.9979612640163099
0.6322927879440259,0.9979612640163099
0.6323608569275487,0.9979612640163099
0.6324289405684754,0.9979612640163099
0.6324970388715409,0.9979612640163099
0.6325651518414818,0.9979612640163099
0.6326332794830372,0.9979612640163099
0.6327014218009479,0.9979612640163099
0.6327695787999569,0.9979612640163099
0.6328377504848093,0.9979612640163099
0.6329059368602521,0.9979612640163099
0.6329741379310345,0.9979612640163099
0.6330423537019075,0.9979612640163099
0.6331105841776244,0.9979612640163099
0.6331788293629406,0.9979612640163099
0.6332470892626132,0.9979612640163099
0.6333153638814016,0.9979612640163099
0.6333836532240673,0.9979612640163099
0.6334519572953736,0.9979612640163099
0.6335202761000863,0.9979612640163099
0.6335886096429727,0.9979612640163099
0.6336569579288026,0.9979612640163099
0.6337253209623476,0.9979612640163099
0.6337936987483815,0.9979612640163099
0.6338620912916801,0.9979612640163099
0.6339304985970213,0.9979612640163099
0.6339989206691851,0.9979612640163099
0.6340673575129534,0.9979612640163099
0.6341358091331102,0.9979612640163099
0.6342042755344418,0.9979612640163099
0.6342727567217363,0.9979612640163099
0.634341252699784,0.9979612640163099
0.6344097634733773,0.9979612640163099
0.6344782890473104,0.9979612640163099
0.6345468294263801,0.9979612640163099
0.6346153846153846,0.9979612640163099
0.6346839546191247,0.9979612640163099
0.6347525394424033,0.9979612640163099
0.6348211390900249,0.9979612640163099
0.6348897535667963,0.9979612640163099
0.6349583828775267,0.9979612640163099
0.6350270270270271,0.9979612640163099
0.6350956860201102,0.9979612640163099
0.6351643598615917,0.9979612640163099
0.6352330485562885,0.9979612640163099
0.6353017521090201,0.9979612640163099
0.6353704705246079,0.9979612640163099
0.6354392038078753,0.9979612640163099
0.6355079519636482,0.9979612640163099
0.6355767149967539,0.9979612640163099
0.6356454929120225,0.9979612640163099
0.6357142857142857,0.9979612640163099
0.6357830934083776,0.9979612640163099
0.635851915999134,0.9979612640163099
0.6359207534913933,0.9979612640163099
0.6359896058899956,0.9979612640163099
0.6360584731997835,0.9979612640163099
0.6361273554256011,0.9979612640163099
0.6361962525722951,0.9979612640163099
0.636265164644714,0.9979612640163099
0.6363340916477088,0.9979612640163099
0.6364030335861321,0.9979612640163099
0.636471990464839,0.9979612640163099
0.6365409622886866,0.9979612640163099
0.6366099490625339,0.9979612640163099
0.6366789507912421,0.9979612640163099
0.6367479674796748,0.9979612640163099
0.6368169991326973,0.9979612640163099
0.6368860457551773,0.9979612640163099
0.6369551073519844,0.9979612640163099
0.6370241839279904,0.9979612640163099
0.6370932754880694,0.9979612640163099
0.6371623820370973,0.9979612640163099
0.6372315035799523,0.9979612640163099
0.6373006401215145,0.9979612640163099
0.6373697916666666,0.9979612640163099
0.637438958220293,0.9979612640163099
0.6375081397872803,0.9979612640163099
0.6375773363725171,0.9979612640163099
0.6376465479808945,0.9979612640163099
0.6377157746173054,0.9979612640163099
0.637785016286645,0.9979612640163099
0.6378542729938104,0.9979612640163099
0.6379235447437012,0.9979612640163099
0.6379928315412187,0.9979612640163099
0.6380621333912666,0.9979612640163099
0.6381314502987506,0.9979612640163099
0.6382007822685789,0.9979612640163099
0.6382701293056612,0.9979612640163099
0.6383394914149098,0.9979612640163099
0.638408868601239,0.9979612640163099
0.6384782608695653,0.9979612640163099
0.638547668224807,0.9979612640163099
0.6386170906718852,0.9979612640163099
0.6386865282157225,0.9979612640163099
0.638755980861244,0.9979612640163099
0.6388254486133769,0.9979612640163099
0.6388949314770502,0.9979612640163099
0.6389644294571957,0.9979612640163099
0.6390339425587467,0.9979612640163099
0.6391034707866391,0.9979612640163099
0.6391730141458106,0.9979612640163099
0.6392425726412014,0.9979612640163099
0.6393121462777536,0.9979612640163099
0.6393817350604114,0.9979612640163099
0.6394513389941215,0.9979612640163099
0.6395209580838324,0.9979612640163099
0.6395905923344948,0.9979612640163099
0.6396602417510617,0.9979612640163099
0.6397299063384884,0.9979612640163099
0.6397995861017318,0.9979612640163099
0.6398692810457516,0.9979612640163099
0.6399389911755093,0.9979612640163099
0.6400087164959686,0.9979612640163099
0.6400784570120954,0.9979612640163099
0.6402877697841727,0.9979612640163099
0.640357571132672,0.9979612640163099
0.6404273877017008,0.9979612640163099
0.6404972194962382,0.9979612640163099
0.640567066521265,0.9979612640163099
0.6406369287817646,0.9979612640163099
0.6407068062827225,0.9979612640163099
0.6407766990291263,0.9979612640163099
0.6408466070259655,0.9979612640163099
0.6409165302782324,0.9979612640163099
0.640986468790921,0.9979612640163099
0.6410564225690276,0.9979612640163099
0.6411263916175508,0.9979612640163099
0.6411963759414911,0.9979612640163099
0.6412663755458515,0.9979612640163099
0.6413363904356371,0.9979612640163099
0.6414764660915147,0.9979612640163099
0.6415465268676278,0.9979612640163099
0.6416166029492081,0.9979612640163099
0.6416866943412716,0.9979612640163099
0.6417568010488365,0.9979612640163099
0.6418269230769231,0.9979612640163099
0.6418970604305541,0.9979612640163099
0.6419672131147541,0.9979612640163099
0.6420373811345502,0.9979612640163099
0.6421075644949715,0.9979612640163099
0.6421777632010496,0.9979612640163099
0.6422479772578176,0.9979612640163099
0.6423182066703117,0.9979612640163099
0.6423884514435696,0.9979612640163099
0.6424587115826316,0.9979612640163099
0.6425289870925399,0.9979612640163099
0.6425992779783394,0.9979612640163099
0.6426695842450766,0.9979612640163099
0.6427399058978006,0.9979612640163099
0.6428102429415627,0.9979612640163099
0.6428805953814162,0.9979612640163099
0.6429509632224168,0.9979612640163099
0.6430213464696223,0.9979612640163099
0.6430917451280929,0.9979612640163099
0.6431621592028907,0.9979612640163099
0.6432325886990802,0.9979612640163099
0.6433030336217281,0.9979612640163099
0.6433734939759036,0.9979612640163099
0.6434439697666776,0.9979612640163099
0.6435144609991236,0.9979612640163099
0.6435849676783171,0.9979612640163099
0.643655489809336,0.9979612640163099
0.6437260273972603,0.9979612640163099
0.6437965804471723,0.9979612640163099
0.6438671489641565,0.9979612640163099
0.6439377329532997,0.9979612640163099
0.6440083324196908,0.9979612640163099
0.6440789473684211,0.9979612640163099
0.6441495778045838,0.9979612640163099
0.6442202237332748,0.9979612640163099
0.644290885159592,0.9979612640163099
0.6443615620886354,0.9979612640163099
0.6444322545255075,0.9979612640163099
0.6445029624753127,0.9979612640163099
0.6445736859431581,0.9979612640163099
0.6446444249341527,0.9979612640163099
0.644715179453408,0.9979612640163099
0.6447859495060373,0.9979612640163099
0.6448567350971567,0.9979612640163099
0.644927536231884,0.9979612640163099
0.6449983529153398,0.9979612640163099
0.6450691851526466,0.9979612640163099
0.6451400329489292,0.9979612640163099
0.6452108963093146,0.9979612640163099
0.6452817752389323,0.9979612640163099
0.6453526697429136,0.9979612640163099
0.6454235798263928,0.9979612640163099
0.6454945054945055,0.9979612640163099
0.6455654467523904,0.9979612640163099
0.6456364036051879,0.9979612640163099
0.6457073760580411,0.9979612640163099
0.645778364116095,0.9979612640163099
0.645849367784497,0.9979612640163099
0.6459203870683967,0.9979612640163099
0.6459914219729462,0.9979612640163099
0.6460624725032996,0.9979612640163099
0.6461335386646133,0.9979612640163099
0.6462046204620462,0.9979612640163099
0.6462757179007591,0.9979612640163099
0.6463468309859155,0.9979612640163099
0.6464179597226808,0.9979612640163099
0.6464891041162227,0.9979612640163099
0.6465602641717116,0.9979612640163099
0.6466314398943197,0.9979612640163099
0.6467026312892217,0.9979612640163099
0.6467738383615944,0.9979612640163099
0.6468450611166171,0.9979612640163099
0.6469162995594714,0.9979612640163099
0.6469875536953409,0.9979612640163099
0.6470588235294118,0.9979612640163099
0.6471301090668723,0.9979612640163099
0.6472014103129132,0.9979612640163099
0.6472727272727272,0.9979612640163099
0.6473440599515098,0.9979612640163099
0.6474154083544583,0.9979612640163099
0.6474867724867724,0.9979612640163099
0.6475581523536545,0.9979612640163099
0.6476295479603087,0.9979612640163099
0.6477009593119418,0.9979612640163099
0.6477723864137627,0.9979612640163099
0.6478438292709827,0.9979612640163099
0.6479152878888154,0.9979612640163099
0.6479867622724765,0.9979612640163099
0.6480582524271845,0.9979612640163099
0.6482012800706246,0.9979612640163099
0.6482728175698047,0.9979612640163099
0.6483443708609271,0.9979612640163099
0.6484159399492218,0.9979612640163099
0.6484875248399206,0.9979612640163099
0.6485591255382577,0.9979612640163099
0.6486307420494699,0.9979612640163099
0.6487023743787963,0.9979612640163099
0.6487740225314778,0.9979612640163099
0.6488456865127582,0.9979612640163099
0.6489173663278833,0.9979612640163099
0.6490607734806629,0.9979612640163099
0.6491325008288209,0.9979612640163099
0.6492042440318302,0.9979612640163099
0.6492760030949486,0.9979612640163099
0.6493477780234358,0.9979612640163099
0.6494195688225539,0.9979612640163099
0.6494913754975674,0.9979612640163099
0.6495631980537432,0.9979612640163099
0.6495244414952445,0.9977913693510024
0.6495962835969472,0.9977913693510024
0.6496681415929203,0.9977913693510024
0.649740015488439,0.9977913693510024
0.6498119052887807,0.9977913693510024
0.6498838109992254,0.9977913693510024
0.6499557326250553,0.9977913693510024
0.650027670171555,0.9977913693510024
0.6500996236440115,0.9977913693510024
0.650171593047714,0.9977913693510024
0.650243578387954,0.9977913693510024
0.6503155796700255,0.9977913693510024
0.6503875968992248,0.9977913693510024
0.6504596300808506,0.9977913693510024
0.6505316792202038,0.9977913693510024
0.6506037443225878,0.9977913693510024
0.6506758253933083,0.9977913693510024
0.6507479224376731,0.9977913693510024
0.6508200354609929,0.9977913693510024
0.6508921644685803,0.9977913693510024
0.6509643094657503,0.9977913693510024
0.6510364704578206,0.9977913693510024
0.6511086474501109,0.9977913693510024
0.6511808404479432,0.9977913693510024
0.6512530494566423,0.9977913693510024
0.6513252744815349,0.9977913693510024
0.6513975155279503,0.9977913693510024
0.6514697726012202,0.9977913693510024
0.6515420457066785,0.9977913693510024
0.6516143348496616,0.9977913693510024
0.6516866400355082,0.9977913693510024
0.6517589612695595,0.9977913693510024
0.6518312985571587,0.9977913693510024
0.6519036519036518,0.9977913693510024
0.6519760213143873,0.9977913693510024
0.6520484067947152,0.9977913693510024
0.6521208083499889,0.9977913693510024
0.6521932259855636,0.9977913693510024
0.652265659706797,0.9977913693510024
0.6523381095190492,0.9977913693510024
0.6524105754276828,0.9977913693510024
0.6524830574380625,0.9977913693510024
0.6525555555555556,0.9977913693510024
0.6526280697855317,0.9977913693510024
0.652700600133363,0.9977913693510024
0.6527731466044236,0.9977913693510024
0.6528457092040907,0.9977913693510024
0.6529182879377432,0.9977913693510024
0.6529908828107628,0.9977913693510024
0.6530634938285333,0.9977913693510024
0.6531361209964412,0.9977913693510024
0.6532087643198754,0.9977913693510024
0.6532814238042269,0.9977913693510024
0.6533540994548893,0.9977913693510024
0.6534267912772586,0.9977913693510024
0.653499499276733,0.9977913693510024
0.6535722234587136,0.9977913693510024
0.6536449638286033,0.9977913693510024
0.6537177203918076,0.9977913693510024
0.6537904931537348,0.9977913693510024
0.6538632821197952,0.9977913693510024
0.6539360872954014,0.9977913693510024
0.6540089086859688,0.9977913693510024
0.6540817462969151,0.9977913693510024
0.65415460013366,0.9977913693510024
0.6542274702016264,0.9977913693510024
0.6543003565062389,0.9977913693510024
0.6543732590529248,0.9977913693510024
0.6544461778471139,0.9977913693510024
0.6545191128942383,0.9977913693510024
0.6545920641997325,0.9977913693510024
0.6546650317690336,0.9977913693510024
0.6547380156075808,0.9977913693510024
0.6548110157208161,0.9977913693510024
0.6548840321141838,0.9977913693510024
0.6549570647931303,0.9977913693510024
0.655030113763105,0.9977913693510024
0.6551031790295594,0.9977913693510024
0.6551762605979473,0.9977913693510024
0.6551377886868236,0.9976214746856948
0.6552108904262441,0.9976214746856948
0.6552840084811963,0.9976214746856948
0.6553571428571429,0.9976214746856948
0.6554302935595491,0.9976214746856948
0.6555034605938825,0.9976214746856948
0.6555766439656134,0.9976214746856948
0.6556498436802144,0.9976214746856948
0.6557230597431603,0.9976214746856948
0.6557962921599285,0.9976214746856948
0.6558695409359991,0.9976214746856948
0.6559428060768543,0.9976214746856948
0.656016087587979,0.9976214746856948
0.6560893854748603,0.9976214746856948
0.656162699742988,0.9976214746856948
0.6562360303978543,0.9976214746856948
0.6563093774449537,0.9976214746856948
0.6563827408897831,0.9976214746856948
0.6564561207378423,0.9976214746856948
0.6565295169946332,0.9976214746856948
0.6566029296656603,0.9976214746856948
0.6566763587564304,0.9976214746856948
0.6567498042724528,0.9976214746856948
0.6568232662192394,0.9976214746856948
0.6568967446023045,0.9976214746856948
0.6569702394271649,0.9976214746856948
0.6570437506993398,0.9976214746856948
0.657117278424351,0.9976214746856948
0.6571908226077224,0.9976214746856948
0.6572643832549809,0.9976214746856948
0.6573379603716557,0.9976214746856948
0.6574115539632781,0.9976214746856948
0.6574851640353824,0.9976214746856948
0.6575587905935051,0.9976214746856948
0.6576324336431851,0.9976214746856948
0.6577060931899642,0.9976214746856948
0.6577797692393861,0.9976214746856948
0.6578534617969976,0.9976214746856948
0.6579271708683473,0.9976214746856948
0.658000896458987,0.9976214746856948
0.6580746385744705,0.9976214746856948
0.6581483972203542,0.9976214746856948
0.658222172402197,0.9976214746856948
0.6582959641255606,0.9976214746856948
0.6583697723960085,0.9976214746856948
0.6584435972191074,0.9976214746856948
0.6585174386004261,0.9976214746856948
0.6585912965455362,0.9976214746856948
0.6586651710600112,0.9976214746856948
0.6587390621494279,0.9976214746856948
0.658812969819365,0.9976214746856948
0.6588868940754039,0.9976214746856948
0.6589608349231287,0.9976214746856948
0.6590347923681257,0.9976214746856948
0.6591087664159838,0.9976214746856948
0.6591827570722946,0.9976214746856948
0.6592567643426519,0.9976214746856948
0.6593307882326521,0.9976214746856948
0.6594048287478944,0.9976214746856948
0.6594788858939802,0.9976214746856948
0.6595529596765135,0.9976214746856948
0.6596270501011009,0.9976214746856948
0.6597011571733513,0.9976214746856948
0.6597752808988764,0.9976214746856948
0.6598494212832903,0.9976214746856948
0.6599235783322095,0.9976214746856948
0.6599977520512532,0.9976214746856948
0.6600719424460432,0.9976214746856948
0.6601461495222035,0.9976214746856948
0.6602203732853609,0.9976214746856948
0.6602946137411447,0.9976214746856948
0.6603688708951867,0.9976214746856948
0.6604431447531212,0.9976214746856948
0.6605174353205849,0.9976214746856948
0.6605917426032175,0.9976214746856948
0.6606660666066607,0.9976214746856948
0.6608147647985595,0.9976214746856948
0.6608891389983118,0.9976214746856948
0.6609635299414678,0.9976214746856948
0.6610379376336823,0.9976214746856948
0.6611123620806125,0.9976214746856948
0.661186803287918,0.9976214746856948
0.6612612612612613,0.9976214746856948
0.661335736006307,0.9976214746856948
0.6614102275287227,0.9976214746856948
0.6614847358341782,0.9976214746856948
0.661559260928346,0.9976214746856948
0.6616338028169014,0.9976214746856948
0.6617083615055217,0.9976214746856948
0.6617829369998873,0.9976214746856948
0.6618575293056808,0.9976214746856948
0.6619321384285876,0.9976214746856948
0.6620067643742954,0.9976214746856948
0.6620814071484947,0.9976214746856948
0.6621560667568787,0.9976214746856948
0.6622307432051426,0.9976214746856948
0.6623054364989849,0.9976214746856948
0.662380146644106,0.9976214746856948
0.6624548736462094,0.9976214746856948
0.6625296175110008,0.9976214746856948
0.6626043782441887,0.9976214746856948
0.6626791558514841,0.9976214746856948
0.6627539503386004,0.9976214746856948
0.662828761711254,0.9976214746856948
0.6629035899751637,0.9976214746856948
0.6630532971996387,0.9976214746856948
0.6631281761716544,0.9976214746856948
0.663203072057827,0.9976214746856948
0.6632779848638879,0.9976214746856948
0.6633529145955717,0.9976214746856948
0.6634278612586149,0.9976214746856948
0.6635028248587571,0.9976214746856948
0.6635778054017403,0.9976214746856948
0.6636528028933092,0.9976214746856948
0.663727817339211,0.9976214746856948
0.6638778971170153,0.9976214746856948
0.6639529624604251,0.9976214746856948
0.6640280447811828,0.9976214746856948
0.6641031440850487,0.9976214746856948
0.6641782603777853,0.9976214746856948
0.6642533936651583,0.9976214746856948
0.6643285439529358,0.9976214746856948
0.6644037112468885,0.9976214746856948
0.6644788955527894,0.9976214746856948
0.6645540968764146,0.9976214746856948
0.6646293152235427,0.9976214746856948
0.6647045505999547,0.9976214746856948
0.6647798030114344,0.9976214746856948
0.6648550724637681,0.9976214746856948
0.6649303589627449,0.9976214746856948
0.6650056625141563,0.9976214746856948
0.6650809831237966,0.9976214746856948
0.6651563207974626,0.9976214746856948
0.6652316755409539,0.9976214746856948
0.6653070473600725,0.9976214746856948
0.6653824362606232,0.9976214746856948
0.6654578422484134,0.9976214746856948
0.665533265329253,0.9976214746856948
0.6656087055089549,0.9976214746856948
0.6656841627933341,0.9976214746856948
0.6657596371882086,0.9976214746856948
0.665835128699399,0.9976214746856948
0.6659106373327285,0.9976214746856948
0.6659861630940229,0.9976214746856948
0.6660617059891107,0.9976214746856948
0.6661372660238231,0.9976214746856948
0.6662128432039937,0.9976214746856948
0.666288437535459,0.9976214746856948
0.6663640490240581,0.9976214746856948
0.6664396776756327,0.9976214746856948
0.6665153234960273,0.9976214746856948
0.6665909864910886,0.9976214746856948
0.6666666666666666,0.9976214746856948
0.6667423640286136,0.9976214746856948
0.6668180785827844,0.9976214746856948
0.6668938103350369,0.9976214746856948
0.6669695592912313,0.9976214746856948
0.6670453254572305,0.9976214746856948
0.6671211088389003,0.9976214746856948
0.6671969094421089,0.9976214746856948
0.6672727272727272,0.9976214746856948
0.6673485623366292,0.9976214746856948
0.6674244146396908,0.9976214746856948
0.6675002841877913,0.9976214746856948
0.6675761709868122,0.9976214746856948
0.6676520750426379,0.9976214746856948
0.6677279963611553,0.9976214746856948
0.6678039349482543,0.9976214746856948
0.6678798908098271,0.9976214746856948
0.6679558639517689,0.9976214746856948
0.6680318543799773,0.9976214746856948
0.6681078621003527,0.9976214746856948
0.6681838871187984,0.9976214746856948
0.66825992944122,0.9976214746856948
0.6683359890735261,0.9976214746856948
0.6684120660216277,0.9976214746856948
0.668488160291439,0.9976214746856948
0.6685642718888762,0.9976214746856948
0.6686404008198588,0.9976214746856948
0.6687165470903086,0.9976214746856948
0.6686788154897494,0.9974515800203874
0.6687549834833124,0.9974515800203874
0.6688311688311688,0.9974515800203874
0.6689073715392503,0.9974515800203874
0.6689835916134913,0.9974515800203874
0.6690598290598291,0.9974515800203874
0.6691360838842033,0.9974515800203874
0.6692123560925567,0.9974515800203874
0.6692886456908345,0.9974515800203874
0.6693649526849846,0.9974515800203874
0.6694412770809578,0.9974515800203874
0.6695176188847075,0.9974515800203874
0.6695939781021898,0.9974515800203874
0.6696703547393635,0.9974515800203874
0.6697467488021903,0.9974515800203874
0.6698231602966344,0.9974515800203874
0.6698995892286627,0.9974515800203874
0.6699760356042451,0.9974515800203874
0.6700524994293541,0.9974515800203874
0.6701289807099646,0.9974515800203874
0.6702054794520548,0.9974515800203874
0.6702819956616052,0.9974515800203874
0.6703585293445993,0.9974515800203874
0.6704350805070229,0.9974515800203874
0.6705116491548653,0.9974515800203874
0.6705882352941176,0.9974515800203874
0.6706648389307746,0.9974515800203874
0.6707414600708329,0.9974515800203874
0.6708180987202925,0.9974515800203874
0.6708947548851559,0.9974515800203874
0.6709714285714286,0.9974515800203874
0.6710481197851182,0.9974515800203874
0.671124828532236,0.9974515800203874
0.6712015548187951,0.9974515800203874
0.6712782986508118,0.9974515800203874
0.6713550600343053,0.9974515800203874
0.6714318389752973,0.9974515800203874
0.6715086354798124,0.9974515800203874
0.6715854495538778,0.9974515800203874
0.6716622812035237,0.9974515800203874
0.6717391304347826,0.9974515800203874
0.6718159972536903,0.9974515800203874
0.6718928816662852,0.9974515800203874
0.6719697836786083,0.9974515800203874
0.6720467032967034,0.9974515800203874
0.6721236405266171,0.9974515800203874
0.6722005953743989,0.9974515800203874
0.672277567846101,0.9974515800203874
0.6723545579477783,0.9974515800203874
0.6724315656854885,0.9974515800203874
0.6725085910652921,0.9974515800203874
0.6725856340932523,0.9974515800203874
0.6726626947754354,0.9974515800203874
0.6727397731179099,0.9974515800203874
0.6728168691267477,0.9974515800203874
0.6728939828080229,0.9974515800203874
0.672971114167813,0.9974515800203874
0.6730482632121977,0.9974515800203874
0.6731254299472598,0.9974515800203874
0.673202614379085,0.9974515800203874
0.6732798165137615,0.9974515800203874
0.6733570363573804,0.9974515800203874
0.6734342739160358,0.9974515800203874
0.6735115291958242,0.9974515800203874
0.6735888022028453,0.9974515800203874
0.6736660929432013,0.9974515800203874
0.6737434014229975,0.9974515800203874
0.6738207276483416,0.9974515800203874
0.6738980716253443,0.9974515800203874
0.6739754333601193,0.9974515800203874
0.674052812858783,0.9974515800203874
0.6741302101274543,0.9974515800203874
0.6742076251722554,0.9974515800203874
0.6742850579993109,0.9974515800203874
0.6743625086147484,0.9974515800203874
0.6744399770246985,0.9974515800203874
0.6745174632352942,0.9974515800203874
0.6745949672526715,0.9974515800203874
0.6746724890829694,0.9974515800203874
0.6747500287323296,0.9974515800203874
0.6748275862068965,0.9974515800203874
0.6749051615128175,0.9974515800203874
0.6749827546562428,0.9974515800203874
0.6750603656433253,0.9974515800203874
0.6751379944802208,0.9974515800203874
0.675215641173088,0.9974515800203874
0.6752933057280883,0.9974515800203874
0.6753709881513862,0.9974515800203874
0.6754486884491486,0.9974515800203874
0.6755264066275457,0.9974515800203874
0.6756041426927503,0.9974515800203874
0.6756818966509379,0.9974515800203874
0.6757596685082873,0.9974515800203874
0.6758374582709796,0.9974515800203874
0.6759152659451991,0.9974515800203874
0.6759930915371329,0.9974515800203874
0.676070935052971,0.9974515800203874
0.6761487964989059,0.9974515800203874
0.6762266758811334,0.9974515800203874
0.6763045732058519,0.9974515800203874
0.6763824884792626,0.9974515800203874
0.67646042170757,0.9974515800203874
0.6765383728969808,0.9974515800203874
0.6766163420537052,0.9974515800203874
0.6766943291839558,0.9974515800203874
0.6767723342939481,0.9974515800203874
0.6768503573899008,0.9974515800203874
0.6769283984780353,0.9974515800203874
0.6770064575645757,0.9974515800203874
0.677084534655749,0.9974515800203874
0.6771626297577855,0.9974515800203874
0.6772407428769177,0.9974515800203874
0.6773188740193816,0.9974515800203874
0.6773970231914157,0.9974515800203874
0.6774751903992615,0.9974515800203874
0.6775533756491633,0.9974515800203874
0.6776315789473685,0.9974515800203874
0.677709800300127,0.9974515800203874
0.6779445727482679,0.9974515800203874
0.6780228663817993,0.9974515800203874
0.6781011781011781,0.9974515800203874
0.6781795079126718,0.9974515800203874
0.6782578558225508,0.9974515800203874
0.6783362218370884,0.9974515800203874
0.6784146059625606,0.9974515800203874
0.6784930082052467,0.9974515800203874
0.6785714285714286,0.9974515800203874
0.678649867067391,0.9974515800203874
0.6787283236994219,0.9974515800203874
0.678806798473812,0.9974515800203874
0.6788852913968547,0.9974515800203874
0.6789638024748468,0.9974515800203874
0.6790423317140875,0.9974515800203874
0.6791208791208792,0.9974515800203874
0.679199444701527,0.9974515800203874
0.6792780284623394,0.9974515800203874
0.6793566304096273,0.9974515800203874
0.6794352505497049,0.9974515800203874
0.6795138888888889,0.9974515800203874
0.6795925454334992,0.9974515800203874
0.6796712201898588,0.9974515800203874
0.6797499131642931,0.9974515800203874
0.6798286243631311,0.9974515800203874
0.6799073537927041,0.9974515800203874
0.6799861014593468,0.9974515800203874
0.6800648673693965,0.9974515800203874
0.6801436515291936,0.9974515800203874
0.6802224539450816,0.9974515800203874
0.6803012746234067,0.9974515800203874
0.680380113570518,0.9974515800203874
0.6804589707927677,0.9974515800203874
0.6805378462965109,0.9974515800203874
0.6806167400881057,0.9974515800203874
0.680695652173913,0.9974515800203874
0.6807745825602969,0.9974515800203874
0.6809324982602645,0.9974515800203874
0.6810114835865909,0.9974515800203874
0.6810904872389791,0.9974515800203874
0.6811695092238078,0.9974515800203874
0.6812485495474588,0.9974515800203874
0.6813276082163165,0.9974515800203874
0.6814066852367688,0.9974515800203874
0.681485780615206,0.9974515800203874
0.6815648943580218,0.9974515800203874
0.6816440264716127,0.9974515800203874
0.681723176962378,0.9974515800203874
0.6818023458367205,0.9974515800203874
0.6818815331010453,0.9974515800203874
0.681960738761761,0.9974515800203874
0.6820399628252788,0.9974515800203874
0.6820030207970257,0.9972816853550799
0.6820822681849872,0.9972816853550799
0.6821615339918652,0.9972816853550799
0.6822408182240818,0.9972816853550799
0.6823201208880623,0.9972816853550799
0.6823994419902348,0.9972816853550799
0.6824787815370306,0.9972816853550799
0.6825581395348838,0.9972816853550799
0.6826375159902314,0.9972816853550799
0.6827169109095138,0.9972816853550799
0.6827963242991741,0.9972816853550799
0.6828757561656584,0.9972816853550799
0.682955206515416,0.9972816853550799
0.6830346753548988,0.9972816853550799
0.6831141626905621,0.9972816853550799
0.6831936685288641,0.9972816853550799
0.6832731928762659,0.9972816853550799
0.6833527357392316,0.9972816853550799
0.6834322971242287,0.9972816853550799
0.6835118770377271,0.9972816853550799
0.6835914754862,0.9972816853550799
0.6836710924761239,0.9972816853550799
0.6837507280139778,0.9972816853550799
0.6838303821062441,0.9972816853550799
0.6839100547594081,0.9972816853550799
0.6839897459799581,0.9972816853550799
0.6840694557743853,0.9972816853550799
0.6841491841491841,0.9972816853550799
0.684228931110852,0.9972816853550799
0.6843086966658894,0.9972816853550799
0.6843884808207998,0.9972816853550799
0.6844682835820896,0.9972816853550799
0.6845481049562682,0.9972816853550799
0.6846279449498484,0.9972816853550799
0.6847078035693456,0.9972816853550799
0.6847876808212786,0.9972816853550799
0.6848675767121689,0.9972816853550799
0.6849474912485414,0.9972816853550799
0.6850274244369238,0.9972816853550799
0.6851073762838469,0.9972816853550799
0.6851873467958445,0.9972816853550799
0.6852673359794537,0.9972816853550799
0.6853473438412142,0.9972816853550799
0.6854273703876693,0.9972816853550799
0.685507415625365,0.9972816853550799
0.6855874795608503,0.9972816853550799
0.6856675622006775,0.9972816853550799
0.6857476635514018,0.9972816853550799
0.6858277836195817,0.9972816853550799
0.6859079224117784,0.9972816853550799
0.6859880799345565,0.9972816853550799
0.6860682561944834,0.9972816853550799
0.6861484511981297,0.9972816853550799
0.6862286649520692,0.9972816853550799
0.6863088974628785,0.9972816853550799
0.6863891487371375,0.9972816853550799
0.6864694187814291,0.9972816853550799
0.6865497076023391,0.9972816853550799
0.686630015206457,0.9972816853550799
0.6867103416003744,0.9972816853550799
0.6867906867906868,0.9972816853550799
0.6868710507839925,0.9972816853550799
0.6869514335868929,0.9972816853550799
0.6870318352059925,0.9972816853550799
0.6871122556478989,0.9972816853550799
0.6871926949192226,0.9972816853550799
0.6872731530265777,0.9972816853550799
0.6873536299765808,0.9972816853550799
0.687434125775852,0.9972816853550799
0.6875146404310143,0.9972816853550799
0.687595173948694,0.9972816853550799
0.6876757263355201,0.9972816853550799
0.6877562975981254,0.9972816853550799
0.6878368877431451,0.9972816853550799
0.6879174967772178,0.9972816853550799
0.6879981247069855,0.9972816853550799
0.6880787715390927,0.9972816853550799
0.6881594372801876,0.9972816853550799
0.6882401219369211,0.9972816853550799
0.6883208255159474,0.9972816853550799
0.6884015480239241,0.9972816853550799
0.6884822894675111,0.9972816853550799
0.6885630498533725,0.9972816853550799
0.6886438291881746,0.9972816853550799
0.6887246274785873,0.9972816853550799
0.6888054447312837,0.9972816853550799
0.6888862809529398,0.9972816853550799
0.6889671361502347,0.9972816853550799
0.689048010329851,0.9972816853550799
0.6891289034984738,0.9972816853550799
0.689209815662792,0.9972816853550799
0.6892907468294974,0.9972816853550799
0.6893716970052848,0.9972816853550799
0.6894526661968522,0.9972816853550799
0.689533654410901,0.9972816853550799
0.6896146616541353,0.9972816853550799
0.6896956879332629,0.9972816853550799
0.6897767332549941,0.9972816853550799
0.689857797626043,0.9972816853550799
0.6899388810531265,0.9972816853550799
0.6900199835429646,0.9972816853550799
0.6901011051022807,0.9972816853550799
0.6901822457378013,0.9972816853550799
0.6902634054562559,0.9972816853550799
0.6902269787133952,0.9971117906897723
0.690308162785227,0.9971117906897723
0.690271732737325,0.9969418960244648
0.6903529411764706,0.9969418960244648
0.6904341687257325,0.9969418960244648
0.6905154153918569,0.9969418960244648
0.6905966811815935,0.9969418960244648
0.690677966101695,0.9969418960244648
0.690759270158917,0.9969418960244648
0.6908405933600188,0.9969418960244648
0.6909219357117626,0.9969418960244648
0.6910032972209138,0.9969418960244648
0.691084677894241,0.9969418960244648
0.6911660777385159,0.9969418960244648
0.6912474967605136,0.9969418960244648
0.6913289349670122,0.9969418960244648
0.6914103923647932,0.9969418960244648
0.6914918689606411,0.9969418960244648
0.6915733647613436,0.9969418960244648
0.6916548797736917,0.9969418960244648
0.6917364140044795,0.9969418960244648
0.6918179674605046,0.9969418960244648
0.6918995401485674,0.9969418960244648
0.6919811320754717,0.9969418960244648
0.6920627432480245,0.9969418960244648
0.692144373673036,0.9969418960244648
0.6922260233573198,0.9969418960244648
0.6923076923076923,0.9969418960244648
0.6923893805309734,0.9969418960244648
0.6924710880339863,0.9969418960244648
0.6925528148235571,0.9969418960244648
0.6926345609065155,0.9969418960244648
0.6927163262896943,0.9969418960244648
0.6927981109799292,0.9969418960244648
0.6928799149840595,0.9969418960244648
0.6929617383089277,0.9969418960244648
0.6930435809613795,0.9969418960244648
0.6931254429482636,0.9969418960244648
0.6932073242764324,0.9969418960244648
0.693289224952741,0.9969418960244648
0.6933711449840482,0.9969418960244648
0.6934530843772158,0.9969418960244648
0.6935350431391089,0.9969418960244648
0.6936170212765957,0.9969418960244648
0.693699018796548,0.9969418960244648
0.6937810357058406,0.9969418960244648
0.6938630720113516,0.9969418960244648
0.6939451277199622,0.9969418960244648
0.694027202838557,0.9969418960244648
0.6941092973740242,0.9969418960244648
0.6941914113332545,0.9969418960244648
0.6942735447231424,0.9969418960244648
0.6943556975505857,0.9969418960244648
0.6944378698224852,0.9969418960244648
0.6945200615457451,0.9969418960244648
0.6946022727272727,0.9969418960244648
0.6946845033739789,0.9969418960244648
0.6947667534927776,0.9969418960244648
0.6948490230905862,0.9969418960244648
0.6949313121743249,0.9969418960244648
0.6950136207509179,0.9969418960244648
0.6950959488272921,0.9969418960244648
0.6951782964103779,0.9969418960244648
0.695260663507109,0.9969418960244648
0.6953430501244223,0.9969418960244648
0.6954254562692581,0.9969418960244648
0.69550788194856,0.9969418960244648
0.6955903271692745,0.9969418960244648
0.6956727919383521,0.9969418960244648
0.695755276262746,0.9969418960244648
0.695837780149413,0.9969418960244648
0.6959203036053131,0.9969418960244648
0.6960028466374095,0.9969418960244648
0.696085409252669,0.9969418960244648
0.6961679914580614,0.9969418960244648
0.69625059326056,0.9969418960244648
0.6963332146671414,0.9969418960244648
0.6964158556847851,0.9969418960244648
0.6964985163204748,0.9969418960244648
0.6965811965811965,0.9969418960244648
0.6966638964739404,0.9969418960244648
0.6967466160056993,0.9969418960244648
0.6968293551834699,0.9969418960244648
0.6969121140142518,0.9969418960244648
0.6969948925050481,0.9969418960244648
0.6970776906628653,0.9969418960244648
0.6971605084947131,0.9969418960244648
0.6972433460076045,0.9969418960244648
0.6973262032085561,0.9969418960244648
0.6974090801045876,0.9969418960244648
0.697491976702722,0.9969418960244648
0.6975748930099858,0.9969418960244648
0.6976578290334087,0.9969418960244648
0.6977407847800238,0.9969418960244648
0.6978237602568677,0.9969418960244648
0.69790675547098,0.9969418960244648
0.697989770429404,0.9969418960244648
0.6980728051391863,0.9969418960244648
0.6981558596073766,0.9969418960244648
0.6983220278471974,0.9969418960244648
0.6984051416329445,0.9969418960244648
0.6984882752053327,0.9969418960244648
0.6985714285714286,0.9969418960244648
0.6986546017383022,0.9969418960244648
0.6987377947130269,0.9969418960244648
0.6988210075026795,0.9969418960244648
0.6989042401143402,0.9969418960244648
0.6989874925550923,0.9969418960244648
0.6990707648320229,0.9969418960244648
0.6991540569522221,0.9969418960244648
0.6992373689227837,0.9969418960244648
0.6993207007508044,0.9969418960244648
0.699404052443385,0.9969418960244648
0.6994874240076291,0.9969418960244648
0.6995708154506438,0.9969418960244648
0.6996542267795398,0.9969418960244648
0.699737658001431,0.9969418960244648
0.6998211091234348,0.9969418960244648
0.6999045801526718,0.9969418960244648
0.6999880710962663,0.9969418960244648
0.7000715819613458,0.9969418960244648
0.7001551127550412,0.9969418960244648
0.7002386634844868,0.9969418960244648
0.7004058247791836,0.9969418960244648
0.7004894353587203,0.9969418960244648
0.7005730659025788,0.9969418960244648
0.7006567164179105,0.9969418960244648
0.7007403869118701,0.9969418960244648
0.7008240773916159,0.9969418960244648
0.7009077878643096,0.9969418960244648
0.7009915183371163,0.9969418960244648
0.7010752688172043,0.9969418960244648
0.7011590393117457,0.9969418960244648
0.7012428298279159,0.9969418960244648
0.7013266403728935,0.9969418960244648
0.7014104709538609,0.9969418960244648
0.7014943215780036,0.9969418960244648
0.7015781922525107,0.9969418960244648
0.7016620829845749,0.9969418960244648
0.701745993781392,0.9969418960244648
0.7018299246501615,0.9969418960244648
0.7019138755980862,0.9969418960244648
0.7019978466323723,0.9969418960244648
0.7020818377602297,0.9969418960244648
0.7021658489888716,0.9969418960244648
0.7022498803255146,0.9969418960244648
0.7023339317773788,0.9969418960244648
0.7024180033516878,0.9969418960244648
0.7025020950556686,0.9969418960244648
0.7025862068965517,0.9969418960244648
0.702670338881571,0.9969418960244648
0.7027544910179641,0.9969418960244648
0.7028386633129716,0.9969418960244648
0.7029228557738381,0.9969418960244648
0.7030070684078112,0.9969418960244648
0.7030913012221424,0.9969418960244648
0.7031755542240863,0.9969418960244648
0.7032598274209012,0.9969418960244648
0.703344120819849,0.9969418960244648
0.7034284344281947,0.9969418960244648
0.7035127682532071,0.9969418960244648
0.7035971223021583,0.9969418960244648
0.703681496582324,0.9969418960244648
0.7037658911009834,0.9969418960244648
0.7038503058654192,0.9969418960244648
0.7039347408829175,0.9969418960244648
0.7040191961607678,0.9969418960244648
0.7041036717062635,0.9969418960244648
0.7041881675267011,0.9969418960244648
0.7042726836293807,0.9969418960244648
0.7043572200216061,0.9969418960244648
0.7044417767106843,0.9969418960244648
0.704526353703926,0.9969418960244648
0.7046109510086456,0.9969418960244648
0.7046955686321604,0.9969418960244648
0.704780206581792,0.9969418960244648
0.7048648648648649,0.9969418960244648
0.7049495434887073,0.9969418960244648
0.7050342424606512,0.9969418960244648
0.7051189617880317,0.9969418960244648
0.7052037014781877,0.9969418960244648
0.7052884615384616,0.9969418960244648
0.7053732419761991,0.9969418960244648
0.7054580427987497,0.9969418960244648
0.7055428640134664,0.9969418960244648
0.7056277056277056,0.9969418960244648
0.7057125676488274,0.9969418960244648
0.7057974500841954,0.9969418960244648
0.7058823529411765,0.9969418960244648
0.7059672762271415,0.9969418960244648
0.7060522199494645,0.9969418960244648
0.7061371841155235,0.9969418960244648
0.7062221687326995,0.9969418960244648
0.7063071738083775,0.9969418960244648
0.7063921993499458,0.9969418960244648
0.7064772453647965,0.9969418960244648
0.7065623118603251,0.9969418960244648
0.7066473988439307,0.9969418960244648
0.7067325063230158,0.9969418960244648
0.7068176343049868,0.9969418960244648
0.7069027827972534,0.9969418960244648
0.706987951807229,0.9969418960244648
0.7070731413423303,0.9969418960244648
0.7071583514099783,0.9969418960244648
0.7072435820175967,0.9969418960244648
0.7073288331726133,0.9969418960244648
0.7074141048824593,0.9969418960244648
0.7074993971545696,0.9969418960244648
0.7075847099963825,0.9969418960244648
0.7076700434153401,0.9969418960244648
0.7077553974188879,0.9969418960244648
0.7078407720144753,0.9969418960244648
0.7079261672095548,0.9969418960244648
0.708011583011583,0.9969418960244648
0.7080970194280198,0.9969418960244648
0.7081824764663287,0.9969418960244648
0.708267954133977,0.9969418960244648
0.7083534524384355,0.9969418960244648
0.7084389713871786,0.9969418960244648
0.7085245109876841,0.9969418960244648
0.7086100712474339,0.9969418960244648
0.7086956521739131,0.9969418960244648
0.7087812537746104,0.9969418960244648
0.7088668760570186,0.9969418960244648
0.7089525190286335,0.9969418960244648
0.7090381826969551,0.9969418960244648
0.7091238670694864,0.9969418960244648
0.7092095721537346,0.9969418960244648
0.7092952979572102,0.9969418960244648
0.7093810444874274,0.9969418960244648
0.7094668117519043,0.9969418960244648
0.709552599758162,0.9969418960244648
0.709638408513726,0.9969418960244648
0.7097242380261248,0.9969418960244648
0.709810088302891,0.9969418960244648
0.7098959593515606,0.9969418960244648
0.7099818511796733,0.9969418960244648
0.7100677637947725,0.9969418960244648
0.7101536972044051,0.9969418960244648
0.710239651416122,0.9969418960244648
0.7103256264374773,0.9969418960244648
0.710411622276029,0.9969418960244648
0.7104976389393389,0.9969418960244648
0.7105836764349721,0.9969418960244648
0.7106697347704978,0.9969418960244648
0.7107558139534884,0.9969418960244648
0.7108419139915203,0.9969418960244648
0.7109280348921735,0.9969418960244648
0.7110141766630316,0.9969418960244648
0.711100339311682,0.9969418960244648
0.7111865228457157,0.9969418960244648
0.7112727272727273,0.9969418960244648
0.7113589526003152,0.9969418960244648
0.7114451988360815,0.9969418960244648
0.7115314659876318,0.9969418960244648
0.7116177540625758,0.9969418960244648
0.7117040630685264,0.9969418960244648
0.7117903930131004,0.9969418960244648
0.7118767439039185,0.9969418960244648
0.7119631157486047,0.9969418960244648
0.712049508554787,0.9969418960244648
0.712135922330097,0.9969418960244648
0.7122223570821702,0.9969418960244648
0.7123088128186453,0.9969418960244648
0.7123952895471652,0.9969418960244648
0.7124817872753764,0.9969418960244648
0.7125683060109289,0.9969418960244648
0.7126548457614768,0.9969418960244648
0.7127414065346775,0.9969418960244648
0.7128279883381924,0.9969418960244648
0.7129145911796866,0.9969418960244648
0.7130012150668287,0.9969418960244648
0.7130878600072913,0.9969418960244648
0.7131745260087506,0.9969418960244648
0.7132612130788866,0.9969418960244648
0.7133479212253829,0.9969418960244648
0.713434650455927,0.9969418960244648
0.7135214007782101,0.9969418960244648
0.713608172199927,0.9969418960244648
0.7136949647287765,0.9969418960244648
0.7137817783724608,0.9969418960244648
0.7138686131386861,0.9969418960244648
0.7139554690351624,0.9969418960244648
0.7140423460696033,0.9969418960244648
0.7141292442497261,0.9969418960244648
0.7142161635832522,0.9969418960244648
0.7143031040779063,0.9969418960244648
0.7143900657414171,0.9969418960244648
0.7144770485815171,0.9969418960244648
0.7145640526059425,0.9969418960244648
0.7146510778224333,0.9969418960244648
0.7147381242387333,0.9969418960244648
0.7148251918625899,0.9969418960244648
0.7149122807017544,0.9969418960244648
0.714999390763982,0.9969418960244648
0.7150865220570315,0.9969418960244648
0.7151736745886654,0.9969418960244648
0.7152608483666504,0.9969418960244648
0.7153480433987566,0.9969418960244648
0.7154352596927579,0.9969418960244648
0.7155224972564321,0.9969418960244648
0.715609756097561,0.9969418960244648
0.7156970362239298,0.9969418960244648
0.7157843376433276,0.9969418960244648
0.7158716603635477,0.9969418960244648
0.7159590043923866,0.9969418960244648
0.7160463697376449,0.9969418960244648
0.7161337564071272,0.9969418960244648
0.7162211644086415,0.9969418960244648
0.71630859375,0.9969418960244648
0.7163960444390184,0.9969418960244648
0.7164835164835165,0.9969418960244648
0.7165710098913176,0.9969418960244648
0.7166585246702492,0.9969418960244648
0.7167460608281422,0.9969418960244648
0.7168336183728317,0.9969418960244648
0.7169211973121564,0.9969418960244648
0.717008797653959,0.9969418960244648
0.7170964194060858,0.9969418960244648
0.7171840625763872,0.9969418960244648
0.7172717271727173,0.9969418960244648
0.717359413202934,0.9969418960244648
0.7174471206748991,0.9969418960244648
0.7175348495964784,0.9969418960244648
0.7176225999755411,0.9969418960244648
0.7177103718199609,0.9969418960244648
0.7177981651376146,0.9969418960244648
0.7180616740088106,0.9969418960244648
0.7181495532982499,0.9969418960244648
0.7181150550795594,0.9967720013591573
0.7182029624189007,0.9967720013591573
0.7182908912830558,0.9967720013591573
0.7183788416799314,0.9967720013591573
0.7184668136174381,0.9967720013591573
0.7185548071034905,0.9967720013591573
0.7186428221460068,0.9967720013591573
0.7187308587529094,0.9967720013591573
0.7188189169321245,0.9967720013591573
0.7189069966915819,0.9967720013591573
0.7189950980392157,0.9967720013591573
0.7190832209829636,0.9967720013591573
0.7191713655307673,0.9967720013591573
0.7192595316905726,0.9967720013591573
0.7193477194703286,0.9967720013591573
0.719435928877989,0.9967720013591573
0.7195241599215109,0.9967720013591573
0.7196124126088557,0.9967720013591573
0.7197006869479883,0.9967720013591573
0.7197889829468777,0.9967720013591573
0.719877300613497,0.9967720013591573
0.7199656399558227,0.9967720013591573
0.720054000981836,0.9967720013591573
0.7201423836995213,0.9967720013591573
0.7202307881168671,0.9967720013591573
0.7203192142418662,0.9967720013591573
0.7204076620825147,0.9967720013591573
0.7204961316468133,0.9967720013591573
0.7205846229427659,0.9967720013591573
0.720673135978381,0.9967720013591573
0.7207616707616707,0.9967720013591573
0.7208502273006512,0.9967720013591573
0.7209388056033423,0.9967720013591573
0.7210274056777682,0.9967720013591573
0.7211160275319567,0.9967720013591573
0.7212046711739397,0.9967720013591573
0.7212933366117531,0.9967720013591573
0.7213820238534366,0.9967720013591573
0.7214707329070339,0.9967720013591573
0.7215594637805928,0.9967720013591573
0.7216482164821648,0.9967720013591573
0.7217369910198056,0.9967720013591573
0.7218257874015748,0.9967720013591573
0.7219146056355359,0.9967720013591573
0.7221811915312654,0.9967720013591573
0.7222700972547088,0.9967720013591573
0.7223590248707215,0.9967720013591573
0.7224479743873907,0.9967720013591573
0.7225369458128079,0.9967720013591573
0.7226259391550683,0.9967720013591573
0.7227149544222715,0.9967720013591573
0.7228039916225206,0.9967720013591573
0.7228930507639231,0.9967720013591573
0.7229821318545903,0.9967720013591573
0.7230712349026375,0.9967720013591573
0.7231603599161839,0.9967720013591573
0.7232495069033531,0.9967720013591573
0.7233386758722722,0.9967720013591573
0.7234278668310727,0.9967720013591573
0.72351707978789,0.9967720013591573
0.7236063147508633,0.9967720013591573
0.7236955717281361,0.9967720013591573
0.7237848507278559,0.9967720013591573
0.7238741517581739,0.9967720013591573
0.7239634748272458,0.9967720013591573
0.7240528199432309,0.9967720013591573
0.7241421871142928,0.9967720013591573
0.7242315763485989,0.9967720013591573
0.724320987654321,0.9967720013591573
0.7244104210396345,0.9967720013591573
0.7244998765127192,0.9967720013591573
0.7245893540817587,0.9967720013591573
0.7246788537549407,0.9967720013591573
0.724768375540457,0.9967720013591573
0.7248579194465036,0.9967720013591573
0.7249474854812801,0.9967720013591573
0.7250370736529906,0.9967720013591573
0.725126683969843,0.9967720013591573
0.7252163164400495,0.9967720013591573
0.7253059710718259,0.9967720013591573
0.7253956478733927,0.9967720013591573
0.725485346852974,0.9967720013591573
0.7255750680187979,0.9967720013591573
0.7256648113790971,0.9967720013591573
0.7257545769421079,0.9967720013591573
0.7258443647160707,0.9967720013591573
0.7259341747092304,0.9967720013591573
0.7260240069298354,0.9967720013591573
0.7261138613861386,0.9967720013591573
0.7262037380863968,0.9967720013591573
0.726293637038871,0.9967720013591573
0.7262597499071437,0.9966021066938499
0.7263496780584447,0.9966021066938499
0.7264396284829722,0.9966021066938499
0.7265296011890018,0.9966021066938499
0.7266195961848135,0.9966021066938499
0.7267096134786918,0.9966021066938499
0.7267996530789246,0.9966021066938499
0.7268897149938042,0.9966021066938499
0.7269797992316273,0.9966021066938499
0.7270699058006941,0.9966021066938499
0.7271600347093096,0.9966021066938499
0.7272501859657823,0.9966021066938499
0.7273403595784252,0.9966021066938499
0.7274305555555556,0.9966021066938499
0.7275207739054942,0.9966021066938499
0.7276110146365666,0.9966021066938499
0.7277012777571021,0.9966021066938499
0.7277915632754343,0.9966021066938499
0.7278818711999008,0.9966021066938499
0.7279722015388433,0.9966021066938499
0.7280625543006082,0.9966021066938499
0.7281529294935452,0.9966021066938499
0.7282433271260087,0.9966021066938499
0.7283337472063571,0.9966021066938499
0.728424189742953,0.9966021066938499
0.728514654744163,0.9966021066938499
0.7286051422183579,0.9966021066938499
0.7286956521739131,0.9966021066938499
0.7287861846192073,0.9966021066938499
0.7288767395626242,0.9966021066938499
0.7289673170125512,0.9966021066938499
0.7290579169773801,0.9966021066938499
0.7291485394655065,0.9966021066938499
0.7292391844853306,0.9966021066938499
0.7293298520452568,0.9966021066938499
0.7294205421536931,0.9966021066938499
0.7295112548190523,0.9966021066938499
0.7296019900497512,0.9966021066938499
0.7296927478542107,0.9966021066938499
0.7297835282408559,0.9966021066938499
0.7298743312181162,0.9966021066938499
0.7299651567944251,0.9966021066938499
0.7300560049782203,0.9966021066938499
0.7301468757779438,0.9966021066938499
0.7302377692020415,0.9966021066938499
0.7303286852589641,0.9966021066938499
0.730419623957166,0.9966021066938499
0.7305105853051058,0.9966021066938499
0.7306015693112468,0.9966021066938499
0.7306925759840558,0.9966021066938499
0.7307836053320045,0.9966021066938499
0.7308746573635684,0.9966021066938499
0.7309657320872274,0.9966021066938499
0.7310568295114656,0.9966021066938499
0.7311479496447713,0.9966021066938499
0.731239092495637,0.9966021066938499
0.7313302580725596,0.9966021066938499
0.7314214463840399,0.9966021066938499
0.7315126574385834,0.9966021066938499
0.7316038912446994,0.9966021066938499
0.7316951478109018,0.9966021066938499
0.7317864271457086,0.9966021066938499
0.7318777292576419,0.9966021066938499
0.7319690541552284,0.9966021066938499
0.7320604018469986,0.9966021066938499
0.7321517723414878,0.9966021066938499
0.732334581772784,0.9966021066938499
0.7324260207266825,0.9966021066938499
0.7325174825174825,0.9966021066938499
0.7326089671537405,0.9966021066938499
0.732700474644017,0.9966021066938499
0.7327920049968769,0.9966021066938499
0.7328835582208896,0.9966021066938499
0.7329751343246282,0.9966021066938499
0.7330667333166708,0.9966021066938499
0.7331583552055994,0.9966021066938499
0.73325,0.9966021066938499
0.7333416677084635,0.9966021066938499
0.7334333583395849,0.9966021066938499
0.7335250719019633,0.9966021066938499
0.7336168084042021,0.9966021066938499
0.7337085678549093,0.9966021066938499
0.7338003502626971,0.9966021066938499
0.7338921556361817,0.9966021066938499
0.733983983983984,0.9966021066938499
0.7340758353147291,0.9966021066938499
0.7340425531914894,0.9964322120285423
0.7341344348479159,0.9964322120285423
0.7342263395092639,0.9964322120285423
0.7343182671841743,0.9964322120285423
0.7344102178812922,0.9964322120285423
0.7345021916092673,0.9964322120285423
0.7345941883767535,0.9964322120285423
0.7346862081924088,0.9964322120285423
0.734778251064896,0.9964322120285423
0.7348703170028819,0.9964322120285423
0.7349624060150376,0.9964322120285423
0.7350545181100389,0.9964322120285423
0.7351466532965656,0.9964322120285423
0.735238811583302,0.9964322120285423
0.7353309929789368,0.9964322120285423
0.735423197492163,0.9964322120285423
0.735515425131678,0.9964322120285423
0.7356076759061834,0.9964322120285423
0.7356999498243854,0.9964322120285423
0.7357922468949943,0.9964322120285423
0.7358845671267252,0.9964322120285423
0.7359769105282972,0.9964322120285423
0.7360692771084337,0.9964322120285423
0.7361616668758629,0.9964322120285423
0.7362540798393171,0.9964322120285423
0.736346516007533,0.9964322120285423
0.7364389753892516,0.9964322120285423
0.7365314579932186,0.9964322120285423
0.7366239638281838,0.9964322120285423
0.7367164929029016,0.9964322120285423
0.7368090452261307,0.9964322120285423
0.736901620806634,0.9964322120285423
0.7369942196531792,0.9964322120285423
0.7370868417745381,0.9964322120285423
0.7371794871794872,0.9964322120285423
0.7372721558768071,0.9964322120285423
0.7373648478752829,0.9964322120285423
0.7374575631837043,0.9964322120285423
0.7375503018108652,0.9964322120285423
0.7376430637655641,0.9964322120285423
0.7377358490566037,0.9964322120285423
0.7378286576927916,0.9964322120285423
0.7379214896829391,0.9964322120285423
0.7380143450358626,0.9964322120285423
0.7381072237603826,0.9964322120285423
0.7382001258653241,0.9964322120285423
0.7382930513595166,0.9964322120285423
0.738386000251794,0.9964322120285423
0.7384789725509947,0.9964322120285423
0.7385719682659615,0.9964322120285423
0.7386649874055415,0.9964322120285423
0.7387580299785867,0.9964322120285423
0.7388510959939532,0.9964322120285423
0.7389441854605014,0.9964322120285423
0.7390372983870968,0.9964322120285423
0.7391304347826086,0.9964322120285423
0.7392235946559113,0.9964322120285423
0.739316778015883,0.9964322120285423
0.739409984871407,0.9964322120285423
0.7395032152313705,0.9964322120285423
0.7395964691046658,0.9964322120285423
0.7396897465001891,0.9964322120285423
0.7397830474268415,0.9964322120285423
0.7398763718935284,0.9964322120285423
0.7399697199091597,0.9964322120285423
0.7400630914826498,0.9964322120285423
0.7401564866229177,0.9964322120285423
0.7402499053388868,0.9964322120285423
0.740343347639485,0.9964322120285423
0.7404368135336448,0.9964322120285423
0.740530303030303,0.9964322120285423
0.7406238161384013,0.9964322120285423
0.7407173528668856,0.9964322120285423
0.7408109132247064,0.9964322120285423
0.7409044972208186,0.9964322120285423
0.7411853911285227,0.9964322120285423
0.7412790697674418,0.9964322120285423
0.7413727720894956,0.9964322120285423
0.7414664981036663,0.9964322120285423
0.7415602478189405,0.9964322120285423
0.7416540212443096,0.9964322120285423
0.7417478183887695,0.9964322120285423
0.7418416392613205,0.9964322120285423
0.7419354838709677,0.9964322120285423
0.7420293522267206,0.9964322120285423
0.7421232443375934,0.9964322120285423
0.7422171602126044,0.9964322120285423
0.7423110998607771,0.9964322120285423
0.7424050632911392,0.9964322120285423
0.7424990505127231,0.9964322120285423
0.7425930615345657,0.9964322120285423
0.7426870963657085,0.9964322120285423
0.7427811550151976,0.9964322120285423
0.7428752374920836,0.9964322120285423
0.7430634739642722,0.9964322120285423
0.7430309173846934,0.9962623173632348
0.7431250792041566,0.9962623173632348
0.7432192648922687,0.9962623173632348
0.7433134744581062,0.9962623173632348
0.7434077079107505,0.9962623173632348
0.7435019652592875,0.9962623173632348
0.7435962465128075,0.9962623173632348
0.7436905516804059,0.9962623173632348
0.7437848807711821,0.9962623173632348
0.7438792337942408,0.9962623173632348
0.7439736107586907,0.9962623173632348
0.7440680116736454,0.9962623173632348
0.7441624365482233,0.9962623173632348
0.7442568853915471,0.9962623173632348
0.7443513582127443,0.9962623173632348
0.7444458550209471,0.9962623173632348
0.744540375825292,0.9962623173632348
0.7446349206349206,0.9962623173632348
0.7447294894589789,0.9962623173632348
0.7448240823066176,0.9962623173632348
0.7449186991869918,0.9962623173632348
0.7450133401092619,0.9962623173632348
0.7451080050825921,0.9962623173632348
0.745202694116152,0.9962623173632348
0.7452974072191154,0.9962623173632348
0.745392144400661,0.9962623173632348
0.745486905669972,0.9962623173632348
0.7455816910362365,0.9962623173632348
0.745676500508647,0.9962623173632348
0.7457713340964008,0.9962623173632348
0.7458661918087001,0.9962623173632348
0.7459610736547513,0.9962623173632348
0.7460559796437659,0.9962623173632348
0.7461509097849599,0.9962623173632348
0.7462458640875541,0.9962623173632348
0.7463408425607738,0.9962623173632348
0.7464358452138493,0.9962623173632348
0.7465308720560153,0.9962623173632348
0.7466259230965113,0.9962623173632348
0.7467209983445817,0.9962623173632348
0.7468160978094753,0.9962623173632348
0.7469112215004458,0.9962623173632348
0.7470063694267516,0.9962623173632348
0.7471015415976557,0.9962623173632348
0.7471967380224261,0.9962623173632348
0.7472919587103352,0.9962623173632348
0.7473872036706602,0.9962623173632348
0.7474824729126832,0.9962623173632348
0.747577766445691,0.9962623173632348
0.7476730842789748,0.9962623173632348
0.7477684264218312,0.9962623173632348
0.7478637928835608,0.9962623173632348
0.7479591836734694,0.9962623173632348
0.7480545988008674,0.9962623173632348
0.7481500382750702,0.9962623173632348
0.7482455021053974,0.9962623173632348
0.7483409903011741,0.9962623173632348
0.7484365028717295,0.9962623173632348
0.7485320398263977,0.9962623173632348
0.7486276011745181,0.9962623173632348
0.7487231869254342,0.9962623173632348
0.7489144316730524,0.9962623173632348
0.7490100906884659,0.9962623173632348
0.7491057741440981,0.9962623173632348
0.7492014820493165,0.9962623173632348
0.7492972144134935,0.9962623173632348
0.7493929712460063,0.9962623173632348
0.7494887525562373,0.9962623173632348
0.7495845583535728,0.9962623173632348
0.7496803886474047,0.9962623173632348
0.7497762434471296,0.9962623173632348
0.7498721227621483,0.9962623173632348
0.7499680266018672,0.9962623173632348
0.7500639549756971,0.9962623173632348
0.7501599078930536,0.9962623173632348
0.7502558853633572,0.9962623173632348
0.7503518873960333,0.9962623173632348
0.7504479140005119,0.9962623173632348
0.7505439651862281,0.9962623173632348
0.7506400409626216,0.9962623173632348
0.7507361413391371,0.9962623173632348
0.750832266325224,0.9962623173632348
0.7509284159303368,0.9962623173632348
0.7510245901639344,0.9962623173632348
0.751120789035481,0.9962623173632348
0.7512170125544453,0.9962623173632348
0.7513132607303011,0.9962623173632348
0.7514095335725269,0.9962623173632348
0.7515058310906062,0.9962623173632348
0.7516021532940271,0.9962623173632348
0.751698500192283,0.9962623173632348
0.7517948717948718,0.9962623173632348
0.7518912681112964,0.9962623173632348
0.7519876891510644,0.9962623173632348
0.7520841349236886,0.9962623173632348
0.7522771007055805,0.9962623173632348
0.7523736207338979,0.9962623173632348
0.7524701655331708,0.9962623173632348
0.7525667351129364,0.9962623173632348
0.7526633294827365,0.9962623173632348
0.7527599486521181,0.9962623173632348
0.752856592630633,0.9962623173632348
0.7529532614278377,0.9962623173632348
0.753049955053294,0.9962623173632348
0.7531466735165682,0.9962623173632348
0.7532434168272318,0.9962623173632348
0.7533401849948612,0.9962623173632348
0.7534369780290376,0.9962623173632348
0.7535337959393472,0.9962623173632348
0.753630638735381,0.9962623173632348
0.7537275064267352,0.9962623173632348
0.7538243990230107,0.9962623173632348
0.7539213165338133,0.9962623173632348
0.7540182589687541,0.9962623173632348
0.7541152263374485,0.9962623173632348
0.7542122186495177,0.9962623173632348
0.7544062781422874,0.9962623173632348
0.7545033453422543,0.9962623173632348
0.7546004375241282,0.9962623173632348
0.7546975546975547,0.9962623173632348
0.7547946968721844,0.9962623173632348
0.7548918640576725,0.9962623173632348
0.7549890562636796,0.9962623173632348
0.7550862734998712,0.9962623173632348
0.7551835157759176,0.9962623173632348
0.755280783101494,0.9962623173632348
0.7553780754862811,0.9962623173632348
0.7554753929399639,0.9962623173632348
0.7555727354722329,0.9962623173632348
0.7556701030927835,0.9962623173632348
0.7557674958113159,0.9962623173632348
0.7558649136375355,0.9962623173632348
0.7559623565811525,0.9962623173632348
0.7560598246518824,0.9962623173632348
0.7561573178594455,0.9962623173632348
0.7562548362135671,0.9962623173632348
0.7563523797239778,0.9962623173632348
0.7564499484004128,0.9962623173632348
0.7565475422526126,0.9962623173632348
0.7566451612903226,0.9962623173632348
0.7567428055232933,0.9962623173632348
0.7568404749612804,0.9962623173632348
0.7569381696140441,0.9962623173632348
0.7570358894913504,0.9962623173632348
0.7571336346029697,0.9962623173632348
0.7572314049586777,0.9962623173632348
0.7573292005682551,0.9962623173632348
0.757427021441488,0.9962623173632348
0.757524867588167,0.9962623173632348
0.7576227390180879,0.9962623173632348
0.7577206357410519,0.9962623173632348
0.7578185577668648,0.9962623173632348
0.757916505105338,0.9962623173632348
0.7580144777662875,0.9962623173632348
0.7581124757595346,0.9962623173632348
0.7582104990949056,0.9962623173632348
0.758308547782232,0.9962623173632348
0.7584066218313502,0.9962623173632348
0.7585047212521019,0.9962623173632348
0.7586028460543338,0.9962623173632348
0.7587009962478976,0.9962623173632348
0.7587991718426501,0.9962623173632348
0.7588973728484535,0.9962623173632348
0.7589955992751747,0.9962623173632348
0.7590938511326861,0.9962623173632348
0.7591921284308648,0.9962623173632348
0.7592904311795934,0.9962623173632348
0.7593887593887594,0.9962623173632348
0.7594871130682554,0.9962623173632348
0.7595854922279792,0.9962623173632348
0.7596838968778339,0.9962623173632348
0.7597823270277274,0.9962623173632348
0.7598807826875729,0.9962623173632348
0.7599792638672888,0.9962623173632348
0.7600777705767985,0.9962623173632348
0.7601763028260305,0.9962623173632348
0.760274860624919,0.9962623173632348
0.7603734439834025,0.9962623173632348
0.7604720529114253,0.9962623173632348
0.7605706874189364,0.9962623173632348
0.7606693475158905,0.9962623173632348
0.7607680332122471,0.9962623173632348
0.7608667445179707,0.9962623173632348
0.7609654814430314,0.9962623173632348
0.7610642439974042,0.9962623173632348
0.7611630321910696,0.9962623173632348
0.7612618460340127,0.9962623173632348
0.7613606855362244,0.9962623173632348
0.7614595507077003,0.9962623173632348
0.7615584415584415,0.9962623173632348
0.7616573580984544,0.9962623173632348
0.7617563003377501,0.9962623173632348
0.761954261954262,0.9962623173632348
0.762053281351527,0.9962623173632348
0.7621523264881725,0.9962623173632348
0.7622513973742363,0.9962623173632348
0.7623504940197607,0.9962623173632348
0.7624496164347939,0.9962623173632348
0.7625487646293888,0.9962623173632348
0.7626479386136038,0.9962623173632348
0.7627471383975026,0.9962623173632348
0.7628463639911539,0.9962623173632348
0.7629456154046318,0.9962623173632348
0.7630448926480156,0.9962623173632348
0.7631441957313899,0.9962623173632348
0.7632435246648445,0.9962623173632348
0.7633428794584743,0.9962623173632348
0.7634422601223799,0.9962623173632348
0.7635416666666667,0.9962623173632348
0.7636410991014455,0.9962623173632348
0.7637405574368326,0.9962623173632348
0.7638400416829491,0.9962623173632348
0.7639395518499218,0.9962623173632348
0.7640390879478828,0.9962623173632348
0.764138649986969,0.9962623173632348
0.764238237977323,0.9962623173632348
0.7643378519290928,0.9962623173632348
0.7644374918524313,0.9962623173632348
0.7645371577574968,0.9962623173632348
0.764636849654453,0.9962623173632348
0.764736567553469,0.9962623173632348
0.764836311464719,0.9962623173632348
0.7649360813983824,0.9962623173632348
0.7650358773646445,0.9962623173632348
0.7651356993736952,0.9962623173632348
0.7652355474357301,0.9962623173632348
0.7653354215609501,0.9962623173632348
0.7654353217595614,0.9962623173632348
0.7655352480417754,0.9962623173632348
0.7656352004178091,0.9962623173632348
0.7657351788978846,0.9962623173632348
0.7658351834922293,0.9962623173632348
0.7659352142110762,0.9962623173632348
0.7660352710646636,0.9962623173632348
0.766135354063235,0.9962623173632348
0.7662354632170391,0.9962623173632348
0.7663355985363304,0.9962623173632348
0.7664357600313685,0.9962623173632348
0.7665359477124183,0.9962623173632348
0.7666361615897503,0.9962623173632348
0.7667364016736402,0.9962623173632348
0.766836667974369,0.9962623173632348
0.7669369605022234,0.9962623173632348
0.7670372792674951,0.9962623173632348
0.7671376242804814,0.9962623173632348
0.767237995551485,0.9962623173632348
0.767338393090814,0.9962623173632348
0.7674388169087816,0.9962623173632348
0.7675392670157068,0.9962623173632348
0.7676397434219139,0.9962623173632348
0.7677402461377324,0.9962623173632348
0.7678407751734975,0.9962623173632348
0.7679413305395495,0.9962623173632348
0.7680419122462344,0.9962623173632348
0.7681425203039036,0.9962623173632348
0.7682431547229137,0.9962623173632348
0.7683438155136268,0.9962623173632348
0.7684445026864107,0.9962623173632348
0.7685452162516383,0.9962623173632348
0.768645956219688,0.9962623173632348
0.7687467226009439,0.9962623173632348
0.7688475154057952,0.9962623173632348
0.7689483346446367,0.9962623173632348
0.7690491803278688,0.9962623173632348
0.7691500524658972,0.9962623173632348
0.7692509510691329,0.9962623173632348
0.7693518761479926,0.9962623173632348
0.7694528277128986,0.9962623173632348
0.7696548103425647,0.9962623173632348
0.7697558414281964,0.9962623173632348
0.7698568990416175,0.9962623173632348
0.7698266806722689,0.9960924226979273
0.7699277741300066,0.9960924226979273
0.7700288941423693,0.9960924226979273
0.7701300407198214,0.9960924226979273
0.7702312138728323,0.9960924226979273
0.7703324136118775,0.9960924226979273
0.7704336399474376,0.9960924226979273
0.7705348928899987,0.9960924226979273
0.7706361724500526,0.9960924226979273
0.7707374786380965,0.9960924226979273
0.7708388114646332,0.9960924226979273
0.770940170940171,0.9960924226979273
0.7710415570752236,0.9960924226979273
0.7711429698803104,0.9960924226979273
0.7713458755426917,0.9960924226979273
0.7714473684210527,0.9960924226979273
0.7715488880115805,0.9960924226979273
0.7718536071616641,0.9960924226979273
0.7719552337063857,0.9960924226979273
0.7720568870160653,0.9960924226979273
0.7721585671012775,0.9960924226979273
0.7722602739726028,0.9960924226979273
0.772230272691345,0.9959225280326198
0.7723320158102767,0.9959225280326198
0.7724337857425221,0.9959225280326198
0.7725355824986821,0.9959225280326198
0.7726374060893634,0.9959225280326198
0.7727392565251779,0.9959225280326198
0.7728411338167436,0.9959225280326198
0.7729430379746836,0.9959225280326198
0.7730449690096268,0.9959225280326198
0.7731469269322079,0.9959225280326198
0.7732489117530669,0.9959225280326198
0.7733509234828496,0.9959225280326198
0.7734529621322074,0.9959225280326198
0.773657120232282,0.9959225280326198
0.7737592397043295,0.9959225280326198
0.7738613861386139,0.9959225280326198
0.7739635595458146,0.9959225280326198
0.774065759936617,0.9959225280326198
0.7741679873217115,0.9959225280326198
0.774270241711795,0.9959225280326198
0.7743725231175693,0.9959225280326198
0.7744748315497424,0.9959225280326198
0.7745771670190275,0.9959225280326198
0.7746795295361438,0.9959225280326198
0.774781919111816,0.9959225280326198
0.7748843357567746,0.9959225280326198
0.7749867794817556,0.9959225280326198
0.775089250297501,0.9959225280326198
0.775191748214758,0.9959225280326198
0.7752942732442799,0.9959225280326198
0.7752645502645502,0.9957526333673122
0.7753671120518587,0.9957526333673122
0.775469700979095,0.9957526333673122
0.7755723170570332,0.9957526333673122
0.7756749602964531,0.9957526333673122
0.7756452680344142,0.9955827387020048
0.7757479481069632,0.9955827387020048
0.7758506553687277,0.9955827387020048
0.7759533898305084,0.9955827387020048
0.7760561515031121,0.9955827387020048
0.776158940397351,0.9955827387020048
0.776261756524043,0.9955827387020048
0.7764674705180866,0.9955827387020048
0.7765703684071031,0.9955827387020048
0.776673293571902,0.9955827387020048
0.7767762460233298,0.9955827387020048
0.7768792257722391,0.9955827387020048
0.7769822328294882,0.9955827387020048
0.7770852672059408,0.9955827387020048
0.7771883289124668,0.9955827387020048
0.7772914179599416,0.9955827387020048
0.7773945343592464,0.9955827387020048
0.7774976781212684,0.9955827387020048
0.7776008492569002,0.9955827387020048
0.7777040477770405,0.9955827387020048
0.7778072736925936,0.9955827387020048
0.7779105270144697,0.9955827387020048
0.7780138077535848,0.9955827387020048
0.7781171159208604,0.9955827387020048
0.7782204515272244,0.9955827387020048
0.77832381458361,0.9955827387020048
0.7784272051009564,0.9955827387020048
0.7785306230902086,0.9955827387020048
0.7786340685623173,0.9955827387020048
0.7787375415282392,0.9955827387020048
0.7788410419989368,0.9955827387020048
0.7789445699853782,0.9955827387020048
0.7790481254985376,0.9955827387020048
0.779151708549395,0.9955827387020048
0.7792553191489362,0.9955827387020048
0.7793589573081526,0.9955827387020048
0.7795663163496076,0.9955827387020048
0.7797737857618097,0.9955827387020048
0.7798775618844823,0.9955827387020048
0.779981365632903,0.9955827387020048
0.7800851970181044,0.9955827387020048
0.780189056051125,0.9955827387020048
0.7802929427430093,0.9955827387020048
0.7803968571048076,0.9955827387020048
0.780500799147576,0.9955827387020048
0.7806047688823764,0.9955827387020048
0.7807087663202771,0.9955827387020048
0.7808127914723517,0.9955827387020048
0.7809168443496801,0.9955827387020048
0.781020924963348,0.9955827387020048
0.7811250333244468,0.9955827387020048
0.7812291694440742,0.9955827387020048
0.7813333333333333,0.9955827387020048
0.7814375250033337,0.9955827387020048
0.7815417444651908,0.9955827387020048
0.7816459917300254,0.9955827387020048
0.7817502668089648,0.9955827387020048
0.781854569713142,0.9955827387020048
0.7819589004536963,0.9955827387020048
0.7820632590417723,0.9955827387020048
0.7821676454885211,0.9955827387020048
0.7822720598050995,0.9955827387020048
0.7823765020026703,0.9955827387020048
0.7824809720924022,0.9955827387020048
0.7825854700854701,0.9955827387020048
0.7826899959930547,0.9955827387020048
0.7827945498263426,0.9955827387020048
0.7828991315965264,0.9955827387020048
0.7830037413148049,0.9955827387020048
0.7831083789923827,0.9955827387020048
0.7832130446404705,0.9955827387020048
0.7833177382702847,0.9955827387020048
0.7834224598930482,0.9955827387020048
0.7835272095199893,0.9955827387020048
0.7836319871623428,0.9955827387020048
0.7837367928313494,0.9955827387020048
0.7838416265382557,0.9955827387020048
0.7839464882943143,0.9955827387020048
0.7840513781107841,0.9955827387020048
0.7841562959989294,0.9955827387020048
0.7842612419700214,0.9955827387020048
0.7843662160353366,0.9955827387020048
0.784471218206158,0.9955827387020048
0.7845762484937743,0.9955827387020048
0.7846813069094805,0.9955827387020048
0.7847863934645775,0.9955827387020048
0.7848915081703723,0.9955827387020048
0.7849966510381782,0.9955827387020048
0.785101822079314,0.9955827387020048
0.7852070213051052,0.9955827387020048
0.7853122487268829,0.9955827387020048
0.7854175043559845,0.9955827387020048
0.7855227882037533,0.9955827387020048
0.7856281002815391,0.9955827387020048
0.7857334406006973,0.9955827387020048
0.7858388091725895,0.9955827387020048
0.7859442060085837,0.9955827387020048
0.7860496311200537,0.9955827387020048
0.7861550845183793,0.9955827387020048
0.786260566214947,0.9955827387020048
0.7863660762211487,0.9955827387020048
0.7864716145483828,0.9955827387020048
0.7865771812080536,0.9955827387020048
0.786682776211572,0.9955827387020048
0.7867883995703545,0.9955827387020048
0.7868940512958238,0.9955827387020048
0.786999731399409,0.9955827387020048
0.7871054398925453,0.9955827387020048
0.7872111767866738,0.9955827387020048
0.787316942093242,0.9955827387020048
0.7874227358237033,0.9955827387020048
0.7875285579895175,0.9955827387020048
0.7876344086021505,0.9955827387020048
0.7877402876730744,0.9955827387020048
0.7878461952137671,0.9955827387020048
0.7879521312357133,0.9955827387020048
0.7880580957504034,0.9955827387020048
0.7881640887693342,0.9955827387020048
0.7882701103040086,0.9955827387020048
0.7883761603659357,0.9955827387020048
0.7884822389666308,0.9955827387020048
0.7885883461176154,0.9955827387020048
0.7886944818304172,0.9955827387020048
0.7888006461165702,0.9955827387020048
0.7889068389876144,0.9955827387020048
0.7890130604550962,0.9955827387020048
0.7891193105305683,0.9955827387020048
0.7892255892255893,0.9955827387020048
0.7893318965517241,0.9955827387020048
0.7894382325205442,0.9955827387020048
0.789544597143627,0.9955827387020048
0.7896509904325563,0.9955827387020048
0.7897574123989218,0.9955827387020048
0.78986386305432,0.9955827387020048
0.7899703424103532,0.9955827387020048
0.7900768504786302,0.9955827387020048
0.7901833872707659,0.9955827387020048
0.7902899527983817,0.9955827387020048
0.7903965470731049,0.9955827387020048
0.7905031701065696,0.9955827387020048
0.7906098219104155,0.9955827387020048
0.7907165024962893,0.9955827387020048
0.7908232118758435,0.9955827387020048
0.790929950060737,0.9955827387020048
0.791036717062635,0.9955827387020048
0.7912503375641372,0.9955827387020048
0.7913571910871033,0.9955827387020048
0.791464073473798,0.9955827387020048
0.7915709847359179,0.9955827387020048
0.7916779248851662,0.9955827387020048
0.7917848939332522,0.9955827387020048
0.7918918918918919,0.9955827387020048
0.7919989187728071,0.9955827387020048
0.7921059745877264,0.9955827387020048
0.7922130593483845,0.9955827387020048
0.7923201730665225,0.9955827387020048
0.7924273157538878,0.9955827387020048
0.7925344874222342,0.9955827387020048
0.792641688083322,0.9955827387020048
0.7927489177489178,0.9955827387020048
0.7928561764307942,0.9955827387020048
0.7929634641407307,0.9955827387020048
0.793070780890513,0.9955827387020048
0.7931781266919329,0.9955827387020048
0.793285501556789,0.9955827387020048
0.793392905496886,0.9955827387020048
0.7935003385240352,0.9955827387020048
0.7936078006500542,0.9955827387020048
0.7937152918867669,0.9955827387020048
0.7938228122460038,0.9955827387020048
0.7939303617396016,0.9955827387020048
0.7940379403794038,0.9955827387020048
0.7941455481772598,0.9955827387020048
0.7942531851450257,0.9955827387020048
0.7943608512945642,0.9955827387020048
0.794468546637744,0.9955827387020048
0.7945762711864407,0.9955827387020048
0.794684024952536,0.9955827387020048
0.794791807947918,0.9955827387020048
0.7948996201844818,0.9955827387020048
0.7950074616741284,0.9955827387020048
0.7951153324287653,0.9955827387020048
0.7952232324603067,0.9955827387020048
0.7953311617806732,0.9955827387020048
0.7954391204017918,0.9955827387020048
0.7955471083355959,0.9955827387020048
0.7956551255940258,0.9955827387020048
0.7957631721890277,0.9955827387020048
0.7958712481325547,0.9955827387020048
0.7959793534365661,0.9955827387020048
0.7960874881130281,0.9955827387020048
0.7961956521739131,0.9955827387020048
0.7963038456311999,0.9955827387020048
0.7964120684968742,0.9955827387020048
0.7965203207829278,0.9955827387020048
0.7966286025013595,0.9955827387020048
0.796736913664174,0.9955827387020048
0.7968452542833832,0.9955827387020048
0.796953624371005,0.9955827387020048
0.7970620239390642,0.9955827387020048
0.7971704529995919,0.9955827387020048
0.7972789115646258,0.9955827387020048
0.7973873996462104,0.9955827387020048
0.7974959172563963,0.9955827387020048
0.7974683544303798,0.9954128440366973
0.7975769126054996,0.9954128440366973
0.7976855003403676,0.9954128440366973
0.7977941176470589,0.9954128440366973
0.797902764537655,0.9954128440366973
0.798011441024244,0.9954128440366973
0.7981201471189211,0.9954128440366973
0.7982288828337875,0.9954128440366973
0.7983376481809511,0.9954128440366973
0.7984464431725266,0.9954128440366973
0.7985552678206351,0.9954128440366973
0.7986641221374046,0.9954128440366973
0.7987730061349694,0.9954128440366973
0.7988819198254704,0.9954128440366973
0.7990998363338789,0.9954128440366973
0.7992088391761015,0.9954128440366973
0.7993178717598909,0.9954128440366973
0.7994269340974212,0.9954128440366973
0.7995360262008734,0.9954128440366973
0.7996451480824348,0.9954128440366973
0.7997542997542998,0.9954128440366973
0.7998634812286689,0.9954128440366973
0.7999726925177498,0.9954128440366973
0.8000819336337567,0.9954128440366973
0.8001912045889101,0.9954128440366973
0.8003005053954377,0.9954128440366973
0.8004098360655738,0.9954128440366973
0.8005191966115589,0.9954128440366973
0.8006285870456409,0.9954128440366973
0.8007380073800738,0.9954128440366973
0.8008474576271186,0.9954128440366973
0.8009569377990431,0.9954128440366973
0.8010664479081214,0.9954128440366973
0.8011759879666348,0.9954128440366973
0.8012855579868708,0.9954128440366973
0.8013951579811244,0.9954128440366973
0.8015047879616963,0.9954128440366973
0.801477630318785,0.9952429493713897
0.8015873015873016,0.9952429493713897
0.8016970028739565,0.9952429493713897
0.8018067341910758,0.9952429493713897
0.8019164955509924,0.9952429493713897
0.802026286966046,0.9952429493713897
0.8021361084485827,0.9952429493713897
0.8022459600109559,0.9952429493713897
0.8023558416655253,0.9952429493713897
0.8024657534246575,0.9952429493713897
0.8025756953007261,0.9952429493713897
0.8026856673061112,0.9952429493713897
0.8027956694531999,0.9952429493713897
0.8029057017543859,0.9952429493713897
0.8030157642220699,0.9952429493713897
0.8031258568686592,0.9952429493713897
0.8032359797065679,0.9952429493713897
0.8033461327482172,0.9952429493713897
0.8034563160060348,0.9952429493713897
0.8035665294924554,0.9952429493713897
0.8036767732199205,0.9952429493713897
0.8037870472008781,0.9952429493713897
0.8038973514477837,0.9952429493713897
0.8040076859730991,0.9952429493713897
0.8041180507892931,0.9952429493713897
0.8042284459088413,0.9952429493713897
0.8043388713442263,0.9952429493713897
0.8044493271079374,0.9952429493713897
0.8045598132124708,0.9952429493713897
0.8046703296703297,0.9952429493713897
0.8047808764940239,0.9952429493713897
0.8048914536960704,0.9952429493713897
0.8050020612889928,0.9952429493713897
0.8051126992853216,0.9952429493713897
0.8052233676975945,0.9952429493713897
0.8053340665383558,0.9952429493713897
0.8054447958201567,0.9952429493713897
0.8055555555555556,0.9952429493713897
0.8056663457571173,0.9952429493713897
0.805777166437414,0.9952429493713897
0.8058880176090246,0.9952429493713897
0.8059988992845349,0.9952429493713897
0.8061098114765378,0.9952429493713897
0.8062207541976328,0.9952429493713897
0.8063317274604267,0.9952429493713897
0.8064427312775331,0.9952429493713897
0.8065537656615723,0.9952429493713897
0.8066648306251721,0.9952429493713897
0.8067759261809668,0.9952429493713897
0.8068870523415977,0.9952429493713897
0.8069982091197134,0.9952429493713897
0.8071093965279691,0.9952429493713897
0.8072206145790272,0.9952429493713897
0.8073318632855567,0.9952429493713897
0.8074431426602343,0.9952429493713897
0.807554452715743,0.9952429493713897
0.8076657934647732,0.9952429493713897
0.807777164920022,0.9952429493713897
0.8078885670941939,0.9952429493713897
0.808,0.9952429493713897
0.8081114636501586,0.9952429493713897
0.8082229580573952,0.9952429493713897
0.8083344832344418,0.9952429493713897
0.8084460391940381,0.9952429493713897
0.8085576259489303,0.9952429493713897
0.8086692435118719,0.9952429493713897
0.8087808918956234,0.9952429493713897
0.8088925711129522,0.9952429493713897
0.809004281176633,0.9952429493713897
0.8091160220994476,0.9952429493713897
0.8092277938941843,0.9952429493713897
0.8093395965736391,0.9952429493713897
0.8094514301506149,0.9952429493713897
0.8095632946379215,0.9952429493713897
0.809675190048376,0.9952429493713897
0.8097871163948023,0.9952429493713897
0.8098990736900318,0.9952429493713897
0.8100110619469026,0.9952429493713897
0.8101230811782603,0.9952429493713897
0.8102351313969571,0.9952429493713897
0.8103472126158529,0.9952429493713897
0.810459324847814,0.9952429493713897
0.8105714681057147,0.9952429493713897
0.8106836424024356,0.9952429493713897
0.8109080841638981,0.9952429493713897
0.8110203516544372,0.9952429493713897
0.8111326502353918,0.9952429493713897
0.8112449799196787,0.9952429493713897
0.8113573407202216,0.9952429493713897
0.8114697326499515,0.9952429493713897
0.8115821557218066,0.9952429493713897
0.8116946099487322,0.9952429493713897
0.8118070953436807,0.9952429493713897
0.8119196119196119,0.9952429493713897
0.8120321596894926,0.9952429493713897
0.812144738666297,0.9952429493713897
0.812257348863006,0.9952429493713897
0.8123699902926085,0.9952429493713897
0.8124826629680999,0.9952429493713897
0.8128208685999723,0.9952429493713897
0.8129336663891201,0.9952429493713897
0.8130464954892436,0.9952429493713897
0.8131593559133815,0.9952429493713897
0.8132722476745801,0.9952429493713897
0.8133851707858928,0.9952429493713897
0.8134981252603805,0.9952429493713897
0.8136111111111111,0.9952429493713897
0.8137241283511599,0.9952429493713897
0.8138371769936094,0.9952429493713897
0.8139502570515492,0.9952429493713897
0.8140633685380767,0.9952429493713897
0.814176511466296,0.9952429493713897
0.8142896858493188,0.9952429493713897
0.8144028917002641,0.9952429493713897
0.8145161290322581,0.9952429493713897
0.8147426981919332,0.9952429493713897
0.8148560300459035,0.9952429493713897
0.8149693934335003,0.9952429493713897
0.8150827883678865,0.9952429493713897
0.8151962148622321,0.9952429493713897
0.8153096729297147,0.9952429493713897
0.8154231625835189,0.9952429493713897
0.815536683836837,0.9952429493713897
0.8156502367028683,0.9952429493713897
0.8157638211948197,0.9952429493713897
0.8158774373259053,0.9952429493713897
0.8159910851093467,0.9952429493713897
0.8161047645583728,0.9952429493713897
0.8162184756862199,0.9952429493713897
0.8163322185061316,0.9952429493713897
0.8164459930313589,0.9952429493713897
0.8165597992751603,0.9952429493713897
0.8166736372508017,0.9952429493713897
0.816787506971556,0.9952429493713897
0.8169014084507042,0.9952429493713897
0.8170153417015342,0.9952429493713897
0.8171293067373413,0.9952429493713897
0.8172433035714286,0.9952429493713897
0.8173573322171062,0.9952429493713897
0.8174713926876919,0.9952429493713897
0.8175854849965108,0.9952429493713897
0.8176996091568955,0.9952429493713897
0.8178137651821862,0.9952429493713897
0.8179279530857303,0.9952429493713897
0.8180421728808825,0.9952429493713897
0.8181564245810056,0.9952429493713897
0.8182707081994692,0.9952429493713897
0.8183850237496507,0.9952429493713897
0.818499371244935,0.9952429493713897
0.8184740078256009,0.9950730547060822
0.8185883997204751,0.9950730547060822
0.8187028235951915,0.9950730547060822
0.8188172794631623,0.9950730547060822
0.8189317673378076,0.9950730547060822
0.8190462872325549,0.9950730547060822
0.8191608391608391,0.9950730547060822
0.8192754231361029,0.9950730547060822
0.8193900391717963,0.9950730547060822
0.8195046872813768,0.9950730547060822
0.8196193674783095,0.9950730547060822
0.8197340797760672,0.9950730547060822
0.8198488241881299,0.9950730547060822
0.8199636007279855,0.9950730547060822
0.8200784094091291,0.9950730547060822
0.8201932502450637,0.9950730547060822
0.8203081232492997,0.9950730547060822
0.8204230284353551,0.9950730547060822
0.8205379658167554,0.9950730547060822
0.820767937219731,0.9950730547060822
0.8208829712683953,0.9950730547060822
0.8209980375665825,0.9950730547060822
0.8211131361278564,0.9950730547060822
0.821228266965788,0.9950730547060822
0.8213434300939559,0.9950730547060822
0.8214586255259467,0.9950730547060822
0.8215738532753541,0.9950730547060822
0.82168911335578,0.9950730547060822
0.8218044057808335,0.9950730547060822
0.8219197305641314,0.9950730547060822
0.8220350877192982,0.9950730547060822
0.8221504772599663,0.9950730547060822
0.8222658991997753,0.9950730547060822
0.822381353552373,0.9950730547060822
0.8224968403314141,0.9950730547060822
0.8226123595505618,0.9950730547060822
0.8227279112234864,0.9950730547060822
0.8228434953638663,0.9950730547060822
0.8229591119853871,0.9950730547060822
0.8230747611017426,0.9950730547060822
0.8231904427266339,0.9950730547060822
0.8233061568737701,0.9950730547060822
0.8234219035568677,0.9950730547060822
0.8235376827896513,0.9950730547060822
0.8236534945858529,0.9950730547060822
0.8237693389592123,0.9950730547060822
0.8238852159234773,0.9950730547060822
0.8240011254924029,0.9950730547060822
0.8241170676797523,0.9950730547060822
0.8242330424992964,0.9950730547060822
0.8243490499648135,0.9950730547060822
0.8244650900900901,0.9950730547060822
0.8245811628889201,0.9950730547060822
0.8246972683751056,0.9950730547060822
0.8248134065624559,0.9950730547060822
0.8249295774647887,0.9950730547060822
0.825045781095929,0.9950730547060822
0.8251620174697097,0.9950730547060822
0.8252782865999718,0.9950730547060822
0.8253945885005637,0.9950730547060822
0.8255109231853418,0.9950730547060822
0.8256272906681703,0.9950730547060822
0.8257436909629212,0.9950730547060822
0.8258601240834743,0.9950730547060822
0.8259765900437174,0.9950730547060822
0.8260930888575458,0.9950730547060822
0.826209620538863,0.9950730547060822
0.8263261851015802,0.9950730547060822
0.8264427825596162,0.9950730547060822
0.8265594129268982,0.9950730547060822
0.8266760762173606,0.9950730547060822
0.8267927724449463,0.9950730547060822
0.8269095016236058,0.9950730547060822
0.8270262637672974,0.9950730547060822
0.8271430588899873,0.9950730547060822
0.8272598870056497,0.9950730547060822
0.8273767481282667,0.9950730547060822
0.8274936422718282,0.9950730547060822
0.8276105694503321,0.9950730547060822
0.8277275296777841,0.9950730547060822
0.8278445229681979,0.9950730547060822
0.8279615493355952,0.9950730547060822
0.8281957013574661,0.9950730547060822
0.8283128270400226,0.9950730547060822
0.8284299858557285,0.9950730547060822
0.8285471778186448,0.9950730547060822
0.8286644029428409,0.9950730547060822
0.8287816612423943,0.9950730547060822
0.8288989527313898,0.9950730547060822
0.8290162774239207,0.9950730547060822
0.8291336353340883,0.9950730547060822
0.8292510264760017,0.9950730547060822
0.829368450863778,0.9950730547060822
0.8294859085115422,0.9950730547060822
0.8296033994334278,0.9950730547060822
0.8297209236435755,0.9950730547060822
0.8298384811561349,0.9950730547060822
0.8299560719852629,0.9950730547060822
0.8300736961451247,0.9950730547060822
0.8301913536498937,0.9950730547060822
0.8303090445137511,0.9950730547060822
0.8304267687508862,0.9950730547060822
0.8305445263754964,0.9950730547060822
0.830662317401787,0.9950730547060822
0.8307801418439716,0.9950730547060822
0.8308979997162718,0.9950730547060822
0.8310158910329172,0.9950730547060822
0.8311338158081453,0.9950730547060822
0.8312517740562021,0.9950730547060822
0.8313697657913414,0.9950730547060822
0.8314877910278251,0.9950730547060822
0.8316058497799234,0.9950730547060822
0.8317239420619142,0.9950730547060822
0.8318420678880841,0.9950730547060822
0.8319602272727272,0.9950730547060822
0.8320784202301463,0.9950730547060822
0.8321966467746519,0.9950730547060822
0.8323149069205628,0.9950730547060822
0.8324332006822058,0.9950730547060822
0.8325515280739161,0.9950730547060822
0.8326698891100369,0.9950730547060822
0.8327882838049196,0.9950730547060822
0.8329067121729238,0.9950730547060822
0.833025174228417,0.9950730547060822
0.8331436699857753,0.9950730547060822
0.8332621994593825,0.9950730547060822
0.8333807626636311,0.9950730547060822
0.8334993596129215,0.9950730547060822
0.8336179903216624,0.9950730547060822
0.8337366548042705,0.9950730547060822
0.8338553530751709,0.9950730547060822
0.8339740851487968,0.9950730547060822
0.8340928510395899,0.9950730547060822
0.8342116507619998,0.9950730547060822
0.8343304843304843,0.9950730547060822
0.8344493517595098,0.9950730547060822
0.8345682530635509,0.9950730547060822
0.8346871882570899,0.9950730547060822
0.834806157354618,0.9950730547060822
0.8347826086956521,0.9949031600407747
0.8347590533219276,0.9947332653754672
0.8348780835591045,0.9947332653754672
0.8348545350827153,0.9945633707101597
0.8349736128940237,0.9945633707101597
0.83509272467903,0.9945633707101597
0.8352118704522756,0.9945633707101597
0.8353310502283106,0.9945633707101597
0.8354502640216926,0.9945633707101597
0.8355695118469882,0.9945633707101597
0.8356887937187724,0.9945633707101597
0.8358081096516277,0.9945633707101597
0.8359274596601457,0.9945633707101597
0.836046843758926,0.9945633707101597
0.8361662619625768,0.9945633707101597
0.8362857142857143,0.9945633707101597
0.8364052007429633,0.9945633707101597
0.8365247213489568,0.9945633707101597
0.8366442761183365,0.9945633707101597
0.8367638650657518,0.9945633707101597
0.8368834882058613,0.9945633707101597
0.8370031455533314,0.9945633707101597
0.8371228371228371,0.9945633707101597
0.8372425629290617,0.9945633707101597
0.8373623229866972,0.9945633707101597
0.8374821173104435,0.9945633707101597
0.8376019459150092,0.9945633707101597
0.8377218088151116,0.9945633707101597
0.8378417060254759,0.9945633707101597
0.837961637560836,0.9945633707101597
0.8382016036655212,0.9945633707101597
0.8383216382643562,0.9945633707101597
0.8384417072472071,0.9945633707101597
0.8385618106288497,0.9945633707101597
0.8386819484240687,0.9945633707101597
0.8388021206476572,0.9945633707101597
0.8389223273144167,0.9945633707101597
0.8390425684391573,0.9945633707101597
0.839019495412844,0.9943934760448522
0.8391397849462365,0.9943934760448522
0.8392601089761973,0.9943934760448522
0.8393804675175678,0.9943934760448522
0.8393574297188755,0.9942235813795447
0.8394778367522594,0.9942235813795447
0.8395982783357245,0.9942235813795447
0.839718754484144,0.9942235813795447
0.8398392652123995,0.9942235813795447
0.839959810535381,0.9942235813795447
0.8400803904679873,0.9942235813795447
0.8400574300071787,0.9940536867142372
0.840178058587019,0.9940536867142372
0.8402987218153095,0.9940536867142372
0.8404194197069808,0.9940536867142372
0.8405401522769717,0.9940536867142372
0.8406609195402299,0.9940536867142372
0.8407817215117115,0.9940536867142372
0.8409025582063812,0.9940536867142372
0.8410234296392123,0.9940536867142372
0.8411443358251869,0.9940536867142372
0.8412652767792955,0.9940536867142372
0.8413862525165372,0.9940536867142372
0.8413634402416224,0.9938837920489296
0.8414844649021864,0.9938837920489296
0.8416055243849806,0.9938837920489296
0.841726618705036,0.9938837920489296
0.8418477478773925,0.9938837920489296
0.8419689119170984,0.9938837920489296
0.8420901108392111,0.9938837920489296
0.8422113446587964,0.9938837920489296
0.8423326133909287,0.9938837920489296
0.8424539170506913,0.9938837920489296
0.8425752556531758,0.9938837920489296
0.8426966292134831,0.9938837920489296
0.8428180377467224,0.9938837920489296
0.8429394812680115,0.9938837920489296
0.8430609597924773,0.9938837920489296
0.8431824733352551,0.9938837920489296
0.8433040219114891,0.9938837920489296
0.8434256055363322,0.9938837920489296
0.8435472242249459,0.9938837920489296
0.8436688779925007,0.9938837920489296
0.8437905668541756,0.9938837920489296
0.8439122908251587,0.9938837920489296
0.8442776735459663,0.9938837920489296
0.8443995381062356,0.9938837920489296
0.8445214378518839,0.9938837920489296
0.8446433727981519,0.9938837920489296
0.8447653429602888,0.9938837920489296
0.845009388993211,0.9938837920489296
0.8451314648945392,0.9938837920489296
0.8452535760728218,0.9938837920489296
0.8453757225433526,0.9938837920489296
0.8454979043214337,0.9938837920489296
0.8456201214223764,0.9938837920489296
0.8457423738615006,0.9938837920489296
0.8458646616541353,0.9938837920489296
0.8459869848156182,0.9938837920489296
0.846109343361296,0.9938837920489296
0.8462317373065239,0.9938837920489296
0.8463541666666666,0.9938837920489296
0.8464766314570974,0.9938837920489296
0.8465991316931982,0.9938837920489296
0.8467216673903604,0.9938837920489296
0.8468442385639838,0.9938837920489296
0.8469668452294773,0.9938837920489296
0.8470894874022589,0.9938837920489296
0.8473348783314021,0.9938837920489296
0.847457627118644,0.9938837920489296
0.8475804114749348,0.9938837920489296
0.8477032314157369,0.9938837920489296
0.8478260869565217,0.9938837920489296
0.8479489781127699,0.9938837920489296
0.848071904899971,0.9938837920489296
0.8481948673336233,0.9938837920489296
0.8483178654292344,0.9938837920489296
0.8484408992023206,0.9938837920489296
0.8485639686684073,0.9938837920489296
0.8486870738430291,0.9938837920489296
0.8488102147417296,0.9938837920489296
0.848933391380061,0.9938837920489296
0.8490566037735849,0.9938837920489296
0.8491798519378719,0.9938837920489296
0.8493031358885017,0.9938837920489296
0.8492812545375344,0.9937138973836221
0.8494045890212024,0.9937138973836221
0.8495279593318809,0.9937138973836221
0.849651365485183,0.9937138973836221
0.8497748074967311,0.9937138973836221
0.8498982853821564,0.9937138973836221
0.8500217991570993,0.9937138973836221
0.8501453488372093,0.9937138973836221
0.8502689344381451,0.9937138973836221
0.8503925559755743,0.9937138973836221
0.8505162134651738,0.9937138973836221
0.8506399069226295,0.9937138973836221
0.8507636363636364,0.9937138973836221
0.8508874018038988,0.9937138973836221
0.8510112032591299,0.9937138973836221
0.8509895227008148,0.9935440027183147
0.8511133750545772,0.9935440027183147
0.8512372634643377,0.9935440027183147
0.8513611879458437,0.9935440027183147
0.8514851485148515,0.9935440027183147
0.8516091451871268,0.9935440027183147
0.8517331779784445,0.9935440027183147
0.8518572469045885,0.9935440027183147
0.8519813519813519,0.9935440027183147
0.8521054932245373,0.9935440027183147
0.8523538842734295,0.9935440027183147
0.8524781341107872,0.9935440027183147
0.8526024201778685,0.9935440027183147
0.852726742490522,0.9935440027183147
0.8528511010646055,0.9935440027183147
0.852975495915986,0.9935440027183147
0.8530999270605397,0.9935440027183147
0.8532243945141523,0.9935440027183147
0.8533488982927185,0.9935440027183147
0.8534734384121424,0.9935440027183147
0.8535980148883374,0.9935440027183147
0.8537226277372263,0.9935440027183147
0.8538472769747408,0.9935440027183147
0.8539719626168224,0.9935440027183147
0.8540966846794217,0.9935440027183147
0.8542214431784984,0.9935440027183147
0.8543462381300219,0.9935440027183147
0.8544710695499708,0.9935440027183147
0.8545959374543329,0.9935440027183147
0.8547208418591056,0.9935440027183147
0.8548457827802953,0.9935440027183147
0.8549707602339182,0.9935440027183147
0.8550957742359994,0.9935440027183147
0.8552208248025739,0.9935440027183147
0.8553459119496856,0.9935440027183147
0.8554710356933879,0.9935440027183147
0.855596196049744,0.9935440027183147
0.8557213930348259,0.9935440027183147
0.8558466266647153,0.9935440027183147
0.8559718969555035,0.9935440027183147
0.8560972039232909,0.9935440027183147
0.8560761346998536,0.9933741080530072
0.8562014936301069,0.9933741080530072
0.8563268892794376,0.9933741080530072
0.8564523216639812,0.9933741080530072
0.8565777907998828,0.9933741080530072
0.8568288393903869,0.9933741080530072
0.8569544188773267,0.9933741080530072
0.8570800351802991,0.9933741080530072
0.8572056883154963,0.9933741080530072
0.8573313782991202,0.9933741080530072
0.8574571051473823,0.9933741080530072
0.8575828688765034,0.9933741080530072
0.8577086695027138,0.9933741080530072
0.8578345070422535,0.9933741080530072
0.857960381511372,0.9933741080530072
0.8580862929263281,0.9933741080530072
0.8582122413033906,0.9933741080530072
0.8583382266588373,0.9933741080530072
0.8584642490089561,0.9933741080530072
0.858590308370044,0.9933741080530072
0.8587164047584079,0.9933741080530072
0.8588425381903643,0.9933741080530072
0.8589687086822388,0.9933741080530072
0.8590949162503673,0.9933741080530072
0.8592211609110948,0.9933741080530072
0.859347442680776,0.9933741080530072
0.8594737615757754,0.9933741080530072
0.8596001176124669,0.9933741080530072
0.8597265108072343,0.9933741080530072
0.8598529411764706,0.9933741080530072
0.8599794087365789,0.9933741080530072
0.8601059135039718,0.9933741080530072
0.8602324554950713,0.9933741080530072
0.8603590347263096,0.9933741080530072
0.860485651214128,0.9933741080530072
0.8606123049749779,0.9933741080530072
0.8607389960253202,0.9933741080530072
0.8608657243816255,0.9933741080530072
0.860992490060374,0.9933741080530072
0.861119293078056,0.9933741080530072
0.861246133451171,0.9933741080530072
0.8613730111962287,0.9933741080530072
0.861499926329748,0.9933741080530072
0.8616268788682582,0.9933741080530072
0.8617538688282977,0.9933741080530072
0.8618808962264151,0.9933741080530072
0.8620079610791685,0.9933741080530072
0.862135063403126,0.9933741080530072
0.862262203214865,0.9933741080530072
0.8623893805309735,0.9933741080530072
0.8625165953680484,0.9933741080530072
0.862643847742697,0.9933741080530072
0.8627711376715361,0.9933741080530072
0.8628984651711924,0.9933741080530072
0.8630258302583026,0.9933741080530072
0.8631532329495128,0.9933741080530072
0.8632806732614794,0.9933741080530072
0.8634081512108683,0.9933741080530072
0.8635356668143553,0.9933741080530072
0.8636632200886263,0.9933741080530072
0.8637908110503767,0.9933741080530072
0.8639184397163121,0.9933741080530072
0.8640461061031476,0.9933741080530072
0.8641738102276086,0.9933741080530072
0.8643015521064301,0.9933741080530072
0.8644293317563572,0.9933741080530072
0.8645571491941446,0.9933741080530072
0.8646850044365573,0.9933741080530072
0.8648128975003697,0.9933741080530072
0.8649408284023669,0.9933741080530072
0.8650687971593432,0.9933741080530072
0.865196803788103,0.9933741080530072
0.865324848305461,0.9933741080530072
0.8655810510732791,0.9933741080530072
0.8657092093574178,0.9933741080530072
0.8658374055975122,0.9933741080530072
0.8659656398104265,0.9933741080530072
0.8660939120130351,0.9933741080530072
0.8662222222222222,0.9933741080530072
0.8663505704548822,0.9933741080530072
0.8663307646710137,0.9932042133876996
0.8664591670372017,0.9932042133876996
0.866587607471094,0.9932042133876996
0.8669731573483612,0.9932042133876996
0.8671017502224859,0.9932042133876996
0.8672303812490728,0.9932042133876996
0.8673590504451039,0.9932042133876996
0.8674877578275708,0.9932042133876996
0.8676165034134758,0.9932042133876996
0.8677452872198308,0.9932042133876996
0.8680029695619896,0.9932042133876996
0.8681318681318682,0.9932042133876996
0.8682608049903461,0.9932042133876996
0.8683897801544861,0.9932042133876996
0.8685187936413609,0.9932042133876996
0.8686478454680535,0.9932042133876996
0.868776935651657,0.9932042133876996
0.8689060642092746,0.9932042133876996
0.86903523115802,0.9932042133876996
0.8691644365150164,0.9932042133876996
0.8692936802973977,0.9932042133876996
0.8694229625223081,0.9932042133876996
0.8695522832069017,0.9932042133876996
0.8696816423683428,0.9932042133876996
0.8698110400238059,0.9932042133876996
0.8699404761904762,0.9932042133876996
0.8700699508855484,0.9932042133876996
0.8701994641262281,0.9932042133876996
0.8703290159297306,0.9932042133876996
0.8704586063132818,0.9932042133876996
0.8705882352941177,0.9932042133876996
0.8707179028894847,0.9932042133876996
0.8708476091166394,0.9932042133876996
0.8709773539928486,0.9932042133876996
0.8711071375353897,0.9932042133876996
0.8712369597615499,0.9932042133876996
0.8713668206886273,0.9932042133876996
0.8714967203339297,0.9932042133876996
0.8716266587147756,0.9932042133876996
0.8717566358484938,0.9932042133876996
0.8718866517524235,0.9932042133876996
0.8718675417661098,0.9930343187223921
0.8719976130091004,0.9930343187223921
0.872127723067741,0.9930343187223921
0.8722578719594091,0.9930343187223921
0.8723880597014926,0.9930343187223921
0.8725182863113897,0.9930343187223921
0.8726485518065094,0.9930343187223921
0.8727788562042705,0.9930343187223921
0.8729091995221028,0.9930343187223921
0.8731700029877503,0.9930343187223921
0.8733004631704766,0.9930343187223921
0.8734309623430963,0.9930343187223921
0.8735615005230907,0.9930343187223921
0.8736920777279522,0.9930343187223921
0.8736731947974287,0.9928644240570846
0.8738038277511961,0.9928644240570846
0.8739344997756842,0.9928644240570846
0.8740652108884236,0.9928644240570846
0.8741959611069559,0.9928644240570846
0.874326750448833,0.9928644240570846
0.8744575789316176,0.9928644240570846
0.8745884465728824,0.9928644240570846
0.874719353390211,0.9928644240570846
0.8748502994011976,0.9928644240570846
0.8749812846234466,0.9928644240570846
0.8751123090745733,0.9928644240570846
0.8752433727722031,0.9928644240570846
0.8753744757339724,0.9928644240570846
0.8755056179775281,0.9928644240570846
0.8758992805755396,0.9928644240570846
0.8760305801229201,0.9928644240570846
0.8760119940029985,0.992694529391777
0.8761433498275604,0.992694529391777
0.8762747450509898,0.992694529391777
0.8764061796910154,0.992694529391777
0.8765376537653765,0.992694529391777
0.876669167291823,0.992694529391777
0.8768007202881153,0.992694529391777
0.8769323127720247,0.992694529391777
0.877063944761333,0.992694529391777
0.8771956162738328,0.992694529391777
0.8773273273273273,0.992694529391777
0.8774590779396306,0.992694529391777
0.8775908681285671,0.992694529391777
0.8777226979119723,0.992694529391777
0.8778545673076923,0.992694529391777
0.8779864763335837,0.992694529391777
0.8781184250075142,0.992694529391777
0.8782504133473621,0.992694529391777
0.8783824413710163,0.992694529391777
0.8785145090963765,0.992694529391777
0.8786466165413533,0.992694529391777
0.8787787637238682,0.992694529391777
0.8789109506618532,0.992694529391777
0.8790431773732511,0.992694529391777
0.8791754438760156,0.992694529391777
0.8791572610985704,0.9925246347264696
0.8792895845875979,0.9925246347264696
0.8792714135179889,0.9923547400611621
0.8794037940379403,0.9923547400611621
0.8795362144255383,0.9923547400611621
0.8796686746987952,0.9923547400611621
0.8798011748757343,0.9923547400611621
0.8799337149743899,0.9923547400611621
0.8799156245291547,0.9921848453958546
0.880180859080633,0.9921848453958546
0.8803135363280072,0.9921848453958546
0.8804462535805819,0.9921848453958546
0.8805790108564535,0.9921848453958546
0.8807118081737294,0.9921848453958546
0.8808446455505279,0.9921848453958546
0.8809775230049781,0.9921848453958546
0.8811104405552203,0.9921848453958546
0.8810925003772446,0.992014950730547
0.8812254753999397,0.992014950730547
0.8813584905660378,0.992014950730547
0.8814915458937198,0.992014950730547
0.8816246414011777,0.992014950730547
0.8817577771066143,0.992014950730547
0.8818909530282435,0.992014950730547
0.88202416918429,0.992014950730547
0.8822907222725899,0.992014950730547
0.882424059241348,0.992014950730547
0.8825574365175333,0.992014950730547
0.8826908541194255,0.992014950730547
0.8830913490623109,0.992014950730547
0.8832249281500529,0.992014950730547
0.883358547655068,0.992014950730547
0.8834922075957028,0.992014950730547
0.8836259079903148,0.992014950730547
0.8837596488572725,0.992014950730547
0.8838934302149561,0.992014950730547
0.8840272520817563,0.992014950730547
0.8842950174163259,0.992014950730547
0.884428960920933,0.992014950730547
0.8845629450083321,0.992014950730547
0.8846969696969696,0.992014950730547
0.8848310350053038,0.992014950730547
0.8849651409518036,0.992014950730547
0.8850992875549493,0.992014950730547
0.8852334748332322,0.992014950730547
0.8853677028051554,0.992014950730547
0.8855019714892326,0.992014950730547
0.885636280903989,0.992014950730547
0.8857706310679612,0.992014950730547
0.8859050219996966,0.992014950730547
0.8860394537177542,0.992014950730547
0.8861739262407042,0.992014950730547
0.8863084395871281,0.992014950730547
0.8864429937756186,0.992014950730547
0.8865775888247799,0.992014950730547
0.8867122247532271,0.992014950730547
0.8868469015795869,0.992014950730547
0.8869816193224973,0.992014950730547
0.8871163780006077,0.992014950730547
0.8872511776325787,0.992014950730547
0.8873860182370821,0.992014950730547
0.8875208998328014,0.992014950730547
0.8876558224384311,0.992014950730547
0.8877907860726775,0.992014950730547
0.8879257907542579,0.992014950730547
0.8880608365019012,0.992014950730547
0.8881959233343474,0.992014950730547
0.8883310512703484,0.992014950730547
0.8884662203286671,0.992014950730547
0.8886014305280779,0.992014950730547
0.8885844748858448,0.9918450560652395
0.888719744253311,0.9918450560652395
0.8888550548112059,0.9918450560652395
0.8889904065783463,0.9918450560652395
0.8891257995735607,0.9918450560652395
0.8893967093235832,0.9918450560652395
0.8898033836305441,0.9918450560652395
0.8899390243902439,0.9918450560652395
0.8900747065101388,0.9918450560652395
0.8902104300091491,0.9918450560652395
0.8903461949062071,0.9918450560652395
0.8904820012202562,0.9918450560652395
0.8907537381751602,0.9918450560652395
0.89088966885396,0.9918450560652395
0.8910256410256411,0.9918450560652395
0.8911616547092047,0.9918450560652395
0.8912977099236641,0.9918450560652395
0.891433806688044,0.9918450560652395
0.8915699450213805,0.9918450560652395
0.8917061249427218,0.9918450560652395
0.8918423464711274,0.9918450560652395
0.8919786096256684,0.9918450560652395
0.8921149144254279,0.9918450560652395
0.8922512608895002,0.9918450560652395
0.8923876490369917,0.9918450560652395
0.8925240788870203,0.9918450560652395
0.8926605504587156,0.9918450560652395
0.8927970637712188,0.9918450560652395
0.892933618843683,0.9918450560652395
0.893070215695273,0.9918450560652395
0.8932068543451652,0.9918450560652395
0.8933435348125478,0.9918450560652395
0.8934802571166207,0.9918450560652395
0.8936170212765957,0.9918450560652395
0.8937538273116963,0.9918450560652395
0.8938906752411575,0.9918450560652395
0.8940275650842266,0.9918450560652395
0.8941644968601623,0.9918450560652395
0.8943014705882353,0.9918450560652395
0.8944384862877279,0.9918450560652395
0.8945755439779344,0.9918450560652395
0.894712643678161,0.9918450560652395
0.8951241950321988,0.9918450560652395
0.8952614629658028,0.9918450560652395
0.895398773006135,0.9918450560652395
0.8955361251725725,0.9918450560652395
0.8956735194845045,0.9918450560652395
0.8958109559613319,0.9918450560652395
0.8959484346224678,0.9918450560652395
0.8963611239060341,0.9918450560652395
0.8964987714987716,0.9918450560652395
0.896636461373061,0.9918450560652395
0.896774193548387,0.9918450560652395
0.8969119680442464,0.9918450560652395
0.8970497848801475,0.9918450560652395
0.8971876440756109,0.9918450560652395
0.8973255456501691,0.9918450560652395
0.8974634896233666,0.9918450560652395
0.8976014760147601,0.9918450560652395
0.8977395048439182,0.9918450560652395
0.8978775761304214,0.9918450560652395
0.8982920449299893,0.9918450560652395
0.8984302862419206,0.9918450560652395
0.8987068965517241,0.9918450560652395
0.8988452655889145,0.9918450560652395
0.8989836772405297,0.9918450560652395
0.8991221315262591,0.9918450560652395
0.899260628465804,0.9918450560652395
0.8993991680788784,0.9918450560652395
0.899537750385208,0.9918450560652395
0.8996763754045307,0.9918450560652395
0.8998150431565968,0.9918450560652395
0.8999537536611685,0.9918450560652395
0.9000925069380203,0.9918450560652395
0.9002313030069391,0.9918450560652395
0.9003701418877236,0.9918450560652395
0.9005090236001851,0.9918450560652395
0.9006479481641468,0.9918450560652395
0.9007869155994446,0.9918450560652395
0.9009259259259259,0.9918450560652395
0.9010649791634512,0.9918450560652395
0.9012040753318925,0.9918450560652395
0.9013432144511347,0.9918450560652395
0.9014823965410748,0.9918450560652395
0.9016216216216216,0.9918450560652395
0.9016064257028112,0.9916751613999321
0.9017457129615325,0.9916751613999321
0.901885043263288,0.9916751613999321
0.9020244166280328,0.9916751613999321
0.9021638330757341,0.9916751613999321
0.9023032926263719,0.9916751613999321
0.9024427952999382,0.9916751613999321
0.9025823411164373,0.9916751613999321
0.9027219300958862,0.9916751613999321
0.902861562258314,0.9916751613999321
0.9030012376237624,0.9916751613999321
0.9031409562122853,0.9916751613999321
0.9032807180439493,0.9916751613999321
0.9032657483361709,0.9915052667346246
0.903405572755418,0.9915052667346246
0.903685351502013,0.9915052667346246
0.9038253058695989,0.9915052667346246
0.9039653035935564,0.9915052667346246
0.9041053446940356,0.9915052667346246
0.9042454291911992,0.9915052667346246
0.9043855571052224,0.9915052667346246
0.9045257284562926,0.9915052667346246
0.9049465033338502,0.9915052667346246
0.9050868486352357,0.9915052667346246
0.9055081458494957,0.9915052667346246
0.9056486654252017,0.9915052667346246
0.9057892286202079,0.9915052667346246
0.9059298354548277,0.9915052667346246
0.9060704859493868,0.9915052667346246
0.9062111801242236,0.9915052667346246
0.9063519179996894,0.9915052667346246
0.9064926995961479,0.9915052667346246
0.9066335249339754,0.9915052667346246
0.9067743940335612,0.9915052667346246
0.9069153069153069,0.9915052667346246
0.907056263599627,0.9915052667346246
0.9071972641069486,0.9915052667346246
0.9074793966723682,0.9915052667346246
0.9076205287713841,0.9915052667346246
0.9077617047752372,0.9915052667346246
0.9079029247044181,0.9915052667346246
0.9078885949898864,0.991335372069317
0.9080298786181139,0.991335372069317
0.9081712062256809,0.991335372069317
0.9083125778331258,0.991335372069317
0.9084539934609995,0.991335372069317
0.9085954531298661,0.991335372069317
0.9087369568603021,0.991335372069317
0.9088785046728972,0.991335372069317
0.9090200965882537,0.991335372069317
0.9091617326269866,0.991335372069317
0.9093034128097242,0.991335372069317
0.9094451371571073,0.991335372069317
0.9095869056897895,0.991335372069317
0.9097287184284378,0.991335372069317
0.909714642133167,0.9911654774040095
0.909998440180939,0.9911654774040095
0.9099843993759751,0.990995582738702
0.9101263847714152,0.990995582738702
0.9102684144818977,0.990995582738702
0.9104104885281723,0.990995582738702
0.9105526069310022,0.990995582738702
0.9106947697111631,0.990995582738702
0.9108369768894441,0.990995582738702
0.9109792284866469,0.990995582738702
0.9109653233364574,0.9908256880733946
0.9111076394313389,0.9908256880733946
0.91125,0.9908256880733946
0.9113924050632911,0.9908256880733946
0.9115348546420756,0.9908256880733946
0.9116773487572299,0.9908256880733946
0.9118198874296435,0.9908256880733946
0.911962470680219,0.9908256880733946
0.9121050985298718,0.9908256880733946
0.9122477709995307,0.9908256880733946
0.9123904881101377,0.9908256880733946
0.9123767798466593,0.990655793408087
0.9125195618153364,0.990655793408087
0.9126623884802003,0.990655793408087
0.9128052598622417,0.990655793408087
0.9129481759824644,0.990655793408087
0.9130911368618854,0.990655793408087
0.9132341425215349,0.990655793408087
0.9133771929824561,0.990655793408087
0.9135202882657057,0.990655793408087
0.9136634283923535,0.990655793408087
0.9138066133834822,0.990655793408087
0.9139498432601881,0.990655793408087
0.9143798024149287,0.990655793408087
0.9145232120451694,0.990655793408087
0.9146666666666666,0.990655793408087
0.9148101663005962,0.990655793408087
0.9149537109681468,0.990655793408087
0.915097300690521,0.990655793408087
0.9152409354889343,0.990655793408087
0.9153846153846154,0.990655793408087
0.9155283403988067,0.990655793408087
0.9156721105527639,0.990655793408087
0.9156588660279567,0.9904858987427795
0.9158027018535972,0.9904858987427795
0.9159465828750982,0.9904858987427795
0.9160905091137649,0.9904858987427795
0.9162344805909163,0.9904858987427795
0.9163784973278843,0.9904858987427795
0.9163653513598491,0.990316004077472
0.9165094339622641,0.990316004077472
0.9166535618807988,0.990316004077472
0.9166404529726329,0.9901461094121644
0.9166273399402234,0.9899762147468569
0.9166142227816236,0.9898063200815495
0.9167584579071597,0.9898063200815495
0.9169027384324835,0.9898063200815495
0.9170470643790335,0.9898063200815495
0.9170340050377834,0.989636425416242
0.9173228346456693,0.989636425416242
0.9174673176878249,0.989636425416242
0.9176118462507876,0.989636425416242
0.9177564203560737,0.989636425416242
0.9179010400252128,0.989636425416242
0.9180457052797478,0.989636425416242
0.9181904161412359,0.989636425416242
0.9183351726312471,0.989636425416242
0.9184799747713654,0.989636425416242
0.9186248225831888,0.989636425416242
0.918769716088328,0.989636425416242
0.9189146553084082,0.989636425416242
0.9189018617860524,0.9894665307509344
0.9190468676029667,0.9894665307509344
0.9191919191919192,0.9894665307509344
0.9193370165745857,0.9894665307509344
0.9194821597726555,0.9894665307509344
0.919627348807832,0.9894665307509344
0.919772583701832,0.9894665307509344
0.919917864476386,0.9894665307509344
0.9200631911532385,0.9894665307509344
0.9202085637541476,0.9894665307509344
0.9203539823008849,0.9894665307509344
0.9204994468152363,0.9894665307509344
0.920644957319001,0.9894665307509344
0.9207905138339921,0.9894665307509344
0.9210817649849755,0.9894665307509344
0.9212274596646631,0.9894665307509344
0.9213732004429679,0.9894665307509344
0.9215189873417722,0.9894665307509344
0.921664820382972,0.9894665307509344
0.9218106995884774,0.9894665307509344
0.9219566249802121,0.9894665307509344
0.9219442685243825,0.9892966360856269
0.9220902612826604,0.9892966360856269
0.9222363002850807,0.9892966360856269
0.9223823855536195,0.9892966360856269
0.9225285171102662,0.9892966360856269
0.9226746949770243,0.9892966360856269
0.9228209191759112,0.9892966360856269
0.9229671897289586,0.9892966360856269
0.9229549778059607,0.9891267414203194
0.9229427620104645,0.9889568467550119
0.9230891214716144,0.9889568467550119
0.9232355273592388,0.9889568467550119
0.9233819796954315,0.9889568467550119
0.9235284785023005,0.9889568467550119
0.9236750238019676,0.9889568467550119
0.9238216156165688,0.9889568467550119
0.923968253968254,0.9889568467550119
0.9241149388791872,0.9889568467550119
0.9242616703715465,0.9889568467550119
0.9244084484675242,0.9889568467550119
0.9243964421855146,0.9887869520897044
0.9245432883240667,0.9887869520897044
0.9248371206102018,0.9887869520897044
0.9249841068022886,0.9887869520897044
0.9251311397234144,0.9887869520897044
0.9252782193958664,0.9887869520897044
0.9254253458419462,0.9887869520897044
0.9255725190839694,0.9887869520897044
0.925719739144266,0.9887869520897044
0.9258670060451798,0.9887869520897044
0.9260143198090692,0.9887869520897044
0.9261616804583068,0.9887869520897044
0.9263090880152793,0.9887869520897044
0.9264565425023877,0.9887869520897044
0.9266040439420474,0.9887869520897044
0.9267515923566879,0.9887869520897044
0.926899187768753,0.9887869520897044
0.9270468302007009,0.9887869520897044
0.927194519675004,0.9887869520897044
0.9273422562141491,0.9887869520897044
0.9274900398406375,0.9887869520897044
0.9276378705769843,0.9887869520897044
0.9277857484457197,0.9887869520897044
0.9279336734693877,0.9887869520897044
0.9283777316956452,0.9887869520897044
0.9283663050414805,0.9886170574243969
0.9285144407212382,0.9886170574243969
0.9286626236833706,0.9886170574243969
0.9288108539505188,0.9886170574243969
0.9289591315453385,0.9886170574243969
0.9291074564904998,0.9886170574243969
0.9292558288086873,0.9886170574243969
0.9294042485226002,0.9886170574243969
0.9295527156549521,0.9886170574243969
0.929701230228471,0.9886170574243969
0.9298497922658997,0.9886170574243969
0.9299984017899952,0.9886170574243969
0.9301470588235294,0.9886170574243969
0.9302957633892885,0.9886170574243969
0.9304445155100736,0.9886170574243969
0.9305933152086998,0.9886170574243969
0.9307421625079975,0.9886170574243969
0.930891057430811,0.9886170574243969
0.93104,0.9886170574243969
0.9311889902384382,0.9886170574243969
0.9313380281690141,0.9886170574243969
0.931487113814631,0.9886170574243969
0.9316362471982068,0.9886170574243969
0.9317854283426742,0.9886170574243969
0.9319346572709801,0.9886170574243969
0.9320839340060868,0.9886170574243969
0.9322332585709708,0.9886170574243969
0.9323826309886236,0.9886170574243969
0.9325320512820513,0.9886170574243969
0.9326815194742747,0.9886170574243969
0.9329805996472663,0.9886170574243969
0.9331302116741501,0.9886170574243969
0.933279871692061,0.9886170574243969
0.9334295797240937,0.9886170574243969
0.9334188994063853,0.9884471627590894
0.9335686777920411,0.9884471627590894
0.9337185042529289,0.9884471627590894
0.9338683788121991,0.9884471627590894
0.9340183014930166,0.9884471627590894
0.9341682723185614,0.9884471627590894
0.9343182913120283,0.9884471627590894
0.934468358496627,0.9884471627590894
0.9346184738955823,0.9884471627590894
0.9347686375321337,0.9884471627590894
0.9349188494295356,0.9884471627590894
0.9350691096110575,0.9884471627590894
0.9352194180999839,0.9884471627590894
0.9353697749196141,0.9884471627590894
0.9355201800932625,0.9884471627590894
0.9356706336442586,0.9884471627590894
0.9358211355959466,0.9884471627590894
0.935971685971686,0.9884471627590894
0.9361222847948512,0.9884471627590894
0.9362729320888317,0.9884471627590894
0.936423627877032,0.9884471627590894
0.9365743721828719,0.9884471627590894
0.9367251650297859,0.9884471627590894
0.9368760064412238,0.9884471627590894
0.9370268964406506,0.9884471627590894
0.9371778350515464,0.9884471627590894
0.9373288222974061,0.9884471627590894
0.9374798582017403,0.9884471627590894
0.9376309427880741,0.9884471627590894
0.9377820760799485,0.9884471627590894
0.9379332581009189,0.9884471627590894
0.9380844888745566,0.9884471627590894
0.9382357684244477,0.9884471627590894
0.9382258064516129,0.9882772680937818
0.9383771576060655,0.9882772680937818
0.9385285575992256,0.9882772680937818
0.9386800064547361,0.9882772680937818
0.9388315041962556,0.9882772680937818
0.9389830508474576,0.9882772680937818
0.939134646432031,0.9882772680937818
0.93928629097368,0.9882772680937818
0.939437984496124,0.9882772680937818
0.9395897270230981,0.9882772680937818
0.9395799676898223,0.9881073734284743
0.9397317821942155,0.9881073734284743
0.9398836457659987,0.9881073734284743
0.9400355584289639,0.9881073734284743
0.9401875202069189,0.9881073734284743
0.9403395311236863,0.9881073734284743
0.9407958589453251,0.9881073734284743
0.9409480666558809,0.9881073734284743
0.9411003236245955,0.9881073734284743
0.9410907913901926,0.9879374787631668
0.9412431207510521,0.9879374787631668
0.9413954994333819,0.9879374787631668
0.9413860103626943,0.9877675840978594
0.9415384615384615,0.9877675840978594
0.9415289925494007,0.9875976894325518
0.9415195204924672,0.9874277947672443
0.9415100453661698,0.9872579001019368
0.9416626154594069,0.9872579001019368
0.9421206225680934,0.9872579001019368
0.9422733906275337,0.9872579001019368
0.9424262082387285,0.9872579001019368
0.9425790754257908,0.9872579001019368
0.9425697598961713,0.9870880054366293
0.9427226999837741,0.9870880054366293
0.9428756897111328,0.9870880054366293
0.9430287291024184,0.9870880054366293
0.9431818181818182,0.9870880054366293
0.9433349569735346,0.9870880054366293
0.9434881455017863,0.9870880054366293
0.9436413837908072,0.9870880054366293
0.9441013974650634,0.9870880054366293
0.944254835039818,0.9870880054366293
0.944408322496749,0.9870880054366293
0.9445618598601854,0.9870880054366293
0.9447154471544715,0.9870880054366293
0.9448690844039681,0.9870880054366293
0.9450227716330514,0.9870880054366293
0.9451765088661136,0.9870880054366293
0.9453302961275627,0.9870880054366293
0.9454841334418226,0.9870880054366293
0.9454752604166666,0.9869181107713217
0.9456291714146182,0.9869181107713217
0.9457831325301205,0.9869181107713217
0.9459371437876567,0.9869181107713217
0.9460912052117264,0.9869181107713217
0.9462453168268448,0.9869181107713217
0.9463994786575431,0.9869181107713217
0.9465536907283689,0.9869181107713217
0.9467079530638852,0.9869181107713217
0.9466992665036675,0.9867482161060143
0.9468536028692534,0.9867482161060143
0.9470079895646503,0.9867482161060143
0.9471624266144814,0.9867482161060143
0.947316914043386,0.9867482161060143
0.9474714518760196,0.9867482161060143
0.9476260401370533,0.9867482161060143
0.9477806788511749,0.9867482161060143
0.9477721560306839,0.9865783214407068
0.9479268690825987,0.9865783214407068
0.9480816326530612,0.9865783214407068
0.9482364467668191,0.9865783214407068
0.9483913114486363,0.9865783214407068
0.948546226723293,0.9865783214407068
0.9487011926155857,0.9865783214407068
0.9488562091503268,0.9865783214407068
0.9490112763523452,0.9865783214407068
0.9490029421379536,0.9864084267753993
0.9491580840281184,0.9864084267753993
0.9493132766514062,0.9864084267753993
0.9494685200327064,0.9864084267753993
0.9496238141969251,0.9864084267753993
0.9496155733682317,0.9862385321100917
0.949607329842932,0.9860686374447842
0.9497627229585992,0.9860686374447842
0.9499181669394435,0.9860686374447842
0.9499099688983467,0.9858987427794768
0.949901768172888,0.9857288481141692
0.9500573112821352,0.9857288481141692
0.9502129053390108,0.9857288481141692
0.9503685503685504,0.9857288481141692
0.9503604193971167,0.9855589534488617
0.950671910848902,0.9855589534488617
0.950983606557377,0.9855589534488617
0.9509755697655353,0.9853890587835542
0.9511315185306658,0.9853890587835542
0.9512875184516976,0.9853890587835542
0.9514435695538058,0.9853890587835542
0.9515996718621821,0.9853890587835542
0.9517558254020347,0.9853890587835542
0.9517479074347612,0.9852191641182467
0.9519041365725541,0.9852191641182467
0.9523731318771556,0.9852191641182467
0.9526860522424839,0.9852191641182467
0.9526782780151166,0.9850492694529391
0.952834839769926,0.9850492694529391
0.9529914529914529,0.9850492694529391
0.9531481177050797,0.9850492694529391
0.9533048339362052,0.9850492694529391
0.9532971550731788,0.9848793747876317
0.953453947368421,0.9848793747876317
0.9536107912485606,0.9848793747876317
0.9537676867390589,0.9848793747876317
0.9539246338653941,0.9848793747876317
0.9540816326530612,0.9848793747876317
0.954238683127572,0.9848793747876317
0.9542311491603556,0.9847094801223242
0.9543882759756298,0.9847094801223242
0.9545454545454546,0.9847094801223242
0.9547026848954043,0.9847094801223242
0.9548599670510708,0.9847094801223242
0.9550173010380623,0.9847094801223242
0.9551746868820039,0.9847094801223242
0.955332124608538,0.9847094801223242
0.9556471558120363,0.9847094801223242
0.9558047493403694,0.9847094801223242
0.9559623948540327,0.9847094801223242
0.9561200923787528,0.9847094801223242
0.9562778419402739,0.9847094801223242
0.9564356435643564,0.9847094801223242
0.9564284535401881,0.9845395854570167
0.9565863321228129,0.9845395854570167
0.9565791646029388,0.9843696907917091
0.9567371202113606,0.9843696907917091
0.9568951279933939,0.9843696907917091
0.9570531879748926,0.9843696907917091
0.9572113001817281,0.9843696907917091
0.9573694646397884,0.9843696907917091
0.9575276813749793,0.9843696907917091
0.9576859504132231,0.9843696907917091
0.9578442717804596,0.9843696907917091
0.9580026455026455,0.9843696907917091
0.9579957003472797,0.9841997961264016
0.9579887528944757,0.9840299014610941
0.9579818031430934,0.9838600067957866
0.9579748510919921,0.9836901121304791
0.9581333774615257,0.9836901121304791
0.958291956305859,0.9836901121304791
0.9584505876510512,0.9836901121304791
0.9584437086092715,0.9835202174651716
0.958602417618811,0.9835202174651716
0.9587611791984101,0.9835202174651716
0.9589199933741924,0.9835202174651716
0.9590788601722995,0.9835202174651716
0.9592377796188898,0.9835202174651716
0.9593967517401392,0.9835202174651716
0.9593900215481518,0.9833503227998641
0.9595490716180372,0.9833503227998641
0.9595423644503399,0.9831804281345565
0.9595356550580432,0.983010533469249
0.9595289434400398,0.9828406388039416
0.9596881220968813,0.9828406388039416
0.9598473535755766,0.9828406388039416
0.9600066379024228,0.9828406388039416
0.9601659751037345,0.9828406388039416
0.9603253652058433,0.9828406388039416
0.9604848082350987,0.9828406388039416
0.9606443042178678,0.9828406388039416
0.9608038531805349,0.9828406388039416
0.9609634551495017,0.9828406388039416
0.9611231101511879,0.9828406388039416
0.9611166500498505,0.9826707441386341
0.9611101878012298,0.9825008494733265
0.9611037234042553,0.982330954808019
0.9612635078969244,0.982330954808019
0.9614233455271034,0.982330954808019
0.9615832363213038,0.982330954808019
0.9617431803060545,0.982330954808019
0.9619031775079022,0.982330954808019
0.9620632279534109,0.982330954808019
0.962223331669163,0.982330954808019
0.9623834886817576,0.982330954808019
0.9625436990178126,0.982330954808019
0.9627039627039627,0.982330954808019
0.962864279766861,0.982330954808019
0.9630246502331778,0.982330954808019
0.9631850741296019,0.982330954808019
0.9633455514828391,0.982330954808019
0.9635060823196134,0.982330954808019
0.9636666666666667,0.982330954808019
0.9636606101016836,0.9821610601427115
0.9636545515171724,0.9819911654774041
0.9638152409538102,0.9819911654774041
0.9639759839893263,0.9819911654774041
0.9641367806505421,0.9819911654774041
0.9642976309642977,0.9819911654774041
0.9642916736192224,0.9818212708120965
0.964452603471295,0.9818212708120965
0.9646135870472375,0.9818212708120965
0.9650968603874416,0.9818212708120965
0.9652580591281109,0.9818212708120965
0.9652522552622786,0.981651376146789
0.9652464494569758,0.9814814814814815
0.9654077540106952,0.9814814814814815
0.9655691124853752,0.9814814814814815
0.9657305249080576,0.9814814814814815
0.9658919913058017,0.9814814814814815
0.9663767146202743,0.9814814814814815
0.9665383971892254,0.9814814814814815
0.9665327978580991,0.9813115868161739
0.966694560669456,0.9813115868161739
0.9668563776364245,0.9813115868161739
0.9670182487862046,0.9813115868161739
0.9670127260549229,0.9811416921508664
0.9671746776084408,0.9811416921508664
0.9671691792294808,0.980971797485559
0.9673312112581672,0.980971797485559
0.9674932975871313,0.980971797485559
0.9676554382436735,0.980971797485559
0.9681421864520456,0.980971797485559
0.968304544692269,0.980971797485559
0.9684669573968467,0.980971797485559
0.9684616675054522,0.9808019028202515
0.9686241610738255,0.9808019028202515
0.9687867091793925,0.9808019028202515
0.968949311849614,0.9808019028202515
0.968944099378882,0.9806320081549439
0.9691067830758898,0.9806320081549439
0.9692695214105793,0.9806320081549439
0.9694323144104804,0.9806320081549439
0.9695951621031412,0.9806320081549439
0.969758064516129,0.9806320081549439
0.9702471003530005,0.9806320081549439
0.9704102219233356,0.9806320081549439
0.9704052463426938,0.9804621134896364
0.9705684493777329,0.9804621134896364
0.9707317073170731,0.9804621134896364
0.9708950201884253,0.9804621134896364
0.9710583880195187,0.9804621134896364
0.971053517334231,0.9802922188243289
0.9712169668405992,0.9802922188243289
0.9712121212121212,0.9801223241590215
0.9712072739518437,0.9799524294937139
0.9713708319299428,0.9799524294937139
0.9715344450058953,0.9799524294937139
0.9716981132075472,0.9799524294937139
0.9718618365627633,0.9799524294937139
0.9718570947084597,0.9797825348284064
0.9720209000505646,0.9797825348284064
0.9721847606203641,0.9797825348284064
0.9723486764457933,0.9797825348284064
0.9723440134907251,0.9796126401630989
0.9723393489627256,0.9794427454977914
0.9723346828609987,0.9792728508324838
0.972498734604353,0.9792728508324838
0.9726628417144786,0.9792728508324838
0.9726582278481013,0.9791029561671764
0.9726536124240378,0.9789330615018689
0.9728178288029715,0.9789330615018689
0.9729821006416751,0.9789330615018689
0.9731464279682486,0.9789330615018689
0.9733108108108108,0.9789330615018689
0.9734752491974996,0.9789330615018689
0.9736397431564717,0.9789330615018689
0.9738042927159033,0.9789330615018689
0.9739688979039892,0.9789330615018689
0.9739644970414201,0.9787631668365613
0.9739600946905648,0.9785932721712538
0.974124809741248,0.9785932721712538
0.9746192893401016,0.9785932721712538
0.9747842274496531,0.9785932721712538
0.9749492213947191,0.9785932721712538
0.9749449805315727,0.9784233775059463
0.9751100575685744,0.9784233775059463
0.9751058425063506,0.9782534828406388
0.9752710027100271,0.9782534828406388
0.9754362188717601,0.9782534828406388
0.9756014910199933,0.9782534828406388
0.9755973563802746,0.9780835881753313
0.9757627118644068,0.9780835881753313
0.9759281234107476,0.9780835881753313
0.9759240420481519,0.9779136935100238
0.9760895370527387,0.9779136935100238
0.9760854816824966,0.9777437988447163
0.9762510602205259,0.9777437988447163
0.9764166949440108,0.9777437988447163
0.9764126930256236,0.9775739041794088
0.9765784114052953,0.9775739041794088
0.9767441860465116,0.9775739041794088
0.9769100169779287,0.9775739041794088
0.9770759042282221,0.9775739041794088
0.9770720108695652,0.9774040095141012
0.9770681161882113,0.9772341148487937
0.9772341148487937,0.9772341148487937
0.9774001699235344,0.9772341148487937
0.9775662814411965,0.9772341148487937
0.9777324494305626,0.9772341148487937
0.9778986739204353,0.9772341148487937
0.9780649549396361,0.9772341148487937
0.9780612244897959,0.9770642201834863
0.9782275897261439,0.9770642201834863
0.9782238856753998,0.9768943255181787
0.9783903352050366,0.9768943255181787
0.9785568413886998,0.9768943255181787
0.9787234042553191,0.9768943255181787
0.978890023833844,0.9768943255181787
0.9790567001532436,0.9768943255181787
0.9792234332425068,0.9768943255181787
0.9793902231306422,0.9768943255181787
0.979557069846678,0.9768943255181787
0.9795535866416766,0.9767244308528712
0.9797205180640763,0.9767244308528712
0.9798875063916823,0.9767244308528712
0.9798840777361064,0.9765545361875637
0.9800511508951406,0.9765545361875637
0.9800477489768077,0.9763846415222562
0.9800443458980045,0.9762147468569486
0.9800409416581372,0.9760448521916412
0.9802081556048456,0.9760448521916412
0.9803754266211604,0.9760448521916412
0.9803720771462707,0.9758749575263337
0.9805394332536702,0.9758749575263337
0.9805361106368448,0.9757050628610262
0.9807035519125683,0.9757050628610262
0.9807002561912895,0.9755351681957186
0.9806969593440382,0.9753652735304111
0.9806936613702375,0.9751953788651037
0.9806903622693096,0.9750254841997962
0.9806870620406768,0.9748555895344886
0.9808547008547008,0.9748555895344886
0.9808514275944606,0.9746856948691811
0.9810191518467852,0.9746856948691811
0.9810159055926116,0.9745158002038736
0.9811837153609305,0.9745158002038736
0.98168748930344,0.9745158002038736
0.9818555289284492,0.9745158002038736
0.9820236260914227,0.9745158002038736
0.9820205479452054,0.974345905538566
0.982017468744648,0.9741760108732586
0.9820143884892086,0.9740061162079511
0.9821826280623608,0.9740061162079511
0.9823509252912954,0.9740061162079511
0.9823479005998286,0.9738362215426436
0.9823448748714433,0.973666326877336
0.982341848105606,0.9734964322120285
0.9823388203017832,0.973326537546721
0.9825072886297376,0.973326537546721
0.9825042881646655,0.9731566428814136
0.982672842683136,0.9731566428814136
0.9826698695950583,0.972986748216106
0.9826639203570202,0.972646958885491
0.9826609442060086,0.9724770642201835
0.9828296703296703,0.9724770642201835
0.9829984544049459,0.9724770642201835
0.9835051546391752,0.9724770642201835
0.9835023199862519,0.972307169554876
0.9836713647301478,0.972307169554876
0.9838404675949802,0.972307169554876
0.9843481252149983,0.972307169554876
0.9843454326509548,0.9721372748895685
0.9843427391603579,0.971967380224261
0.9843400447427293,0.9717974855589534
0.9843373493975903,0.9716275908936459
0.984506799793424,0.9716275908936459
0.9846763085399449,0.9716275908936459
0.9848458756672981,0.9716275908936459
0.9848432655873235,0.9714576962283384
0.9848406546080964,0.971287801563031
0.9850103376981392,0.971287801563031
0.9850077546096846,0.9711179068977234
0.9851775249913823,0.9711179068977234
0.9851749698327874,0.9709480122324159
0.9851724137931035,0.9707781175671084
0.9851698568718744,0.9706082229018009
0.9851672990686443,0.9704383282364933
0.9851647403829566,0.9702684335711859
0.9851621808143547,0.9700985389058784
0.9851596203623814,0.9699286442405708
0.9851570590265792,0.9697587495752633
0.9851544968064906,0.9695888549099558
0.9853245856353591,0.9695888549099558
0.9854947332067,0.9695888549099558
0.9854922279792746,0.9694189602446484
0.9856624632924512,0.9694189602446484
0.9856599861783,0.9692490655793408
0.9856575082080525,0.9690791709140333
0.9856550293812651,0.9689092762487258
0.9856525496974935,0.9687393815834183
0.986163957108267,0.9687393815834183
0.986161563743297,0.9685694869181107
0.986159169550173,0.9683995922528033
0.9863298148468593,0.9683995922528033
0.9863274489442714,0.9682296975874958
0.9863250822226068,0.9680598029221883
0.9864958448753463,0.9680598029221883
0.9864935064935065,0.9678899082568807
0.986664357464496,0.9678899082568807
0.9866620474623247,0.9677200135915732
0.9868329868329868,0.9677200135915732
0.9870039854444637,0.9677200135915732
0.9871750433275563,0.9677200135915732
0.9871728202461432,0.9675501189262657
0.9873439667128987,0.9675501189262657
0.9873417721518988,0.9673802242609582
0.9873395768296913,0.9672103295956507
0.9873373807458803,0.9670404349303432
0.9875086745315753,0.9670404349303432
0.9876800277633178,0.9670404349303432
0.9878514404720583,0.9670404349303432
0.9878493317132442,0.9668705402650357
0.9880208333333333,0.9668705402650357
0.9881923945129363,0.9668705402650357
0.9881903438693991,0.9667006455997281
0.9881882925134619,0.9665307509344206
0.9883599722029187,0.9665307509344206
0.9883579496090357,0.9663608562691132
0.9883559263121307,0.9661909616038057
0.9883539023118373,0.9660210669384981
0.9885257301808067,0.9660210669384981
0.9885237350026083,0.9658511722731906
0.9885217391304347,0.9656812776078831
0.9885197425639242,0.9655113829425757
0.9886917188587335,0.9655113829425757
0.9886897511745258,0.9653414882772681
0.9888618169161155,0.9653414882772681
0.9888598781549173,0.9651715936119606
0.9888579387186629,0.9650016989466531
0.9888559986069998,0.9648318042813455
0.988854057819575,0.964661909616038
0.9888521163560355,0.9644920149507306
0.9888501742160278,0.9643221202854231
0.9888482313991984,0.9641522256201155
0.9888462879051935,0.963982330954808
0.9890186508628203,0.963982330954808
0.9890167364016736,0.9638124362895005
0.9890148212728858,0.963642541624193
0.9890129054761074,0.9634726469588855
0.989010989010989,0.963302752293578
0.9890090718771808,0.9631328576282705
0.9891816436922003,0.9631328576282705
0.9891797556719023,0.9629629629629629
0.9891778669924943,0.9627930682976554
0.9891759776536313,0.962623173632348
0.9893486991444037,0.962623173632348
0.9893468389800908,0.9624532789670405
0.9893449781659389,0.9622833843017329
0.9893431167016072,0.9621134896364254
0.9893412545867551,0.9619435949711179
0.9893393918210416,0.9617737003058104
0.9893375284041251,0.9616038056405029
0.9898565932144107,0.9616038056405029
0.9898548189609935,0.9614339109751954
0.989853044086774,0.9612640163098879
0.989851268591426,0.9610941216445804
0.9900245012250612,0.9610941216445804
0.9901977945037633,0.9610941216445804
0.9901960784313726,0.9609242269792728
0.9901943617580109,0.9607543323139653
0.9901926444833625,0.9605844376486579
0.9901909266071116,0.9604145429833503
0.9901892081289418,0.9602446483180428
0.9903627124583845,0.9602446483180428
0.9905362776025236,0.9602446483180428
0.9905346187554777,0.9600747536527353
0.9905329593267882,0.9599048589874278
0.9905312993161494,0.9597349643221202
0.990529638723255,0.9595650696568128
0.9905279775477986,0.9593951749915053
0.9905263157894737,0.9592252803261978
0.9905246534479734,0.9590553856608902
0.9905229905229905,0.9588854909955827
0.9906968579954362,0.9588854909955827
0.9906952247191011,0.9587155963302753
0.9906935908691835,0.9585457016649678
0.9906919564453811,0.9583758069996602
0.9906903214473916,0.9582059123343527
0.9906886858749122,0.9580360176690452
0.9906870497276401,0.9578661230037376
0.9908611599297013,0.9578661230037376
0.9908595535243452,0.9576962283384302
0.990857946554149,0.9575263336731227
0.9908563390188149,0.9573564390078152
0.9908547309180443,0.9571865443425076
0.9908531222515391,0.9570166496772001
0.9908515130190007,0.9568467550118926
0.9908499032201302,0.9566768603465852
0.9908482928546286,0.9565069656812776
0.9908466819221968,0.9563370710159701
0.9908450704225352,0.9561671763506626
0.9908434583553443,0.955997281685355
0.9908418457203241,0.9558273870200475
0.9908402325171746,0.9556574923547401
0.9908386187455955,0.9554875976894326
0.9908370044052863,0.955317703024125
0.9908353894959464,0.9551478083588175
0.9908337740172748,0.95497791369351
0.9908321579689704,0.9548080190282026
0.9910068770939869,0.9548080190282026
0.991005291005291,0.954638124362895
0.9910037043570294,0.9544682296975875
0.9910021171489062,0.95429833503228
0.9911769895888477,0.95429833503228
0.9911754324038122,0.9541284403669725
0.9911738746690203,0.9539585457016649
0.9913488700564972,0.9539585457016649
0.9915239272470422,0.9539585457016649
0.9915224302366655,0.9537886510363575
0.9915209326974033,0.95361875637105
0.9915194346289753,0.9534488617057424
0.9915179360311009,0.9532789670404349
0.9915164369034994,0.9531090723751274
0.99151493724589,0.95293917770982
0.9915134370579916,0.9527692830445124
0.9915119363395225,0.9525993883792049
0.9915104350902016,0.9524294937138974
0.991508933309747,0.9522595990485899
0.9915074309978769,0.9520897043832823
0.9915059281543089,0.9519198097179749
0.9915044247787611,0.9517499150526674
0.9916799433528058,0.9517499150526674
0.9916784702549575,0.9515800203873598
0.9916769966353817,0.9514101257220523
0.991675522493801,0.9512402310567448
0.991674047829938,0.9510703363914373
0.9916725726435153,0.9509004417261298
0.9918483076377813,0.9509004417261298
0.9918468628146048,0.9507305470608223
0.9920226910122318,0.9507305470608223
0.9920212765957447,0.9505606523955148
0.9921971980847668,0.9505606523955148
0.9921958141184817,0.9503907577302073
0.9923718289870499,0.9503907577302073
0.9923704755145494,0.9502208630648997
0.9923691215616681,0.9500509683995922
0.9923677671281506,0.9498810737342848
0.9923664122137404,0.9497111790689773
0.9923650568181818,0.9495412844036697
0.9923637009412183,0.9493713897383622
0.9923623445825932,0.9492014950730547
0.9923609877420501,0.9490316004077471
0.992359630419332,0.9488617057424397
0.9923582726141816,0.9486918110771322
0.9925346605047991,0.9486918110771322
0.9925333333333334,0.9485219164118247
0.9925320056899004,0.9483520217465171
0.9925306775742486,0.9481821270812096
0.9927072216293135,0.9481821270812096
0.9927059242127735,0.9480122324159022
0.9927046263345196,0.9478423377505947
0.9928812956042,0.9478423377505947
0.9928800284798861,0.9476724430852871
0.9930567918817874,0.9476724430852871
0.9930555555555556,0.9475025484199796
0.9930543187889581,0.9473326537546721
0.9930530815817599,0.9471627590893646
0.9930518439337253,0.9469928644240571
0.9930506058446187,0.9468229697587496
0.9932275886651221,0.9468229697587496
0.9932263814616756,0.9466530750934421
0.9932251738277768,0.9464831804281345
0.9932239657631954,0.946313285762827
0.9934011057606563,0.946313285762827
0.9933999286478773,0.9461433910975195
0.9933987511150758,0.9459734964322121
0.9933975731620271,0.9458036017669045
0.9933963947885062,0.945633707101597
0.9933952159942877,0.9454638124362895
0.9933940367791466,0.945293917770982
0.9935714285714285,0.945293917770982
0.9935702804072156,0.9451240231056744
0.9935691318327974,0.944954128440367
0.9935679828479542,0.9447842337750595
0.993566833452466,0.9446143391097519
0.9935656836461126,0.9444444444444444
0.9935645334286736,0.9442745497791369
0.9935633827999285,0.9441046551138295
0.9935622317596566,0.9439347604485219
0.9935610803076372,0.9437648657832144
0.9937388193202147,0.9437648657832144
0.9937376990517087,0.9435949711179069
0.9937365783822477,0.9434250764525994
0.9937354573116163,0.9432551817872918
0.993734335839599,0.9430852871219844
0.9937332139659804,0.9429153924566769
0.9937320916905444,0.9427454977913694
0.9937309690130754,0.9425756031260618
0.9937298459333572,0.9424057084607543
0.9937287224511736,0.9422358137954469
0.9937275985663082,0.9420659191301393
0.9942621481083019,0.9420659191301393
0.994261119081779,0.9418960244648318
0.9942600896860987,0.9417261297995243
0.9942590599210621,0.9415562351342168
0.9942580297864705,0.9413863404689092
0.994256999282125,0.9412164458036018
0.9942559684078263,0.9410465511382943
0.9942549371633752,0.9408766564729868
0.9942539055485724,0.9407067618076792
0.9944324712643678,0.9407067618076792
0.994431471169391,0.9405368671423717
0.9944304707150557,0.9403669724770642
0.994429469901168,0.9401970778117568
0.9944284687275341,0.9400271831464492
0.9944264653002517,0.9396873938158342
0.9944254630462147,0.9395174991505266
0.9944244604316547,0.9393476044852191
0.9944234574563771,0.9391777098199117
0.9949604031677466,0.9391777098199117
0.994959495949595,0.9390078151546042
0.9949585884047534,0.9388379204892966
0.9951377633711507,0.9388379204892966
0.9951368876080692,0.9386680258239891
0.9951360115294542,0.9384981311586816
0.9951351351351352,0.9383282364933742
0.9951342584249414,0.9381583418280666
0.9953136265320837,0.9381583418280666
0.995312781683793,0.9379884471627591
0.9954922466642625,0.9379884471627591
0.9954914337240758,0.9378185524974516
0.9954906204906205,0.937648657832144
0.995489806963738,0.9374787631668365
0.9954889931432696,0.9373088685015291
0.9954881790290562,0.9371389738362216
0.9954873646209387,0.936969079170914
0.9954865499187578,0.9367991845056065
0.9954857349223546,0.936629289840299
0.9956655228463067,0.936629289840299
0.9956647398843931,0.9364593951749915
0.9956639566395664,0.936289500509684
0.9956631731116733,0.9361196058443765
0.9956623893005603,0.935949711179069
0.9956616052060737,0.9357798165137615
0.9958416199602242,0.9357798165137615
0.9958408679927667,0.9356099218484539
0.9958401157533008,0.9354400271831464
0.9958393632416788,0.935270132517839
0.9958386104577529,0.9351002378525314
0.9958378574013753,0.9349303431872239
0.9958371040723982,0.9347604485219164
0.9958363504706734,0.9345905538566089
0.9958355965960529,0.9344206591913014
0.9958348424483883,0.9342507645259939
0.9958340880275313,0.9340808698606864
0.9958333333333333,0.9339109751953789
0.995832578365646,0.9337410805300713
0.9958318231243204,0.9335711858647638
0.9958310676092079,0.9334012911994564
0.9960116026105874,0.9334012911994564
0.9960108794197643,0.9332313965341489
0.9960101559666305,0.9330615018688413
0.996009432251043,0.9328916072035338
0.9960087082728593,0.9327217125382263
0.9960079840319361,0.9325518178729187
0.9960072595281306,0.9323819232076113
0.9960058097312999,0.9320421338769963
0.996005084437988,0.9318722392116887
0.9960043588812205,0.9317023445463812
0.9960036330608538,0.9315324498810738
0.9960029069767442,0.9313625552157663
0.9960021806287479,0.9311926605504587
0.9960014540167212,0.9310227658851512
0.9960007271405199,0.9308528712198437
0.996,0.9306829765545361
0.9959992725950173,0.9305130818892287
0.9959985449254274,0.9303431872239212
0.995997816991086,0.9301732925586137
0.9959970887918487,0.9300033978933061
0.9959963603275706,0.9298335032279986
0.9961776483436476,0.9298335032279986
0.9961769524849808,0.9296636085626911
0.9961762563729061,0.9294937138973837
0.9961755600072847,0.9293238192320761
0.9961741665148479,0.9289840299014611
0.996172772006561,0.928644240570846
0.9963536918869644,0.9284743459055386
0.9963530269876003,0.9283044512402311
0.9963523618457049,0.9281345565749235
0.9963516964611455,0.927964661909616
0.9963510308337895,0.9277947672443085
0.9963503649635036,0.9276248725790011
0.9963496988501551,0.9274549779136935
0.9963483658937374,0.9271151885830785
0.9963476990504018,0.926945293917771
0.9963470319634703,0.9267753992524634
0.9963463646328097,0.926605504587156
0.9963456970582861,0.9264356099218485
0.9963450292397661,0.9262657152565409
0.9963443611771157,0.9260958205912334
0.9963430243188883,0.9257560312606185
0.9963416864825315,0.9254162419300034
0.9963410171972191,0.9252463472646959
0.9963396778916545,0.9249065579340808
0.9965220574775764,0.9249065579340808
0.9965214207250092,0.9247366632687734
0.9965207837392419,0.9245667686034659
0.9965195090675948,0.9242269792728508
0.9965188713814584,0.9240570846075433
0.996518233461609,0.9238871899422358
0.9965169569202567,0.9235474006116208
0.9965163182984965,0.9233775059463133
0.9965150403521643,0.9230377166156982
0.9965144010273345,0.9228678219503907
0.99651376146789,0.9226979272850833
0.9965131216737017,0.9225280326197758
0.9965118413805765,0.9221882432891607
0.9965112008813808,0.9220183486238532
0.9965099191770757,0.9216785592932382
0.9965092779717067,0.9215086646279307
0.9965086365306872,0.9213387699626232
0.9965079948538872,0.9211688752973156
0.9965073529411764,0.9209989806320081
0.9965060684075028,0.9206591913013932
0.996504782928624,0.9203194019707781
0.9965041398344067,0.9201495073054706
0.9965034965034965,0.9199796126401631
0.9965028529357629,0.9198097179748556
0.9965022091310751,0.9196398233095481
0.9965015650893021,0.9194699286442406
0.996500920810313,0.919300033978933
0.9965002762939767,0.9191301393136255
0.9964996315401621,0.918960244648318
0.9964983413195724,0.918620455317703
0.9964976958525346,0.9184505606523955
0.9964970501474927,0.918280665987088
0.996496404204315,0.9181107713217805
0.9964957580228698,0.917940876656473
0.9964951116030253,0.9177709819911655
0.9964944649446494,0.917601087325858
0.9964938180476103,0.9174311926605505
0.9964931709117756,0.9172612979952429
0.9964925235370131,0.9170914033299354
0.9964912280701754,0.9167516139993204
0.9964899316460373,0.9164118246687054
0.9964892830746489,0.9162419300033979
0.9964886342635373,0.9160720353380903
0.9964879852125693,0.9159021406727829
0.9964866863905325,0.9155623513421679
0.9964860366191973,0.9153924566768603
0.9966703662597114,0.9153924566768603
0.9966697502312674,0.9152225620115528
0.9966685174902832,0.9148827726809379
0.9966672838363266,0.9145429833503228
0.9966666666666667,0.9143730886850153
0.996666049268383,0.9142031940197077
0.9966654316413487,0.9140332993544003
0.9966648137854364,0.9138634046890928
0.9966641957005189,0.9136935100237853
0.9966635773864689,0.9135236153584777
0.9966623400704617,0.9131838260278627
0.9966617210682492,0.9130139313625553
0.9966604823747681,0.9126741420319402
0.9966592427616926,0.9123343527013251
0.996658622609987,0.9121644580360176
0.9966567607726597,0.9116547740400951
0.996840735922691,0.9113149847094801
0.9968401486988847,0.9111450900441727
0.9968389735961324,0.9108053007135576
0.9968377976190477,0.9104655113829426
0.9968372093023256,0.910295616717635
0.9968348538447217,0.909616038056405
0.9968342644320298,0.9094461433910975
0.9968336747997765,0.90927624872579
0.9968324948760946,0.908936459395175
0.9968319045844204,0.9087665647298675
0.9968307233407905,0.9084267753992524
0.9968295412159642,0.9080869860686375
0.9968283582089552,0.9077471967380224
0.9968277663743236,0.9075773020727149
0.9968265820421878,0.9072375127420998
0.9970126960418223,0.9072375127420998
0.9970110218569027,0.9067278287461774
0.9970104633781763,0.9065579340808698
0.9970087866891008,0.9060482500849474
0.9970071081182192,0.9055385660890248
0.997005427662362,0.9050288820931023
0.997003745318352,0.9045191980971797
0.9970014992503748,0.9038396194359497
0.9970003749531309,0.9034998301053347
0.99699868692553,0.9029901461094122
0.996996996996997,0.9024804621134896
0.9969947407963937,0.9018008834522596
0.9969930464198459,0.9012911994563371
0.9969907842768478,0.900611620795107
0.9969873846733195,0.8995922528032619
0.9975499434602337,0.899252463472647
0.9975494816211121,0.8990825688073395
0.9975485574203281,0.8987427794767244
0.9975480950584685,0.898572884811417
0.9975448536355052,0.8973836221542644
0.9977328547137729,0.8972137274889569
0.9977311401020987,0.8965341488277269
0.9977298524404086,0.8960244648318043
0.9977277030865367,0.8951749915052667
0.9977246871444824,0.8939857288481141
0.9977225279939267,0.8931362555215766
0.9977203647416414,0.8922867821950391
0.9977186311787072,0.8916072035338091
0.9977151561309977,0.890248046211349
0.9977125428898208,0.8892286782195039
0.9977094865432334,0.8880394155623513
0.9977072984333206,0.8871899422358138
0.9977033492822966,0.8856608902480462
0.997696294874256,0.8829425756031261
0.9976918638199653,0.8812436289500509
0.9976869699306091,0.8793747876316683
0.9976838448176027,0.8781855249745159
0.9978719288063456,0.8763166836561332
0.9982527664531159,0.873598369011213
0.9982490272373541,0.8717295276928304
0.9982435597189696,0.8690112130479103
0.9982366771159875,0.8656133197417601
0.9982259018332348,0.8603465851172273
0.9984082769598089,0.8525314305130819
0.9985957873620862,0.8457356439007815
0.9987817258883249,0.8357118586476384
0.9987368421052631,0.8059802922188243
1.0,0.0
