precision,recall
0.4080362195812111,1.0
0.4080498035821293,1.0
0.40806338848753204,1.0
0.40807697429750966,1.0
0.40809056101215246,1.0
0.4081041486315509,1.0
0.4081177371557953,1.0
0.40813132658497603,1.0
0.40814491691918353,1.0
0.4081585081585082,1.0
0.4081721003030404,1.0
0.40818569335287064,1.0
0.4081992873080894,1.0
0.40821288216878704,1.0
0.4082264779350541,1.0
0.4082400746069811,1.0
0.4082536721846584,1.0
0.4082672706681767,1.0
0.4082808700576263,1.0
0.40829447035309796,1.0
0.408308071554682,1.0
0.4083216736624692,1.0
0.40833527667654995,1.0
0.4083488805970149,1.0
0.4083624854239547,1.0
0.4083760911574599,1.0
0.408389697797621,1.0
0.40840330534452884,1.0
0.40841691379827394,1.0
0.408430523158947,1.0
0.40844413342663866,1.0
0.40845774460143963,1.0
0.40847135668344053,1.0
0.4084849696727321,1.0
0.4084985835694051,1.0
0.4085121983735502,1.0
0.4085258140852581,1.0
0.4085394307046197,1.0
0.4085530482317256,1.0
0.4085666666666667,1.0
0.40858028600953367,1.0
0.40859390626041736,1.0
0.4086075274194086,1.0
0.4086211494865982,1.0
0.408634772462077,1.0
0.40864839634593586,1.0
0.4086620211382656,1.0
0.40867564683915714,1.0
0.40868927344870126,1.0
0.40870290096698897,1.0
0.4087165293941112,1.0
0.4087301587301587,1.0
0.4087437889752226,1.0
0.4087574201293937,1.0
0.40877105219276305,1.0
0.40878468516542155,1.0
0.4087983190474602,1.0
0.40881195383897007,1.0
0.408825589540042,1.0
0.4088392261507672,1.0
0.4088528636712365,1.0
0.40886650210154113,1.0
0.40888014144177204,1.0
0.4088937816920203,1.0
0.40890742285237697,1.0
0.40892106492293323,1.0
0.40893470790378006,1.0
0.40894835179500866,1.0
0.4089619965967102,1.0
0.40897564230897565,1.0
0.4089892889318963,1.0
0.4090029364655633,1.0
0.40901658491006776,1.0
0.4090302342655009,1.0
0.40904388453195395,1.0
0.4090575357095181,1.0
0.40907118779828455,1.0
0.40908484079834456,1.0
0.4090984947097894,1.0
0.4091121495327103,1.0
0.4091258052671985,1.0
0.4091394619133453,1.0
0.4091531194712421,1.0
0.4091667779409801,1.0
0.40918043732265064,1.0
0.40919409761634506,1.0
0.4092077588221547,1.0
0.40922142094017094,1.0
0.40923508397048514,1.0
0.40924874791318866,1.0
0.4092624127683729,1.0
0.4092760785361293,1.0
0.40928974521654926,1.0
0.40930341280972415,1.0
0.4093170813157455,1.0
0.40933075073470476,1.0
0.4093444210666934,1.0
0.4093580923118028,1.0
0.4093717644701246,1.0
0.40938543754175016,1.0
0.4093991115267711,1.0
0.4094127864252789,1.0
0.4094264622373651,1.0
0.4094401389631213,1.0
0.4094538166026391,1.0
0.4094674951560099,1.0
0.40948117462332545,1.0
0.40949485500467725,1.0
0.40950853630015704,1.0
0.4095222185098563,1.0
0.40953590163386683,1.0
0.4095495856722801,1.0
0.40956327062518794,1.0
0.40957695649268194,1.0
0.4095906432748538,1.0
0.4096043309717952,1.0
0.4096180195835979,1.0
0.40963170911035357,1.0
0.409645399552154,1.0
0.4096590909090909,1.0
0.40967278318125605,1.0
0.4096864763687412,1.0
0.4097001704716382,1.0
0.4097138654900388,1.0
0.40972756142403477,1.0
0.409741258273718,1.0
0.4097549560391803,1.0
0.4097686547205135,1.0
0.4097823543178095,1.0
0.40979605483116016,1.0
0.40980975626065735,1.0
0.40982345860639297,1.0
0.40983716186845887,1.0
0.4098508660469471,1.0
0.4098645711419495,1.0
0.40987827715355807,1.0
0.40989198408186467,1.0
0.4099056919269614,1.0
0.40991940068894017,1.0
0.409933110367893,1.0
0.40994682096391183,1.0
0.40996053247708875,1.0
0.40997424490751583,1.0
0.409987958255285,1.0
0.41000167252048836,1.0
0.41001538770321805,1.0
0.41002910380356605,1.0
0.4100428208216245,1.0
0.41005653875748554,1.0
0.4100702576112412,1.0
0.4100839773829837,1.0
0.41009769807280516,1.0
0.4101114196807977,1.0
0.4101251422070535,1.0
0.41013886565166474,1.0
0.4101525900147236,1.0
0.4101663152963223,1.0
0.4101800414965531,1.0
0.41019376861550816,1.0
0.41020749665327977,1.0
0.41022122560996016,1.0
0.4102349554856416,1.0
0.4102486862804164,1.0
0.41026241799437674,1.0
0.4102761506276151,1.0
0.4102898841802236,1.0
0.4103036186522947,1.0
0.4103173540439207,1.0
0.410331090355194,1.0
0.4103448275862069,1.0
0.4103585657370518,1.0
0.41037230480782105,1.0
0.4103860447986072,1.0
0.4103997857095024,1.0
0.41041352754059934,1.0
0.41042727029199033,1.0
0.41044101396376786,1.0
0.41045475855602437,1.0
0.4104685040688523,1.0
0.41048225050234427,1.0
0.41049599785659263,1.0
0.41050974613169,1.0
0.41052349532772886,1.0
0.4105372454448017,1.0
0.4105509964830012,1.0
0.4105647484424198,1.0
0.4105785013231501,1.0
0.41059225512528474,1.0
0.41060600984891626,1.0
0.41061976549413737,1.0
0.4106335220610406,1.0
0.4106472795497186,1.0
0.410661037960264,1.0
0.41067479729276957,1.0
0.41068855754732786,1.0
0.4107023187240316,1.0
0.41071608082297356,1.0
0.4107298438442464,1.0
0.4107436077879428,1.0
0.4107573726541555,1.0
0.4107711384429773,1.0
0.41078490515450095,1.0
0.41079867278881926,1.0
0.41081244134602496,1.0
0.41082621082621085,1.0
0.41083998122946974,1.0
0.41085375255589446,1.0
0.4108675248055779,1.0
0.41084777580369414,0.9999184139675288
0.4108615487763996,0.9999184139675288
0.410875322672567,0.9999184139675288
0.41088909749228913,0.9999184139675288
0.410902873235659,0.9999184139675288
0.4109166499027694,0.9999184139675288
0.41093042749371333,0.9999184139675288
0.41094420600858367,0.9999184139675288
0.4109579854474734,0.9999184139675288
0.4109717658104755,0.9999184139675288
0.41098554709768287,0.9999184139675288
0.4109993293091885,0.9999184139675288
0.41101311244508537,0.9999184139675288
0.4110268965054665,0.9999184139675288
0.41104068149042494,0.9999184139675288
0.41105446740005364,0.9999184139675288
0.41106825423444576,0.9999184139675288
0.41108204199369425,0.9999184139675288
0.4110958306778922,0.9999184139675288
0.4111096202871327,0.9999184139675288
0.41112341082150883,0.9999184139675288
0.4111372022811137,0.9999184139675288
0.41115099466604044,0.9999184139675288
0.4111647879763822,0.9999184139675288
0.411178582212232,0.9999184139675288
0.41119237737368314,0.9999184139675288
0.4112061734608287,0.9999184139675288
0.4112199704737619,0.9999184139675288
0.4112337684125759,0.9999184139675288
0.41124756727736395,0.9999184139675288
0.4112613670682192,0.9999184139675288
0.4112751677852349,0.9999184139675288
0.4112889694285043,0.9999184139675288
0.41130277199812065,0.9999184139675288
0.4113165754941773,0.9999184139675288
0.41133037991676735,0.9999184139675288
0.4113441852659842,0.9999184139675288
0.4113579915419212,0.9999184139675288
0.41137179874467156,0.9999184139675288
0.4113856068743287,0.9999184139675288
0.4113994159309859,0.9999184139675288
0.4114132259147365,0.9999184139675288
0.4114270368256739,0.9999184139675288
0.4114408486638915,0.9999184139675288
0.41145466142948267,0.9999184139675288
0.4114684751225408,0.9999184139675288
0.4114822897431593,0.9999184139675288
0.41149610529143166,0.9999184139675288
0.4115099217674512,0.9999184139675288
0.4115237391713115,0.9999184139675288
0.411537557503106,0.9999184139675288
0.41155137676292813,0.9999184139675288
0.4115651969508714,0.9999184139675288
0.41157901806702935,0.9999184139675288
0.41159284011149544,0.9999184139675288
0.4116066630843632,0.9999184139675288
0.4116204869857263,0.9999184139675288
0.4116343118156781,0.9999184139675288
0.4116481375743123,0.9999184139675288
0.4116619642617224,0.9999184139675288
0.4116757918780021,0.9999184139675288
0.41168962042324486,0.9999184139675288
0.4117034498975444,0.9999184139675288
0.41171728030099436,0.9999184139675288
0.4117311116336883,0.9999184139675288
0.41174494389572,0.9999184139675288
0.41175877708718295,0.9999184139675288
0.41177261120817094,0.9999184139675288
0.4117864462587777,0.9999184139675288
0.4118002822390968,0.9999184139675288
0.4118141191492221,0.9999184139675288
0.4118279569892473,0.9999184139675288
0.4118417957592661,0.9999184139675288
0.41185563545937226,0.9999184139675288
0.41186947608965957,0.9999184139675288
0.4118833176502218,0.9999184139675288
0.41189716014115274,0.9999184139675288
0.41191100356254623,0.9999184139675288
0.411924847914496,0.9999184139675288
0.411938693197096,0.9999184139675288
0.41195253941043997,0.9999184139675288
0.41196638655462187,0.9999184139675288
0.41198023462973543,0.9999184139675288
0.4119940836358747,0.9999184139675288
0.4120079335731334,0.9999184139675288
0.4120217844416056,0.9999184139675288
0.4120356362413851,0.9999184139675288
0.4120494889725659,0.9999184139675288
0.4120633426352419,0.9999184139675288
0.4120771972295071,0.9999184139675288
0.41209105275545543,0.9999184139675288
0.4121049092131809,0.9999184139675288
0.4121187666027775,0.9999184139675288
0.4121326249243392,0.9999184139675288
0.4121464841779601,0.9999184139675288
0.4121603443637342,0.9999184139675288
0.4121742054817555,0.9999184139675288
0.4121880675321181,0.9999184139675288
0.4122019305149161,0.9999184139675288
0.41221579443024353,0.9999184139675288
0.4122296592781945,0.9999184139675288
0.4122435250588631,0.9999184139675288
0.4122573917723435,0.9999184139675288
0.41227125941872983,0.9999184139675288
0.4122851279981162,0.9999184139675288
0.4122989975105968,0.9999184139675288
0.41231286795626576,0.9999184139675288
0.41232673933521735,0.9999184139675288
0.41234061164754565,0.9999184139675288
0.412354484893345,0.9999184139675288
0.4123683590727095,0.9999184139675288
0.4123822341857335,0.9999184139675288
0.4123961102325112,0.9999184139675288
0.4124099872131368,0.9999184139675288
0.4124238651277047,0.9999184139675288
0.41243774397630906,0.9999184139675288
0.41245162375904426,0.9999184139675288
0.41246550447600455,0.9999184139675288
0.41247938612728435,0.9999184139675288
0.4124932687129779,0.9999184139675288
0.41250715223317963,0.9999184139675288
0.41252103668798384,0.9999184139675288
0.41253492207748493,0.9999184139675288
0.4125488084017773,0.9999184139675288
0.4125626956609553,0.9999184139675288
0.4125765838551134,0.9999184139675288
0.4125904729843461,0.9999184139675288
0.41260436304874765,0.9999184139675288
0.4126182540484126,0.9999184139675288
0.41263214598343545,0.9999184139675288
0.41264603885391066,0.9999184139675288
0.41265993265993267,0.9999184139675288
0.412673827401596,0.9999184139675288
0.4126877230789952,0.9999184139675288
0.4127016196922248,0.9999184139675288
0.41271551724137934,0.9999184139675288
0.4127294157265533,0.9999184139675288
0.4127433151478413,0.9999184139675288
0.41275721550533795,0.9999184139675288
0.4127711167991378,0.9999184139675288
0.4127850190293355,0.9999184139675288
0.4127989221960256,0.9999184139675288
0.41281282629930277,0.9999184139675288
0.4128267313392617,0.9999184139675288
0.4128406373159969,0.9999184139675288
0.41285454422960316,0.9999184139675288
0.4128684520801752,0.9999184139675288
0.41288236086780755,0.9999184139675288
0.4128962705925951,0.9999184139675288
0.4129101812546324,0.9999184139675288
0.4129240928540144,0.9999184139675288
0.4129380053908356,0.9999184139675288
0.4129519188651909,0.9999184139675288
0.412965833277175,0.9999184139675288
0.41297974862688275,0.9999184139675288
0.412993664914409,0.9999184139675288
0.41300758213984834,0.9999184139675288
0.4130215003032958,0.9999184139675288
0.41303541940484617,0.9999184139675288
0.4130493394445942,0.9999184139675288
0.4130632604226349,0.9999184139675288
0.41307718233906304,0.9999184139675288
0.4130911051939735,0.9999184139675288
0.41310502898746126,0.9999184139675288
0.41311895371962115,0.9999184139675288
0.4131328793905481,0.9999184139675288
0.4131468060003371,0.9999184139675288
0.41316073354908306,0.9999184139675288
0.41317466203688097,0.9999184139675288
0.41318859146382575,0.9999184139675288
0.4132025218300125,0.9999184139675288
0.41321645313553607,0.9999184139675288
0.41323038538049156,0.9999184139675288
0.413244318564974,0.9999184139675288
0.41325825268907845,0.9999184139675288
0.4132721877528999,0.9999184139675288
0.41328612375653345,0.9999184139675288
0.4133000607000742,0.9999184139675288
0.41331399858361717,0.9999184139675288
0.41332793740725754,0.9999184139675288
0.41334187717109033,0.9999184139675288
0.4133558178752108,0.9999184139675288
0.413369759519714,0.9999184139675288
0.4133837021046951,0.9999184139675288
0.4133976456302493,0.9999184139675288
0.4134115900964717,0.9999184139675288
0.41342553550345756,0.9999184139675288
0.41343948185130214,0.9999184139675288
0.4134534291401005,0.9999184139675288
0.41346737736994804,0.9999184139675288
0.41348132654093994,0.9999184139675288
0.4134952766531714,0.9999184139675288
0.41350922770673776,0.9999184139675288
0.41352317970173424,0.9999184139675288
0.41353713263825626,0.9999184139675288
0.413551086516399,0.9999184139675288
0.4135650413362578,0.9999184139675288
0.41357899709792806,0.9999184139675288
0.41359295380150507,0.9999184139675288
0.4136069114470842,0.9999184139675288
0.4136208700347609,0.9999184139675288
0.41363482956463044,0.9999184139675288
0.4136487900367883,0.9999184139675288
0.4136627514513298,0.9999184139675288
0.41367671380835047,0.9999184139675288
0.4136906771079457,0.9999184139675288
0.41370464135021096,0.9999184139675288
0.4137186065352417,0.9999184139675288
0.4137325726631334,0.9999184139675288
0.4137465397339815,0.9999184139675288
0.4137605077478816,0.9999184139675288
0.4137744767049291,0.9999184139675288
0.41378844660521963,0.9999184139675288
0.41380241744884866,0.9999184139675288
0.4138163892359118,0.9999184139675288
0.4138303619665046,0.9999184139675288
0.4138443356407226,0.9999184139675288
0.41385831025866143,0.9999184139675288
0.4138722858204167,0.9999184139675288
0.413886262326084,0.9999184139675288
0.413900239775759,0.9999184139675288
0.41391421816953733,0.9999184139675288
0.4139281975075146,0.9999184139675288
0.41394217778978654,0.9999184139675288
0.41395615901644883,0.9999184139675288
0.4139701411875971,0.9999184139675288
0.41398412430332715,0.9999184139675288
0.41399810836373463,0.9999184139675288
0.4140120933689153,0.9999184139675288
0.41402607931896496,0.9999184139675288
0.41404006621397926,0.9999184139675288
0.41405405405405404,0.9999184139675288
0.4140680428392851,0.9999184139675288
0.4140820325697682,0.9999184139675288
0.41409602324559924,0.9999184139675288
0.4141100148668739,0.9999184139675288
0.4141240074336881,0.9999184139675288
0.41413800094613773,0.9999184139675288
0.4141519954043186,0.9999184139675288
0.41416599080832656,0.9999184139675288
0.4141799871582576,0.9999184139675288
0.4141939844542075,0.9999184139675288
0.41420798269627224,0.9999184139675288
0.4142219818845478,0.9999184139675288
0.41423598201913003,0.9999184139675288
0.4142499831001149,0.9999184139675288
0.41426398512759843,0.9999184139675288
0.4142779881016766,0.9999184139675288
0.4142919920224453,0.9999184139675288
0.4143059968900007,0.9999184139675288
0.41432000270443864,0.9999184139675288
0.4143340094658553,0.9999184139675288
0.41434801717434666,0.9999184139675288
0.4143620258300088,0.9999184139675288
0.4143760354329378,0.9999184139675288
0.41439004598322965,0.9999184139675288
0.4144040574809806,0.9999184139675288
0.4144180699262866,0.9999184139675288
0.4144320833192439,0.9999184139675288
0.4144460976599486,0.9999184139675288
0.41446011294849683,0.9999184139675288
0.4144741291849848,0.9999184139675288
0.4144881463695086,0.9999184139675288
0.4145021645021645,0.9999184139675288
0.41451618358304865,0.9999184139675288
0.41453020361225734,0.9999184139675288
0.4145442245898867,0.9999184139675288
0.414558246516033,0.9999184139675288
0.41457226939079256,0.9999184139675288
0.41458629321426155,0.9999184139675288
0.4146003179865363,0.9999184139675288
0.4146143437077131,0.9999184139675288
0.4146283703778883,0.9999184139675288
0.41464239799715813,0.9999184139675288
0.41465642656561896,0.9999184139675288
0.41467045608336717,0.9999184139675288
0.41468448655049905,0.9999184139675288
0.41469851796711105,0.9999184139675288
0.4147125503332995,0.9999184139675288
0.4147265836491608,0.9999184139675288
0.4147406179147914,0.9999184139675288
0.41475465313028764,0.9999184139675288
0.41476868929574606,0.9999184139675288
0.414782726411263,0.9999184139675288
0.41479676447693503,0.9999184139675288
0.4148108034928586,0.9999184139675288
0.4148248434591301,0.9999184139675288
0.4148388843758462,0.9999184139675288
0.41485292624310327,0.9999184139675288
0.4148669690609979,0.9999184139675288
0.41488101282962664,0.9999184139675288
0.414895057549086,0.9999184139675288
0.41490910321947255,0.9999184139675288
0.4149231498408829,0.9999184139675288
0.41493719741341367,0.9999184139675288
0.41495124593716143,0.9999184139675288
0.41496529541222277,0.9999184139675288
0.4149793458386944,0.9999184139675288
0.4149933972166729,0.9999184139675288
0.4150074495462549,0.9999184139675288
0.4150215028275372,0.9999184139675288
0.41503555706061634,0.9999184139675288
0.41504961224558906,0.9999184139675288
0.41506366838255215,0.9999184139675288
0.41507772547160227,0.9999184139675288
0.41509178351283615,0.9999184139675288
0.4151058425063506,0.9999184139675288
0.41511990245224223,0.9999184139675288
0.415133963350608,0.9999184139675288
0.4151480252015446,0.9999184139675288
0.41516208800514887,0.9999184139675288
0.4151761517615176,0.9999184139675288
0.41519021647074766,0.9999184139675288
0.4152042821329358,0.9999184139675288
0.41521834874817903,0.9999184139675288
0.41523241631657404,0.9999184139675288
0.41524648483821786,0.9999184139675288
0.4152605543132073,0.9999184139675288
0.4152746247416393,0.9999184139675288
0.41528869612361075,0.9999184139675288
0.4153027684592186,0.9999184139675288
0.4153168417485598,0.9999184139675288
0.41533091599173133,0.9999184139675288
0.41534499118883017,0.9999184139675288
0.41535906733995326,0.9999184139675288
0.4153731444451976,0.9999184139675288
0.4153872225046602,0.9999184139675288
0.4154013015184382,0.9999184139675288
0.4154153814866285,0.9999184139675288
0.41542946240932815,0.9999184139675288
0.4154435442866343,0.9999184139675288
0.4154576271186441,0.9999184139675288
0.4154717109054544,0.9999184139675288
0.41548579564716254,0.9999184139675288
0.41549988134386545,0.9999184139675288
0.4155139679956604,0.9999184139675288
0.4155280556026445,0.9999184139675288
0.4155421441649149,0.9999184139675288
0.4155562336825687,0.9999184139675288
0.4155703241557032,0.9999184139675288
0.4155844155844156,0.9999184139675288
0.415598507968803,0.9999184139675288
0.41561260130896266,0.9999184139675288
0.4156266956049919,0.9999184139675288
0.41564079085698785,0.9999184139675288
0.41565488706504783,0.9999184139675288
0.4156689842292691,0.9999184139675288
0.415683082349749,0.9999184139675288
0.4156971814265848,0.9999184139675288
0.4157112814598738,0.9999184139675288
0.41572538244971335,0.9999184139675288
0.4157394843962008,0.9999184139675288
0.4157535872994335,0.9999184139675288
0.4157676911595088,0.9999184139675288
0.4157817959765241,0.9999184139675288
0.41579590175057674,0.9999184139675288
0.4158100084817642,0.9999184139675288
0.4158241161701839,0.9999184139675288
0.41583822481593324,0.9999184139675288
0.4158523344191097,0.9999184139675288
0.4158664449798107,0.9999184139675288
0.4158805564981337,0.9999184139675288
0.41589466897417626,0.9999184139675288
0.41590878240803586,0.9999184139675288
0.41592289679981,0.9999184139675288
0.41593701214959616,0.9999184139675288
0.41595112845749194,0.9999184139675288
0.4159652457235949,0.9999184139675288
0.41597936394800256,0.9999184139675288
0.4159934831308126,0.9999184139675288
0.41600760327212244,0.9999184139675288
0.4160217243720299,0.9999184139675288
0.4160358464306324,0.9999184139675288
0.4160499694480277,0.9999184139675288
0.4160640934243134,0.9999184139675288
0.4160782183595872,0.9999184139675288
0.4160923442539467,0.9999184139675288
0.41610647110748966,0.9999184139675288
0.4161205989203137,0.9999184139675288
0.41613472769251664,0.9999184139675288
0.4161488574241961,0.9999184139675288
0.41616298811544994,0.9999184139675288
0.4161771197663758,0.9999184139675288
0.41619125237707144,0.9999184139675288
0.41620538594763473,0.9999184139675288
0.4162195204781634,0.9999184139675288
0.41623365596875533,0.9999184139675288
0.4162477924195082,0.9999184139675288
0.41626192983051996,0.9999184139675288
0.41627606820188845,0.9999184139675288
0.4162902075337115,0.9999184139675288
0.41630434782608694,0.9999184139675288
0.41631848907911273,0.9999184139675288
0.4163326312928867,0.9999184139675288
0.4163467744675069,0.9999184139675288
0.41636091860307106,0.9999184139675288
0.41637506369967725,0.9999184139675288
0.4163892097574234,0.9999184139675288
0.41640335677640744,0.9999184139675288
0.4164175047567274,0.9999184139675288
0.4164316536984812,0.9999184139675288
0.4164458036017669,0.9999184139675288
0.41645995446668255,0.9999184139675288
0.4164741062933261,0.9999184139675288
0.41648825908179565,0.9999184139675288
0.4165024128321892,0.9999184139675288
0.4165165675446049,0.9999184139675288
0.41653072321914086,0.9999184139675288
0.41654487985589506,0.9999184139675288
0.4165590374549657,0.9999184139675288
0.4165731960164508,0.9999184139675288
0.4165873555404487,0.9999184139675288
0.41660151602705736,0.9999184139675288
0.416615677476375,0.9999184139675288
0.41662983988849983,0.9999184139675288
0.41664400326353007,0.9999184139675288
0.4166581676015638,0.9999184139675288
0.4166723329026994,0.9999184139675288
0.416686499167035,0.9999184139675288
0.41670066639466885,0.9999184139675288
0.41671483458569925,0.9999184139675288
0.4167290037402244,0.9999184139675288
0.4167431738583427,0.9999184139675288
0.4167573449401523,0.9999184139675288
0.4167715169857517,0.9999184139675288
0.4167856899952391,0.9999184139675288
0.4167998639687128,0.9999184139675288
0.4168140389062713,0.9999184139675288
0.4168282148080128,0.9999184139675288
0.4168423916740358,0.9999184139675288
0.4168565695044386,0.9999184139675288
0.41687074829931975,0.9999184139675288
0.4168849280587775,0.9999184139675288
0.4168991087829104,0.9999184139675288
0.41691329047181686,0.9999184139675288
0.4169274731255953,0.9999184139675288
0.4169416567443443,0.9999184139675288
0.4169558413281622,0.9999184139675288
0.4169700268771476,0.9999184139675288
0.416984213391399,0.9999184139675288
0.4169984008710149,0.9999184139675288
0.4170125893160939,0.9999184139675288
0.4170267787267345,0.9999184139675288
0.41704096910303523,0.9999184139675288
0.4170551604450948,0.9999184139675288
0.41706935275301166,0.9999184139675288
0.41708354602688447,0.9999184139675288
0.41709774026681185,0.9999184139675288
0.4171119354728925,0.9999184139675288
0.41712613164522494,0.9999184139675288
0.41714032878390794,0.9999184139675288
0.41715452688904014,0.9999184139675288
0.41716872596072024,0.9999184139675288
0.4171829259990469,0.9999184139675288
0.4171971270041189,0.9999184139675288
0.41721132897603486,0.9999184139675288
0.41722553191489364,0.9999184139675288
0.4172397358207939,0.9999184139675288
0.4172539406938345,0.9999184139675288
0.41726814653411415,0.9999184139675288
0.41728235334173164,0.9999184139675288
0.4172965611167858,0.9999184139675288
0.41731076985937554,0.9999184139675288
0.4173249795695996,0.9999184139675288
0.4173391902475568,0.9999184139675288
0.417353401893346,0.9999184139675288
0.4173676145070662,0.9999184139675288
0.41738182808881624,0.9999184139675288
0.41739604263869495,0.9999184139675288
0.41741025815680133,0.9999184139675288
0.41742447464323423,0.9999184139675288
0.41743869209809265,0.9999184139675288
0.41745291052147554,0.9999184139675288
0.41746712991348184,0.9999184139675288
0.41748135027421057,0.9999184139675288
0.4174955716037607,0.9999184139675288
0.4175097939022313,0.9999184139675288
0.4175240171697213,0.9999184139675288
0.41753824140632984,0.9999184139675288
0.4175524666121559,0.9999184139675288
0.4175666927872986,0.9999184139675288
0.4175809199318569,0.9999184139675288
0.41759514804593,0.9999184139675288
0.417609377129617,0.9999184139675288
0.417623607183017,0.9999184139675288
0.41763783820622913,0.9999184139675288
0.4176520701993525,0.9999184139675288
0.4176663031624864,0.9999184139675288
0.41768053709572983,0.9999184139675288
0.41769477199918204,0.9999184139675288
0.4177090078729423,0.9999184139675288
0.41772324471710975,0.9999184139675288
0.4177374825317836,0.9999184139675288
0.4177517213170632,0.9999184139675288
0.4177659610730477,0.9999184139675288
0.4177802017998364,0.9999184139675288
0.41779444349752853,0.9999184139675288
0.4178086861662235,0.9999184139675288
0.41782292980602054,0.9999184139675288
0.41783717441701895,0.9999184139675288
0.41785141999931813,0.9999184139675288
0.4178656665530174,0.9999184139675288
0.4178799140782161,0.9999184139675288
0.41789416257501366,0.9999184139675288
0.41790841204350937,0.9999184139675288
0.4179226624838028,0.9999184139675288
0.4179369138959932,0.9999184139675288
0.41795116628018003,0.9999184139675288
0.41796541963646283,0.9999184139675288
0.417979673964941,0.9999184139675288
0.417993929265714,0.9999184139675288
0.4180081855388813,0.9999184139675288
0.4180224427845424,0.9999184139675288
0.41803670100279694,0.9999184139675288
0.41805096019374427,0.9999184139675288
0.41806522035748395,0.9999184139675288
0.41807948149411567,0.9999184139675288
0.41809374360373885,0.9999184139675288
0.4181080066864531,0.9999184139675288
0.4181222707423581,0.9999184139675288
0.41813653577155335,0.9999184139675288
0.4181508017741385,0.9999184139675288
0.41816506875021325,0.9999184139675288
0.41817933669987717,0.9999184139675288
0.41819360562322994,0.9999184139675288
0.41820787552037125,0.9999184139675288
0.41822214639140076,0.9999184139675288
0.4182364182364182,0.9999184139675288
0.4182506910555233,0.9999184139675288
0.41826496484881576,0.9999184139675288
0.41827923961639535,0.9999184139675288
0.4182935153583618,0.9999184139675288
0.41830779207481483,0.9999184139675288
0.41832206976585434,0.9999184139675288
0.41833634843158,0.9999184139675288
0.4183506280720918,0.9999184139675288
0.4183649086874893,0.9999184139675288
0.4183791902778726,0.9999184139675288
0.4183934728433414,0.9999184139675288
0.41840775638399563,0.9999184139675288
0.4184220408999351,0.9999184139675288
0.4184363263912598,0.9999184139675288
0.41845061285806956,0.9999184139675288
0.41846490030046435,0.9999184139675288
0.41847918871854406,0.9999184139675288
0.41849347811240867,0.9999184139675288
0.4185077684821581,0.9999184139675288
0.41852205982789237,0.9999184139675288
0.4185363521497114,0.9999184139675288
0.4185506454477153,0.9999184139675288
0.41856493972200404,0.9999184139675288
0.41857923497267757,0.9999184139675288
0.41859353119983606,0.9999184139675288
0.41860782840357946,0.9999184139675288
0.41862212658400794,0.9999184139675288
0.41863642574122145,0.9999184139675288
0.41865072587532026,0.9999184139675288
0.41866502698640434,0.9999184139675288
0.41867932907457384,0.9999184139675288
0.41869363213992894,0.9999184139675288
0.4187079361825698,0.9999184139675288
0.4187222412025965,0.9999184139675288
0.41873654720010933,0.9999184139675288
0.4187508541752084,0.9999184139675288
0.418765162127994,0.9999184139675288
0.4187794710585663,0.9999184139675288
0.41879378096702546,0.9999184139675288
0.41880809185347184,0.9999184139675288
0.41882240371800566,0.9999184139675288
0.41883671656072724,0.9999184139675288
0.41885103038173677,0.9999184139675288
0.41886534518113466,0.9999184139675288
0.4188796609590212,0.9999184139675288
0.41889397771549663,0.9999184139675288
0.4189082954506614,0.9999184139675288
0.4189226141646158,0.9999184139675288
0.4189369338574603,0.9999184139675288
0.41895125452929516,0.9999184139675288
0.41896557618022084,0.9999184139675288
0.41897989881033776,0.9999184139675288
0.4189942224197463,0.9999184139675288
0.419008547008547,0.9999184139675288
0.41902287257684023,0.9999184139675288
0.4190371991247265,0.9999184139675288
0.4190515266523062,0.9999184139675288
0.41906585515968,0.9999184139675288
0.4190801846469482,0.9999184139675288
0.4190945151142115,0.9999184139675288
0.41910884656157027,0.9999184139675288
0.4191231789891252,0.9999184139675288
0.41913751239697683,0.9999184139675288
0.4191518467852257,0.9999184139675288
0.41916618215397244,0.9999184139675288
0.4191805185033176,0.9999184139675288
0.41919485583336186,0.9999184139675288
0.41920919414420577,0.9999184139675288
0.41922353343595004,0.9999184139675288
0.41923787370869536,0.9999184139675288
0.41925221496254234,0.9999184139675288
0.4192665571975917,0.9999184139675288
0.4192809004139441,0.9999184139675288
0.4192952446117003,0.9999184139675288
0.41930958979096106,0.9999184139675288
0.41932393595182704,0.9999184139675288
0.419338283094399,0.9999184139675288
0.4193526312187778,0.9999184139675288
0.41936698032506414,0.9999184139675288
0.4193813304133589,0.9999184139675288
0.41939568148376277,0.9999184139675288
0.4194100335363767,0.9999184139675288
0.4194243865713015,0.9999184139675288
0.4194387405886379,0.9999184139675288
0.4194530955884869,0.9999184139675288
0.41943322609350403,0.9998368279350576
0.4194475818872574,0.9998368279350576
0.41946193866374587,0.9998368279350576
0.4194762964230703,0.9998368279350576
0.4194906551653317,0.9998368279350576
0.41950501489063086,0.9998368279350576
0.4195193755990689,0.9998368279350576
0.4195337372907466,0.9998368279350576
0.41954809996576514,0.9998368279350576
0.4195624636242254,0.9998368279350576
0.41957682826622844,0.9998368279350576
0.4195911938918752,0.9998368279350576
0.41960556050126685,0.9998368279350576
0.4196199280945044,0.9998368279350576
0.41963429667168883,0.9998368279350576
0.4196486662329213,0.9998368279350576
0.41966303677830286,0.9998368279350576
0.41967740830793465,0.9998368279350576
0.4196917808219178,0.9998368279350576
0.41970615432035346,0.9998368279350576
0.4197205288033427,0.9998368279350576
0.41973490427098675,0.9998368279350576
0.41974928072338674,0.9998368279350576
0.4197636581606439,0.9998368279350576
0.4197780365828595,0.9998368279350576
0.4197924159901346,0.9998368279350576
0.41980679638257057,0.9998368279350576
0.41982117776026856,0.9998368279350576
0.4198355601233299,0.9998368279350576
0.41984994347185584,0.9998368279350576
0.4198643278059476,0.9998368279350576
0.4198787131257066,0.9998368279350576
0.41989309943123415,0.9998368279350576
0.4199074867226315,0.9998368279350576
0.419921875,0.9998368279350576
0.41993626426344105,0.9998368279350576
0.419950654513056,0.9998368279350576
0.4199650457489462,0.9998368279350576
0.4199794379712132,0.9998368279350576
0.4199938311799582,0.9998368279350576
0.42000822537528276,0.9998368279350576
0.4200226205572883,0.9998368279350576
0.42003701672607624,0.9998368279350576
0.42005141388174805,0.9998368279350576
0.4200658120244053,0.9998368279350576
0.4200802111541494,0.9998368279350576
0.4200946112710819,0.9998368279350576
0.42010901237530424,0.9998368279350576
0.4201234144669181,0.9998368279350576
0.4201378175460249,0.9998368279350576
0.42015222161272625,0.9998368279350576
0.4201666266671238,0.9998368279350576
0.42018103270931906,0.9998368279350576
0.4201954397394137,0.9998368279350576
0.42020984775750925,0.9998368279350576
0.42022425676370745,0.9998368279350576
0.4202386667581099,0.9998368279350576
0.4202530777408182,0.9998368279350576
0.4202674897119342,0.9998368279350576
0.4202819026715594,0.9998368279350576
0.4202963166197956,0.9998368279350576
0.42031073155674453,0.9998368279350576
0.4203251474825079,0.9998368279350576
0.42033956439718745,0.9998368279350576
0.42035398230088494,0.9998368279350576
0.42036840119370217,0.9998368279350576
0.42038282107574093,0.9998368279350576
0.42039724194710304,0.9998368279350576
0.42041166380789025,0.9998368279350576
0.4204260866582044,0.9998368279350576
0.4204405104981474,0.9998368279350576
0.420454935327821,0.9998368279350576
0.42046936114732725,0.9998368279350576
0.4204837879567679,0.9998368279350576
0.42049821575624485,0.9998368279350576
0.42051264454586007,0.9998368279350576
0.42052707432571546,0.9998368279350576
0.420541505095913,0.9998368279350576
0.42055593685655457,0.9998368279350576
0.4205703696077422,0.9998368279350576
0.4205848033495779,0.9998368279350576
0.4205992380821636,0.9998368279350576
0.42061367380560133,0.9998368279350576
0.42062811051999316,0.9998368279350576
0.42064254822544106,0.9998368279350576
0.42065698692204717,0.9998368279350576
0.4206714266099135,0.9998368279350576
0.42068586728914215,0.9998368279350576
0.42070030895983523,0.9998368279350576
0.4207147516220948,0.9998368279350576
0.4207291952760231,0.9998368279350576
0.4207436399217221,0.9998368279350576
0.4207580855592941,0.9998368279350576
0.4207725321888412,0.9998368279350576
0.4207869798104656,0.9998368279350576
0.4208014284242695,0.9998368279350576
0.4208158780303551,0.9998368279350576
0.4208303286288246,0.9998368279350576
0.4208447802197802,0.9998368279350576
0.42085923280332427,0.9998368279350576
0.420873686379559,0.9998368279350576
0.42088814094858673,0.9998368279350576
0.4209025965105097,0.9998368279350576
0.4209170530654302,0.9998368279350576
0.4209315106134506,0.9998368279350576
0.4209459691546732,0.9998368279350576
0.4209604286892003,0.9998368279350576
0.42097488921713444,0.9998368279350576
0.4209893507385778,0.9998368279350576
0.4210038132536329,0.9998368279350576
0.4210182767624021,0.9998368279350576
0.4210327412649878,0.9998368279350576
0.4210472067614925,0.9998368279350576
0.42106167325201854,0.9998368279350576
0.4210761407366685,0.9998368279350576
0.4210906092155448,0.9998368279350576
0.4211050786887499,0.9998368279350576
0.4211195491563864,0.9998368279350576
0.4211340206185567,0.9998368279350576
0.4211484930753634,0.9998368279350576
0.42116296652690904,0.9998368279350576
0.42117744097329624,0.9998368279350576
0.42119191641462744,0.9998368279350576
0.4212063928510053,0.9998368279350576
0.42122087028253247,0.9998368279350576
0.4212353487093115,0.9998368279350576
0.42124982813144507,0.9998368279350576
0.4212643085490358,0.9998368279350576
0.4212787899621863,0.9998368279350576
0.42129327237099934,0.9998368279350576
0.42130775577557755,0.9998368279350576
0.42132224017602365,0.9998368279350576
0.42133672557244034,0.9998368279350576
0.42135121196493036,0.9998368279350576
0.42136569935359647,0.9998368279350576
0.4213801877385414,0.9998368279350576
0.42139467711986794,0.9998368279350576
0.42140916749767887,0.9998368279350576
0.42142365887207706,0.9998368279350576
0.4214381512431652,0.9998368279350576
0.42145264461104615,0.9998368279350576
0.42146713897582283,0.9998368279350576
0.421481634337598,0.9998368279350576
0.4214961306964746,0.9998368279350576
0.42151062805255557,0.9998368279350576
0.42152512640594364,0.9998368279350576
0.42153962575674186,0.9998368279350576
0.42155412610505316,0.9998368279350576
0.4215686274509804,0.9998368279350576
0.4215831297946266,0.9998368279350576
0.42159763313609466,0.9998368279350576
0.42161213747548765,0.9998368279350576
0.42162664281290857,0.9998368279350576
0.42164114914846035,0.9998368279350576
0.42165565648224607,0.9998368279350576
0.4216701648143688,0.9998368279350576
0.42168467414493155,0.9998368279350576
0.42169918447403737,0.9998368279350576
0.4217136958017894,0.9998368279350576
0.4217282081282907,0.9998368279350576
0.42174272145364444,0.9998368279350576
0.42175723577795365,0.9998368279350576
0.4217717511013216,0.9998368279350576
0.42178626742385134,0.9998368279350576
0.42180078474564603,0.9998368279350576
0.4218153030668089,0.9998368279350576
0.4218298223874432,0.9998368279350576
0.4218443427076521,0.9998368279350576
0.42185886402753875,0.9998368279350576
0.42187338634720645,0.9998368279350576
0.4218879096667585,0.9998368279350576
0.42190243398629806,0.9998368279350576
0.42191695930592854,0.9998368279350576
0.42193148562575317,0.9998368279350576
0.42194601294587525,0.9998368279350576
0.4219605412663981,0.9998368279350576
0.4219750705874251,0.9998368279350576
0.4219896009090596,0.9998368279350576
0.422004132231405,0.9998368279350576
0.42201866455456455,0.9998368279350576
0.4220331978786418,0.9998368279350576
0.42204773220374003,0.9998368279350576
0.4220622675299628,0.9998368279350576
0.4220768038574135,0.9998368279350576
0.4220913411861955,0.9998368279350576
0.4221058795164124,0.9998368279350576
0.42212041884816753,0.9998368279350576
0.4221349591815645,0.9998368279350576
0.42214950051670685,0.9998368279350576
0.422164042853698,0.9998368279350576
0.4221785861926416,0.9998368279350576
0.4221931305336411,0.9998368279350576
0.42220767587680014,0.9998368279350576
0.4222222222222222,0.9998368279350576
0.42223676957001105,0.9998368279350576
0.42225131792027015,0.9998368279350576
0.42226586727310317,0.9998368279350576
0.42228041762861374,0.9998368279350576
0.4222949689869056,0.9998368279350576
0.4223095213480823,0.9998368279350576
0.4223240747122476,0.9998368279350576
0.4223386290795051,0.9998368279350576
0.4223531844499586,0.9998368279350576
0.4223332758917801,0.9997552419025862
0.4223478320810643,0.9997552419025862
0.42236238927377384,0.9997552419025862
0.4223769474700124,0.9997552419025862
0.42239150666988384,0.9997552419025862
0.4224060668734919,0.9997552419025862
0.4224206280809404,0.9997552419025862
0.4224351902923332,0.9997552419025862
0.422449753507774,0.9997552419025862
0.42246431772736676,0.9997552419025862
0.42247888295121533,0.9997552419025862
0.42249344917942355,0.9997552419025862
0.4225080164120953,0.9997552419025862
0.4225225846493345,0.9997552419025862
0.42253715389124513,0.9997552419025862
0.422551724137931,0.9997552419025862
0.4225662953894962,0.9997552419025862
0.4225808676460446,0.9997552419025862
0.4225954409076801,0.9997552419025862
0.4226100151745068,0.9997552419025862
0.42262459044662876,0.9997552419025862
0.4226391667241498,0.9997552419025862
0.42265374400717415,0.9997552419025862
0.42266832229580575,0.9997552419025862
0.42268290159014865,0.9997552419025862
0.422697481890307,0.9997552419025862
0.4227120631963848,0.9997552419025862
0.42272664550848627,0.9997552419025862
0.42274122882671544,0.9997552419025862
0.42275581315117644,0.9997552419025862
0.42277039848197345,0.9997552419025862
0.4227849848192106,0.9997552419025862
0.4227995721629921,0.9997552419025862
0.42281416051342213,0.9997552419025862
0.42282874987060487,0.9997552419025862
0.4228433402346446,0.9997552419025862
0.42285793160564544,0.9997552419025862
0.4228725239837118,0.9997552419025862
0.4228871173689478,0.9997552419025862
0.42290171176145774,0.9997552419025862
0.422916307161346,0.9997552419025862
0.42293090356871677,0.9997552419025862
0.42294550098367445,0.9997552419025862
0.42296009940632334,0.9997552419025862
0.4229746988367678,0.9997552419025862
0.4229892992751122,0.9997552419025862
0.4230039007214609,0.9997552419025862
0.42301850317591827,0.9997552419025862
0.42303310663858873,0.9997552419025862
0.42304771110957673,0.9997552419025862
0.4230623165889867,0.9997552419025862
0.4230769230769231,0.9997552419025862
0.4230915305734903,0.9997552419025862
0.4231061390787929,0.9997552419025862
0.4231207485929353,0.9997552419025862
0.4231353591160221,0.9997552419025862
0.42314997064815774,0.9997552419025862
0.4231645831894468,0.9997552419025862
0.42317919673999377,0.9997552419025862
0.4231938112999033,0.9997552419025862
0.4232084268692799,0.9997552419025862
0.4232230434482282,0.9997552419025862
0.42323766103685284,0.9997552419025862
0.42325227963525835,0.9997552419025862
0.42326689924354943,0.9997552419025862
0.42328151986183077,0.9997552419025862
0.4232961414902069,0.9997552419025862
0.42331076412878266,0.9997552419025862
0.4233253877776626,0.9997552419025862
0.4233400124369516,0.9997552419025862
0.42335463810675417,0.9997552419025862
0.42336926478717524,0.9997552419025862
0.4233838924783195,0.9997552419025862
0.42339852118029164,0.9997552419025862
0.4234131508931965,0.9997552419025862
0.4234277816171389,0.9997552419025862
0.42344241335222366,0.9997552419025862
0.42345704609855556,0.9997552419025862
0.4234716798562394,0.9997552419025862
0.42348631462538017,0.9997552419025862
0.4235009504060826,0.9997552419025862
0.42351558719845167,0.9997552419025862
0.4235302250025922,0.9997552419025862
0.4235448638186092,0.9997552419025862
0.42355950364660744,0.9997552419025862
0.423574144486692,0.9997552419025862
0.4235887863389678,0.9997552419025862
0.4236034292035398,0.9997552419025862
0.423618073080513,0.9997552419025862
0.4236327179699924,0.9997552419025862
0.42364736387208296,0.9997552419025862
0.42366201078688975,0.9997552419025862
0.4236766587145179,0.9997552419025862
0.42369130765507224,0.9997552419025862
0.4237059576086581,0.9997552419025862
0.42372060857538035,0.9997552419025862
0.4237352605553442,0.9997552419025862
0.4237499135486548,0.9997552419025862
0.42376456755541725,0.9997552419025862
0.42377922257573664,0.9997552419025862
0.4237938786097181,0.9997552419025862
0.42380853565746696,0.9997552419025862
0.4238231937190883,0.9997552419025862
0.42383785279468733,0.9997552419025862
0.42385251288436926,0.9997552419025862
0.42386717398823937,0.9997552419025862
0.42388183610640284,0.9997552419025862
0.423896499238965,0.9997552419025862
0.4239111633860311,0.9997552419025862
0.4239258285477064,0.9997552419025862
0.4239404947240962,0.9997552419025862
0.42395516191530586,0.9997552419025862
0.4239698301214407,0.9997552419025862
0.42398449934260607,0.9997552419025862
0.4239991695789073,0.9997552419025862
0.42401384083044985,0.9997552419025862
0.424028513097339,0.9997552419025862
0.42404318637968025,0.9997552419025862
0.424057860677579,0.9997552419025862
0.42407253599114064,0.9997552419025862
0.4240872123204707,0.9997552419025862
0.4241018896656745,0.9997552419025862
0.4241165680268577,0.9997552419025862
0.4241312474041257,0.9997552419025862
0.42414592779758403,0.9997552419025862
0.42416060920733817,0.9997552419025862
0.4241752916334937,0.9997552419025862
0.4241899750761562,0.9997552419025862
0.4242046595354312,0.9997552419025862
0.4242193450114242,0.9997552419025862
0.42423403150424094,0.9997552419025862
0.424248719013987,0.9997552419025862
0.4242634075407679,0.9997552419025862
0.42427809708468944,0.9997552419025862
0.42429278764585715,0.9997552419025862
0.4243074792243767,0.9997552419025862
0.42432217182035387,0.9997552419025862
0.4243368654338943,0.9997552419025862
0.4243515600651037,0.9997552419025862
0.4243662557140878,0.9997552419025862
0.42438095238095236,0.9997552419025862
0.42439565006580315,0.9997552419025862
0.4244103487687459,0.9997552419025862
0.4244250484898864,0.9997552419025862
0.4244397492293305,0.9997552419025862
0.42445445098718393,0.9997552419025862
0.4244691537635526,0.9997552419025862
0.42448385755854234,0.9997552419025862
0.42449856237225897,0.9997552419025862
0.42451326820480845,0.9997552419025862
0.4245279750562966,0.9997552419025862
0.4245426829268293,0.9997552419025862
0.4245573918165125,0.9997552419025862
0.4245721017254522,0.9997552419025862
0.4245868126537542,0.9997552419025862
0.4246015246015246,0.9997552419025862
0.42461623756886935,0.9997552419025862
0.42463095155589436,0.9997552419025862
0.42464566656270575,0.9997552419025862
0.42466038258940947,0.9997552419025862
0.4246750996361116,0.9997552419025862
0.42468981770291814,0.9997552419025862
0.4247045367899352,0.9997552419025862
0.4247192568972688,0.9997552419025862
0.4247339780250251,0.9997552419025862
0.42474870017331023,0.9997552419025862
0.4247634233422302,0.9997552419025862
0.4247781475318913,0.9997552419025862
0.4247928727423996,0.9997552419025862
0.42480759897386117,0.9997552419025862
0.4248223262263824,0.9997552419025862
0.4248370545000693,0.9997552419025862
0.42485178379502825,0.9997552419025862
0.4248665141113654,0.9997552419025862
0.42488124544918693,0.9997552419025862
0.42489597780859917,0.9997552419025862
0.42491071118970836,0.9997552419025862
0.42492544559262085,0.9997552419025862
0.42494018101744285,0.9997552419025862
0.42495491746428077,0.9997552419025862
0.42496965493324085,0.9997552419025862
0.4249843934244295,0.9997552419025862
0.42499913293795305,0.9997552419025862
0.4250138734739179,0.9997552419025862
0.4250286150324304,0.9997552419025862
0.42504335761359696,0.9997552419025862
0.425058101217524,0.9997552419025862
0.42507284584431804,0.9997552419025862
0.4250875914940854,0.9997552419025862
0.4251023381669326,0.9997552419025862
0.42511708586296615,0.9997552419025862
0.42513183458229253,0.9997552419025862
0.42514658432501823,0.9997552419025862
0.42516133509124976,0.9997552419025862
0.42517608688109365,0.9997552419025862
0.4251908396946565,0.9997552419025862
0.42520559353204485,0.9997552419025862
0.42522034839336526,0.9997552419025862
0.42523510427872435,0.9997552419025862
0.4252498611882288,0.9997552419025862
0.4252646191219851,0.9997552419025862
0.42527937808009997,0.9997552419025862
0.42529413806268,0.9997552419025862
0.425308899069832,0.9997552419025862
0.4253236611016626,0.9997552419025862
0.4253384241582784,0.9997552419025862
0.4253531882397862,0.9997552419025862
0.4253679533462927,0.9997552419025862
0.4253827194779047,0.9997552419025862
0.42539748663472887,0.9997552419025862
0.42541225481687206,0.9997552419025862
0.42542702402444105,0.9997552419025862
0.42544179425754264,0.9997552419025862
0.4254565655162836,0.9997552419025862
0.4254713378007708,0.9997552419025862
0.4254861111111111,0.9997552419025862
0.4255008854474114,0.9997552419025862
0.4255156608097785,0.9997552419025862
0.4255304371983193,0.9997552419025862
0.4255452146131407,0.9997552419025862
0.4255599930543497,0.9997552419025862
0.4255747725220532,0.9997552419025862
0.42558955301635815,0.9997552419025862
0.4256043345373715,0.9997552419025862
0.4256191170852002,0.9997552419025862
0.4256339006599514,0.9997552419025862
0.4256486852617319,0.9997552419025862
0.4256634708906489,0.9997552419025862
0.4256782575468093,0.9997552419025862
0.4256930452303203,0.9997552419025862
0.42570783394128886,0.9997552419025862
0.4257226236798221,0.9997552419025862
0.4257374144460272,0.9997552419025862
0.42575220624001114,0.9997552419025862
0.4257669990618811,0.9997552419025862
0.4257817929117443,0.9997552419025862
0.42579658778970775,0.9997552419025862
0.4258113836958788,0.9997552419025862
0.42582618063036454,0.9997552419025862
0.4258409785932722,0.9997552419025862
0.42585577758470894,0.9997552419025862
0.4258705776047821,0.9997552419025862
0.4258853786535989,0.9997552419025862
0.4259001807312665,0.9997552419025862
0.42591498383789234,0.9997552419025862
0.4259297879735836,0.9997552419025862
0.4259445931384476,0.9997552419025862
0.42595939933259175,0.9997552419025862
0.42597420655612334,0.9997552419025862
0.4259890148091497,0.9997552419025862
0.4260038240917782,0.9997552419025862
0.42601863440411625,0.9997552419025862
0.4260334457462713,0.9997552419025862
0.4260482581183506,0.9997552419025862
0.42606307152046174,0.9997552419025862
0.4260778859527121,0.9997552419025862
0.42609270141520916,0.9997552419025862
0.42610751790806034,0.9997552419025862
0.42612233543137323,0.9997552419025862
0.42613715398525526,0.9997552419025862
0.42615197356981394,0.9997552419025862
0.42616679418515685,0.9997552419025862
0.4261816158313915,0.9997552419025862
0.4261964385086255,0.9997552419025862
0.42621126221696637,0.9997552419025862
0.42622608695652175,0.9997552419025862
0.4262409127273992,0.9997552419025862
0.4262557395297064,0.9997552419025862
0.42627056736355096,0.9997552419025862
0.42628539622904055,0.9997552419025862
0.4263002261262828,0.9997552419025862
0.42631505705538547,0.9997552419025862
0.4263298890164562,0.9997552419025862
0.42634472200960266,0.9997552419025862
0.4263595560349327,0.9997552419025862
0.42637439109255393,0.9997552419025862
0.4263892271825742,0.9997552419025862
0.42640406430510125,0.9997552419025862
0.4264189024602429,0.9997552419025862
0.4264337416481069,0.9997552419025862
0.42644858186880114,0.9997552419025862
0.42646342312243335,0.9997552419025862
0.4264782654091115,0.9997552419025862
0.42649310872894336,0.9997552419025862
0.4265079530820368,0.9997552419025862
0.42652279846849983,0.9997552419025862
0.42653764488844026,0.9997552419025862
0.426552492341966,0.9997552419025862
0.42656734082918507,0.9997552419025862
0.4265821903502054,0.9997552419025862
0.4265970409051349,0.9997552419025862
0.4266118924940816,0.9997552419025862
0.4266267451171535,0.9997552419025862
0.4266415987744586,0.9997552419025862
0.4266564534661049,0.9997552419025862
0.42667130919220053,0.9997552419025862
0.4266861659528535,0.9997552419025862
0.42670102374817187,0.9997552419025862
0.42671588257826376,0.9997552419025862
0.4267307424432372,0.9997552419025862
0.42674560334320044,0.9997552419025862
0.4267604652782615,0.9997552419025862
0.42677532824852854,0.9997552419025862
0.4267901922541098,0.9997552419025862
0.42680505729511337,0.9997552419025862
0.42681992337164754,0.9997552419025862
0.4268347904838204,0.9997552419025862
0.4268496586317403,0.9997552419025862
0.42686452781551537,0.9997552419025862
0.42687939803525393,0.9997552419025862
0.4268942692910643,0.9997552419025862
0.42690914158305465,0.9997552419025862
0.4269240149113333,0.9997552419025862
0.42693888927600865,0.9997552419025862
0.42695376467718893,0.9997552419025862
0.42696864111498256,0.9997552419025862
0.4269835185894979,0.9997552419025862
0.42699839710084325,0.9997552419025862
0.4270132766491271,0.9997552419025862
0.42702815723445775,0.9997552419025862
0.4270430388569437,0.9997552419025862
0.42705792151669336,0.9997552419025862
0.42707280521381524,0.9997552419025862
0.42708768994841767,0.9997552419025862
0.4271025757206092,0.9997552419025862
0.4271174625304984,0.9997552419025862
0.42713235037819375,0.9997552419025862
0.42714723926380366,0.9997552419025862
0.42716212918743685,0.9997552419025862
0.4271770201492017,0.9997552419025862
0.4271919121492069,0.9997552419025862
0.427206805187561,0.9997552419025862
0.42722169926437265,0.9997552419025862
0.42723659437975037,0.9997552419025862
0.42725149053380285,0.9997552419025862
0.4272663877266388,0.9997552419025862
0.42728128595836673,0.9997552419025862
0.42729618522909546,0.9997552419025862
0.42731108553893365,0.9997552419025862
0.42732598688798995,0.9997552419025862
0.42734088927637315,0.9997552419025862
0.42735579270419194,0.9997552419025862
0.4273706971715551,0.9997552419025862
0.42738560267857145,0.9997552419025862
0.42740050922534967,0.9997552419025862
0.4274154168119986,0.9997552419025862
0.4274303254386271,0.9997552419025862
0.42744523510534393,0.9997552419025862
0.427460145812258,0.9997552419025862
0.4274750575594781,0.9997552419025862
0.4274899703471132,0.9997552419025862
0.4275048841752721,0.9997552419025862
0.4275197990440638,0.9997552419025862
0.4275347149535971,0.9997552419025862
0.42754963190398104,0.9997552419025862
0.4275645498953245,0.9997552419025862
0.42757946892773646,0.9997552419025862
0.42759438900132596,0.9997552419025862
0.42760931011620196,0.9997552419025862
0.4276242322724735,0.9997552419025862
0.4276391554702495,0.9997552419025862
0.42765407970963915,0.9997552419025862
0.4276690049907514,0.9997552419025862
0.42768393131369536,0.9997552419025862
0.42769885867858015,0.9997552419025862
0.42771378708551483,0.9997552419025862
0.42772871653460853,0.9997552419025862
0.4277436470259704,0.9997552419025862
0.42775857855970956,0.9997552419025862
0.4277735111359352,0.9997552419025862
0.4277884447547565,0.9997552419025862
0.42780337941628266,0.9997552419025862
0.42781831512062285,0.9997552419025862
0.42783325186788634,0.9997552419025862
0.42784818965818233,0.9997552419025862
0.4278631284916201,0.9997552419025862
0.42787806836830894,0.9997552419025862
0.4278930092883581,0.9997552419025862
0.4279079512518769,0.9997552419025862
0.42792289425897473,0.9997552419025862
0.4279378383097608,0.9997552419025862
0.4279527834043445,0.9997552419025862
0.4279677295428352,0.9997552419025862
0.4279826767253423,0.9997552419025862
0.42799762495197513,0.9997552419025862
0.42801257422284317,0.9997552419025862
0.4280275245380558,0.9997552419025862
0.4280424758977225,0.9997552419025862
0.4280574283019527,0.9997552419025862
0.4280723817508559,0.9997552419025862
0.4280873362445415,0.9997552419025862
0.42810229178311904,0.9997552419025862
0.4281172483666981,0.9997552419025862
0.42813220599538815,0.9997552419025862
0.42814716466929875,0.9997552419025862
0.42816212438853946,0.9997552419025862
0.4281770851532199,0.9997552419025862
0.4281920469634496,0.9997552419025862
0.4282070098193382,0.9997552419025862
0.42822197372099524,0.9997552419025862
0.42823693866853046,0.9997552419025862
0.42825190466205354,0.9997552419025862
0.42826687170167405,0.9997552419025862
0.42828183978750173,0.9997552419025862
0.4282968089196463,0.9997552419025862
0.4283117790982174,0.9997552419025862
0.42832675032332485,0.9997552419025862
0.4283417225950783,0.9997552419025862
0.4283566959135876,0.9997552419025862
0.42837167027896245,0.9997552419025862
0.4283866456913127,0.9997552419025862
0.4284016221507482,0.9997552419025862
0.4284165996573786,0.9997552419025862
0.4284315782113139,0.9997552419025862
0.4284465578126639,0.9997552419025862
0.42846153846153845,0.9997552419025862
0.4284765201580475,0.9997552419025862
0.42849150290230087,0.9997552419025862
0.4285064866944085,0.9997552419025862
0.42852147153448034,0.9997552419025862
0.42853645742262636,0.9997552419025862
0.4285514443589564,0.9997552419025862
0.4285664323435806,0.9997552419025862
0.4285814213766088,0.9997552419025862
0.4285964114581512,0.9997552419025862
0.4286114025883176,0.9997552419025862
0.42862639476721814,0.9997552419025862
0.42864138799496293,0.9997552419025862
0.4286563822716619,0.9997552419025862
0.4286713775974253,0.9997552419025862
0.42868637397236314,0.9997552419025862
0.4287013713965855,0.9997552419025862
0.42871636987020256,0.9997552419025862
0.42873136939332446,0.9997552419025862
0.42874636996606136,0.9997552419025862
0.42876137158852345,0.9997552419025862
0.4287763742608209,0.9997552419025862
0.4287913779830639,0.9997552419025862
0.4288063827553627,0.9997552419025862
0.42882138857782753,0.9997552419025862
0.4288363954505687,0.9997552419025862
0.42885140337369637,0.9997552419025862
0.4288664123473209,0.9997552419025862
0.4288814223715526,0.9997552419025862
0.4288964334465017,0.9997552419025862
0.4289114455722786,0.9997552419025862
0.42892645874899366,0.9997552419025862
0.4289414729767572,0.9997552419025862
0.4289564882556796,0.9997552419025862
0.4289715045858713,0.9997552419025862
0.4289865219674427,0.9997552419025862
0.42900154040050414,0.9997552419025862
0.4290165598851661,0.9997552419025862
0.4290315804215391,0.9997552419025862
0.42904660200973355,0.9997552419025862
0.4290616246498599,0.9997552419025862
0.4290766483420288,0.9997552419025862
0.4290916730863506,0.9997552419025862
0.4291066988829359,0.9997552419025862
0.4291217257318952,0.9997552419025862
0.4291367536333392,0.9997552419025862
0.4291517825873783,0.9997552419025862
0.4291668125941232,0.9997552419025862
0.4291818436536845,0.9997552419025862
0.4291968757661728,0.9997552419025862
0.42921190893169875,0.9997552419025862
0.429226943150373,0.9997552419025862
0.42924197842230627,0.9997552419025862
0.4292570147476092,0.9997552419025862
0.42927205212639247,0.9997552419025862
0.42928709055876685,0.9997552419025862
0.429302130044843,0.9997552419025862
0.4293171705847318,0.9997552419025862
0.4293322121785439,0.9997552419025862
0.4293472548263901,0.9997552419025862
0.4293622985283812,0.9997552419025862
0.42937734328462807,0.9997552419025862
0.4293923890952414,0.9997552419025862
0.4294074359603322,0.9997552419025862
0.4294224838800112,0.9997552419025862
0.42943753285438935,0.9997552419025862
0.42945258288357746,0.9997552419025862
0.42946763396768656,0.9997552419025862
0.42948268610682744,0.9997552419025862
0.42949773930111107,0.9997552419025862
0.4295127935506484,0.9997552419025862
0.4295278488555505,0.9997552419025862
0.4295429052159282,0.9997552419025862
0.4295579626318926,0.9997552419025862
0.42957302110355466,0.9997552419025862
0.42958808063102544,0.9997552419025862
0.42960314121441595,0.9997552419025862
0.4296182028538372,0.9997552419025862
0.42963326554940046,0.9997552419025862
0.42964832930121666,0.9997552419025862
0.4296633941093969,0.9997552419025862
0.4296784599740524,0.9997552419025862
0.4296935268952942,0.9997552419025862
0.4297085948732335,0.9997552419025862
0.4297236639079815,0.9997552419025862
0.4297387339996493,0.9997552419025862
0.42975380514834816,0.9997552419025862
0.42976887735418934,0.9997552419025862
0.42978395061728397,0.9997552419025862
0.4297990249377433,0.9997552419025862
0.4298141003156787,0.9997552419025862
0.42982917675120136,0.9997552419025862
0.42984425424442263,0.9997552419025862
0.42985933279545374,0.9997552419025862
0.4298744124044061,0.9997552419025862
0.42988949307139096,0.9997552419025862
0.4299045747965198,0.9997552419025862
0.42991965757990386,0.9997552419025862
0.4299347414216546,0.9997552419025862
0.42994982632188344,0.9997552419025862
0.42996491228070177,0.9997552419025862
0.429979999298221,0.9997552419025862
0.4299950873745526,0.9997552419025862
0.43001017650980805,0.9997552419025862
0.4300252667040988,0.9997552419025862
0.4300403579575364,0.9997552419025862
0.43005545027023234,0.9997552419025862
0.43007054364229813,0.9997552419025862
0.4300856380738453,0.9997552419025862
0.43010073356498546,0.9997552419025862
0.4301158301158301,0.9997552419025862
0.4301309277264909,0.9997552419025862
0.4301460263970795,0.9997552419025862
0.43016112612770735,0.9997552419025862
0.4301762269184863,0.9997552419025862
0.4301913287695278,0.9997552419025862
0.4302064316809437,0.9997552419025862
0.43022153565284554,0.9997552419025862
0.4302366406853451,0.9997552419025862
0.4302517467785541,0.9997552419025862
0.4302668539325843,0.9997552419025862
0.4302819621475473,0.9997552419025862
0.430297071423555,0.9997552419025862
0.43031218176071917,0.9997552419025862
0.4303272931591516,0.9997552419025862
0.43034240561896403,0.9997552419025862
0.4303575191402683,0.9997552419025862
0.43037263372317636,0.9997552419025862
0.43038774936779994,0.9997552419025862
0.430402866074251,0.9997552419025862
0.43041798384264135,0.9997552419025862
0.430433102673083,0.9997552419025862
0.43044822256568777,0.9997552419025862
0.4304633435205677,0.9997552419025862
0.4304784655378346,0.9997552419025862
0.43049358861760056,0.9997552419025862
0.43050871275997754,0.9997552419025862
0.4305238379650775,0.9997552419025862
0.4305389642330124,0.9997552419025862
0.43055409156389446,0.9997552419025862
0.43056921995783554,0.9997552419025862
0.43058434941494783,0.9997552419025862
0.4305994799353433,0.9997552419025862
0.4306146115191341,0.9997552419025862
0.4306297441664324,0.9997552419025862
0.43064487787735023,0.9997552419025862
0.4306600126519997,0.9997552419025862
0.4306751484904931,0.9997552419025862
0.4306902853929425,0.9997552419025862
0.4307054233594601,0.9997552419025862
0.43072056239015816,0.9997552419025862
0.43073570248514886,0.9997552419025862
0.4307508436445444,0.9997552419025862
0.43076598586845716,0.9997552419025862
0.43078112915699923,0.9997552419025862
0.430796273510283,0.9997552419025862
0.43081141892842073,0.9997552419025862
0.4308265654115248,0.9997552419025862
0.43084171295970747,0.9997552419025862
0.4308568615730811,0.9997552419025862
0.4308720112517581,0.9997552419025862
0.43088716199585075,0.9997552419025862
0.43090231380547156,0.9997552419025862
0.43091746668073283,0.9997552419025862
0.4309326206217471,0.9997552419025862
0.4309477756286267,0.9997552419025862
0.43096293170148414,0.9997552419025862
0.43097808884043187,0.9997552419025862
0.43099324704558245,0.9997552419025862
0.4310084063170483,0.9997552419025862
0.43102356665494196,0.9997552419025862
0.431038728059376,0.9997552419025862
0.43105389053046295,0.9997552419025862
0.43106905406831536,0.9997552419025862
0.4310842186730458,0.9997552419025862
0.4310993843447669,0.9997552419025862
0.4311145510835913,0.9997552419025862
0.43112971888963164,0.9997552419025862
0.4311448877630005,0.9997552419025862
0.43116005770381055,0.9997552419025862
0.4311752287121745,0.9997552419025862
0.4311904007882051,0.9997552419025862
0.4312055739320149,0.9997552419025862
0.4312207481437168,0.9997552419025862
0.43123592342342343,0.9997552419025862
0.4312510997712476,0.9997552419025862
0.43126627718730204,0.9997552419025862
0.43128145567169957,0.9997552419025862
0.431296635224553,0.9997552419025862
0.43131181584597517,0.9997552419025862
0.43132699753607884,0.9997552419025862
0.43134218029497695,0.9997552419025862
0.4313573641227823,0.9997552419025862
0.43137254901960786,0.9997552419025862
0.43138773498556643,0.9997552419025862
0.431402922020771,0.9997552419025862
0.4314181101253345,0.9997552419025862
0.4314332992993698,0.9997552419025862
0.4314484895429899,0.9997552419025862
0.4314636808563079,0.9997552419025862
0.4314788732394366,0.9997552419025862
0.4314940666924892,0.9997552419025862
0.4315092612155786,0.9997552419025862
0.43152445680881785,0.9997552419025862
0.43153965347232004,0.9997552419025862
0.4315548512061983,0.9997552419025862
0.4315700500105656,0.9997552419025862
0.43158524988553515,0.9997552419025862
0.43160045083122006,0.9997552419025862
0.43161565284773346,0.9997552419025862
0.43163085593518846,0.9997552419025862
0.43164606009369827,0.9997552419025862
0.43166126532337606,0.9997552419025862
0.4316764716243351,0.9997552419025862
0.43169167899668853,0.9997552419025862
0.4317068874405496,0.9997552419025862
0.4317220969560316,0.9997552419025862
0.43173730754324774,0.9997552419025862
0.43175251920231134,0.9997552419025862
0.4317677319333357,0.9997552419025862
0.4317829457364341,0.9997552419025862
0.43179816061171994,0.9997552419025862
0.4318133765593065,0.9997552419025862
0.4318285935793072,0.9997552419025862
0.43184381167183533,0.9997552419025862
0.4318590308370044,0.9997552419025862
0.4318742510749278,0.9997552419025862
0.43188947238571884,0.9997552419025862
0.43190469476949106,0.9997552419025862
0.4319199182263579,0.9997552419025862
0.43193514275643285,0.9997552419025862
0.4319503683598294,0.9997552419025862
0.43196559503666104,0.9997552419025862
0.4319808227870413,0.9997552419025862
0.4319960516110837,0.9997552419025862
0.43201128150890183,0.9997552419025862
0.43202651248060925,0.9997552419025862
0.4320417445263195,0.9997552419025862
0.43205697764614626,0.9997552419025862
0.4320722118402031,0.9997552419025862
0.43208744710860364,0.9997552419025862
0.43210268345146163,0.9997552419025862
0.4321179208688906,0.9997552419025862
0.4321331593610043,0.9997552419025862
0.4321483989279165,0.9997552419025862
0.4321636395697408,0.9997552419025862
0.43217888128659093,0.9997552419025862
0.43219412407858077,0.9997552419025862
0.43220936794582393,0.9997552419025862
0.4322246128884343,0.9997552419025862
0.43223985890652555,0.9997552419025862
0.43225510600021166,0.9997552419025862
0.4322703541696063,0.9997552419025862
0.4322856034148234,0.9997552419025862
0.4323008537359769,0.9997552419025862
0.4323161051331805,0.9997552419025862
0.4323313576065481,0.9997552419025862
0.43234661115619377,0.9997552419025862
0.4323618657822313,0.9997552419025862
0.4323771214847747,0.9997552419025862
0.4323923782639379,0.9997552419025862
0.43240763611983485,0.9997552419025862
0.4324228950525796,0.9997552419025862
0.43243815506228606,0.9997552419025862
0.43245341614906835,0.9997552419025862
0.4324686783130404,0.9997552419025862
0.43248394155431635,0.9997552419025862
0.4324992058730103,0.9997552419025862
0.4325144712692362,0.9997552419025862
0.43252973774310827,0.9997552419025862
0.43254500529474055,0.9997552419025862
0.43256027392424723,0.9997552419025862
0.43257554363174244,0.9997552419025862
0.4325908144173403,0.9997552419025862
0.4326060862811551,0.9997552419025862
0.43262135922330097,0.9997552419025862
0.4326366332438921,0.9997552419025862
0.43265190834304273,0.9997552419025862
0.43266718452086717,0.9997552419025862
0.4326824617774796,0.9997552419025862
0.43269774011299433,0.9997552419025862
0.43271301952752567,0.9997552419025862
0.43272830002118795,0.9997552419025862
0.43274358159409543,0.9997552419025862
0.4327588642463625,0.9997552419025862
0.4327741479781035,0.9997552419025862
0.43278943278943277,0.9997552419025862
0.43280471868046483,0.9997552419025862
0.43282000565131395,0.9997552419025862
0.4328352937020946,0.9997552419025862
0.4328505828329212,0.9997552419025862
0.4328658730439083,0.9997552419025862
0.43288116433517027,0.9997552419025862
0.43289645670682164,0.9997552419025862
0.43291175015897687,0.9997552419025862
0.4329270446917506,0.9997552419025862
0.4329423403052572,0.9997552419025862
0.4329576369996114,0.9997552419025862
0.43297293477492754,0.9997552419025862
0.43298823363132044,0.9997552419025862
0.4330035335689046,0.9997552419025862
0.4330188345877946,0.9997552419025862
0.43303413668810514,0.9997552419025862
0.43304943986995087,0.9997552419025862
0.4330647441334464,0.9997552419025862
0.4330800494787065,0.9997552419025862
0.43309535590584575,0.9997552419025862
0.43311066341497895,0.9997552419025862
0.4331259720062208,0.9997552419025862
0.43314128167968613,0.9997552419025862
0.4331565924354896,0.9997552419025862
0.43317190427374597,0.9997552419025862
0.43318721719457015,0.9997552419025862
0.43320253119807683,0.9997552419025862
0.433217846284381,0.9997552419025862
0.43323316245359733,0.9997552419025862
0.43324847970584074,0.9997552419025862
0.43326379804122617,0.9997552419025862
0.43327911745986847,0.9997552419025862
0.43329443796188255,0.9997552419025862
0.4333097595473833,0.9997552419025862
0.43332508221648575,0.9997552419025862
0.4333404059693048,0.9997552419025862
0.43335573080595535,0.9997552419025862
0.4333710567265526,0.9997552419025862
0.4333863837312113,0.9997552419025862
0.43340171182004666,0.9997552419025862
0.4334170409931737,0.9997552419025862
0.43343237125070744,0.9997552419025862
0.4334477025927629,0.9997552419025862
0.43346303501945527,0.9997552419025862
0.43347836853089955,0.9997552419025862
0.43349370312721097,0.9997552419025862
0.4335090388085046,0.9997552419025862
0.43352437557489565,0.9997552419025862
0.4335397134264992,0.9997552419025862
0.4335550523634305,0.9997552419025862
0.43357039238580475,0.9997552419025862
0.4335857334937372,0.9997552419025862
0.43360107568734296,0.9997552419025862
0.4336164189667374,0.9997552419025862
0.4336317633320358,0.9997552419025862
0.4336471087833534,0.9997552419025862
0.43366245532080544,0.9997552419025862
0.43367780294450736,0.9997552419025862
0.4336931516545744,0.9997552419025862
0.43370850145112194,0.9997552419025862
0.4337238523342654,0.9997552419025862
0.43373920430412005,0.9997552419025862
0.4337545573608014,0.9997552419025862
0.4337699115044248,0.9997552419025862
0.43378526673510565,0.9997552419025862
0.4338006230529595,0.9997552419025862
0.43381598045810177,0.9997552419025862
0.4338313389506479,0.9997552419025862
0.4338466985307134,0.9997552419025862
0.4338620591984138,0.9997552419025862
0.43387742095386467,0.9997552419025862
0.4338927837971815,0.9997552419025862
0.43390814772847985,0.9997552419025862
0.43392351274787533,0.9997552419025862
0.43393887885548355,0.9997552419025862
0.4339542460514201,0.9997552419025862
0.43396961433580056,0.9997552419025862
0.4339849837087406,0.9997552419025862
0.43400035417035593,0.9997552419025862
0.4340157257207622,0.9997552419025862
0.4340310983600751,0.9997552419025862
0.4340464720884103,0.9997552419025862
0.4340618469058836,0.9997552419025862
0.4340772228126107,0.9997552419025862
0.43409259980870735,0.9997552419025862
0.43410797789428934,0.9997552419025862
0.43412335706947247,0.9997552419025862
0.4341387373343726,0.9997552419025862
0.4341541186891054,0.9997552419025862
0.43416950113378683,0.9997552419025862
0.4341848846685328,0.9997552419025862
0.434200269293459,0.9997552419025862
0.4342156550086815,0.9997552419025862
0.4342310418143161,0.9997552419025862
0.4342464297104788,0.9997552419025862
0.4342618186972854,0.9997552419025862
0.43427720877485204,0.9997552419025862
0.4342925999432946,0.9997552419025862
0.43430799220272903,0.9997552419025862
0.43432338555327143,0.9997552419025862
0.4343387799950377,0.9997552419025862
0.43435417552814404,0.9997552419025862
0.4343695721527064,0.9997552419025862
0.43438496986884084,0.9997552419025862
0.4344003686766635,0.9997552419025862
0.43441576857629044,0.9997552419025862
0.4344311695678378,0.9997552419025862
0.4344465716514217,0.9997552419025862
0.4344619748271583,0.9997552419025862
0.4344773790951638,0.9997552419025862
0.4344927844555544,0.9997552419025862
0.4345081909084462,0.9997552419025862
0.43452359845395555,0.9997552419025862
0.43453900709219856,0.9997552419025862
0.4345544168232916,0.9997552419025862
0.43456982764735086,0.9997552419025862
0.4345852395644927,0.9997552419025862
0.4346006525748333,0.9997552419025862
0.4346160666784891,0.9997552419025862
0.4346314818755764,0.9997552419025862
0.4346468981662115,0.9997552419025862
0.43466231555051077,0.9997552419025862
0.43467773402859067,0.9997552419025862
0.4346931536005676,0.9997552419025862
0.4347085742665579,0.9997552419025862
0.434723996026678,0.9997552419025862
0.43473941888104445,0.9997552419025862
0.43475484282977367,0.9997552419025862
0.43477026787298206,0.9997552419025862
0.43478569401078626,0.9997552419025862
0.4348011212433027,0.9997552419025862
0.4348165495706479,0.9997552419025862
0.4348319789929385,0.9997552419025862
0.434847409510291,0.9997552419025862
0.434862841122822,0.9997552419025862
0.43487827383064803,0.9997552419025862
0.4348937076338858,0.9997552419025862
0.4349091425326519,0.9997552419025862
0.434924578527063,0.9997552419025862
0.4349400156172358,0.9997552419025862
0.4349554538032868,0.9997552419025862
0.43497089308533293,0.9997552419025862
0.4349863334634908,0.9997552419025862
0.4350017749378772,0.9997552419025862
0.4350172175086088,0.9997552419025862
0.4350326611758023,0.9997552419025862
0.43504810593957466,0.9997552419025862
0.4350635518000426,0.9997552419025862
0.4350789987573229,0.9997552419025862
0.4350944468115325,0.9997552419025862
0.43510989596278804,0.9997552419025862
0.4351253462112066,0.9997552419025862
0.43514079755690493,0.9997552419025862
0.43515625,0.9997552419025862
0.4351717035406087,0.9997552419025862
0.43518715817884795,0.9997552419025862
0.43520261391483467,0.9997552419025862
0.4352180707486859,0.9997552419025862
0.43523352868051857,0.9997552419025862
0.4352489877104497,0.9997552419025862
0.43526444783859625,0.9997552419025862
0.4352799090650753,0.9997552419025862
0.4352953713900039,0.9997552419025862
0.43531083481349914,0.9997552419025862
0.435326299335678,0.9997552419025862
0.43534176495665766,0.9997552419025862
0.4353572316765552,0.9997552419025862
0.4353726994954878,0.9997552419025862
0.4353881684135726,0.9997552419025862
0.43540363843092666,0.9997552419025862
0.43541910954766727,0.9997552419025862
0.4354345817639116,0.9997552419025862
0.43545005507977685,0.9997552419025862
0.43546552949538025,0.9997552419025862
0.43548100501083903,0.9997552419025862
0.4354964816262705,0.9997552419025862
0.43551195934179193,0.9997552419025862
0.4355274381575206,0.9997552419025862
0.4355429180735738,0.9997552419025862
0.43555839909006894,0.9997552419025862
0.4355738812071233,0.9997552419025862
0.43558936442485424,0.9997552419025862
0.4356048487433792,0.9997552419025862
0.4356203341628155,0.9997552419025862
0.4356358206832806,0.9997552419025862
0.4356513083048919,0.9997552419025862
0.4356667970277669,0.9997552419025862
0.43568228685202304,0.9997552419025862
0.4356977777777778,0.9997552419025862
0.43571326980514863,0.9997552419025862
0.4357287629342531,0.9997552419025862
0.43574425716520876,0.9997552419025862
0.4357597524981331,0.9997552419025862
0.4357752489331437,0.9997552419025862
0.43579074647035815,0.9997552419025862
0.435806245109894,0.9997552419025862
0.435821744851869,0.9997552419025862
0.43583724569640064,0.9997552419025862
0.4358527476436066,0.9997552419025862
0.43586825069360463,0.9997552419025862
0.4358837548465123,0.9997552419025862
0.43589926010244734,0.9997552419025862
0.4359147664615275,0.9997552419025862
0.4359302739238705,0.9997552419025862
0.4359457824895941,0.9997552419025862
0.435961292158816,0.9997552419025862
0.43597680293165403,0.9997552419025862
0.435992314808226,0.9997552419025862
0.4360078277886497,0.9997552419025862
0.436023341873043,0.9997552419025862
0.4360388570615237,0.9997552419025862
0.43605437335420966,0.9997552419025862
0.4360698907512188,0.9997552419025862
0.43608540925266903,0.9997552419025862
0.43610092885867824,0.9997552419025862
0.43611644956936435,0.9997552419025862
0.43613197138484533,0.9997552419025862
0.4361474943052392,0.9997552419025862
0.43616301833066384,0.9997552419025862
0.4361785434612373,0.9997552419025862
0.4361940696970776,0.9997552419025862
0.4362095970383027,0.9997552419025862
0.4362251254850308,0.9997552419025862
0.43624065503737985,0.9997552419025862
0.436256185695468,0.9997552419025862
0.4362717174594133,0.9997552419025862
0.43628725032933385,0.9997552419025862
0.43630278430534786,0.9997552419025862
0.43631831938757343,0.9997552419025862
0.43633385557612875,0.9997552419025862
0.436349392871132,0.9997552419025862
0.4363649312727014,0.9997552419025862
0.4363804707809551,0.9997552419025862
0.4363960113960114,0.9997552419025862
0.4364115531179885,0.9997552419025862
0.4364270959470048,0.9997552419025862
0.4364426398831784,0.9997552419025862
0.43645818492662775,0.9997552419025862
0.43647373107747106,0.9997552419025862
0.43648927833582674,0.9997552419025862
0.4365048267018131,0.9997552419025862
0.43652037617554856,0.9997552419025862
0.4365359267571515,0.9997552419025862
0.4365514784467403,0.9997552419025862
0.43656703124443336,0.9997552419025862
0.43658258515034915,0.9997552419025862
0.43659814016460613,0.9997552419025862
0.4366136962873227,0.9997552419025862
0.4366292535186175,0.9997552419025862
0.4366448118586089,0.9997552419025862
0.4366603713074155,0.9997552419025862
0.43667593186515574,0.9997552419025862
0.43669149353194825,0.9997552419025862
0.4367070563079116,0.9997552419025862
0.4367226201931644,0.9997552419025862
0.4367381851878252,0.9997552419025862
0.4367537512920127,0.9997552419025862
0.43676931850584544,0.9997552419025862
0.43678488682944216,0.9997552419025862
0.4368004562629215,0.9997552419025862
0.4368160268064022,0.9997552419025862
0.43683159846000286,0.9997552419025862
0.4368471712238423,0.9997552419025862
0.43686274509803924,0.9997552419025862
0.4368783200827124,0.9997552419025862
0.4368938961779806,0.9997552419025862
0.43690947338396263,0.9997552419025862
0.4369250517007773,0.9997552419025862
0.4369406311285434,0.9997552419025862
0.43695621166737986,0.9997552419025862
0.43697179331740543,0.9997552419025862
0.43698737607873905,0.9997552419025862
0.43700295995149957,0.9997552419025862
0.437018544935806,0.9997552419025862
0.4370341310317772,0.9997552419025862
0.43704971823953204,0.9997552419025862
0.4370653065591896,0.9997552419025862
0.43708089599086886,0.9997552419025862
0.4370964865346888,0.9997552419025862
0.43711207819076836,0.9997552419025862
0.4371276709592266,0.9997552419025862
0.4371432648401826,0.9997552419025862
0.43715885983375546,0.9997552419025862
0.4371744559400642,0.9997552419025862
0.43719005315922793,0.9997552419025862
0.43720565149136575,0.9997552419025862
0.43722125093659686,0.9997552419025862
0.4372368514950403,0.9997552419025862
0.4372524531668153,0.9997552419025862
0.4372680559520411,0.9997552419025862
0.43728365985083684,0.9997552419025862
0.43729926486332166,0.9997552419025862
0.4373148709896149,0.9997552419025862
0.43733047822983584,0.9997552419025862
0.4373460865841036,0.9997552419025862
0.43736169605253766,0.9997552419025862
0.43737730663525715,0.9997552419025862
0.4373929183323815,0.9997552419025862
0.43740853114403,0.9997552419025862
0.43742414507032196,0.9997552419025862
0.43743976011137686,0.9997552419025862
0.437455376267314,0.9997552419025862
0.4374709935382528,0.9997552419025862
0.43748661192431276,0.9997552419025862
0.4375022314256132,0.9997552419025862
0.4375178520422736,0.9997552419025862
0.43753347377441354,0.9997552419025862
0.4375490966221524,0.9997552419025862
0.4375647205856097,0.9997552419025862
0.437580345664905,0.9997552419025862
0.43759597186015786,0.9997552419025862
0.43761159917148773,0.9997552419025862
0.43762722759901435,0.9997552419025862
0.43764285714285717,0.9997552419025862
0.4376584878031358,0.9997552419025862
0.43767411957997,0.9997552419025862
0.4376897524734793,0.9997552419025862
0.4377053864837834,0.9997552419025862
0.43772102161100196,0.9997552419025862
0.4377366578552547,0.9997552419025862
0.4377522952166613,0.9997552419025862
0.4377679336953415,0.9997552419025862
0.4377835732914151,0.9997552419025862
0.43779921400500177,0.9997552419025862
0.4378148558362214,0.9997552419025862
0.43783049878519364,0.9997552419025862
0.43784614285203843,0.9997552419025862
0.4378617880368756,0.9997552419025862
0.4378774343398249,0.9997552419025862
0.4378930817610063,0.9997552419025862
0.4379087303005396,0.9997552419025862
0.4379243799585448,0.9997552419025862
0.4379400307351417,0.9997552419025862
0.4379556826304503,0.9997552419025862
0.43797133564459056,0.9997552419025862
0.43798698977768247,0.9997552419025862
0.4380026450298459,0.9997552419025862
0.438018301401201,0.9997552419025862
0.43803395889186775,0.9997552419025862
0.43804961750196614,0.9997552419025862
0.4380652772316162,0.9997552419025862
0.43808093808093806,0.9997552419025862
0.43809660005005185,0.9997552419025862
0.4381122631390776,0.9997552419025862
0.43812792734813544,0.9997552419025862
0.43814359267734554,0.9997552419025862
0.43815925912682807,0.9997552419025862
0.43817492669670316,0.9997552419025862
0.438190595387091,0.9997552419025862
0.43820626519811184,0.9997552419025862
0.4382219361298859,0.9997552419025862
0.43823760818253343,0.9997552419025862
0.4382532813561747,0.9997552419025862
0.4382689556509299,0.9997552419025862
0.4382846310669194,0.9997552419025862
0.43830030760426353,0.9997552419025862
0.4383159852630826,0.9997552419025862
0.43833166404349694,0.9997552419025862
0.4383473439456269,0.9997552419025862
0.4383630249695929,0.9997552419025862
0.43837870711551535,0.9997552419025862
0.4383943903835146,0.9997552419025862
0.43841007477371113,0.9997552419025862
0.43842576028622543,0.9997552419025862
0.43844144692117787,0.9997552419025862
0.438457134678689,0.9997552419025862
0.4384728235588793,0.9997552419025862
0.4384885135618693,0.9997552419025862
0.43850420468777956,0.9997552419025862
0.4385198969367306,0.9997552419025862
0.438535590308843,0.9997552419025862
0.43855128480423733,0.9997552419025862
0.43856698042303427,0.9997552419025862
0.4385826771653543,0.9997552419025862
0.4385983750313182,0.9997552419025862
0.43861407402104663,0.9997552419025862
0.43862977413466014,0.9997552419025862
0.4386454753722795,0.9997552419025862
0.4386611777340254,0.9997552419025862
0.43867688122001863,0.9997552419025862
0.43869258583037984,0.9997552419025862
0.43870829156522984,0.9997552419025862
0.4387239984246894,0.9997552419025862
0.4387397064088793,0.9997552419025862
0.43875541551792047,0.9997552419025862
0.43877112575193356,0.9997552419025862
0.4387868371110395,0.9997552419025862
0.43880254959535914,0.9997552419025862
0.43881826320501344,0.9997552419025862
0.4388339779401232,0.9997552419025862
0.43884969380080935,0.9997552419025862
0.4388654107871929,0.9997552419025862
0.43888112889939473,0.9997552419025862
0.4388968481375358,0.9997552419025862
0.43891256850173715,0.9997552419025862
0.4389282899921198,0.9997552419025862
0.43894401260880467,0.9997552419025862
0.4389597363519129,0.9997552419025862
0.43897546122156544,0.9997552419025862
0.4389911872178835,0.9997552419025862
0.4390069143409881,0.9997552419025862
0.43902264259100027,0.9997552419025862
0.4390383719680413,0.9997552419025862
0.4390541024722322,0.9997552419025862
0.43906983410369416,0.9997552419025862
0.43908556686254835,0.9997552419025862
0.43910130074891607,0.9997552419025862
0.4391170357629184,0.9997552419025862
0.4391327719046766,0.9997552419025862
0.4391485091743119,0.9997552419025862
0.43916424757194567,0.9997552419025862
0.43917998709769906,0.9997552419025862
0.43919572775169347,0.9997552419025862
0.43921146953405016,0.9997552419025862
0.4392272124448905,0.9997552419025862
0.4392429564843358,0.9997552419025862
0.4392587016525074,0.9997552419025862
0.4392744479495268,0.9997552419025862
0.43929019537551534,0.9997552419025862
0.4393059439305944,0.9997552419025862
0.43932169361488543,0.9997552419025862
0.43933744442850997,0.9997552419025862
0.4393531963715894,0.9997552419025862
0.43936894944424526,0.9997552419025862
0.43938470364659904,0.9997552419025862
0.4394004589787722,0.9997552419025862
0.43941621544088644,0.9997552419025862
0.4394319730330632,0.9997552419025862
0.43944773175542406,0.9997552419025862
0.4394634916080907,0.9997552419025862
0.4394792525911846,0.9997552419025862
0.4394950147048275,0.9997552419025862
0.439510777949141,0.9997552419025862
0.43952654232424676,0.9997552419025862
0.4395423078302665,0.9997552419025862
0.4395580744673219,0.9997552419025862
0.4395738422355347,0.9997552419025862
0.43958961113502654,0.9997552419025862
0.4396053811659193,0.9997552419025862
0.43962115232833465,0.9997552419025862
0.43963692462239445,0.9997552419025862
0.43965269804822044,0.9997552419025862
0.4396684726059345,0.9997552419025862
0.4396842482956584,0.9997552419025862
0.4397000251175141,0.9997552419025862
0.4397158030716234,0.9997552419025862
0.43973158215810815,0.9997552419025862
0.43974736237709033,0.9997552419025862
0.4397631437286919,0.9997552419025862
0.4397789262130347,0.9997552419025862
0.4397947098302408,0.9997552419025862
0.43981049458043214,0.9997552419025862
0.4398262804637307,0.9997552419025862
0.43984206748025845,0.9997552419025862
0.43985785563013746,0.9997552419025862
0.43987364491348985,0.9997552419025862
0.4398894353304376,0.9997552419025862
0.43990522688110284,0.9997552419025862
0.4399210195656076,0.9997552419025862
0.4399368133840741,0.9997552419025862
0.4399526083366244,0.9997552419025862
0.4399684044233807,0.9997552419025862
0.43998420164446517,0.9997552419025862
0.44,0.9997552419025862
0.4400157994901074,0.9997552419025862
0.4400316001149095,0.9997552419025862
0.4400474018745287,0.9997552419025862
0.4400632047690871,0.9997552419025862
0.44007900879870715,0.9997552419025862
0.44009481396351097,0.9997552419025862
0.440110620263621,0.9997552419025862
0.44012642769915955,0.9997552419025862
0.4401422362702489,0.9997552419025862
0.44015804597701147,0.9997552419025862
0.44017385681956966,0.9997552419025862
0.44018966879804583,0.9997552419025862
0.4402054819125624,0.9997552419025862
0.44022129616324185,0.9997552419025862
0.44023711155020656,0.9997552419025862
0.4402529280735791,0.9997552419025862
0.44026874573348185,0.9997552419025862
0.4402845645300374,0.9997552419025862
0.44030038446336817,0.9997552419025862
0.44031620553359685,0.9997552419025862
0.4403320277408459,0.9997552419025862
0.4403478510852379,0.9997552419025862
0.4403636755668955,0.9997552419025862
0.4403795011859412,0.9997552419025862
0.44039532794249775,0.9997552419025862
0.4404111558366878,0.9997552419025862
0.44042698486863385,0.9997552419025862
0.4404428150384588,0.9997552419025862
0.4404586463462852,0.9997552419025862
0.4404744787922358,0.9997552419025862
0.4404903123764334,0.9997552419025862
0.44050614709900066,0.9997552419025862
0.4405219829600604,0.9997552419025862
0.4405378199597354,0.9997552419025862
0.4405536580981485,0.9997552419025862
0.44056949737542245,0.9997552419025862
0.44058533779168013,0.9997552419025862
0.44060117934704446,0.9997552419025862
0.4406170220416382,0.9997552419025862
0.4406328658755843,0.9997552419025862
0.4406487108490057,0.9997552419025862
0.44066455696202533,0.9997552419025862
0.44068040421476606,0.9997552419025862
0.44069625260735096,0.9997552419025862
0.4407121021399029,0.9997552419025862
0.44072795281254495,0.9997552419025862
0.44074380462540014,0.9997552419025862
0.4407596575785915,0.9997552419025862
0.440775511672242,0.9997552419025862
0.4407913669064748,0.9997552419025862
0.440807223281413,0.9997552419025862
0.44082308079717963,0.9997552419025862
0.4408389394538979,0.9997552419025862
0.4408547992516909,0.9997552419025862
0.4408706601906818,0.9997552419025862
0.44088652227099373,0.9997552419025862
0.44090238549274996,0.9997552419025862
0.4409182498560737,0.9997552419025862
0.4409341153610881,0.9997552419025862
0.4409499820079165,0.9997552419025862
0.44096584979668213,0.9997552419025862
0.4409817187275083,0.9997552419025862
0.4409975888005182,0.9997552419025862
0.4410134600158353,0.9997552419025862
0.4410293323735829,0.9997552419025862
0.44104520587388424,0.9997552419025862
0.4410610805168628,0.9997552419025862
0.441076956302642,0.9997552419025862
0.4410928332313452,0.9997552419025862
0.44110871130309576,0.9997552419025862
0.4411245905180172,0.9997552419025862
0.441140470876233,0.9997552419025862
0.4411563523778666,0.9997552419025862
0.4411722350230415,0.9997552419025862
0.4411881188118812,0.9997552419025862
0.44120400374450924,0.9997552419025862
0.4412198898210492,0.9997552419025862
0.44123577704162464,0.9997552419025862
0.44125166540635913,0.9997552419025862
0.4412675549153763,0.9997552419025862
0.4412834455687997,0.9997552419025862
0.4412993373667531,0.9997552419025862
0.44131523030936004,0.9997552419025862
0.4413311243967442,0.9997552419025862
0.44134701962902934,0.9997552419025862
0.44136291600633915,0.9997552419025862
0.4413788135287973,0.9997552419025862
0.44139471219652765,0.9997552419025862
0.4414106120096538,0.9997552419025862
0.4414265129682997,0.9997552419025862
0.4414424150725891,0.9997552419025862
0.4414583183226457,0.9997552419025862
0.4414742227185935,0.9997552419025862
0.4414901282605563,0.9997552419025862
0.4415060349486579,0.9997552419025862
0.44152194278302226,0.9997552419025862
0.4415378517637733,0.9997552419025862
0.4415537618910349,0.9997552419025862
0.441569673164931,0.9997552419025862
0.4415855855855856,0.9997552419025862
0.44160149915312263,0.9997552419025862
0.4416174138676661,0.9997552419025862
0.4416333297293401,0.9997552419025862
0.44164924673826855,0.9997552419025862
0.4416651648945756,0.9997552419025862
0.44168108419838525,0.9997552419025862
0.4416970046498216,0.9997552419025862
0.4417129262490087,0.9997552419025862
0.4417288489960708,0.9997552419025862
0.44174477289113195,0.9997552419025862
0.4417606979343163,0.9997552419025862
0.4417766241257481,0.9997552419025862
0.4417925514655514,0.9997552419025862
0.4418084799538506,0.9997552419025862
0.4418244095907698,0.9997552419025862
0.44184034037643327,0.9997552419025862
0.4418562723109653,0.9997552419025862
0.4418722053944901,0.9997552419025862
0.4418881396271321,0.9997552419025862
0.4419040750090155,0.9997552419025862
0.4419200115402647,0.9997552419025862
0.44193594922100404,0.9997552419025862
0.4419518880513579,0.9997552419025862
0.4419678280314506,0.9997552419025862
0.4419837691614067,0.9997552419025862
0.4419997114413505,0.9997552419025862
0.4420156548714064,0.9997552419025862
0.442031599451699,0.9997552419025862
0.44204754518235273,0.9997552419025862
0.44206349206349205,0.9997552419025862
0.4420433637577113,0.999673655870115
0.44205931163864637,0.999673655870115
0.4420752606703467,0.999673655870115
0.44209121085293696,0.999673655870115
0.44210716218654156,0.999673655870115
0.4421231146712853,0.999673655870115
0.4421390683072926,0.999673655870115
0.44215502309468824,0.999673655870115
0.44217097903359676,0.999673655870115
0.4421869361241429,0.999673655870115
0.4422028943664513,0.999673655870115
0.44221885376064674,0.999673655870115
0.44223481430685385,0.999673655870115
0.4422507760051974,0.999673655870115
0.4422667388558022,0.999673655870115
0.44228270285879295,0.999673655870115
0.44229866801429446,0.999673655870115
0.44231463432243157,0.999673655870115
0.4423306017833291,0.999673655870115
0.4423465703971119,0.999673655870115
0.44236254016390486,0.999673655870115
0.44237851108383275,0.999673655870115
0.4423944831570206,0.999673655870115
0.4424104563835933,0.999673655870115
0.44242643076367577,0.999673655870115
0.44244240629739295,0.999673655870115
0.44245838298486984,0.999673655870115
0.4424743608262314,0.999673655870115
0.4424903398216027,0.999673655870115
0.44250631997110873,0.999673655870115
0.4425223012748745,0.999673655870115
0.4425382837330251,0.999673655870115
0.4425542673456857,0.999673655870115
0.4425702521129813,0.999673655870115
0.44258623803503705,0.999673655870115
0.44260222511197805,0.999673655870115
0.4426182133439295,0.999673655870115
0.44263420273101656,0.999673655870115
0.4426501932733644,0.999673655870115
0.4426661849710983,0.999673655870115
0.4426821778243434,0.999673655870115
0.44269817183322496,0.999673655870115
0.44271416699786825,0.999673655870115
0.4427301633183986,0.999673655870115
0.4427461607949413,0.999673655870115
0.4427621594276216,0.999673655870115
0.4427781592165649,0.999673655870115
0.4427941601618965,0.999673655870115
0.4428101622637418,0.999673655870115
0.44282616552222626,0.999673655870115
0.44284216993747516,0.999673655870115
0.442858175509614,0.999673655870115
0.44287418223876823,0.999673655870115
0.44289019012506325,0.999673655870115
0.4429061991686246,0.999673655870115
0.44292220936957777,0.999673655870115
0.4429382207280483,0.999673655870115
0.44295423324416167,0.999673655870115
0.44297024691804343,0.999673655870115
0.44298626174981925,0.999673655870115
0.4430022777396146,0.999673655870115
0.4430182948875551,0.999673655870115
0.4430343131937665,0.999673655870115
0.4430503326583743,0.999673655870115
0.44306635328150423,0.999673655870115
0.4430462139292688,0.9995920698376438
0.44306223556214513,0.9995920698376438
0.44307825835382614,0.9995920698376438
0.4430942823044374,0.9995920698376438
0.4431103074141049,0.9995920698376438
0.4431263336829542,0.9995920698376438
0.4431423611111111,0.9995920698376438
0.44315838969870147,0.9995920698376438
0.4431744194458511,0.9995920698376438
0.44319045035268584,0.9995920698376438
0.4432064824193315,0.9995920698376438
0.443222515645914,0.9995920698376438
0.44323855003255913,0.9995920698376438
0.44325458557939296,0.9995920698376438
0.44327062228654124,0.9995920698376438
0.44328666015413004,0.9995920698376438
0.44330269918228526,0.9995920698376438
0.4433187393711329,0.9995920698376438
0.44333478072079896,0.9995920698376438
0.44335082323140945,0.9995920698376438
0.4433668669030904,0.9995920698376438
0.4433829117359679,0.9995920698376438
0.4433989577301679,0.9995920698376438
0.44341500488581664,0.9995920698376438
0.44343105320304016,0.9995920698376438
0.4434471026819646,0.9995920698376438
0.4434631533227161,0.9995920698376438
0.4434792051254208,0.9995920698376438
0.4434952580902049,0.9995920698376438
0.4435113122171946,0.9995920698376438
0.44352736750651606,0.9995920698376438
0.4435434239582956,0.9995920698376438
0.44355948157265945,0.9995920698376438
0.4435755403497339,0.9995920698376438
0.44359160028964517,0.9995920698376438
0.44360766139251967,0.9995920698376438
0.44362372365848357,0.9995920698376438
0.4436397870876634,0.9995920698376438
0.4436558516801854,0.9995920698376438
0.443671917436176,0.9995920698376438
0.44368798435576157,0.9995920698376438
0.4437040524390686,0.9995920698376438
0.4437201216862234,0.9995920698376438
0.4437361920973525,0.9995920698376438
0.4437522636725824,0.9995920698376438
0.44376833641203955,0.9995920698376438
0.4437844103158505,0.9995920698376438
0.4438004853841417,0.9995920698376438
0.44381656161703975,0.9995920698376438
0.44383263901467124,0.9995920698376438
0.4438487175771627,0.9995920698376438
0.4438647973046408,0.9995920698376438
0.4438808781972321,0.9995920698376438
0.4438969602550632,0.9995920698376438
0.4439130434782609,0.9995920698376438
0.4439291278669517,0.9995920698376438
0.4439452134212624,0.9995920698376438
0.4439613001413197,0.9995920698376438
0.44397738802725034,0.9995920698376438
0.443993477079181,0.9995920698376438
0.4440095672972385,0.9995920698376438
0.4440256586815497,0.9995920698376438
0.4440417512322412,0.9995920698376438
0.44405784494944006,0.9995920698376438
0.4440739398332729,0.9995920698376438
0.44409003588386675,0.9995920698376438
0.4441061331013484,0.9995920698376438
0.4441222314858448,0.9995920698376438
0.4441383310374828,0.9995920698376438
0.44415443175638936,0.9995920698376438
0.44417053364269143,0.9995920698376438
0.444186636696516,0.9995920698376438
0.44420274091799,0.9995920698376438
0.4442188463072405,0.9995920698376438
0.44423495286439446,0.9995920698376438
0.444251060589579,0.9995920698376438
0.44426716948292116,0.9995920698376438
0.444283279544548,0.9995920698376438
0.4442993907745866,0.9995920698376438
0.4443155031731641,0.9995920698376438
0.4443316167404076,0.9995920698376438
0.44434773147644435,0.9995920698376438
0.44436384738140144,0.9995920698376438
0.44437996445540606,0.9995920698376438
0.44439608269858544,0.9995920698376438
0.4444122021110668,0.9995920698376438
0.4444283226929774,0.9995920698376438
0.4444444444444444,0.9995920698376438
0.4444605673655953,0.9995920698376438
0.4444766914565572,0.9995920698376438
0.44449281671745755,0.9995920698376438
0.4445089431484236,0.9995920698376438
0.44452507074958275,0.9995920698376438
0.44454119952106236,0.9995920698376438
0.4445573294629898,0.9995920698376438
0.4445734605754926,0.9995920698376438
0.44458959285869804,0.9995920698376438
0.4446057263127336,0.9995920698376438
0.4446218609377268,0.9995920698376438
0.4446379967338051,0.9995920698376438
0.444654133701096,0.9995920698376438
0.44467027183972707,0.9995920698376438
0.44468641114982577,0.9995920698376438
0.4447025516315197,0.9995920698376438
0.44471869328493646,0.9995920698376438
0.44473483611020365,0.9995920698376438
0.4447509801074488,0.9995920698376438
0.4447671252767996,0.9995920698376438
0.44478327161838377,0.9995920698376438
0.4447994191323289,0.9995920698376438
0.4448155678187627,0.9995920698376438
0.4448317176778129,0.9995920698376438
0.44484786870960713,0.9995920698376438
0.44486402091427324,0.9995920698376438
0.444880174291939,0.9995920698376438
0.4448963288427321,0.9995920698376438
0.44491248456678045,0.9995920698376438
0.4449286414642118,0.9995920698376438
0.444944799535154,0.9995920698376438
0.4449609587797349,0.9995920698376438
0.44497711919808236,0.9995920698376438
0.44499328079032435,0.9995920698376438
0.4450094435565887,0.9995920698376438
0.4450256074970034,0.9995920698376438
0.4450417726116963,0.9995920698376438
0.44505793890079554,0.9995920698376438
0.44507410636442896,0.9995920698376438
0.4450902750027246,0.9995920698376438
0.4451064448158105,0.9995920698376438
0.44512261580381474,0.9995920698376438
0.4451387879668653,0.9995920698376438
0.4451549613050903,0.9995920698376438
0.44517113581861784,0.9995920698376438
0.445187311507576,0.9995920698376438
0.445203488372093,0.9995920698376438
0.44521966641229693,0.9995920698376438
0.44523584562831603,0.9995920698376438
0.44525202602027836,0.9995920698376438
0.44526820758831226,0.9995920698376438
0.4452843903325459,0.9995920698376438
0.4453005742531075,0.9995920698376438
0.4453167593501254,0.9995920698376438
0.4453329456237278,0.9995920698376438
0.4453491330740431,0.9995920698376438
0.4453653217011996,0.9995920698376438
0.4453815115053255,0.9995920698376438
0.44539770248654936,0.9995920698376438
0.4454138946449995,0.9995920698376438
0.4454300879808042,0.9995920698376438
0.44544628249409196,0.9995920698376438
0.4454624781849913,0.9995920698376438
0.44547867505363054,0.9995920698376438
0.4454948731001382,0.9995920698376438
0.44551107232464277,0.9995920698376438
0.4455272727272727,0.9995920698376438
0.44554347430815666,0.9995920698376438
0.4455596770674231,0.9995920698376438
0.44557588100520057,0.9995920698376438
0.4455920861216177,0.9995920698376438
0.44560829241680305,0.9995920698376438
0.44562449989088526,0.9995920698376438
0.445640708543993,0.9995920698376438
0.44565691837625493,0.9995920698376438
0.4456731293877996,0.9995920698376438
0.4456893415787559,0.9995920698376438
0.4457055549492524,0.9995920698376438
0.44572176949941794,0.9995920698376438
0.4457379852293812,0.9995920698376438
0.4457542021392709,0.9995920698376438
0.4457704202292159,0.9995920698376438
0.44578663949934505,0.9995920698376438
0.44580285994978713,0.9995920698376438
0.44581908158067096,0.9995920698376438
0.4458353043921255,0.9995920698376438
0.4458515283842795,0.9995920698376438
0.44586775355726194,0.9995920698376438
0.4458839799112017,0.9995920698376438
0.44590020744622777,0.9995920698376438
0.44591643616246907,0.9995920698376438
0.4459326660600546,0.9995920698376438
0.44594889713911334,0.9995920698376438
0.44596512939977434,0.9995920698376438
0.44598136284216655,0.9995920698376438
0.44599759746641915,0.9995920698376438
0.4460138332726611,0.9995920698376438
0.44603007026102154,0.9995920698376438
0.4460463084316295,0.9995920698376438
0.44606254778461424,0.9995920698376438
0.44607878832010484,0.9995920698376438
0.4460950300382305,0.9995920698376438
0.4461112729391203,0.9995920698376438
0.44612751702290354,0.9995920698376438
0.4461437622897094,0.9995920698376438
0.44616000873966716,0.9995920698376438
0.44617625637290603,0.9995920698376438
0.44619250518955533,0.9995920698376438
0.44620875518974434,0.9995920698376438
0.44622500637360235,0.9995920698376438
0.44624125874125875,0.9995920698376438
0.44625751229284283,0.9995920698376438
0.44627376702848404,0.9995920698376438
0.44629002294831166,0.9995920698376438
0.4463062800524552,0.9995920698376438
0.446322538341044,0.9995920698376438
0.44633879781420766,0.9995920698376438
0.44635505847207546,0.9995920698376438
0.44637132031477705,0.9995920698376438
0.4463875833424418,0.9995920698376438
0.4464038475551993,0.9995920698376438
0.44642011295317907,0.9995920698376438
0.4464363795365107,0.9995920698376438
0.44645264730532375,0.9995920698376438
0.44646891625974783,0.9995920698376438
0.4464851863999125,0.9995920698376438
0.4465014577259475,0.9995920698376438
0.4465177302379824,0.9995920698376438
0.44653400393614695,0.9995920698376438
0.44655027882057075,0.9995920698376438
0.4465665548913836,0.9995920698376438
0.44658283214871514,0.9995920698376438
0.4465991105926952,0.9995920698376438
0.4466153902234535,0.9995920698376438
0.44663167104111984,0.9995920698376438
0.44664795304582405,0.9995920698376438
0.44666423623769597,0.9995920698376438
0.44668052061686536,0.9995920698376438
0.44669680618346214,0.9995920698376438
0.44671309293761624,0.9995920698376438
0.44672938087945746,0.9995920698376438
0.44674567000911575,0.9995920698376438
0.4467619603267211,0.9995920698376438
0.44677825183240344,0.9995920698376438
0.44679454452629275,0.9995920698376438
0.44681083840851904,0.9995920698376438
0.44682713347921227,0.9995920698376438
0.4468434297385025,0.9995920698376438
0.4468597271865198,0.9995920698376438
0.44687602582339425,0.9995920698376438
0.4468923256492559,0.9995920698376438
0.4469086266642349,0.9995920698376438
0.44692492886846136,0.9995920698376438
0.44694123226206545,0.9995920698376438
0.4469575368451773,0.9995920698376438
0.4469738426179271,0.9995920698376438
0.4469901495804451,0.9995920698376438
0.44700645773286146,0.9995920698376438
0.44702276707530647,0.9995920698376438
0.4470390776079104,0.9995920698376438
0.44705538933080347,0.9995920698376438
0.447071702244116,0.9995920698376438
0.4470880163479784,0.9995920698376438
0.4471043316425209,0.9995920698376438
0.4471206481278739,0.9995920698376438
0.44713696580416773,0.9995920698376438
0.44715328467153287,0.9995920698376438
0.44716960473009965,0.9995920698376438
0.44718592597999857,0.9995920698376438
0.44720224842136,0.9995920698376438
0.4472185720543145,0.9995920698376438
0.44723489687899254,0.9995920698376438
0.44725122289552455,0.9995920698376438
0.4472675501040412,0.9995920698376438
0.4472838785046729,0.9995920698376438
0.4473002080975503,0.9995920698376438
0.4473165388828039,0.9995920698376438
0.44733287086056445,0.9995920698376438
0.44734920403096246,0.9995920698376438
0.4473655383941286,0.9995920698376438
0.4473818739501935,0.9995920698376438
0.4473982106992879,0.9995920698376438
0.4474145486415425,0.9995920698376438
0.44743088777708795,0.9995920698376438
0.4474472281060551,0.9995920698376438
0.4474635696285746,0.9995920698376438
0.4474799123447772,0.9995920698376438
0.44749625625479383,0.9995920698376438
0.4475126013587552,0.9995920698376438
0.4475289476567922,0.9995920698376438
0.4475452951490356,0.9995920698376438
0.4475616438356164,0.9995920698376438
0.44757799371666546,0.9995920698376438
0.4475943447923136,0.9995920698376438
0.4476106970626918,0.9995920698376438
0.447627050527931,0.9995920698376438
0.4476434051881622,0.9995920698376438
0.4476597610435164,0.9995920698376438
0.4476761180941245,0.9995920698376438
0.44769247634011766,0.9995920698376438
0.44770883578162685,0.9995920698376438
0.4477251964187831,0.9995920698376438
0.4477415582517176,0.9995920698376438
0.44775792128056136,0.9995920698376438
0.4477742855054455,0.9995920698376438
0.4477906509265012,0.9995920698376438
0.44780701754385965,0.9995920698376438
0.447823385357652,0.9995920698376438
0.4478397543680094,0.9995920698376438
0.4478561245750631,0.9995920698376438
0.4478724959789443,0.9995920698376438
0.4478888685797843,0.9995920698376438
0.4479052423777144,0.9995920698376438
0.44792161737286584,0.9995920698376438
0.44793799356537,0.9995920698376438
0.4479543709553581,0.9995920698376438
0.4479707495429616,0.9995920698376438
0.4479871293283118,0.9995920698376438
0.4480035103115402,0.9995920698376438
0.448019892492778,0.9995920698376438
0.44803627587215683,0.9995920698376438
0.448052660449808,0.9995920698376438
0.4480690462258631,0.9995920698376438
0.4480854332004535,0.9995920698376438
0.4481018213737108,0.9995920698376438
0.4481182107457664,0.9995920698376438
0.44813460131675203,0.9995920698376438
0.44815099308679907,0.9995920698376438
0.44816738605603923,0.9995920698376438
0.44818378022460403,0.9995920698376438
0.4482001755926251,0.9995920698376438
0.44821657216023414,0.9995920698376438
0.44823296992756273,0.9995920698376438
0.4482493688947426,0.9995920698376438
0.44826576906190546,0.9995920698376438
0.448282170429183,0.9995920698376438
0.4482985729967069,0.9995920698376438
0.448314976764609,0.9995920698376438
0.44833138173302106,0.9995920698376438
0.44834778790207486,0.9995920698376438
0.44836419527190224,0.9995920698376438
0.44838060384263495,0.9995920698376438
0.4483970136144049,0.9995920698376438
0.448413424587344,0.9995920698376438
0.44842983676158404,0.9995920698376438
0.44844625013725703,0.9995920698376438
0.44846266471449486,0.9995920698376438
0.4484790804934295,0.9995920698376438
0.4484954974741928,0.9995920698376438
0.44851191565691695,0.9995920698376438
0.4485283350417338,0.9995920698376438
0.4485447556287754,0.9995920698376438
0.4485611774181738,0.9995920698376438
0.4485776004100611,0.9995920698376438
0.44859402460456943,0.9995920698376438
0.44861045000183075,0.9995920698376438
0.4486268766019773,0.9995920698376438
0.44864330440514116,0.9995920698376438
0.44865973341145454,0.9995920698376438
0.44867616362104956,0.9995920698376438
0.44869259503405845,0.9995920698376438
0.44870902765061343,0.9995920698376438
0.44872546147084674,0.9995920698376438
0.44874189649489066,0.9995920698376438
0.44875833272287746,0.9995920698376438
0.4487747701549394,0.9995920698376438
0.4487912087912088,0.9995920698376438
0.448807648631818,0.9995920698376438
0.4488240896768994,0.9995920698376438
0.44884053192658535,0.9995920698376438
0.4488569753810082,0.9995920698376438
0.4488734200403004,0.9995920698376438
0.4488898659045944,0.9995920698376438
0.44890631297402267,0.9995920698376438
0.44892276124871755,0.9995920698376438
0.4489392107288117,0.9995920698376438
0.44895566141443755,0.9995920698376438
0.44897211330572756,0.9995920698376438
0.4489885664028144,0.9995920698376438
0.4490050207058306,0.9995920698376438
0.44902147621490873,0.9995920698376438
0.4490379329301814,0.9995920698376438
0.4490543908517813,0.9995920698376438
0.4490708499798409,0.9995920698376438
0.44908731031449306,0.9995920698376438
0.44910377185587036,0.9995920698376438
0.44912023460410555,0.9995920698376438
0.44913669855933136,0.9995920698376438
0.44915316372168046,0.9995920698376438
0.4491696300912857,0.9995920698376438
0.4491860976682798,0.9995920698376438
0.4492025664527956,0.9995920698376438
0.4492190364449659,0.9995920698376438
0.44923550764492354,0.9995920698376438
0.4492519800528014,0.9995920698376438
0.44926845366873236,0.9995920698376438
0.4492849284928493,0.9995920698376438
0.4493014045252851,0.9995920698376438
0.4493178817661728,0.9995920698376438
0.44933436021564527,0.9995920698376438
0.44935083987383556,0.9995920698376438
0.4493673207408766,0.9995920698376438
0.44938380281690143,0.9995920698376438
0.4494002861020431,0.9995920698376438
0.4494167705964346,0.9995920698376438
0.4494332563002091,0.9995920698376438
0.4494497432134996,0.9995920698376438
0.4494662313364393,0.9995920698376438
0.44948272066916134,0.9995920698376438
0.4494992112117988,0.9995920698376438
0.4495157029644849,0.9995920698376438
0.4495321959273528,0.9995920698376438
0.4495486901005357,0.9995920698376438
0.4495651854841669,0.9995920698376438
0.44958168207837956,0.9995920698376438
0.449598179883307,0.9995920698376438
0.4496146788990826,0.9995920698376438
0.4496311791258395,0.9995920698376438
0.44964768056371107,0.9995920698376438
0.44966418321283075,0.9995920698376438
0.44968068707333186,0.9995920698376438
0.44966048816296567,0.9995104838051726
0.449676993099398,0.9995104838051726
0.4496934992475131,0.9995104838051726
0.44971000660744437,0.9995104838051726
0.44972651517932527,0.9995104838051726
0.4497430249632893,0.9995104838051726
0.4497595359594699,0.9995104838051726
0.4497760481680006,0.9995104838051726
0.4497925615890149,0.9995104838051726
0.4498090762226465,0.9995104838051726
0.44982559206902883,0.9995104838051726
0.44984210912829553,0.9995104838051726
0.4498586274005802,0.9995104838051726
0.44987514688601643,0.9995104838051726
0.449891667584738,0.9995104838051726
0.44990818949687844,0.9995104838051726
0.4499247126225715,0.9995104838051726
0.44994123696195093,0.9995104838051726
0.4499577625151504,0.9995104838051726
0.4499742892823037,0.9995104838051726
0.44999081726354456,0.9995104838051726
0.45000734645900675,0.9995104838051726
0.45002387686882417,0.9995104838051726
0.45004040849313054,0.9995104838051726
0.4500569413320598,0.9995104838051726
0.45007347538574577,0.9995104838051726
0.45009001065432236,0.9995104838051726
0.4501065471379234,0.9995104838051726
0.45012308483668295,0.9995104838051726
0.45013962375073485,0.9995104838051726
0.4501561638802131,0.9995104838051726
0.4501727052252517,0.9995104838051726
0.4501892477859846,0.9995104838051726
0.4502057915625459,0.9995104838051726
0.45022233655506966,0.9995104838051726
0.45023888276368984,0.9995104838051726
0.4502554301885406,0.9995104838051726
0.45027197882975595,0.9995104838051726
0.45028852868747016,0.9995104838051726
0.4503050797618173,0.9995104838051726
0.45032163205293146,0.9995104838051726
0.4503381855609469,0.9995104838051726
0.45035474028599787,0.9995104838051726
0.45037129622821853,0.9995104838051726
0.4503878533877431,0.9995104838051726
0.45040441176470586,0.9995104838051726
0.45042097135924114,0.9995104838051726
0.4504375321714832,0.9995104838051726
0.45045409420156635,0.9995104838051726
0.45047065744962494,0.9995104838051726
0.4504872219157933,0.9995104838051726
0.45050378760020593,0.9995104838051726
0.4505203545029971,0.9995104838051726
0.4505369226243013,0.9995104838051726
0.4505534919642529,0.9995104838051726
0.45057006252298637,0.9995104838051726
0.4505866343006363,0.9995104838051726
0.45060320729733705,0.9995104838051726
0.45061978151322324,0.9995104838051726
0.45063635694842935,0.9995104838051726
0.45065293360308994,0.9995104838051726
0.45066951147733963,0.9995104838051726
0.450686090571313,0.9995104838051726
0.4507026708851446,0.9995104838051726
0.45071925241896915,0.9995104838051726
0.45073583517292126,0.9995104838051726
0.45075241914713565,0.9995104838051726
0.450769004341747,0.9995104838051726
0.45078559075689,0.9995104838051726
0.4508021783926994,0.9995104838051726
0.45081876724931,0.9995104838051726
0.45083535732685653,0.9995104838051726
0.45085194862547384,0.9995104838051726
0.4508685411452966,0.9995104838051726
0.4508851348864598,0.9995104838051726
0.45090172984909827,0.9995104838051726
0.4509183260333468,0.9995104838051726
0.4509349234393404,0.9995104838051726
0.4509515220672139,0.9995104838051726
0.4509681219171023,0.9995104838051726
0.45098472298914044,0.9995104838051726
0.45100132528346343,0.9995104838051726
0.4509811140153886,0.9994288977727013
0.45099771739930783,0.9994288977727013
0.45101432200581715,0.9994288977727013
0.45103092783505155,0.9994288977727013
0.45104753488714605,0.9994288977727013
0.4510641431622358,0.9994288977727013
0.4510807526604559,0.9994288977727013
0.4510973633819414,0.9994288977727013
0.45111397532682745,0.9994288977727013
0.45113058849524934,0.9994288977727013
0.4511472028873421,0.9994288977727013
0.451163818503241,0.9994288977727013
0.4511804353430813,0.9994288977727013
0.45119705340699817,0.9994288977727013
0.4512136726951269,0.9994288977727013
0.4512302932076028,0.9994288977727013
0.4512469149445611,0.9994288977727013
0.45126353790613716,0.9994288977727013
0.4512801620924664,0.9994288977727013
0.45129678750368407,0.9994288977727013
0.4513134141399256,0.9994288977727013
0.45133004200132637,0.9994288977727013
0.4513466710880218,0.9994288977727013
0.4513633014001474,0.9994288977727013
0.4513799329378385,0.9994288977727013
0.45139656570123077,0.9994288977727013
0.4514131996904595,0.9994288977727013
0.45142983490566035,0.9994288977727013
0.45144647134696886,0.9994288977727013
0.4514631090145205,0.9994288977727013
0.45147974790845097,0.9994288977727013
0.45149638802889575,0.9994288977727013
0.4515130293759906,0.9994288977727013
0.451529671949871,0.9994288977727013
0.4515463157506727,0.9994288977727013
0.4515629607785314,0.9994288977727013
0.4515796070335828,0.9994288977727013
0.4515962545159625,0.9994288977727013
0.45161290322580644,0.9994288977727013
0.45162955316325026,0.9994288977727013
0.4516462043284297,0.9994288977727013
0.4516628567214807,0.9994288977727013
0.451679510342539,0.9994288977727013
0.45169616519174044,0.9994288977727013
0.45171282126922085,0.9994288977727013
0.45172947857511614,0.9994288977727013
0.45174613710956224,0.9994288977727013
0.4517627968726951,0.9994288977727013
0.45177945786465057,0.9994288977727013
0.45179612008556463,0.9994288977727013
0.45181278353557336,0.9994288977727013
0.45182944821481263,0.9994288977727013
0.4518461141234185,0.9994288977727013
0.4518627812615271,0.9994288977727013
0.4518794496292744,0.9994288977727013
0.4518961192267965,0.9994288977727013
0.4519127900542295,0.9994288977727013
0.4519294621117096,0.9994288977727013
0.4519461353993728,0.9994288977727013
0.4519628099173554,0.9994288977727013
0.45197948566579343,0.9994288977727013
0.4519961626448233,0.9994288977727013
0.452012840854581,0.9994288977727013
0.45202952029520294,0.9994288977727013
0.45204620096682535,0.9994288977727013
0.45206288286958446,0.9994288977727013
0.45207956600361665,0.9994288977727013
0.45209625036905815,0.9994288977727013
0.4521129359660454,0.9994288977727013
0.4520927142540784,0.9993473117402301
0.4521094009522755,0.9993473117402301
0.45212608888232686,0.9993473117402301
0.452142778044369,0.9993473117402301
0.4521594684385382,0.9993473117402301
0.452176160064971,0.9993473117402301
0.4521928529238039,0.9993473117402301
0.45220954701517335,0.9993473117402301
0.4522262423392158,0.9993473117402301
0.4522429388960679,0.9993473117402301
0.4522596366858662,0.9993473117402301
0.4522763357087472,0.9993473117402301
0.4522930359648475,0.9993473117402301
0.45230973745430375,0.9993473117402301
0.4523264401772526,0.9993473117402301
0.45234314413383064,0.9993473117402301
0.4523598493241746,0.9993473117402301
0.45237655574842117,0.9993473117402301
0.45239326340670705,0.9993473117402301
0.45240997229916896,0.9993473117402301
0.4524266824259437,0.9993473117402301
0.452443393787168,0.9993473117402301
0.45246010638297873,0.9993473117402301
0.4524768202135126,0.9993473117402301
0.4524935352789065,0.9993473117402301
0.45251025157929736,0.9993473117402301
0.45252696911482193,0.9993473117402301
0.45254368788561716,0.9993473117402301
0.45256040789182,0.9993473117402301
0.45257712913356735,0.9993473117402301
0.45259385161099613,0.9993473117402301
0.4526105753242434,0.9993473117402301
0.45262730027344616,0.9993473117402301
0.45264402645874136,0.9993473117402301
0.45266075388026605,0.9993473117402301
0.45267748253815737,0.9993473117402301
0.4526942124325523,0.9993473117402301
0.452710943563588,0.9993473117402301
0.45272767593140156,0.9993473117402301
0.4527444095361301,0.9993473117402301
0.4527611443779108,0.9993473117402301
0.45277788045688094,0.9993473117402301
0.4527946177731776,0.9993473117402301
0.45281135632693803,0.9993473117402301
0.45282809611829944,0.9993473117402301
0.45284483714739915,0.9993473117402301
0.45286157941437444,0.9993473117402301
0.4528783229193626,0.9993473117402301
0.4528950676625009,0.9993473117402301
0.4529118136439268,0.9993473117402301
0.45292856086377753,0.9993473117402301
0.45294530932219057,0.9993473117402301
0.4529620590193033,0.9993473117402301
0.45297880995525314,0.9993473117402301
0.4529955621301775,0.9993473117402301
0.4530123155442139,0.9993473117402301
0.45302907019749983,0.9993473117402301
0.45304582609017274,0.9993473117402301
0.4530625832223702,0.9993473117402301
0.4530793415942297,0.9993473117402301
0.4530961012058889,0.9993473117402301
0.4531128620574853,0.9993473117402301
0.45312962414915653,0.9993473117402301
0.4531463874810403,0.9993473117402301
0.4531631520532741,0.9993473117402301
0.45317991786599576,0.9993473117402301
0.4531966849193429,0.9993473117402301
0.4532134532134532,0.9993473117402301
0.4532302227484644,0.9993473117402301
0.45324699352451436,0.9993473117402301
0.4532637655417407,0.9993473117402301
0.45328053880028124,0.9993473117402301
0.45329731330027384,0.9993473117402301
0.4533140890418563,0.9993473117402301
0.45333086602516653,0.9993473117402301
0.45334764425034235,0.9993473117402301
0.45336442371752167,0.9993473117402301
0.4533812044268424,0.9993473117402301
0.4533979863784424,0.9993473117402301
0.45341476957245974,0.9993473117402301
0.45343155400903234,0.9993473117402301
0.45344833968829823,0.9993473117402301
0.4534651266103954,0.9993473117402301
0.45348191477546185,0.9993473117402301
0.4534987041836357,0.9993473117402301
0.453515494835055,0.9993473117402301
0.45353228672985785,0.9993473117402301
0.4535490798681823,0.9993473117402301
0.45356587425016665,0.9993473117402301
0.4535826698759489,0.9993473117402301
0.4535994667456673,0.9993473117402301
0.45361626485946005,0.9993473117402301
0.45363306421746535,0.9993473117402301
0.4536498648198215,0.9993473117402301
0.45366666666666666,0.9993473117402301
0.45368346975813917,0.9993473117402301
0.45370027409437735,0.9993473117402301
0.4537170796755195,0.9993473117402301
0.45373388650170393,0.9993473117402301
0.4537506945730691,0.9993473117402301
0.4537675038897533,0.9993473117402301
0.45378431445189493,0.9993473117402301
0.4538011262596325,0.9993473117402301
0.4538179393131044,0.9993473117402301
0.45383475361244907,0.9993473117402301
0.45385156915780506,0.9993473117402301
0.4538683859493108,0.9993473117402301
0.4538852039871049,0.9993473117402301
0.4539020232713259,0.9993473117402301
0.4539188438021123,0.9993473117402301
0.45393566557960274,0.9993473117402301
0.45395248860393583,0.9993473117402301
0.45396931287525016,0.9993473117402301
0.45398613839368446,0.9993473117402301
0.4540029651593773,0.9993473117402301
0.4540197931724675,0.9993473117402301
0.4540366224330936,0.9993473117402301
0.45405345294139454,0.9993473117402301
0.4540702846975089,0.9993473117402301
0.45408711770157556,0.9993473117402301
0.4541039519537332,0.9993473117402301
0.45412078745412077,0.9993473117402301
0.45413762420287707,0.9993473117402301
0.4541544622001409,0.9993473117402301
0.45417130144605117,0.9993473117402301
0.4541881419407468,0.9993473117402301
0.4542049836843667,0.9993473117402301
0.45422182667704974,0.9993473117402301
0.45423867091893494,0.9993473117402301
0.4542555164101613,0.9993473117402301
0.45427236315086783,0.9993473117402301
0.45428921114119347,0.9993473117402301
0.45430606038127735,0.9993473117402301
0.4543229108712585,0.9993473117402301
0.45433976261127595,0.9993473117402301
0.4543566156014689,0.9993473117402301
0.4543734698419764,0.9993473117402301
0.45439032533293766,0.9993473117402301
0.45440718207449177,0.9993473117402301
0.45442404006677795,0.9993473117402301
0.4544408993099354,0.9993473117402301
0.4544577598041034,0.9993473117402301
0.4544746215494212,0.9993473117402301
0.454491484546028,0.9993473117402301
0.4545083487940631,0.9993473117402301
0.4545252142936658,0.9993473117402301
0.4545420810449755,0.9993473117402301
0.45455894904813154,0.9993473117402301
0.4545758183032732,0.9993473117402301
0.45459268881054,0.9993473117402301
0.45460956057007124,0.9993473117402301
0.45462643358200644,0.9993473117402301
0.45464330784648505,0.9993473117402301
0.4546601833636465,0.9993473117402301
0.4546770601336303,0.9993473117402301
0.454693938156576,0.9993473117402301
0.45471081743262304,0.9993473117402301
0.45472769796191115,0.9993473117402301
0.45474457974457977,0.9993473117402301
0.4547614627807685,0.9993473117402301
0.45477834707061704,0.9993473117402301
0.454795232614265,0.9993473117402301
0.45481211941185207,0.9993473117402301
0.4548290074635179,0.9993473117402301
0.4548458967694022,0.9993473117402301
0.45486278732964464,0.9993473117402301
0.45487967914438504,0.9993473117402301
0.4548965722137631,0.9993473117402301
0.45491346653791875,0.9993473117402301
0.45493036211699167,0.9993473117402301
0.4549472589511217,0.9993473117402301
0.4549641570404487,0.9993473117402301
0.45498105638511255,0.9993473117402301
0.45499795698525314,0.9993473117402301
0.4550148588410104,0.9993473117402301
0.45503176195252426,0.9993473117402301
0.4550486663199346,0.9993473117402301
0.4550655719433815,0.9993473117402301
0.4550824788230049,0.9993473117402301
0.4550993869589448,0.9993473117402301
0.4551162963513413,0.9993473117402301
0.4551332070003344,0.9993473117402301
0.4551501189060642,0.9993473117402301
0.4551670320686708,0.9993473117402301
0.4551839464882943,0.9993473117402301
0.4552008621650749,0.9993473117402301
0.4552177790991527,0.9993473117402301
0.45523469729066784,0.9993473117402301
0.45525161673976067,0.9993473117402301
0.45526853744657125,0.9993473117402301
0.45528545941124,0.9993473117402301
0.455302382633907,0.9993473117402301
0.45531930711471263,0.9993473117402301
0.45533623285379726,0.9993473117402301
0.4553531598513011,0.9993473117402301
0.45537008810736457,0.9993473117402301
0.455387017622128,0.9993473117402301
0.45540394839573184,0.9993473117402301
0.45542088042831647,0.9993473117402301
0.4554378137200223,0.9993473117402301
0.4554547482709898,0.9993473117402301
0.45547168408135946,0.9993473117402301
0.45548862115127176,0.9993473117402301
0.4555055594808672,0.9993473117402301
0.45552249907028636,0.9993473117402301
0.4555394399196698,0.9993473117402301
0.455556382029158,0.9993473117402301
0.45557332539889167,0.9993473117402301
0.45559027002901137,0.9993473117402301
0.4556072159196578,0.9993473117402301
0.4556241630709716,0.9993473117402301
0.4556411114830934,0.9993473117402301
0.455658061156164,0.9993473117402301
0.455675012090324,0.9993473117402301
0.4556919642857143,0.9993473117402301
0.4557089177424755,0.9993473117402301
0.4557258724607486,0.9993473117402301
0.4557428284406742,0.9993473117402301
0.4557597856823932,0.9993473117402301
0.4557767441860465,0.9993473117402301
0.45579370395177493,0.9993473117402301
0.45581066497971945,0.9993473117402301
0.45582762727002085,0.9993473117402301
0.45584459082282014,0.9993473117402301
0.45586155563825825,0.9993473117402301
0.45587852171647625,0.9993473117402301
0.455895489057615,0.9993473117402301
0.4559124576618156,0.9993473117402301
0.4559294275292191,0.9993473117402301
0.4559463986599665,0.9993473117402301
0.45596337105419893,0.9993473117402301
0.45598034471205745,0.9993473117402301
0.4559973196336833,0.9993473117402301
0.45601429581921743,0.9993473117402301
0.4560312732688012,0.9993473117402301
0.45604825198257565,0.9993473117402301
0.4560652319606821,0.9993473117402301
0.4560822132032617,0.9993473117402301
0.45609919571045576,0.9993473117402301
0.4561161794824055,0.9993473117402301
0.45613316451925223,0.9993473117402301
0.4561501508211373,0.9993473117402301
0.456167138388202,0.9993473117402301
0.4561841272205877,0.9993473117402301
0.45620111731843577,0.9993473117402301
0.4562181086818876,0.9993473117402301
0.45623510131108463,0.9993473117402301
0.4562520952061683,0.9993473117402301
0.45626909036728003,0.9993473117402301
0.4562860867945614,0.9993473117402301
0.45630308448815377,0.9993473117402301
0.4563200834481988,0.9993473117402301
0.45633708367483794,0.9993473117402301
0.4563540851682128,0.9993473117402301
0.456371087928465,0.9993473117402301
0.45638809195573604,0.9993473117402301
0.45640509725016765,0.9993473117402301
0.45642210381190146,0.9993473117402301
0.45643911164107914,0.9993473117402301
0.45645612073784236,0.9993473117402301
0.45647313110233284,0.9993473117402301
0.45649014273469235,0.9993473117402301
0.4565071556350626,0.9993473117402301
0.4565241698035854,0.9993473117402301
0.45654118524040255,0.9993473117402301
0.45655820194565583,0.9993473117402301
0.45657521991948713,0.9993473117402301
0.4565922391620382,0.9993473117402301
0.4566092596734511,0.9993473117402301
0.4566262814538677,0.9993473117402301
0.45664330450342977,0.9993473117402301
0.45666032882227936,0.9993473117402301
0.4566773544105585,0.9993473117402301
0.45669438126840906,0.9993473117402301
0.45671140939597316,0.9993473117402301
0.45672843879339275,0.9993473117402301
0.4567454694608099,0.9993473117402301
0.4567625013983667,0.9993473117402301
0.45677953460620524,0.9993473117402301
0.45679656908446764,0.9993473117402301
0.456813604833296,0.9993473117402301
0.45683064185283256,0.9993473117402301
0.45684768014321947,0.9993473117402301
0.45686471970459885,0.9993473117402301
0.456881760537113,0.9993473117402301
0.45689880264090416,0.9993473117402301
0.45691584601611457,0.9993473117402301
0.45693289066288656,0.9993473117402301
0.4569499365813624,0.9993473117402301
0.4569669837716844,0.9993473117402301
0.4569840322339949,0.9993473117402301
0.45700108196843636,0.9993473117402301
0.4570181329751511,0.9993473117402301
0.45703518525428155,0.9993473117402301
0.4570522388059701,0.9993473117402301
0.45706929363035936,0.9993473117402301
0.4570863497275916,0.9993473117402301
0.45710340709780944,0.9993473117402301
0.4571204657411554,0.9993473117402301
0.457137525657772,0.9993473117402301
0.45715458684780175,0.9993473117402301
0.4571716493113873,0.9993473117402301
0.45718871304867126,0.9993473117402301
0.4572057780597962,0.9993473117402301
0.4572228443449048,0.9993473117402301
0.45723991190413976,0.9993473117402301
0.4572569807376437,0.9993473117402301
0.4572740508455594,0.9993473117402301
0.4572911222280296,0.9993473117402301
0.4573081948851969,0.9993473117402301
0.4573252688172043,0.9993473117402301
0.45734234402419444,0.9993473117402301
0.45735942050631023,0.9993473117402301
0.4573764982636944,0.9993473117402301
0.45739357729648994,0.9993473117402301
0.4574106576048396,0.9993473117402301
0.4574277391888864,0.9993473117402301
0.4574448220487732,0.9993473117402301
0.45746190618464294,0.9993473117402301
0.45747899159663863,0.9993473117402301
0.45749607828490324,0.9993473117402301
0.45751316624957983,0.9993473117402301
0.4575302554908113,0.9993473117402301
0.4575473460087408,0.9993473117402301
0.4575644378035114,0.9993473117402301
0.45758153087526615,0.9993473117402301
0.45759862522414824,0.9993473117402301
0.4576157208503007,0.9993473117402301
0.4576328177538668,0.9993473117402301
0.4576499159349897,0.9993473117402301
0.4576670153938126,0.9993473117402301
0.45768411613047866,0.9993473117402301
0.45770121814513115,0.9993473117402301
0.45771832143791336,0.9993473117402301
0.4577354260089686,0.9993473117402301
0.45775253185844017,0.9993473117402301
0.45776963898647133,0.9993473117402301
0.4577867473932055,0.9993473117402301
0.45780385707878607,0.9993473117402301
0.45782096804335637,0.9993473117402301
0.45783808028705986,0.9993473117402301
0.45785519381004,0.9993473117402301
0.4578723086124402,0.9993473117402301
0.45788942469440397,0.9993473117402301
0.4579065420560748,0.9993473117402301
0.45792366069759616,0.9993473117402301
0.4579407806191117,0.9993473117402301
0.45795790182076496,0.9993473117402301
0.4579750243026995,0.9993473117402301
0.4579921480650589,0.9993473117402301
0.45800927310798684,0.9993473117402301
0.458026399431627,0.9993473117402301
0.45804352703612294,0.9993473117402301
0.4580606559216185,0.9993473117402301
0.4580777860882573,0.9993473117402301
0.4580949175361831,0.9993473117402301
0.4581120502655397,0.9993473117402301
0.4581291842764708,0.9993473117402301
0.4581463195691203,0.9993473117402301
0.45816345614363196,0.9993473117402301
0.4581805940001496,0.9993473117402301
0.4581977331388172,0.9993473117402301
0.4582148735597785,0.9993473117402301
0.4582320152631776,0.9993473117402301
0.45824915824915824,0.9993473117402301
0.4582663025178645,0.9993473117402301
0.45828344806944027,0.9993473117402301
0.45830059490402963,0.9993473117402301
0.4583177430217765,0.9993473117402301
0.45833489242282505,0.9993473117402301
0.45835204310731925,0.9993473117402301
0.4583691950754032,0.9993473117402301
0.458386348327221,0.9993473117402301
0.4584035028629168,0.9993473117402301
0.4584206586826347,0.9993473117402301
0.45843781578651893,0.9993473117402301
0.4584549741747137,0.9993473117402301
0.45847213384736313,0.9993473117402301
0.4584892948046115,0.9993473117402301
0.45850645704660303,0.9993473117402301
0.45852362057348206,0.9993473117402301
0.4585407853853929,0.9993473117402301
0.4585579514824798,0.9993473117402301
0.4585751188648871,0.9993473117402301
0.45859228753275927,0.9993473117402301
0.4586094574862406,0.9993473117402301
0.4586266287254755,0.9993473117402301
0.45864380125060844,0.9993473117402301
0.4586609750617839,0.9993473117402301
0.4586781501591462,0.9993473117402301
0.45869532654284,0.9993473117402301
0.4587125042130098,0.9993473117402301
0.4587296831698,0.9993473117402301
0.4587468634133553,0.9993473117402301
0.4587640449438202,0.9993473117402301
0.4587812277613394,0.9993473117402301
0.4587984118660574,0.9993473117402301
0.4588155972581189,0.9993473117402301
0.4588327839376686,0.9993473117402301
0.4588499719048511,0.9993473117402301
0.4588671611598112,0.9993473117402301
0.4588843517026936,0.9993473117402301
0.45890154353364304,0.9993473117402301
0.4589187366528043,0.9993473117402301
0.4589359310603222,0.9993473117402301
0.4589531267563416,0.9993473117402301
0.4589703237410072,0.9993473117402301
0.45898752201446397,0.9993473117402301
0.4590047215768568,0.9993473117402301
0.4590219224283305,0.9993473117402301
0.4590391245690301,0.9993473117402301
0.45905632799910057,0.9993473117402301
0.4590735327186867,0.9993473117402301
0.4590907387279337,0.9993473117402301
0.4591079460269865,0.9993473117402301
0.4591251546159901,0.9993473117402301
0.4591423644950896,0.9993473117402301
0.45915957566443005,0.9993473117402301
0.4591767881241565,0.9993473117402301
0.4591940018744142,0.9993473117402301
0.4592112169153483,0.9993473117402301
0.45922843324710383,0.9993473117402301
0.45924565086982605,0.9993473117402301
0.45926286978366015,0.9993473117402301
0.4592800899887514,0.9993473117402301
0.45929731148524505,0.9993473117402301
0.45931453427328633,0.9993473117402301
0.4593317583530206,0.9993473117402301
0.4593489837245931,0.9993473117402301
0.45936621038814923,0.9993473117402301
0.4593834383438344,0.9993473117402301
0.4594006675917939,0.9993473117402301
0.45941789813217315,0.9993473117402301
0.4594351299651176,0.9993473117402301
0.4594523630907727,0.9993473117402301
0.4594695975092839,0.9993473117402301
0.45948683322079675,0.9993473117402301
0.45950407022545675,0.9993473117402301
0.4595213085234094,0.9993473117402301
0.4595385481148002,0.9993473117402301
0.4595557889997749,0.9993473117402301
0.459573031178479,0.9993473117402301
0.45959027465105806,0.9993473117402301
0.4596075194176579,0.9993473117402301
0.459624765478424,0.9993473117402301
0.4596420128335022,0.9993473117402301
0.45965926148303815,0.9993473117402301
0.4596765114271775,0.9993473117402301
0.4596937626660662,0.9993473117402301
0.45971101519984986,0.9993473117402301
0.45972826902867436,0.9993473117402301
0.4597455241526855,0.9993473117402301
0.45976278057202913,0.9993473117402301
0.4597800382868511,0.9993473117402301
0.4597972972972973,0.9993473117402301
0.45981455760351364,0.9993473117402301
0.4598318192056461,0.9993473117402301
0.4598490821038405,0.9993473117402301
0.45986634629824297,0.9993473117402301
0.45988361178899945,0.9993473117402301
0.4599008785762559,0.9993473117402301
0.45991814666015846,0.9993473117402301
0.4599354160408531,0.9993473117402301
0.459952686718486,0.9993473117402301
0.4599699586932032,0.9993473117402301
0.4599872319651508,0.9993473117402301
0.460004506534475,0.9993473117402301
0.46002178240132197,0.9993473117402301
0.4600390595658379,0.9993473117402301
0.46005633802816903,0.9993473117402301
0.46007361778846156,0.9993473117402301
0.4600908988468617,0.9993473117402301
0.4601081812035159,0.9993473117402301
0.4601254648585703,0.9993473117402301
0.4601427498121713,0.9993473117402301
0.4601600360644652,0.9993473117402301
0.4601773236155985,0.9993473117402301
0.4601946124657174,0.9993473117402301
0.4602119026149684,0.9993473117402301
0.46022919406349805,0.9993473117402301
0.46024648681145264,0.9993473117402301
0.4602637808589787,0.9993473117402301
0.4602810762062228,0.9993473117402301
0.4602983728533313,0.9993473117402301
0.46031567080045094,0.9993473117402301
0.4603329700477282,0.9993473117402301
0.4603502705953097,0.9993473117402301
0.460367572443342,0.9993473117402301
0.4603848755919717,0.9993473117402301
0.4604021800413456,0.9993473117402301
0.4604194857916103,0.9993473117402301
0.46043679284291245,0.9993473117402301
0.46045410119539887,0.9993473117402301
0.46047141084921617,0.9993473117402301
0.4604887218045113,0.9993473117402301
0.46050603406143087,0.9993473117402301
0.4605233476201218,0.9993473117402301
0.4605406624807309,0.9993473117402301
0.46055797864340503,0.9993473117402301
0.460575296108291,0.9993473117402301
0.4605926148755358,0.9993473117402301
0.46060993494528635,0.9993473117402301
0.4606272563176895,0.9993473117402301
0.46064457899289235,0.9993473117402301
0.46066190297104176,0.9993473117402301
0.4606792282522848,0.9993473117402301
0.46069655483676847,0.9993473117402301
0.46071388272463987,0.9993473117402301
0.46073121191604605,0.9993473117402301
0.4607485424111341,0.9993473117402301
0.46076587421005116,0.9993473117402301
0.46078320731294437,0.9993473117402301
0.4608005417199609,0.9993473117402301
0.46081787743124786,0.9993473117402301
0.4608352144469526,0.9993473117402301
0.46085255276722226,0.9993473117402301
0.4608698923922041,0.9993473117402301
0.4608872333220454,0.9993473117402301
0.46090457555689346,0.9993473117402301
0.46092191909689556,0.9993473117402301
0.46093926394219914,0.9993473117402301
0.46095661009295147,0.9993473117402301
0.46097395754930004,0.9993473117402301
0.4609913063113921,0.9993473117402301
0.4610086563793752,0.9993473117402301
0.4610260077533968,0.9993473117402301
0.46104336043360433,0.9993473117402301
0.4610607144201453,0.9993473117402301
0.4610780697131672,0.9993473117402301
0.46109542631281764,0.9993473117402301
0.46111278421924407,0.9993473117402301
0.46113014343259423,0.9993473117402301
0.46114750395301557,0.9993473117402301
0.46116486578065585,0.9993473117402301
0.46118222891566263,0.9993473117402301
0.46119959335818367,0.9993473117402301
0.4612169591083666,0.9993473117402301
0.4612343261663592,0.9993473117402301
0.4612516945323091,0.9993473117402301
0.46126906420636415,0.9993473117402301
0.46128643518867213,0.9993473117402301
0.4613038074793809,0.9993473117402301
0.4613211810786381,0.9993473117402301
0.46133855598659185,0.9993473117402301
0.46135593220338983,0.9993473117402301
0.46137330972918,0.9993473117402301
0.4613906885641103,0.9993473117402301
0.4614080687083286,0.9993473117402301
0.461425450161983,0.9993473117402301
0.4614428329252213,0.9993473117402301
0.4614602169981917,0.9993473117402301
0.4614776023810421,0.9993473117402301
0.46149498907392056,0.9993473117402301
0.46151237707697523,0.9993473117402301
0.4615297663903542,0.9993473117402301
0.4615471570142055,0.9993473117402301
0.4615645489486774,0.9993473117402301
0.4615819421939179,0.9993473117402301
0.46159933675007536,0.9993473117402301
0.4616167326172979,0.9993473117402301
0.46163412979573376,0.9993473117402301
0.46165152828553124,0.9993473117402301
0.4616689280868385,0.9993473117402301
0.461686329199804,0.9993473117402301
0.46170373162457595,0.9993473117402301
0.4617211353613027,0.9993473117402301
0.4617385404101327,0.9993473117402301
0.46175594677121423,0.9993473117402301
0.46177335444469575,0.9993473117402301
0.4617530631479736,0.9992657257077588
0.46177047202533555,0.9992657257077588
0.46178788221543565,0.9992657257077588
0.46180529371842244,0.9992657257077588
0.4618227065344444,0.9992657257077588
0.4618401206636501,0.9992657257077588
0.461857536106188,0.9992657257077588
0.4618749528622068,0.9992657257077588
0.46189237093185503,0.9992657257077588
0.46190979031528134,0.9992657257077588
0.46192721101263434,0.9992657257077588
0.46194463302406275,0.9992657257077588
0.4619620563497152,0.9992657257077588
0.4619794809897405,0.9992657257077588
0.4619969069442873,0.9992657257077588
0.46201433421350435,0.9992657257077588
0.46203176279754044,0.9992657257077588
0.46204919269654443,0.9992657257077588
0.4620666239106651,0.9992657257077588
0.4620840564400513,0.9992657257077588
0.4621014902848519,0.9992657257077588
0.4621189254452158,0.9992657257077588
0.4621363619212919,0.9992657257077588
0.4621537997132292,0.9992657257077588
0.46217123882117656,0.9992657257077588
0.462188679245283,0.9992657257077588
0.4622061209856976,0.9992657257077588
0.46222356404256926,0.9992657257077588
0.4622410084160471,0.9992657257077588
0.4622584541062802,0.9992657257077588
0.46227590111341765,0.9992657257077588
0.4622933494376085,0.9992657257077588
0.462310799079002,0.9992657257077588
0.46232825003774725,0.9992657257077588
0.4623457023139934,0.9992657257077588
0.4623631559078898,0.9992657257077588
0.4623806108195855,0.9992657257077588
0.46239806704922987,0.9992657257077588
0.4624155245969721,0.9992657257077588
0.4624329834629616,0.9992657257077588
0.46245044364734755,0.9992657257077588
0.4624679051502794,0.9992657257077588
0.4624853679719065,0.9992657257077588
0.4625028321123782,0.9992657257077588
0.462520297571844,0.9992657257077588
0.4625,0.9991841396752876
0.4625174666717021,0.9991841396752876
0.4625349346627389,0.9991841396752876
0.4625524039732598,0.9991841396752876
0.4625698746034144,0.9991841396752876
0.4625873465533522,0.9991841396752876
0.46260481982322277,0.9991841396752876
0.4626222944131757,0.9991841396752876
0.4626397703233605,0.9991841396752876
0.46265724755392695,0.9991841396752876
0.4626747261050246,0.9991841396752876
0.46269220597680305,0.9991841396752876
0.46270968716941213,0.9991841396752876
0.4627271696830015,0.9991841396752876
0.46274465351772087,0.9991841396752876
0.46276213867372,0.9991841396752876
0.46277962515114873,0.9991841396752876
0.4627971129501568,0.9991841396752876
0.4628146020708941,0.9991841396752876
0.46283209251351043,0.9991841396752876
0.4628495842781557,0.9991841396752876
0.4628670773649798,0.9991841396752876
0.4628845717741326,0.9991841396752876
0.46290206750576407,0.9991841396752876
0.4629195645600242,0.9991841396752876
0.46293706293706294,0.9991841396752876
0.46295456263703033,0.9991841396752876
0.46297206366007637,0.9991841396752876
0.4629895660063511,0.9991841396752876
0.4630070696760047,0.9991841396752876
0.46302457466918717,0.9991841396752876
0.4630420809860486,0.9991841396752876
0.46305958862673924,0.9991841396752876
0.46307709759140925,0.9991841396752876
0.46309460788020873,0.9991841396752876
0.46311211949328795,0.9991841396752876
0.46312963243079713,0.9991841396752876
0.4631471466928866,0.9991841396752876
0.46316466227970654,0.9991841396752876
0.4631821791914073,0.9991841396752876
0.46319969742813916,0.9991841396752876
0.4632172169900526,0.9991841396752876
0.46323473787729785,0.9991841396752876
0.46325226009002535,0.9991841396752876
0.46326978362838556,0.9991841396752876
0.46328730849252886,0.9991841396752876
0.46330483468260575,0.9991841396752876
0.4633223621987667,0.9991841396752876
0.46333989104116224,0.9991841396752876
0.4633574212099429,0.9991841396752876
0.4633749527052592,0.9991841396752876
0.4633924855272617,0.9991841396752876
0.4634100196761011,0.9991841396752876
0.46342755515192796,0.9991841396752876
0.4634450919548929,0.9991841396752876
0.46346263008514665,0.9991841396752876
0.4634801695428398,0.9991841396752876
0.4634977103281232,0.9991841396752876
0.46351525244114755,0.9991841396752876
0.46353279588206353,0.9991841396752876
0.46355034065102196,0.9991841396752876
0.4635678867481737,0.9991841396752876
0.4635854341736695,0.9991841396752876
0.4636029829276602,0.9991841396752876
0.46362053301029676,0.9991841396752876
0.4636380844217301,0.9991841396752876
0.463655637162111,0.9991841396752876
0.4636731912315905,0.9991841396752876
0.46369074663031956,0.9991841396752876
0.46370830335844915,0.9991841396752876
0.46372586141613026,0.9991841396752876
0.46374342080351394,0.9991841396752876
0.4637609815207513,0.9991841396752876
0.46377854356799336,0.9991841396752876
0.4637961069453912,0.9991841396752876
0.463813671653096,0.9991841396752876
0.4638312376912589,0.9991841396752876
0.46384880506003107,0.9991841396752876
0.4638663737595637,0.9991841396752876
0.46388394379000797,0.9991841396752876
0.4639015151515152,0.9991841396752876
0.4639190878442365,0.9991841396752876
0.46393666186832333,0.9991841396752876
0.463954237223927,0.9991841396752876
0.4639718139111987,0.9991841396752876
0.4639893919302898,0.9991841396752876
0.4640069712813518,0.9991841396752876
0.46402455196453607,0.9991841396752876
0.46404213397999394,0.9991841396752876
0.46405971732787693,0.9991841396752876
0.46407730200833647,0.9991841396752876
0.4640948880215241,0.9991841396752876
0.4641124753675913,0.9991841396752876
0.46413006404668966,0.9991841396752876
0.4641476540589707,0.9991841396752876
0.4641652454045859,0.9991841396752876
0.4641828380836871,0.9991841396752876
0.46420043209642575,0.9991841396752876
0.46421802744295354,0.9991841396752876
0.4642356241234222,0.9991841396752876
0.4642532221379833,0.9991841396752876
0.4642708214867887,0.9991841396752876
0.46428842216999017,0.9991841396752876
0.4643060241877393,0.9991841396752876
0.4643236275401881,0.9991841396752876
0.46434123222748813,0.9991841396752876
0.46435883824979146,0.9991841396752876
0.46437644560724983,0.9991841396752876
0.4643940543000152,0.9991841396752876
0.4644116643282393,0.9991841396752876
0.4644292756920743,0.9991841396752876
0.46444688839167203,0.9991841396752876
0.46446450242718446,0.9991841396752876
0.4644821177987636,0.9991841396752876
0.46449973450656146,0.9991841396752876
0.4645173525507301,0.9991841396752876
0.4645349719314216,0.9991841396752876
0.46455259264878807,0.9991841396752876
0.46457021470298154,0.9991841396752876
0.46458783809415427,0.9991841396752876
0.4646054628224583,0.9991841396752876
0.4646230888880458,0.9991841396752876
0.4646407162910691,0.9991841396752876
0.4646583450316804,0.9991841396752876
0.4646759751100319,0.9991841396752876
0.46469360652627584,0.9991841396752876
0.4647112392805646,0.9991841396752876
0.4647288733730505,0.9991841396752876
0.46474650880388585,0.9991841396752876
0.46476414557322304,0.9991841396752876
0.4647817836812144,0.9991841396752876
0.4647994231280124,0.9991841396752876
0.46481706391376953,0.9991841396752876
0.4648347060386382,0.9991841396752876
0.4648523495027708,0.9991841396752876
0.46486999430632,0.9991841396752876
0.4648876404494382,0.9991841396752876
0.46490528793227803,0.9991841396752876
0.464922936754992,0.9991841396752876
0.4649405869177328,0.9991841396752876
0.464958238420653,0.9991841396752876
0.46497589126390526,0.9991841396752876
0.46495557749259625,0.9991025536428163
0.46497323157535025,0.9991025536428163
0.46499088699878494,0.9991025536428163
0.46500854376305295,0.9991025536428163
0.4650262018683071,0.9991025536428163
0.4650438613147002,0.9991025536428163
0.46506152210238494,0.9991025536428163
0.4650791842315142,0.9991025536428163
0.4650968477022408,0.9991025536428163
0.46511451251471764,0.9991025536428163
0.46513217866909756,0.9991025536428163
0.4651498461655335,0.9991025536428163
0.46516751500417836,0.9991025536428163
0.4651851851851852,0.9991025536428163
0.46520285670870687,0.9991025536428163
0.46522052957489646,0.9991025536428163
0.465238203783907,0.9991025536428163
0.4652558793358915,0.9991025536428163
0.465273556231003,0.9991025536428163
0.46529123446939474,0.9991025536428163
0.4653089140512197,0.9991025536428163
0.4653265949766311,0.9991025536428163
0.46534427724578203,0.9991025536428163
0.46536196085882575,0.9991025536428163
0.46537964581591545,0.9991025536428163
0.4653973321172044,0.9991025536428163
0.4654150197628458,0.9991025536428163
0.46543270875299303,0.9991025536428163
0.46545039908779934,0.9991025536428163
0.465468090767418,0.9991025536428163
0.46548578379200245,0.9991025536428163
0.465503478161706,0.9991025536428163
0.4655211738766821,0.9991025536428163
0.4655388709370842,0.9991025536428163
0.4655565693430657,0.9991025536428163
0.46557426909478006,0.9991025536428163
0.4655919701923808,0.9991025536428163
0.46560967263602143,0.9991025536428163
0.4656273764258555,0.9991025536428163
0.4656450815620366,0.9991025536428163
0.4656627880447182,0.9991025536428163
0.4656804958740541,0.9991025536428163
0.46569820505019777,0.9991025536428163
0.4657159155733029,0.9991025536428163
0.46573362744352326,0.9991025536428163
0.4657513406610124,0.9991025536428163
0.4657690552259242,0.9991025536428163
0.4657867711384124,0.9991025536428163
0.46580448839863065,0.9991025536428163
0.4658222070067329,0.9991025536428163
0.4658399269628728,0.9991025536428163
0.4658576482672043,0.9991025536428163
0.4658753709198813,0.9991025536428163
0.4658930949210576,0.9991025536428163
0.4659108202708872,0.9991025536428163
0.465928546969524,0.9991025536428163
0.465946275017122,0.9991025536428163
0.46596400441383506,0.9991025536428163
0.46598173515981733,0.9991025536428163
0.4659994672552228,0.9991025536428163
0.46601720070020547,0.9991025536428163
0.46603493549491953,0.9991025536428163
0.46605267163951897,0.9991025536428163
0.4660704091341579,0.9991025536428163
0.4660881479789906,0.9991025536428163
0.4661058881741712,0.9991025536428163
0.4661236297198538,0.9991025536428163
0.46614137261619276,0.9991025536428163
0.4661591168633422,0.9991025536428163
0.46617686246145645,0.9991025536428163
0.4661946094106898,0.9991025536428163
0.46621235771119657,0.9991025536428163
0.46623010736313103,0.9991025536428163
0.4662478583666476,0.9991025536428163
0.4662656107219007,0.9991025536428163
0.46628336442904467,0.9991025536428163
0.46630111948823394,0.9991025536428163
0.466318875899623,0.9991025536428163
0.46633663366336636,0.9991025536428163
0.46635439277961843,0.9991025536428163
0.46637215324853376,0.9991025536428163
0.466389915070267,0.9991025536428163
0.4664076782449726,0.9991025536428163
0.4664254427728052,0.9991025536428163
0.4664432086539194,0.9991025536428163
0.4664609758884699,0.9991025536428163
0.4664787444766113,0.9991025536428163
0.4664965144184983,0.9991025536428163
0.4665142857142857,0.9991025536428163
0.46653205836412814,0.9991025536428163
0.46656760772659733,0.9991025536428163
0.4665853844395336,0.9991025536428163
0.46660316250714423,0.9991025536428163
0.4666209419295839,0.9991025536428163
0.46663872270700757,0.9991025536428163
0.46665650483957016,0.9991025536428163
0.4666742883274265,0.9991025536428163
0.4666920731707317,0.9991025536428163
0.4667098593696406,0.9991025536428163
0.46672764692430824,0.9991025536428163
0.46674543583488964,0.9991025536428163
0.46676322610153986,0.9991025536428163
0.46678101772441394,0.9991025536428163
0.466798810703667,0.9991025536428163
0.4668166050394541,0.9991025536428163
0.46683440073193044,0.9991025536428163
0.4668521977812512,0.9991025536428163
0.46686999618757147,0.9991025536428163
0.46688779595104657,0.9991025536428163
0.46690559707183166,0.9991025536428163
0.466923399550082,0.9991025536428163
0.46694120338595285,0.9991025536428163
0.4669590085795996,0.9991025536428163
0.46697681513117756,0.9991025536428163
0.466994623040842,0.9991025536428163
0.4670124323087484,0.9991025536428163
0.4670302429350521,0.9991025536428163
0.4670480549199085,0.9991025536428163
0.46706586826347307,0.9991025536428163
0.4670836829659013,0.9991025536428163
0.46710149902734865,0.9991025536428163
0.4671193164479707,0.9991025536428163
0.46713713522792294,0.9991025536428163
0.46715495536736096,0.9991025536428163
0.4671727768664403,0.9991025536428163
0.4671905997253166,0.9991025536428163
0.4672084239441456,0.9991025536428163
0.4672262495230828,0.9991025536428163
0.46724407646228394,0.9991025536428163
0.46726190476190477,0.9991025536428163
0.46727973442210097,0.9991025536428163
0.4672975654430283,0.9991025536428163
0.4673153978248426,0.9991025536428163
0.46733323156769957,0.9991025536428163
0.46735106667175513,0.9991025536428163
0.4673689031371651,0.9991025536428163
0.46738674096408533,0.9991025536428163
0.4674045801526718,0.9991025536428163
0.46742242070308027,0.9991025536428163
0.46744026261546684,0.9991025536428163
0.46745810588998743,0.9991025536428163
0.46747595052679797,0.9991025536428163
0.4674937965260546,0.9991025536428163
0.4675116438879133,0.9991025536428163
0.4675294926125301,0.9991025536428163
0.4675473427000611,0.9991025536428163
0.46756519415066244,0.9991025536428163
0.46758304696449027,0.9991025536428163
0.4676009011417007,0.9991025536428163
0.46761875668244995,0.9991025536428163
0.46763661358689423,0.9991025536428163
0.46765447185518977,0.9991025536428163
0.4676723314874928,0.9991025536428163
0.46769019248395965,0.9991025536428163
0.4677080548447466,0.9991025536428163
0.46772591857000995,0.9991025536428163
0.46774378365990604,0.9991025536428163
0.4677616501145913,0.9991025536428163
0.46777951793422207,0.9991025536428163
0.46779738711895485,0.9991025536428163
0.467815257668946,0.9991025536428163
0.4678331295843521,0.9991025536428163
0.4678510028653295,0.9991025536428163
0.4678688775120348,0.9991025536428163
0.4678867535246246,0.9991025536428163
0.4679046309032554,0.9991025536428163
0.46792250964808374,0.9991025536428163
0.46794038975926633,0.9991025536428163
0.46795827123695977,0.9991025536428163
0.4679761540813207,0.9991025536428163
0.46799403829250585,0.9991025536428163
0.46801192387067186,0.9991025536428163
0.46802981081597556,0.9991025536428163
0.46804769912857364,0.9991025536428163
0.46806558880862287,0.9991025536428163
0.4680834798562801,0.9991025536428163
0.4681013722717022,0.9991025536428163
0.4681192660550459,0.9991025536428163
0.46813716120646814,0.9991025536428163
0.46815505772612587,0.9991025536428163
0.46817295561417593,0.9991025536428163
0.46819085487077533,0.9991025536428163
0.46820875549608104,0.9991025536428163
0.46822665749025005,0.9991025536428163
0.4682063243222575,0.9990209676103451
0.46822422759253596,0.9990209676103451
0.46824213223203703,0.9990209676103451
0.4682600382409178,0.9990209676103451
0.46827794561933533,0.9990209676103451
0.46829585436744686,0.9990209676103451
0.4683137644854094,0.9990209676103451
0.46833167597338027,0.9990209676103451
0.46834958883151656,0.9990209676103451
0.46836750305997554,0.9990209676103451
0.4683854186589144,0.9990209676103451
0.46840333562849057,0.9990209676103451
0.4684212539688612,0.9990209676103451
0.4684391736801836,0.9990209676103451
0.46845709476261527,0.9990209676103451
0.4684750172163134,0.9990209676103451
0.4684929410414355,0.9990209676103451
0.468510866238139,0.9990209676103451
0.4685287928065812,0.9990209676103451
0.4685467207469197,0.9990209676103451
0.46856465005931197,0.9990209676103451
0.4685825807439155,0.9990209676103451
0.4686005128008878,0.9990209676103451
0.4686184462303865,0.9990209676103451
0.46863638103256916,0.9990209676103451
0.4686543172075934,0.9990209676103451
0.4686722547556168,0.9990209676103451
0.46869019367679704,0.9990209676103451
0.46870813397129185,0.9990209676103451
0.46872607563925894,0.9990209676103451
0.46874401868085597,0.9990209676103451
0.46876196309624074,0.9990209676103451
0.468779908885571,0.9990209676103451
0.4687978560490046,0.9990209676103451
0.46881580458669936,0.9990209676103451
0.4688337544988131,0.9990209676103451
0.46885170578550367,0.9990209676103451
0.46886965844692907,0.9990209676103451
0.4688876124832472,0.9990209676103451
0.4689055678946159,0.9990209676103451
0.46892352468119325,0.9990209676103451
0.46894148284313725,0.9990209676103451
0.4689594423806059,0.9990209676103451
0.4689774032937572,0.9990209676103451
0.46899536558274924,0.9990209676103451
0.46901332924774014,0.9990209676103451
0.469031294288888,0.9990209676103451
0.46904926070635106,0.9990209676103451
0.4690672285002873,0.9990209676103451
0.46908519767085505,0.9990209676103451
0.46910316821821246,0.9990209676103451
0.4691211401425178,0.9990209676103451
0.46913911344392933,0.9990209676103451
0.46915708812260537,0.9990209676103451
0.46917506417870414,0.9990209676103451
0.46919304161238407,0.9990209676103451
0.4692110204238035,0.9990209676103451
0.4692290006131208,0.9990209676103451
0.4692469821804943,0.9990209676103451
0.4692649651260826,0.9990209676103451
0.46928294945004406,0.9990209676103451
0.4693009351525372,0.9990209676103451
0.46931892223372046,0.9990209676103451
0.4693369106937524,0.9990209676103451
0.4693549005327916,0.9990209676103451
0.4693728917509966,0.9990209676103451
0.4693908843485261,0.9990209676103451
0.4694088783255386,0.9990209676103451
0.4694268736821928,0.9990209676103451
0.46944487041864746,0.9990209676103451
0.46946286853506114,0.9990209676103451
0.46948086803159267,0.9990209676103451
0.46949886890840076,0.9990209676103451
0.46951687116564417,0.9990209676103451
0.4695348748034817,0.9990209676103451
0.4695528798220722,0.9990209676103451
0.46957088622157456,0.9990209676103451
0.4695888940021476,0.9990209676103451
0.46960690316395015,0.9990209676103451
0.4696249137071412,0.9990209676103451
0.4696429256318797,0.9990209676103451
0.4696609389383246,0.9990209676103451
0.469678953626635,0.9990209676103451
0.4696969696969697,0.9990209676103451
0.4697149871494879,0.9990209676103451
0.46973300598434864,0.9990209676103451
0.469751026201711,0.9990209676103451
0.46976904780173406,0.9990209676103451
0.46978707078457704,0.9990209676103451
0.46980509515039903,0.9990209676103451
0.46982312089935924,0.9990209676103451
0.4698411480316169,0.9990209676103451
0.4698591765473313,0.9990209676103451
0.46987720644666153,0.9990209676103451
0.46989523772976705,0.9990209676103451
0.46991327039680714,0.9990209676103451
0.46993130444794107,0.9990209676103451
0.4699493398833282,0.9990209676103451
0.469967376703128,0.9990209676103451
0.4699854149074998,0.9990209676103451
0.4700034544966031,0.9990209676103451
0.4700214954705973,0.9990209676103451
0.47003953782964186,0.9990209676103451
0.4700575815738964,0.9990209676103451
0.47007562670352027,0.9990209676103451
0.47009367321867324,0.9990209676103451
0.4701117211195147,0.9990209676103451
0.4701297704062044,0.9990209676103451
0.4701478210789019,0.9990209676103451
0.47016587313776687,0.9990209676103451
0.47018392658295893,0.9990209676103451
0.47020198141463787,0.9990209676103451
0.4702200376329634,0.9990209676103451
0.47023809523809523,0.9990209676103451
0.4702561542301932,0.9990209676103451
0.470274214609417,0.9990209676103451
0.4702922763759266,0.9990209676103451
0.4703103395298817,0.9990209676103451
0.4703284040714423,0.9990209676103451
0.47034647000076824,0.9990209676103451
0.4703645373180194,0.9990209676103451
0.47038260602335585,0.9990209676103451
0.4704006761169375,0.9990209676103451
0.4704187475989243,0.9990209676103451
0.4704368204694764,0.9990209676103451
0.4704548947287536,0.9990209676103451
0.47047297037691627,0.9990209676103451
0.47049104741412434,0.9990209676103451
0.47050912584053795,0.9990209676103451
0.4705272056563172,0.9990209676103451
0.4705452868616224,0.9990209676103451
0.47056336945661364,0.9990209676103451
0.47058145344145114,0.9990209676103451
0.4705995388162952,0.9990209676103451
0.470617625581306,0.9990209676103451
0.47063571373664387,0.9990209676103451
0.47065380328246914,0.9990209676103451
0.4706718942189422,0.9990209676103451
0.47068998654622335,0.9990209676103451
0.47070808026447297,0.9990209676103451
0.47072617537385153,0.9990209676103451
0.47074427187451945,0.9990209676103451
0.4707623697666372,0.9990209676103451
0.47078046905036525,0.9990209676103451
0.47079856972586415,0.9990209676103451
0.4708166717932944,0.9990209676103451
0.47083477525281653,0.9990209676103451
0.47085288010459125,0.9990209676103451
0.4708709863487791,0.9990209676103451
0.4708890939855407,0.9990209676103451
0.47090720301503675,0.9990209676103451
0.4709253134374279,0.9990209676103451
0.4709434252528749,0.9990209676103451
0.4709615384615385,0.9990209676103451
0.47097965306357936,0.9990209676103451
0.4709977690591584,0.9990209676103451
0.47101588644843634,0.9990209676103451
0.47103400523157407,0.9990209676103451
0.4710521254087324,0.9990209676103451
0.4710702469800723,0.9990209676103451
0.47108836994575465,0.9990209676103451
0.4711064943059403,0.9990209676103451
0.47112462006079026,0.9990209676103451
0.47114274721046556,0.9990209676103451
0.47116087575512716,0.9990209676103451
0.47117900569493615,0.9990209676103451
0.4711971370300535,0.9990209676103451
0.4712152697606403,0.9990209676103451
0.4712334038868578,0.9990209676103451
0.471251539408867,0.9990209676103451
0.4712696763268291,0.9990209676103451
0.47128781464090524,0.9990209676103451
0.47130595435125666,0.9990209676103451
0.47132409545804466,0.9990209676103451
0.4713422379614304,0.9990209676103451
0.4713603818615752,0.9990209676103451
0.4713785271586403,0.9990209676103451
0.47139667385278716,0.9990209676103451
0.4714148219441771,0.9990209676103451
0.4714329714329714,0.9990209676103451
0.4714511223193316,0.9990209676103451
0.4714692746034191,0.9990209676103451
0.47148742828539525,0.9990209676103451
0.47150558336542164,0.9990209676103451
0.47152373984365975,0.9990209676103451
0.4715418977202711,0.9990209676103451
0.47156005699541725,0.9990209676103451
0.4715782176692598,0.9990209676103451
0.47159637974196034,0.9990209676103451
0.47161454321368046,0.9990209676103451
0.4716327080845819,0.9990209676103451
0.4716508743548263,0.9990209676103451
0.4716690420245753,0.9990209676103451
0.47168721109399075,0.9990209676103451
0.4717053815632343,0.9990209676103451
0.47172355343246786,0.9990209676103451
0.47174172670185305,0.9990209676103451
0.4717599013715519,0.9990209676103451
0.47177807744172606,0.9990209676103451
0.47179625491253757,0.9990209676103451
0.4718144337841483,0.9990209676103451
0.4718326140567201,0.9990209676103451
0.471850795730415,0.9990209676103451
0.47186897880539497,0.9990209676103451
0.471887163281822,0.9990209676103451
0.47190534915985816,0.9990209676103451
0.47192353643966545,0.9990209676103451
0.471941725121406,0.9990209676103451
0.47195991520524183,0.9990209676103451
0.47197810669133516,0.9990209676103451
0.4719962995798481,0.9990209676103451
0.47201449387094285,0.9990209676103451
0.4720326895647816,0.9990209676103451
0.4720508866615266,0.9990209676103451
0.47206908516134005,0.9990209676103451
0.4720872850643843,0.9990209676103451
0.4721054863708216,0.9990209676103451
0.4721236890808143,0.9990209676103451
0.47214189319452476,0.9990209676103451
0.4721600987121154,0.9990209676103451
0.4721783056337485,0.9990209676103451
0.4721965139595866,0.9990209676103451
0.4722147236897921,0.9990209676103451
0.47223293482452755,0.9990209676103451
0.4722511473639554,0.9990209676103451
0.4722693613082382,0.9990209676103451
0.47228757665753845,0.9990209676103451
0.47230579341201884,0.9990209676103451
0.47232401157184184,0.9990209676103451
0.47234223113717017,0.9990209676103451
0.4723604521081665,0.9990209676103451
0.47237867448499343,0.9990209676103451
0.4723968982678137,0.9990209676103451
0.4724151234567901,0.9990209676103451
0.47243335005208537,0.9990209676103451
0.4724515780538622,0.9990209676103451
0.47246980746228345,0.9990209676103451
0.47248803827751196,0.9990209676103451
0.4725062704997106,0.9990209676103451
0.47252450412904223,0.9990209676103451
0.47254273916566975,0.9990209676103451
0.4725609756097561,0.9990209676103451
0.47257921346146425,0.9990209676103451
0.47259745272095716,0.9990209676103451
0.4726156933883979,0.9990209676103451
0.4726339354639494,0.9990209676103451
0.4726521789477747,0.9990209676103451
0.47267042384003705,0.9990209676103451
0.47268867014089944,0.9990209676103451
0.472706917850525,0.9990209676103451
0.47272516696907696,0.9990209676103451
0.4727434174967184,0.9990209676103451
0.4727616694336126,0.9990209676103451
0.47277992277992276,0.9990209676103451
0.4727981775358122,0.9990209676103451
0.4728164337014441,0.9990209676103451
0.4728346912769819,0.9990209676103451
0.47285295026258883,0.9990209676103451
0.47287121065842824,0.9990209676103451
0.4728894724646636,0.9990209676103451
0.47290773568145833,0.9990209676103451
0.47292600030897575,0.9990209676103451
0.4729442663473794,0.9990209676103451
0.47296253379683273,0.9990209676103451
0.4729808026574993,0.9990209676103451
0.47299907292954263,0.9990209676103451
0.4730173446131263,0.9990209676103451
0.4730356177084138,0.9990209676103451
0.47305389221556887,0.9990209676103451
0.47307216813475506,0.9990209676103451
0.4730904454661361,0.9990209676103451
0.4731087242098756,0.9990209676103451
0.4731270043661373,0.9990209676103451
0.473145285935085,0.9990209676103451
0.47316356891688244,0.9990209676103451
0.4731818533116933,0.9990209676103451
0.47320013911968156,0.9990209676103451
0.47321842634101097,0.9990209676103451
0.4732367149758454,0.9990209676103451
0.47325500502434875,0.9990209676103451
0.473273296486685,0.9990209676103451
0.47329158936301796,0.9990209676103451
0.4733098836535117,0.9990209676103451
0.4733281793583301,0.9990209676103451
0.47334647647763733,0.9990209676103451
0.47336477501159735,0.9990209676103451
0.47338307496037424,0.9990209676103451
0.47340137632413204,0.9990209676103451
0.473419679103035,0.9990209676103451
0.4734379832972471,0.9990209676103451
0.4734562889069327,0.9990209676103451
0.4734745959322558,0.9990209676103451
0.47349290437338076,0.9990209676103451
0.47351121423047177,0.9990209676103451
0.4735295255036931,0.9990209676103451
0.47354783819320906,0.9990209676103451
0.473566152299184,0.9990209676103451
0.47358446782178215,0.9990209676103451
0.47360278476116807,0.9990209676103451
0.473621103117506,0.9990209676103451
0.47363942289096045,0.9990209676103451
0.4736577440816958,0.9990209676103451
0.4736760666898766,0.9990209676103451
0.4736943907156673,0.9990209676103451
0.47371271615923244,0.9990209676103451
0.4737310430207366,0.9990209676103451
0.47374937130034434,0.9990209676103451
0.47376770099822024,0.9990209676103451
0.4737860321145289,0.9990209676103451
0.4738043646494351,0.9990209676103451
0.47382269860310333,0.9990209676103451
0.4738410339756985,0.9990209676103451
0.47385937076738516,0.9990209676103451
0.47387770897832815,0.9990209676103451
0.4738960486086923,0.9990209676103451
0.4739143896586423,0.9990209676103451
0.4739327321283431,0.9990209676103451
0.47395107601795944,0.9990209676103451
0.4739694213276563,0.9990209676103451
0.4739877680575985,0.9990209676103451
0.4740061162079511,0.9990209676103451
0.4740244657788789,0.9990209676103451
0.474042816770547,0.9990209676103451
0.4740611691831204,0.9990209676103451
0.4740795230167641,0.9990209676103451
0.4740978782716432,0.9990209676103451
0.4741162349479227,0.9990209676103451
0.4741345930457678,0.9990209676103451
0.4741529525653437,0.9990209676103451
0.47417131350681535,0.9990209676103451
0.47418967587034816,0.9990209676103451
0.4742080396561072,0.9990209676103451
0.47422640486425777,0.9990209676103451
0.47424477149496513,0.9990209676103451
0.4742631395483946,0.9990209676103451
0.47428150902471145,0.9990209676103451
0.474299879924081,0.9990209676103451
0.47431825224666874,0.9990209676103451
0.4743366259926399,0.9990209676103451
0.47435500116216006,0.9990209676103451
0.47437337775539457,0.9990209676103451
0.4743917557725089,0.9990209676103451
0.4744101352136686,0.9990209676103451
0.47442851607903913,0.9990209676103451
0.47444689836878606,0.9990209676103451
0.47446528208307504,0.9990209676103451
0.4744836672220715,0.9990209676103451
0.47450205378594124,0.9990209676103451
0.4745204417748498,0.9990209676103451
0.47453883118896295,0.9990209676103451
0.4745572220284463,0.9990209676103451
0.4745756142934656,0.9990209676103451
0.47459400798418666,0.9990209676103451
0.4746124031007752,0.9990209676103451
0.47463079964339705,0.9990209676103451
0.474649197612218,0.9990209676103451
0.47466759700740396,0.9990209676103451
0.4746859978291208,0.9990209676103451
0.4747044000775344,0.9990209676103451
0.47472280375281073,0.9990209676103451
0.4747412088551157,0.9990209676103451
0.47475961538461536,0.9990209676103451
0.47477802334147573,0.9990209676103451
0.47479643272586275,0.9990209676103451
0.4748148435379425,0.9990209676103451
0.47483325577788116,0.9990209676103451
0.4748516694458448,0.9990209676103451
0.4748700845419995,0.9990209676103451
0.47488850106651154,0.9990209676103451
0.474906919019547,0.9990209676103451
0.47492533840127216,0.9990209676103451
0.4749437592118532,0.9990209676103451
0.4749621814514565,0.9990209676103451
0.47498060512024826,0.9990209676103451
0.4749990302183948,0.9990209676103451
0.47501745674606255,0.9990209676103451
0.4750358847034178,0.9990209676103451
0.47505431409062693,0.9990209676103451
0.47507274490785645,0.9990209676103451
0.47509117715527277,0.9990209676103451
0.4751096108330423,0.9990209676103451
0.4751280459413317,0.9990209676103451
0.47514648248030733,0.9990209676103451
0.4751649204501358,0.9990209676103451
0.47518335985098376,0.9990209676103451
0.4752018006830177,0.9990209676103451
0.4752202429464043,0.9990209676103451
0.47523868664131025,0.9990209676103451
0.4752571317679022,0.9990209676103451
0.4752755783263468,0.9990209676103451
0.47529402631681095,0.9990209676103451
0.4753124757394612,0.9990209676103451
0.4753309265944645,0.9990209676103451
0.4753493788819876,0.9990209676103451
0.4753678326021973,0.9990209676103451
0.4753862877552605,0.9990209676103451
0.4754047443413441,0.9990209676103451
0.475423202360615,0.9990209676103451
0.47544166181324016,0.9990209676103451
0.4754601226993865,0.9990209676103451
0.4754785850192211,0.9990209676103451
0.4754970487729108,0.9990209676103451
0.4755155139606229,0.9990209676103451
0.4755339805825243,0.9990209676103451
0.4755524486387821,0.9990209676103451
0.4755709181295635,0.9990209676103451
0.47558938905503556,0.9990209676103451
0.4756078614153655,0.9990209676103451
0.4756263352107205,0.9990209676103451
0.4756448104412679,0.9990209676103451
0.47566328710717476,0.9990209676103451
0.4756817652086085,0.9990209676103451
0.47570024474573636,0.9990209676103451
0.4757187257187257,0.9990209676103451
0.4757372081277439,0.9990209676103451
0.47575569197295825,0.9990209676103451
0.47577417725453625,0.9990209676103451
0.4757926639726453,0.9990209676103451
0.4758111521274529,0.9990209676103451
0.47582964171912645,0.9990209676103451
0.4758481327478335,0.9990209676103451
0.4758666252137416,0.9990209676103451
0.47588511911701836,0.9990209676103451
0.4759036144578313,0.9990209676103451
0.4759221112363481,0.9990209676103451
0.4759406094527363,0.9990209676103451
0.47595910910716366,0.9990209676103451
0.4759776101997979,0.9990209676103451
0.4759961127308066,0.9990209676103451
0.47601461670035766,0.9990209676103451
0.47603312210861876,0.9990209676103451
0.4760516289557577,0.9990209676103451
0.47607013724194236,0.9990209676103451
0.4760886469673406,0.9990209676103451
0.47610715813212023,0.9990209676103451
0.4761256707364492,0.9990209676103451
0.4761441847804954,0.9990209676103451
0.47618121718841144,0.9990209676103451
0.4761608462316248,0.9989393815778739
0.47617936452378173,0.9989393815778739
0.4761978842563783,0.9989393815778739
0.47621640542958266,0.9989393815778739
0.4762349280435628,0.9989393815778739
0.4762534520984869,0.9989393815778739
0.4762719775945231,0.9989393815778739
0.4762905045318396,0.9989393815778739
0.4763090329106045,0.9989393815778739
0.4763275627309862,0.9989393815778739
0.4763460939931528,0.9989393815778739
0.4763646266972727,0.9989393815778739
0.4763831608435141,0.9989393815778739
0.47640169643204544,0.9989393815778739
0.476420233463035,0.9989393815778739
0.47643877193665124,0.9989393815778739
0.4764573118530625,0.9989393815778739
0.47647585321243724,0.9989393815778739
0.476494396014944,0.9989393815778739
0.47651294026075114,0.9989393815778739
0.47653148595002726,0.9989393815778739
0.47655003308294086,0.9989393815778739
0.4765685816596606,0.9989393815778739
0.476587131680355,0.9989393815778739
0.4766056831451927,0.9989393815778739
0.47662423605434234,0.9989393815778739
0.4766427904079726,0.9989393815778739
0.47666134620625217,0.9989393815778739
0.47667990344934985,0.9989393815778739
0.4766984621374343,0.9989393815778739
0.47671702227067436,0.9989393815778739
0.4767355838492388,0.9989393815778739
0.4767541468732965,0.9989393815778739
0.47677271134301624,0.9989393815778739
0.47679127725856696,0.9989393815778739
0.4768098446201176,0.9989393815778739
0.47682841342783705,0.9989393815778739
0.4768469836818943,0.9989393815778739
0.47686555538245834,0.9989393815778739
0.47688412852969814,0.9989393815778739
0.4769027031237828,0.9989393815778739
0.4769212791648814,0.9989393815778739
0.47693985665316296,0.9989393815778739
0.4769584355887967,0.9989393815778739
0.4769770159719517,0.9989393815778739
0.47699559780279716,0.9989393815778739
0.4770141810815023,0.9989393815778739
0.4770327658082363,0.9989393815778739
0.4770513519831684,0.9989393815778739
0.47706993960646793,0.9989393815778739
0.47708852867830426,0.9989393815778739
0.4771071191988466,0.9989393815778739
0.47712571116826435,0.9989393815778739
0.47714430458672696,0.9989393815778739
0.47716289945440377,0.9989393815778739
0.4771814957714642,0.9989393815778739
0.4772000935380778,0.9989393815778739
0.477218692754414,0.9989393815778739
0.47723729342064236,0.9989393815778739
0.4772558955369324,0.9989393815778739
0.47727449910345365,0.9989393815778739
0.4772931041203758,0.9989393815778739
0.47731171058786837,0.9989393815778739
0.47733031850610114,0.9989393815778739
0.4773489278752437,0.9989393815778739
0.4773675386954657,0.9989393815778739
0.477386150966937,0.9989393815778739
0.4774047646898273,0.9989393815778739
0.47742337986430633,0.9989393815778739
0.477441996490544,0.9989393815778739
0.47746061456871003,0.9989393815778739
0.47747923409897436,0.9989393815778739
0.4774978550815069,0.9989393815778739
0.4775164775164775,0.9989393815778739
0.47753510140405614,0.9989393815778739
0.4775537267444128,0.9989393815778739
0.47757235353771743,0.9989393815778739
0.4775909817841401,0.9989393815778739
0.47760961148385084,0.9989393815778739
0.4776282426370197,0.9989393815778739
0.4776468752438168,0.9989393815778739
0.47766550930441226,0.9989393815778739
0.47768414481897625,0.9989393815778739
0.477702781787679,0.9989393815778739
0.4777214202106906,0.9989393815778739
0.4777400600881814,0.9989393815778739
0.4777587014203215,0.9989393815778739
0.4777773442072814,0.9989393815778739
0.47779598844923127,0.9989393815778739
0.47781463414634145,0.9989393815778739
0.4778332812987824,0.9989393815778739
0.4778519299067244,0.9989393815778739
0.477870579970338,0.9989393815778739
0.4778892314897935,0.9989393815778739
0.4779078844652615,0.9989393815778739
0.47792653889691245,0.9989393815778739
0.47794519478491687,0.9989393815778739
0.4779638521294453,0.9989393815778739
0.47798251093066835,0.9989393815778739
0.47800117118875657,0.9989393815778739
0.47801983290388067,0.9989393815778739
0.4780384960762113,0.9989393815778739
0.4780571607059191,0.9989393815778739
0.4780758267931748,0.9989393815778739
0.47809449433814916,0.9989393815778739
0.47811316334101295,0.9989393815778739
0.4781318338019369,0.9989393815778739
0.4781505057210919,0.9989393815778739
0.47816917909864876,0.9989393815778739
0.47818785393477836,0.9989393815778739
0.4782065302296516,0.9989393815778739
0.4782252079834394,0.9989393815778739
0.4782438871963128,0.9989393815778739
0.4782625678684426,0.9989393815778739
0.47828125,0.9989393815778739
0.4782999335911559,0.9989393815778739
0.4783186186420814,0.9989393815778739
0.4783373051529476,0.9989393815778739
0.4783559931239256,0.9989393815778739
0.47837468255518656,0.9989393815778739
0.47839337344690164,0.9989393815778739
0.478412065799242,0.9989393815778739
0.47843075961237885,0.9989393815778739
0.47844945488648355,0.9989393815778739
0.47846815162172723,0.9989393815778739
0.47848684981828127,0.9989393815778739
0.478505549476317,0.9989393815778739
0.4785242505960058,0.9989393815778739
0.47854295317751894,0.9989393815778739
0.47856165722102795,0.9989393815778739
0.4785803627267042,0.9989393815778739
0.47859906969471916,0.9989393815778739
0.4786177781252443,0.9989393815778739
0.4786364880184512,0.9989393815778739
0.47865519937451134,0.9989393815778739
0.4786739121935963,0.9989393815778739
0.4786926264758777,0.9989393815778739
0.47871134222152717,0.9989393815778739
0.4787300594307163,0.9989393815778739
0.4787487781036168,0.9989393815778739
0.4787674982404004,0.9989393815778739
0.4787862198412388,0.9989393815778739
0.47880494290630377,0.9989393815778739
0.4788236674357671,0.9989393815778739
0.47884239342980056,0.9989393815778739
0.478861120888576,0.9989393815778739
0.47887984981226533,0.9989393815778739
0.4788985802010404,0.9989393815778739
0.47891731205507315,0.9989393815778739
0.4789360453745355,0.9989393815778739
0.4789547801595994,0.9989393815778739
0.47897351641043695,0.9989393815778739
0.4789922541272201,0.9989393815778739
0.47901099331012087,0.9989393815778739
0.4790297339593114,0.9989393815778739
0.4790484760749638,0.9989393815778739
0.4790672196572502,0.9989393815778739
0.4790859647063427,0.9989393815778739
0.47910471122241355,0.9989393815778739
0.4791234592056349,0.9989393815778739
0.47914220865617907,0.9989393815778739
0.4791609595742183,0.9989393815778739
0.47917971195992487,0.9989393815778739
0.4791984658134711,0.9989393815778739
0.47921722113502935,0.9989393815778739
0.479235977924772,0.9989393815778739
0.47925473618287145,0.9989393815778739
0.47927349590950014,0.9989393815778739
0.4792922571048305,0.9989393815778739
0.47931101976903506,0.9989393815778739
0.47932978390228625,0.9989393815778739
0.4793485495047567,0.9989393815778739
0.4793673165766189,0.9989393815778739
0.4793860851180455,0.9989393815778739
0.4794048551292091,0.9989393815778739
0.4794236266102823,0.9989393815778739
0.47944239956143786,0.9989393815778739
0.47946117398284843,0.9989393815778739
0.47947994987468673,0.9989393815778739
0.4794987272371255,0.9989393815778739
0.4795175060703376,0.9989393815778739
0.47953628637449575,0.9989393815778739
0.47955506814977283,0.9989393815778739
0.4795738513963417,0.9989393815778739
0.47959263611437525,0.9989393815778739
0.47961142230404635,0.9989393815778739
0.479630209965528,0.9989393815778739
0.4796489990989932,0.9989393815778739
0.4796677897046149,0.9989393815778739
0.4796865817825661,0.9989393815778739
0.47966619652092146,0.9988577955454027
0.4796849900090115,0.9988577955454027
0.47970378496982996,0.9988577955454027
0.47972258140355,0.9988577955454027
0.47974137931034483,0.9988577955454027
0.47976017869038756,0.9988577955454027
0.4797789795438514,0.9988577955454027
0.4797977818709096,0.9988577955454027
0.4798165856717354,0.9988577955454027
0.47983539094650207,0.9988577955454027
0.4798541976953829,0.9988577955454027
0.4798730059185513,0.9988577955454027
0.4798918156161806,0.9988577955454027
0.4799106267884442,0.9988577955454027
0.47992943943551547,0.9988577955454027
0.4799482535575679,0.9988577955454027
0.479967069154775,0.9988577955454027
0.47998588622731014,0.9988577955454027
0.48000470477534696,0.9988577955454027
0.480023524799059,0.9988577955454027
0.4800423462986198,0.9988577955454027
0.48006116927420306,0.9988577955454027
0.48007999372598226,0.9988577955454027
0.4800988196541312,0.9988577955454027
0.48011764705882354,0.9988577955454027
0.48013647594023295,0.9988577955454027
0.4801553062985332,0.9988577955454027
0.4801741381338981,0.9988577955454027
0.4801929714465014,0.9988577955454027
0.480211806236517,0.9988577955454027
0.4802306425041186,0.9988577955454027
0.4802494802494803,0.9988577955454027
0.48026831947277576,0.9988577955454027
0.4802871601741791,0.9988577955454027
0.4803060023538643,0.9988577955454027
0.4803248460120052,0.9988577955454027
0.4803436911487759,0.9988577955454027
0.48036253776435045,0.9988577955454027
0.48038138585890294,0.9988577955454027
0.4804002354326074,0.9988577955454027
0.480419086485638,0.9988577955454027
0.480437939018169,0.9988577955454027
0.48045679303037436,0.9988577955454027
0.48047564852242847,0.9988577955454027
0.4804945054945055,0.9988577955454027
0.4805133639467797,0.9988577955454027
0.4805322238794254,0.9988577955454027
0.48055108529261686,0.9988577955454027
0.4805699481865285,0.9988577955454027
0.4805888125613346,0.9988577955454027
0.4806076784172097,0.9988577955454027
0.4806265457543281,0.9988577955454027
0.4806454145728643,0.9988577955454027
0.48066428487299284,0.9988577955454027
0.4806831566548881,0.9988577955454027
0.48070202991872474,0.9988577955454027
0.48072090466467726,0.9988577955454027
0.48073978089292024,0.9988577955454027
0.4807586586036284,0.9988577955454027
0.48077753779697624,0.9988577955454027
0.48079641847313853,0.9988577955454027
0.48081530063229,0.9988577955454027
0.4808341842746053,0.9988577955454027
0.48085306940025924,0.9988577955454027
0.48087195600942656,0.9988577955454027
0.4808908441022821,0.9988577955454027
0.4809097336790007,0.9988577955454027
0.4809286247397572,0.9988577955454027
0.48094751728472657,0.9988577955454027
0.4809664113140837,0.9988577955454027
0.48098530682800344,0.9988577955454027
0.4810042038266609,0.9988577955454027
0.48102310231023104,0.9988577955454027
0.4810420022788888,0.9988577955454027
0.4810609037328094,0.9988577955454027
0.4810798066721679,0.9988577955454027
0.48109871109713925,0.9988577955454027
0.4811176170078988,0.9988577955454027
0.48113652440462157,0.9988577955454027
0.4811554332874828,0.9988577955454027
0.48117434365665773,0.9988577955454027
0.48119325551232167,0.9988577955454027
0.4812121688546498,0.9988577955454027
0.48123108368381745,0.9988577955454027
0.48125,0.9988577955454027
0.4812689178033728,0.9988577955454027
0.48128783709411116,0.9988577955454027
0.48130675787239063,0.9988577955454027
0.48132568013838656,0.9988577955454027
0.4813446038922744,0.9988577955454027
0.48136352913422975,0.9988577955454027
0.4813824558644281,0.9988577955454027
0.481401384083045,0.9988577955454027
0.48142031379025596,0.9988577955454027
0.48143924498623675,0.9988577955454027
0.48145817767116283,0.9988577955454027
0.48147711184521,0.9988577955454027
0.4814960475085539,0.9988577955454027
0.48151498466137027,0.9988577955454027
0.4815339233038348,0.9988577955454027
0.48155286343612336,0.9988577955454027
0.4815718050584117,0.9988577955454027
0.4815907481708756,0.9988577955454027
0.48160969277369103,0.9988577955454027
0.48162863886703383,0.9988577955454027
0.4816475864510799,0.9988577955454027
0.4816665355260052,0.9988577955454027
0.4816854860919857,0.9988577955454027
0.48170443814919733,0.9988577955454027
0.48172339169781625,0.9988577955454027
0.4817423467380184,0.9988577955454027
0.48176130326997996,0.9988577955454027
0.4817802612938769,0.9988577955454027
0.48179922080988546,0.9988577955454027
0.4818181818181818,0.9988577955454027
0.4818371443189421,0.9988577955454027
0.48185610831234255,0.9988577955454027
0.48187507379855943,0.9988577955454027
0.48189404077776904,0.9988577955454027
0.48191300925014763,0.9988577955454027
0.4819319792158715,0.9988577955454027
0.4819509506751171,0.9988577955454027
0.4819699236280608,0.9988577955454027
0.48198889807487894,0.9988577955454027
0.482007874015748,0.9988577955454027
0.4820268514508445,0.9988577955454027
0.48204583038034493,0.9988577955454027
0.4820648108044257,0.9988577955454027
0.4820837927232635,0.9988577955454027
0.48210277613703484,0.9988577955454027
0.48212176104591636,0.9988577955454027
0.4821407474500847,0.9988577955454027
0.48215973534971646,0.9988577955454027
0.4821787247449884,0.9988577955454027
0.4821977156360772,0.9988577955454027
0.48221670802315963,0.9988577955454027
0.48223570190641246,0.9988577955454027
0.4822546972860125,0.9988577955454027
0.4822736941621366,0.9988577955454027
0.4822926925349616,0.9988577955454027
0.48231169240466437,0.9988577955454027
0.4823306937714218,0.9988577955454027
0.48234969663541094,0.9988577955454027
0.4823687009968086,0.9988577955454027
0.48238770685579196,0.9988577955454027
0.48240671421253795,0.9988577955454027
0.4824257230672236,0.9988577955454027
0.48244473342002603,0.9988577955454027
0.48246374527112235,0.9988577955454027
0.4824827586206897,0.9988577955454027
0.48250177346890516,0.9988577955454027
0.4825207898159461,0.9988577955454027
0.4825398076619896,0.9988577955454027
0.482558827007213,0.9988577955454027
0.4825778478517935,0.9988577955454027
0.4825968701959084,0.9988577955454027
0.4826158940397351,0.9988577955454027
0.48263491938345093,0.9988577955454027
0.4826539462272333,0.9988577955454027
0.4826729745712596,0.9988577955454027
0.4826920044157073,0.9988577955454027
0.48271103576075386,0.9988577955454027
0.48273006860657675,0.9988577955454027
0.48274910295335355,0.9988577955454027
0.48276813880126185,0.9988577955454027
0.4827871761504791,0.9988577955454027
0.48280621500118304,0.9988577955454027
0.4828252553535513,0.9988577955454027
0.48284429720776145,0.9988577955454027
0.48286334056399133,0.9988577955454027
0.48288238542241857,0.9988577955454027
0.4829014317832209,0.9988577955454027
0.4829204796465762,0.9988577955454027
0.48293952901266224,0.9988577955454027
0.4829585798816568,0.9988577955454027
0.4829776322537378,0.9988577955454027
0.48299668612908314,0.9988577955454027
0.48301574150787074,0.9988577955454027
0.4830347983902785,0.9988577955454027
0.4830538567764845,0.9988577955454027
0.4830729166666667,0.9988577955454027
0.483091978061003,0.9988577955454027
0.48311104095967167,0.9988577955454027
0.4831301053628507,0.9988577955454027
0.4831491712707182,0.9988577955454027
0.4831682386834524,0.9988577955454027
0.48318730760123135,0.9988577955454027
0.48320637802423333,0.9988577955454027
0.48322544995263655,0.9988577955454027
0.48324452338661933,0.9988577955454027
0.48326359832635984,0.9988577955454027
0.48328267477203646,0.9988577955454027
0.4833017527238276,0.9988577955454027
0.4833208321819115,0.9988577955454027
0.4833399131464666,0.9988577955454027
0.4833589956176714,0.9988577955454027
0.48337807959570434,0.9988577955454027
0.4833971650807439,0.9988577955454027
0.4834162520729685,0.9988577955454027
0.48343534057255677,0.9988577955454027
0.48345443057968723,0.9988577955454027
0.4834735220945386,0.9988577955454027
0.4834926151172893,0.9988577955454027
0.4835117096481182,0.9988577955454027
0.4835308056872038,0.9988577955454027
0.4835499032347249,0.9988577955454027
0.48356900229086025,0.9988577955454027
0.4835881028557886,0.9988577955454027
0.4836072049296887,0.9988577955454027
0.48362630851273947,0.9988577955454027
0.4836454136051197,0.9988577955454027
0.48366452020700823,0.9988577955454027
0.4836836283185841,0.9988577955454027
0.48370273794002605,0.9988577955454027
0.4837218490715132,0.9988577955454027
0.48374096171322456,0.9988577955454027
0.48376007586533903,0.9988577955454027
0.4837791915280357,0.9988577955454027
0.4837983087014937,0.9988577955454027
0.4838174273858921,0.9988577955454027
0.48383654758141004,0.9988577955454027
0.4838556692882267,0.9988577955454027
0.4838747925065212,0.9988577955454027
0.48389391723647285,0.9988577955454027
0.48391304347826086,0.9988577955454027
0.4839321712320645,0.9988577955454027
0.48395130049806306,0.9988577955454027
0.48397043127643596,0.9988577955454027
0.48398956356736245,0.9988577955454027
0.4840086973710219,0.9988577955454027
0.4840278326875939,0.9988577955454027
0.48404696951725773,0.9988577955454027
0.48406610786019294,0.9988577955454027
0.484085247716579,0.9988577955454027
0.4841043890865955,0.9988577955454027
0.4841235319704219,0.9988577955454027
0.4841426763682379,0.9988577955454027
0.48416182228022303,0.9988577955454027
0.484180969706557,0.9988577955454027
0.4842001186474194,0.9988577955454027
0.48421926910299,0.9988577955454027
0.48423842107344856,0.9988577955454027
0.4842575745589748,0.9988577955454027
0.48427672955974843,0.9988577955454027
0.48429588607594937,0.9988577955454027
0.48431504410775744,0.9988577955454027
0.48433420365535246,0.9988577955454027
0.48435336471891444,0.9988577955454027
0.4843725272986232,0.9988577955454027
0.48439169139465876,0.9988577955454027
0.4844108570072011,0.9988577955454027
0.48443002413643016,0.9988577955454027
0.48444919278252613,0.9988577955454027
0.484468362945669,0.9988577955454027
0.4844875346260388,0.9988577955454027
0.4845067078238157,0.9988577955454027
0.48452588253918,0.9988577955454027
0.4845450587723117,0.9988577955454027
0.48456423652339115,0.9988577955454027
0.48458341579259845,0.9988577955454027
0.484602596580114,0.9988577955454027
0.484621778886118,0.9988577955454027
0.48464096271079093,0.9988577955454027
0.48466014805431296,0.9988577955454027
0.4846793349168646,0.9988577955454027
0.4846985232986262,0.9988577955454027
0.4847177131997783,0.9988577955454027
0.48473690462050123,0.9988577955454027
0.4847560975609756,0.9988577955454027
0.4847752920213819,0.9988577955454027
0.48479448800190067,0.9988577955454027
0.48481368550271253,0.9988577955454027
0.4848328845239981,0.9988577955454027
0.48485208506593797,0.9988577955454027
0.48487128712871286,0.9988577955454027
0.48489049071250345,0.9988577955454027
0.4849096958174905,0.9988577955454027
0.4849289024438547,0.9988577955454027
0.4849481105917769,0.9988577955454027
0.4849673202614379,0.9988577955454027
0.48498653145301857,0.9988577955454027
0.48500574416669967,0.9988577955454027
0.48502495840266224,0.9988577955454027
0.48504417416108714,0.9988577955454027
0.4850633914421553,0.9988577955454027
0.48508261024604776,0.9988577955454027
0.48510183057294554,0.9988577955454027
0.48512105242302966,0.9988577955454027
0.4851402757964812,0.9988577955454027
0.4851595006934813,0.9988577955454027
0.485178727114211,0.9988577955454027
0.4851979550588515,0.9988577955454027
0.485217184527584,0.9988577955454027
0.48523641552058977,0.9988577955454027
0.48525564803804994,0.9988577955454027
0.48527488208014585,0.9988577955454027
0.4852941176470588,0.9988577955454027
0.48531335473897014,0.9988577955454027
0.4853325933560612,0.9988577955454027
0.48535183349851335,0.9988577955454027
0.48537107516650807,0.9988577955454027
0.4853903183602268,0.9988577955454027
0.48540956307985095,0.9988577955454027
0.48542880932556204,0.9988577955454027
0.48544805709754163,0.9988577955454027
0.4854673063959713,0.9988577955454027
0.4854865572210326,0.9988577955454027
0.4855058095729072,0.9988577955454027
0.48552506345177665,0.9988577955454027
0.48554431885782273,0.9988577955454027
0.4855635757912271,0.9988577955454027
0.4855828342521715,0.9988577955454027
0.4856020942408377,0.9988577955454027
0.4856213557574075,0.9988577955454027
0.48564061880206266,0.9988577955454027
0.4856598833749851,0.9988577955454027
0.4856791494763567,0.9988577955454027
0.48569841710635936,0.9988577955454027
0.485717686265175,0.9988577955454027
0.4857369569529855,0.9988577955454027
0.485756229169973,0.9988577955454027
0.4857755029163195,0.9988577955454027
0.48579477819220696,0.9988577955454027
0.48581405499781755,0.9988577955454027
0.48583333333333334,0.9988577955454027
0.48585261319893647,0.9988577955454027
0.4858718945948091,0.9988577955454027
0.4858911775211335,0.9988577955454027
0.48591046197809173,0.9988577955454027
0.48592974796586624,0.9988577955454027
0.4859490354846392,0.9988577955454027
0.48596832453459293,0.9988577955454027
0.4859876151159098,0.9988577955454027
0.48600690722877216,0.9988577955454027
0.48602620087336246,0.9988577955454027
0.486045496049863,0.9988577955454027
0.48606479275845643,0.9988577955454027
0.48608409099932504,0.9988577955454027
0.48610339077265147,0.9988577955454027
0.48612269207861825,0.9988577955454027
0.4861419949174079,0.9988577955454027
0.48616129928920304,0.9988577955454027
0.4861806051941863,0.9988577955454027
0.4861999126325404,0.9988577955454027
0.48621922160444797,0.9988577955454027
0.48623853211009177,0.9988577955454027
0.48625784414965445,0.9988577955454027
0.4862771577233189,0.9988577955454027
0.48629647283126787,0.9988577955454027
0.4863157894736842,0.9988577955454027
0.4863351076507508,0.9988577955454027
0.48635442736265044,0.9988577955454027
0.48637374860956617,0.9988577955454027
0.4863930713916809,0.9988577955454027
0.4864123957091776,0.9988577955454027
0.48643172156223924,0.9988577955454027
0.48645104895104896,0.9988577955454027
0.48647037787578973,0.9988577955454027
0.4864897083366447,0.9988577955454027
0.48650904033379694,0.9988577955454027
0.48652837386742964,0.9988577955454027
0.48654770893772603,0.9988577955454027
0.48656704554486924,0.9988577955454027
0.48658638368904256,0.9988577955454027
0.48660572337042923,0.9988577955454027
0.4866250645892126,0.9988577955454027
0.48664440734557596,0.9988577955454027
0.48666375163970266,0.9988577955454027
0.4866830974717761,0.9988577955454027
0.4867024448419797,0.9988577955454027
0.48672179375049696,0.9988577955454027
0.48674114419751124,0.9988577955454027
0.4867604961832061,0.9988577955454027
0.4867798497077651,0.9988577955454027
0.4867992047713718,0.9988577955454027
0.4868185613742097,0.9988577955454027
0.48683791951646255,0.9988577955454027
0.4868572791983139,0.9988577955454027
0.4868766404199475,0.9988577955454027
0.486896003181547,0.9988577955454027
0.4869153674832962,0.9988577955454027
0.48693473332537884,0.9988577955454027
0.4869541007079787,0.9988577955454027
0.4869734696312796,0.9988577955454027
0.4869928400954654,0.9988577955454027
0.48701221210072,0.9988577955454027
0.4870315856472273,0.9988577955454027
0.48705096073517123,0.9988577955454027
0.4870703373647358,0.9988577955454027
0.48708971553610503,0.9988577955454027
0.4871090952494629,0.9988577955454027
0.4871284765049934,0.9988577955454027
0.4871478593028808,0.9988577955454027
0.48716724364330904,0.9988577955454027
0.4871866295264624,0.9988577955454027
0.48720601695252497,0.9988577955454027
0.487225405921681,0.9988577955454027
0.4872447964341147,0.9988577955454027
0.48722438907904164,0.9987762095129313
0.4872437810945274,0.9987762095129313
0.48726317465371755,0.9987762095129313
0.48728256975679657,0.9987762095129313
0.48730196640394874,0.9987762095129313
0.48732136459535846,0.9987762095129313
0.4873407643312102,0.9987762095129313
0.4873601656116884,0.9987762095129313
0.48737956843697744,0.9987762095129313
0.487398972807262,0.9987762095129313
0.48741837872272653,0.9987762095129313
0.48743778618355565,0.9987762095129313
0.4874571951899339,0.9987762095129313
0.48747660574204593,0.9987762095129313
0.48749601784007646,0.9987762095129313
0.4875154314842101,0.9987762095129313
0.4875348466746316,0.9987762095129313
0.48755426341152575,0.9987762095129313
0.48757368169507725,0.9987762095129313
0.487593101525471,0.9987762095129313
0.48761252290289175,0.9987762095129313
0.4876319458275244,0.9987762095129313
0.48765137029955385,0.9987762095129313
0.48767079631916505,0.9987762095129313
0.48769022388654293,0.9987762095129313
0.4877096530018724,0.9987762095129313
0.4877290836653386,0.9987762095129313
0.4877485158771266,0.9987762095129313
0.4877679496374213,0.9987762095129313
0.48778738494640794,0.9987762095129313
0.4878068218042716,0.9987762095129313
0.48782626021119746,0.9987762095129313
0.48784570016737067,0.9987762095129313
0.4878651416729765,0.9987762095129313
0.48788458472820023,0.9987762095129313
0.4879040293332271,0.9987762095129313
0.48792347548824233,0.9987762095129313
0.4879429231934314,0.9987762095129313
0.4879623724489796,0.9987762095129313
0.48798182325507233,0.9987762095129313
0.4880012756118951,0.9987762095129313
0.48802072951963327,0.9987762095129313
0.48804018497847235,0.9987762095129313
0.48805964198859786,0.9987762095129313
0.4880791005501954,0.9987762095129313
0.4880985606634504,0.9987762095129313
0.4881180223285486,0.9987762095129313
0.48813748554567565,0.9987762095129313
0.48815695031501716,0.9987762095129313
0.48817641663675876,0.9987762095129313
0.4881958845110863,0.9987762095129313
0.48821535393818544,0.9987762095129313
0.488234824918242,0.9987762095129313
0.4882542974514418,0.9987762095129313
0.48827377153797064,0.9987762095129313
0.4882932471780144,0.9987762095129313
0.4883127243717591,0.9987762095129313
0.48833220311939046,0.9987762095129313
0.48835168342109464,0.9987762095129313
0.4883711652770575,0.9987762095129313
0.48839064868746507,0.9987762095129313
0.48841013365250346,0.9987762095129313
0.48842962017235875,0.9987762095129313
0.488449108247217,0.9987762095129313
0.4884685978772644,0.9987762095129313
0.48848808906268704,0.9987762095129313
0.4885075818036712,0.9987762095129313
0.488527076100403,0.9987762095129313
0.4885465719530689,0.9987762095129313
0.488566069361855,0.9987762095129313
0.48858556832694766,0.9987762095129313
0.4886050688485332,0.9987762095129313
0.4886245709267981,0.9987762095129313
0.4886440745619287,0.9987762095129313
0.48866357975411145,0.9987762095129313
0.4886830865035328,0.9987762095129313
0.48870259481037925,0.9987762095129313
0.48872210467483734,0.9987762095129313
0.4887416160970936,0.9987762095129313
0.4887611290773346,0.9987762095129313
0.488780643615747,0.9987762095129313
0.48880015971251745,0.9987762095129313
0.4888196773678326,0.9987762095129313
0.4888391965818792,0.9987762095129313
0.4888587173548439,0.9987762095129313
0.48887823968691346,0.9987762095129313
0.48889776357827475,0.9987762095129313
0.4889172890291146,0.9987762095129313
0.4889368160396198,0.9987762095129313
0.4889563446099772,0.9987762095129313
0.48897587474037385,0.9987762095129313
0.4889954064309966,0.9987762095129313
0.4890149396820324,0.9987762095129313
0.4890344744936684,0.9987762095129313
0.4890540108660914,0.9987762095129313
0.4890735487994886,0.9987762095129313
0.48909308829404713,0.9987762095129313
0.48911262934995403,0.9987762095129313
0.4891321719673965,0.9987762095129313
0.4891517161465617,0.9987762095129313
0.4891712618876369,0.9987762095129313
0.4891908091908092,0.9987762095129313
0.489210358056266,0.9987762095129313
0.48922990848419456,0.9987762095129313
0.4892494604747822,0.9987762095129313
0.4892690140282163,0.9987762095129313
0.48928856914468427,0.9987762095129313
0.4893081258243735,0.9987762095129313
0.4893276840674714,0.9987762095129313
0.48934724387416556,0.9987762095129313
0.48936680524464343,0.9987762095129313
0.48938636817909253,0.9987762095129313
0.4894059326777005,0.9987762095129313
0.4894254987406549,0.9987762095129313
0.4894450663681433,0.9987762095129313
0.48946463556035347,0.9987762095129313
0.489484206317473,0.9987762095129313
0.4895037786396897,0.9987762095129313
0.4895233525271913,0.9987762095129313
0.4895429279801656,0.9987762095129313
0.4895625049988003,0.9987762095129313
0.48958208358328337,0.9987762095129313
0.4896016637338026,0.9987762095129313
0.4896212454505459,0.9987762095129313
0.4896408287337013,0.9987762095129313
0.4896604135834567,0.9987762095129313
0.48968,0.9987762095129313
0.4896995879835193,0.9987762095129313
0.48971917753420274,0.9987762095129313
0.48973876865223825,0.9987762095129313
0.48975836133781403,0.9987762095129313
0.4897779555911182,0.9987762095129313
0.48979755141233894,0.9987762095129313
0.4898171488016645,0.9987762095129313
0.489836747759283,0.9987762095129313
0.4898563482853827,0.9987762095129313
0.4898759503801521,0.9987762095129313
0.48989555404377927,0.9987762095129313
0.4899151592764527,0.9987762095129313
0.48993476607836073,0.9987762095129313
0.4899543744496918,0.9987762095129313
0.4899739843906344,0.9987762095129313
0.48999359590137687,0.9987762095129313
0.4900132089821078,0.9987762095129313
0.49003282363301576,0.9987762095129313
0.49005243985428926,0.9987762095129313
0.4900720576461169,0.9987762095129313
0.4900916770086873,0.9987762095129313
0.4901112979421891,0.9987762095129313
0.49013092044681106,0.9987762095129313
0.4901505445227418,0.9987762095129313
0.49017017017017017,0.9987762095129313
0.49018979738928486,0.9987762095129313
0.4902094261802747,0.9987762095129313
0.49022905654332855,0.9987762095129313
0.49024868847863523,0.9987762095129313
0.49026832198638365,0.9987762095129313
0.49028795706676276,0.9987762095129313
0.4903075937199616,0.9987762095129313
0.49032723194616895,0.9987762095129313
0.49034687174557395,0.9987762095129313
0.4903665131183657,0.9987762095129313
0.49038615606473324,0.9987762095129313
0.4904058005848656,0.9987762095129313
0.490425446678952,0.9987762095129313
0.4904450943471816,0.9987762095129313
0.49046474358974357,0.9987762095129313
0.4904843944068272,0.9987762095129313
0.4905040467986217,0.9987762095129313
0.4905237007653163,0.9987762095129313
0.4905433563071005,0.9987762095129313
0.4905630134241635,0.9987762095129313
0.4905826721166947,0.9987762095129313
0.4906023323848836,0.9987762095129313
0.4906219942289195,0.9987762095129313
0.49064165764899204,0.9987762095129313
0.49066132264529055,0.9987762095129313
0.49068098921800474,0.9987762095129313
0.49070065736732404,0.9987762095129313
0.4907203270934381,0.9987762095129313
0.49073999839653654,0.9987762095129313
0.490759671276809,0.9987762095129313
0.49077934573444515,0.9987762095129313
0.49079902176963475,0.9987762095129313
0.49081869938256756,0.9987762095129313
0.4908383785734333,0.9987762095129313
0.4908580593424218,0.9987762095129313
0.4908777416897229,0.9987762095129313
0.4908974256155265,0.9987762095129313
0.49091711112002245,0.9987762095129313
0.4909367982034007,0.9987762095129313
0.4909564868658512,0.9987762095129313
0.49097617710756397,0.9987762095129313
0.490995868928729,0.9987762095129313
0.49101556232953636,0.9987762095129313
0.4910352573101761,0.9987762095129313
0.49105495387083836,0.9987762095129313
0.49107465201171324,0.9987762095129313
0.49109435173299104,0.9987762095129313
0.4911140530348618,0.9987762095129313
0.49113375591751585,0.9987762095129313
0.49115346038114344,0.9987762095129313
0.49117316642593484,0.9987762095129313
0.4911928740520804,0.9987762095129313
0.49121258325977046,0.9987762095129313
0.49123229404919544,0.9987762095129313
0.49125200642054573,0.9987762095129313
0.4912717203740118,0.9987762095129313
0.4912914359097841,0.9987762095129313
0.4913111530280531,0.9987762095129313
0.49133087172900947,0.9987762095129313
0.49135059201284365,0.9987762095129313
0.49137031387974633,0.9987762095129313
0.4913900373299081,0.9987762095129313
0.4914097623635196,0.9987762095129313
0.4913893460720164,0.9986946234804601
0.4914090726615817,0.9986946234804601
0.49142880083503954,0.9986946234804601
0.4914485305925807,0.9986946234804601
0.49146826193439597,0.9986946234804601
0.4914879948606761,0.9986946234804601
0.49150772937161213,0.9986946234804601
0.4915274654673948,0.9986946234804601
0.4915472031482151,0.9986946234804601
0.4915669424142639,0.9986946234804601
0.4915866832657323,0.9986946234804601
0.49160642570281127,0.9986946234804601
0.4916261697256918,0.9986946234804601
0.49164591533456503,0.9986946234804601
0.491665662529622,0.9986946234804601
0.491685411311054,0.9986946234804601
0.49170516167905204,0.9986946234804601
0.4917249136338073,0.9986946234804601
0.4917446671755112,0.9986946234804601
0.4917644223043548,0.9986946234804601
0.4917841790205295,0.9986946234804601
0.4918039373242266,0.9986946234804601
0.49182369721563746,0.9986946234804601
0.4918434586949534,0.9986946234804601
0.4918632217623659,0.9986946234804601
0.4918829864180664,0.9986946234804601
0.4919027526622463,0.9986946234804601
0.49192252049509727,0.9986946234804601
0.49194228991681066,0.9986946234804601
0.49196206092757816,0.9986946234804601
0.49198183352759134,0.9986946234804601
0.4920016077170418,0.9986946234804601
0.49202138349612123,0.9986946234804601
0.4920411608650213,0.9986946234804601
0.49206093982393373,0.9986946234804601
0.49208072037305034,0.9986946234804601
0.4921005025125628,0.9986946234804601
0.492120286242663,0.9986946234804601
0.4921400715635428,0.9986946234804601
0.492159858475394,0.9986946234804601
0.4921796469784086,0.9986946234804601
0.49219943707277847,0.9986946234804601
0.49221922875869556,0.9986946234804601
0.49223902203635195,0.9986946234804601
0.4922588169059396,0.9986946234804601
0.4922786133676506,0.9986946234804601
0.4922984114216771,0.9986946234804601
0.49231821106821105,0.9986946234804601
0.4923380123074448,0.9986946234804601
0.49235781513957044,0.9986946234804601
0.49237761956478016,0.9986946234804601
0.49239742558326627,0.9986946234804601
0.49241723319522107,0.9986946234804601
0.49243704240083674,0.9986946234804601
0.49245685320030574,0.9986946234804601
0.4924766655938204,0.9986946234804601
0.4924964795815731,0.9986946234804601
0.49251629516375633,0.9986946234804601
0.4925361123405625,0.9986946234804601
0.49255593111218415,0.9986946234804601
0.4925757514788137,0.9986946234804601
0.49259557344064386,0.9986946234804601
0.4926153969978671,0.9986946234804601
0.4926352221506761,0.9986946234804601
0.4926550488992635,0.9986946234804601
0.4926748772438219,0.9986946234804601
0.49269470718454417,0.9986946234804601
0.4927145387216229,0.9986946234804601
0.492734371855251,0.9986946234804601
0.49275420658562114,0.9986946234804601
0.4927740429129262,0.9986946234804601
0.4927938808373591,0.9986946234804601
0.4928137203591127,0.9986946234804601
0.4928335614783799,0.9986946234804601
0.49285340419535373,0.9986946234804601
0.49287324851022707,0.9986946234804601
0.49289309442319307,0.9986946234804601
0.49291294193444474,0.9986946234804601
0.4929327910441751,0.9986946234804601
0.4929526417525773,0.9986946234804601
0.49297249405984456,0.9986946234804601
0.49299234796617,0.9986946234804601
0.49301220347174673,0.9986946234804601
0.4930320605767682,0.9986946234804601
0.4930519192814275,0.9986946234804601
0.49307177958591797,0.9986946234804601
0.49309164149043305,0.9986946234804601
0.493111504995166,0.9986946234804601
0.4931313701003102,0.9986946234804601
0.49315123680605916,0.9986946234804601
0.49317110511260626,0.9986946234804601
0.49319097502014503,0.9986946234804601
0.493210846528869,0.9986946234804601
0.4932307196389717,0.9986946234804601
0.4932505943506467,0.9986946234804601
0.4932704706640877,0.9986946234804601
0.4932903485794882,0.9986946234804601
0.493310228097042,0.9986946234804601
0.49333010921694276,0.9986946234804601
0.49334999193938417,0.9986946234804601
0.4933698762645601,0.9986946234804601
0.4933897621926642,0.9986946234804601
0.4934096497238905,0.9986946234804601
0.49342953885843277,0.9986946234804601
0.49344942959648486,0.9986946234804601
0.4934693219382407,0.9986946234804601
0.4934892158838944,0.9986946234804601
0.49350911143363974,0.9986946234804601
0.49352900858767085,0.9986946234804601
0.4935489073461818,0.9986946234804601
0.49356880770936656,0.9986946234804601
0.49358870967741936,0.9986946234804601
0.4936086132505343,0.9986946234804601
0.49362851842890554,0.9986946234804601
0.49364842521272734,0.9986946234804601
0.4936683336021939,0.9986946234804601
0.4936882435974995,0.9986946234804601
0.4937081551988384,0.9986946234804601
0.49372806840640504,0.9986946234804601
0.49374798322039365,0.9986946234804601
0.49376789964099876,0.9986946234804601
0.4937878176684147,0.9986946234804601
0.49380773730283595,0.9986946234804601
0.493827658544457,0.9986946234804601
0.4938475813934724,0.9986946234804601
0.49386750585007666,0.9986946234804601
0.4938874319144644,0.9986946234804601
0.4939073595868302,0.9986946234804601
0.49392728886736875,0.9986946234804601
0.4939472197562747,0.9986946234804601
0.49396715225374277,0.9986946234804601
0.49398708635996774,0.9986946234804601
0.4940070220751443,0.9986946234804601
0.4940269593994673,0.9986946234804601
0.49404689833313153,0.9986946234804601
0.49406683887633196,0.9986946234804601
0.49408678102926334,0.9986946234804601
0.49410672479212076,0.9986946234804601
0.4941266701650991,0.9986946234804601
0.49414661714839336,0.9986946234804601
0.4941665657421985,0.9986946234804601
0.4941865159467097,0.9986946234804601
0.494206467762122,0.9986946234804601
0.49422642118863047,0.9986946234804601
0.4942463762264303,0.9986946234804601
0.4942663328757167,0.9986946234804601
0.4942862911366848,0.9986946234804601
0.49430625100952996,0.9986946234804601
0.49432621249444736,0.9986946234804601
0.49434617559163235,0.9986946234804601
0.49436614030128023,0.9986946234804601
0.49438610662358645,0.9986946234804601
0.4944060745587463,0.9986946234804601
0.49442604410695534,0.9986946234804601
0.4944460152684089,0.9986946234804601
0.4944659880433026,0.9986946234804601
0.49448596243183196,0.9986946234804601
0.49450593843419244,0.9986946234804601
0.4945259160505797,0.9986946234804601
0.4945458952811894,0.9986946234804601
0.4945658761262171,0.9986946234804601
0.4945858585858586,0.9986946234804601
0.4946058426603095,0.9986946234804601
0.49462582834976565,0.9986946234804601
0.4946458156544228,0.9986946234804601
0.4946658045744767,0.9986946234804601
0.4946857951101233,0.9986946234804601
0.49470578726155834,0.9986946234804601
0.4947257810289779,0.9986946234804601
0.4947457764125778,0.9986946234804601
0.49476577341255407,0.9986946234804601
0.4947857720291027,0.9986946234804601
0.4948057722624197,0.9986946234804601
0.4948257741127011,0.9986946234804601
0.4948457775801431,0.9986946234804601
0.4948657826649418,0.9986946234804601
0.4948857893672933,0.9986946234804601
0.49490579768739384,0.9986946234804601
0.4949258076254397,0.9986946234804601
0.49494581918162706,0.9986946234804601
0.4949658323561522,0.9986946234804601
0.4949858471492115,0.9986946234804601
0.49500586356100124,0.9986946234804601
0.4950258815917179,0.9986946234804601
0.4950459012415578,0.9986946234804601
0.49506592251071746,0.9986946234804601
0.4950859453993933,0.9986946234804601
0.49510596990778194,0.9986946234804601
0.49512599603607976,0.9986946234804601
0.49514602378448347,0.9986946234804601
0.4951660531531896,0.9986946234804601
0.49518608414239484,0.9986946234804601
0.4952061167522958,0.9986946234804601
0.49522615098308925,0.9986946234804601
0.4952461868349719,0.9986946234804601
0.4952662243081405,0.9986946234804601
0.4952862634027918,0.9986946234804601
0.49530630411912274,0.9986946234804601
0.49532634645733015,0.9986946234804601
0.49534639041761086,0.9986946234804601
0.4953664360001619,0.9986946234804601
0.4953864832051801,0.9986946234804601
0.4954065320328625,0.9986946234804601
0.4954265824834062,0.9986946234804601
0.49544663455700816,0.9986946234804601
0.4954666882538655,0.9986946234804601
0.49548674357417527,0.9986946234804601
0.4955068005181347,0.9986946234804601
0.49552685908594096,0.9986946234804601
0.49554691927779126,0.9986946234804601
0.49556698109388286,0.9986946234804601
0.49558704453441293,0.9986946234804601
0.49560710959957893,0.9986946234804601
0.4956271762895781,0.9986946234804601
0.49564724460460785,0.9986946234804601
0.49566731454486557,0.9986946234804601
0.4956873861105487,0.9986946234804601
0.4957074593018547,0.9986946234804601
0.4957275341189811,0.9986946234804601
0.4957476105621254,0.9986946234804601
0.4957676886314852,0.9986946234804601
0.4957472660996355,0.9986130374479889
0.49576734578152215,0.9986130374479889
0.4957874270900843,0.9986130374479889
0.4958075100255195,0.9986130374479889
0.4958275945880256,0.9986130374479889
0.4958476807778003,0.9986130374479889
0.49586776859504134,0.9986130374479889
0.4958878580399465,0.9986130374479889
0.49590794911271374,0.9986130374479889
0.4959280418135408,0.9986130374479889
0.4959481361426256,0.9986130374479889
0.4959682321001661,0.9986130374479889
0.4959883296863603,0.9986130374479889
0.4960084289014062,0.9986130374479889
0.4960285297455017,0.9986130374479889
0.496048632218845,0.9986130374479889
0.4960687363216341,0.9986130374479889
0.4960888420540672,0.9986130374479889
0.4961089494163424,0.9986130374479889
0.49612905840865795,0.9986130374479889
0.496149169031212,0.9986130374479889
0.49616928128420285,0.9986130374479889
0.4961893951678288,0.9986130374479889
0.4962095106822881,0.9986130374479889
0.49622962782777913,0.9986130374479889
0.49624974660450033,0.9986130374479889
0.49626986701265,0.9986130374479889
0.4962899890524267,0.9986130374479889
0.49631011272402886,0.9986130374479889
0.496330238027655,0.9986130374479889
0.49635036496350365,0.9986130374479889
0.49637049353177337,0.9986130374479889
0.49639062373266285,0.9986130374479889
0.4964107555663706,0.9986130374479889
0.4964308890330954,0.9986130374479889
0.4964510241330359,0.9986130374479889
0.49647116086639087,0.9986130374479889
0.496491299233359,0.9986130374479889
0.4965114392341392,0.9986130374479889
0.4965315808689303,0.9986130374479889
0.496551724137931,0.9986130374479889
0.49657186904134043,0.9986130374479889
0.49659201557935734,0.9986130374479889
0.4966121637521808,0.9986130374479889
0.49663231356000975,0.9986130374479889
0.4966524650030432,0.9986130374479889
0.4966726180814803,0.9986130374479889
0.49669277279552004,0.9986130374479889
0.4967129291453616,0.9986130374479889
0.49673308713120407,0.9986130374479889
0.4967532467532468,0.9986130374479889
0.4967734080116888,0.9986130374479889
0.49679357090672943,0.9986130374479889
0.496813735438568,0.9986130374479889
0.4968339016074038,0.9986130374479889
0.4968540694134362,0.9986130374479889
0.4968742388568645,0.9986130374479889
0.4968944099378882,0.9986130374479889
0.49691458265670674,0.9986130374479889
0.4969347570135195,0.9986130374479889
0.49695493300852617,0.9986130374479889
0.4969751106419262,0.9986130374479889
0.4969952899139191,0.9986130374479889
0.4970154708247046,0.9986130374479889
0.49703565337448224,0.9986130374479889
0.4970558375634518,0.9986130374479889
0.49707602339181284,0.9986130374479889
0.49709621085976524,0.9986130374479889
0.4971163999675087,0.9986130374479889
0.4971365907152431,0.9986130374479889
0.49715678310316813,0.9986130374479889
0.4971769771314838,0.9986130374479889
0.49719717280038994,0.9986130374479889
0.49721737011008654,0.9986130374479889
0.4972375690607735,0.9986130374479889
0.49725776965265084,0.9986130374479889
0.4972779718859186,0.9986130374479889
0.49729817576077684,0.9986130374479889
0.49731838127742567,0.9986130374479889
0.49733858843606515,0.9986130374479889
0.4973587972368956,0.9986130374479889
0.49737900768011706,0.9986130374479889
0.49739921976592977,0.9986130374479889
0.4974194334945341,0.9986130374479889
0.49743964886613024,0.9986130374479889
0.4974598658809185,0.9986130374479889
0.4974800845390993,0.9986130374479889
0.49750030484087304,0.9986130374479889
0.49752052678644015,0.9986130374479889
0.497540750376001,0.9986130374479889
0.4975609756097561,0.9986130374479889
0.497581202487906,0.9986130374479889
0.4976014310106513,0.9986130374479889
0.49762166117819245,0.9986130374479889
0.4976418929907302,0.9986130374479889
0.49766212644846514,0.9986130374479889
0.49768236155159795,0.9986130374479889
0.49770259830032937,0.9986130374479889
0.4977228366948601,0.9986130374479889
0.497743076735391,0.9986130374479889
0.4977633184221228,0.9986130374479889
0.4977835617552564,0.9986130374479889
0.4978038067349927,0.9986130374479889
0.4978240533615325,0.9986130374479889
0.49784430163507687,0.9986130374479889
0.4978645515558267,0.9986130374479889
0.4978848031239831,0.9986130374479889
0.49790505633974697,0.9986130374479889
0.4979253112033195,0.9986130374479889
0.4979455677149017,0.9986130374479889
0.4979658258746949,0.9986130374479889
0.49798608568290004,0.9986130374479889
0.4980063471397185,0.9986130374479889
0.49802661024535133,0.9986130374479889
0.498046875,0.9986130374479889
0.4980671414038657,0.9986130374479889
0.49808740945714985,0.9986130374479889
0.4981076791600537,0.9986130374479889
0.49812795051277875,0.9986130374479889
0.49814822351552646,0.9986130374479889
0.4981684981684982,0.9986130374479889
0.49818877447189547,0.9986130374479889
0.4982090524259199,0.9986130374479889
0.49822933203077296,0.9986130374479889
0.49824961328665635,0.9986130374479889
0.4982698961937716,0.9986130374479889
0.49829018075232046,0.9986130374479889
0.4983104669625046,0.9986130374479889
0.4983307548245257,0.9986130374479889
0.49835104433858557,0.9986130374479889
0.498371335504886,0.9986130374479889
0.4983916283236288,0.9986130374479889
0.4984119227950159,0.9986130374479889
0.4984322189192491,0.9986130374479889
0.4984525166965304,0.9986130374479889
0.4984728161270617,0.9986130374479889
0.49849311721104506,0.9986130374479889
0.4985134199486824,0.9986130374479889
0.49853372434017595,0.9986130374479889
0.49855403038572765,0.9986130374479889
0.4985743380855397,0.9986130374479889
0.49859464743981424,0.9986130374479889
0.4986149584487535,0.9986130374479889
0.49863527111255956,0.9986130374479889
0.49865558543143484,0.9986130374479889
0.4986759014055816,0.9986130374479889
0.49869621903520206,0.9986130374479889
0.4987165383204987,0.9986130374479889
0.4987368592616739,0.9986130374479889
0.49875718185893,0.9986130374479889
0.49877750611246946,0.9986130374479889
0.4987978320224948,0.9986130374479889
0.49881815958920855,0.9986130374479889
0.4988384888128133,0.9986130374479889
0.4988588196935116,0.9986130374479889
0.49887915223150603,0.9986130374479889
0.4988994864269993,0.9986130374479889
0.49891982228019405,0.9986130374479889
0.498940159791293,0.9986130374479889
0.498960498960499,0.9986130374479889
0.49898083978801466,0.9986130374479889
0.49900118227404294,0.9986130374479889
0.49902152641878667,0.9986130374479889
0.4990418722224487,0.9986130374479889
0.499062219685232,0.9986130374479889
0.4990825688073395,0.9986130374479889
0.49910291958897407,0.9986130374479889
0.49912327203033885,0.9986130374479889
0.4991436261316369,0.9986130374479889
0.49916398189307126,0.9986130374479889
0.499184339314845,0.9986130374479889
0.49920469839716136,0.9986130374479889
0.4992250591402235,0.9986130374479889
0.4992454215442346,0.9986130374479889
0.49926578560939794,0.9986130374479889
0.4992861513359168,0.9986130374479889
0.49930651872399445,0.9986130374479889
0.49932688777383427,0.9986130374479889
0.4993472584856397,0.9986130374479889
0.49936763085961405,0.9986130374479889
0.49938800489596086,0.9986130374479889
0.4994083805948835,0.9986130374479889
0.4994287579565856,0.9986130374479889
0.49944913698127064,0.9986130374479889
0.49946951766914227,0.9986130374479889
0.499489900020404,0.9986130374479889
0.49951028403525954,0.9986130374479889
0.4995306697139126,0.9986130374479889
0.4995510570565668,0.9986130374479889
0.49957144606342596,0.9986130374479889
0.4995918367346939,0.9986130374479889
0.4996122290705743,0.9986130374479889
0.4996326230712711,0.9986130374479889
0.4996530187369882,0.9986130374479889
0.4996734160679295,0.9986130374479889
0.49969381506429883,0.9986130374479889
0.4997142157263003,0.9986130374479889
0.49973461805413794,0.9986130374479889
0.4997550220480157,0.9986130374479889
0.4997754277081377,0.9986130374479889
0.49979583503470804,0.9986130374479889
0.4998162440279309,0.9986130374479889
0.4998366546880105,0.9986130374479889
0.49985706701515087,0.9986130374479889
0.4998774810095565,0.9986130374479889
0.4998978966714315,0.9986130374479889
0.49991831400098025,0.9986130374479889
0.4999387329984071,0.9986130374479889
0.49995915366391636,0.9986130374479889
0.49997957599771253,0.9986130374479889
0.5,0.9986130374479889
0.5000204256709833,0.9986130374479889
0.5000408530108669,0.9986130374479889
0.5000612820198553,0.9986130374479889
0.5000817126981533,0.9986130374479889
0.5001021450459653,0.9986130374479889
0.500122579063496,0.9986130374479889
0.50014301475095,0.9986130374479889
0.5001634521085322,0.9986130374479889
0.5001838911364472,0.9986130374479889
0.5002043318348999,0.9986130374479889
0.500224774204095,0.9986130374479889
0.5002452182442374,0.9986130374479889
0.500265663955532,0.9986130374479889
0.5002861113381836,0.9986130374479889
0.5003065603923973,0.9986130374479889
0.5003270111183781,0.9986130374479889
0.5003474635163307,0.9986130374479889
0.5003679175864606,0.9986130374479889
0.5003883733289727,0.9986130374479889
0.5004088307440719,0.9986130374479889
0.5004292898319637,0.9986130374479889
0.500449750592853,0.9986130374479889
0.5004702130269453,0.9986130374479889
0.5004906771344455,0.9986130374479889
0.5005111429155592,0.9986130374479889
0.5005316103704915,0.9986130374479889
0.5005520794994479,0.9986130374479889
0.5005725503026337,0.9986130374479889
0.5005930227802544,0.9986130374479889
0.5006134969325153,0.9986130374479889
0.5006339727596221,0.9986130374479889
0.5006544502617801,0.9986130374479889
0.500674929439195,0.9986130374479889
0.5006954102920723,0.9986130374479889
0.5007158928206177,0.9986130374479889
0.5007363770250368,0.9986130374479889
0.5007568629055353,0.9986130374479889
0.500777350462319,0.9986130374479889
0.5007978396955934,0.9986130374479889
0.5008183306055647,0.9986130374479889
0.5008388231924383,0.9986130374479889
0.5008593174564203,0.9986130374479889
0.500900311016533,0.9986130374479889
0.5009208103130756,0.9986130374479889
0.5009413112875502,0.9986130374479889
0.5009618139401629,0.9986130374479889
0.5009823182711198,0.9986130374479889
0.501002824280627,0.9986130374479889
0.5010233319688907,0.9986130374479889
0.5010438413361169,0.9986130374479889
0.5010643523825119,0.9986130374479889
0.5010848651082819,0.9986130374479889
0.501105379513633,0.9986130374479889
0.5011258955987717,0.9986130374479889
0.5011464133639043,0.9986130374479889
0.5011669328092372,0.9986130374479889
0.5011874539349767,0.9986130374479889
0.5012079767413292,0.9986130374479889
0.5012285012285013,0.9986130374479889
0.5012490273966993,0.9986130374479889
0.5012695552461299,0.9986130374479889
0.5012900847769997,0.9986130374479889
0.5013106159895151,0.9986130374479889
0.5013311488838829,0.9986130374479889
0.5013516834603097,0.9986130374479889
0.5013722197190021,0.9986130374479889
0.5013927576601671,0.9986130374479889
0.5014132972840113,0.9986130374479889
0.5014338385907415,0.9986130374479889
0.5014543815805645,0.9986130374479889
0.5014749262536873,0.9986130374479889
0.5014954726103167,0.9986130374479889
0.5015160206506597,0.9986130374479889
0.5015365703749232,0.9986130374479889
0.5015571217833142,0.9986130374479889
0.5015776748760399,0.9986130374479889
0.5015982296533071,0.9986130374479889
0.5016187861153232,0.9986130374479889
0.5016393442622951,0.9986130374479889
0.5016599040944301,0.9986130374479889
0.5016804656119354,0.9986130374479889
0.5017010288150182,0.9986130374479889
0.5017215937038859,0.9986130374479889
0.5017421602787456,0.9986130374479889
0.5017627285398049,0.9986130374479889
0.501783298487271,0.9986130374479889
0.5018038701213513,0.9986130374479889
0.5018244434422533,0.9986130374479889
0.5018450184501845,0.9986130374479889
0.5018655951453524,0.9986130374479889
0.5018861735279646,0.9986130374479889
0.5019067535982286,0.9986130374479889
0.501927335356352,0.9986130374479889
0.5019479188025425,0.9986130374479889
0.5019685039370079,0.9986130374479889
0.5019890907599557,0.9986130374479889
0.5020096792715938,0.9986130374479889
0.5020302694721299,0.9986130374479889
0.5020508613617719,0.9986130374479889
0.5020714549407277,0.9986130374479889
0.502092050209205,0.9986130374479889
0.5021126471674119,0.9986130374479889
0.5021332458155563,0.9986130374479889
0.5021538461538462,0.9986130374479889
0.5021744481824896,0.9986130374479889
0.5021950519016944,0.9986130374479889
0.5022156573116692,0.9986130374479889
0.5022362644126216,0.9986130374479889
0.50225687320476,0.9986130374479889
0.5022774836882925,0.9986130374479889
0.5022980958634274,0.9986130374479889
0.5023187097303731,0.9986130374479889
0.5023393252893376,0.9986130374479889
0.5023599425405294,0.9986130374479889
0.502380561484157,0.9986130374479889
0.5024011821204285,0.9986130374479889
0.5024218044495525,0.9986130374479889
0.5024424284717376,0.9986130374479889
0.5024630541871922,0.9986130374479889
0.5024836815961247,0.9986130374479889
0.5025043106987438,0.9986130374479889
0.5025249414952581,0.9986130374479889
0.5025455739858762,0.9986130374479889
0.5025662081708068,0.9986130374479889
0.5025868440502587,0.9986130374479889
0.5026074816244405,0.9986130374479889
0.5026281208935611,0.9986130374479889
0.5026487618578293,0.9986130374479889
0.5026694045174538,0.9986130374479889
0.5026900488726437,0.9986130374479889
0.5027106949236076,0.9986130374479889
0.5027313426705549,0.9986130374479889
0.5027519921136943,0.9986130374479889
0.5027726432532348,0.9986130374479889
0.5027932960893855,0.9986130374479889
0.5028139506223555,0.9986130374479889
0.5028346068523539,0.9986130374479889
0.50285526477959,0.9986130374479889
0.5028759244042728,0.9986130374479889
0.5028965857266116,0.9986130374479889
0.5029172487468156,0.9986130374479889
0.5029379134650943,0.9986130374479889
0.5029585798816568,0.9986130374479889
0.5029792479967126,0.9986130374479889
0.5029999178104709,0.9986130374479889
0.5030205893231414,0.9986130374479889
0.5030412625349334,0.9986130374479889
0.5030619374460564,0.9986130374479889
0.5030826140567201,0.9986130374479889
0.5031032923671339,0.9986130374479889
0.5031239723775074,0.9986130374479889
0.5031446540880503,0.9986130374479889
0.5031653374989723,0.9986130374479889
0.5031860226104831,0.9986130374479889
0.5032067094227923,0.9986130374479889
0.5032273979361098,0.9986130374479889
0.5032480881506455,0.9986130374479889
0.5032687800666091,0.9986130374479889
0.5032894736842105,0.9986130374479889
0.5033101690036597,0.9986130374479889
0.5033308660251665,0.9986130374479889
0.503351564748941,0.9986130374479889
0.5033722651751933,0.9986130374479889
0.5033929673041333,0.9986130374479889
0.503413671135971,0.9986130374479889
0.5034343766709168,0.9986130374479889
0.5034550839091807,0.9986130374479889
0.5034757928509728,0.9986130374479889
0.5034965034965035,0.9986130374479889
0.503517215845983,0.9986130374479889
0.5035379298996215,0.9986130374479889
0.5035586456576295,0.9986130374479889
0.5035793631202172,0.9986130374479889
0.5036000822875951,0.9986130374479889
0.5036208031599737,0.9986130374479889
0.5036415257375633,0.9986130374479889
0.5036622500205744,0.9986130374479889
0.5036418254392824,0.9985314514155177
0.5036625514403292,0.9985314514155177
0.50368327914729,0.9985314514155177
0.5037040085603753,0.9985314514155177
0.5037247396797958,0.9985314514155177
0.5037454725057623,0.9985314514155177
0.5037662070384853,0.9985314514155177
0.5037869432781756,0.9985314514155177
0.5038076812250443,0.9985314514155177
0.5038284208793018,0.9985314514155177
0.5038491622411593,0.9985314514155177
0.5038699053108275,0.9985314514155177
0.5038906500885174,0.9985314514155177
0.5039113965744401,0.9985314514155177
0.5039321447688063,0.9985314514155177
0.5039528946718274,0.9985314514155177
0.5039736462837142,0.9985314514155177
0.503994399604678,0.9985314514155177
0.5040151546349297,0.9985314514155177
0.5040359113746808,0.9985314514155177
0.5040566698241423,0.9985314514155177
0.5040774299835256,0.9985314514155177
0.5040981918530417,0.9985314514155177
0.5041189554329022,0.9985314514155177
0.5041397207233184,0.9985314514155177
0.5041604877245016,0.9985314514155177
0.5041812564366632,0.9985314514155177
0.5042020268600148,0.9985314514155177
0.5042227989947679,0.9985314514155177
0.5042435728411339,0.9985314514155177
0.5042643483993243,0.9985314514155177
0.5042851256695509,0.9985314514155177
0.5043059046520252,0.9985314514155177
0.5043266853469589,0.9985314514155177
0.5043474677545638,0.9985314514155177
0.5043682518750515,0.9985314514155177
0.5043890377086339,0.9985314514155177
0.5044098252555226,0.9985314514155177
0.5044306145159296,0.9985314514155177
0.5044514054900667,0.9985314514155177
0.504472198178146,0.9985314514155177
0.5044929925803793,0.9985314514155177
0.5045137886969785,0.9985314514155177
0.5045345865281556,0.9985314514155177
0.504555386074123,0.9985314514155177
0.5045761873350924,0.9985314514155177
0.504596990311276,0.9985314514155177
0.5046177950028862,0.9985314514155177
0.5046386014101348,0.9985314514155177
0.5046594095332344,0.9985314514155177
0.504680219372397,0.9985314514155177
0.504701030927835,0.9985314514155177
0.5047218441997608,0.9985314514155177
0.5047426591883867,0.9985314514155177
0.504763475893925,0.9985314514155177
0.5047842943165883,0.9985314514155177
0.5048051144565889,0.9985314514155177
0.5048259363141396,0.9985314514155177
0.5048467598894526,0.9985314514155177
0.5048675851827407,0.9985314514155177
0.5048884121942164,0.9985314514155177
0.5049092409240924,0.9985314514155177
0.5049300713725814,0.9985314514155177
0.504950903539896,0.9985314514155177
0.5049717374262491,0.9985314514155177
0.5049925730318534,0.9985314514155177
0.5050134103569218,0.9985314514155177
0.5050342494016671,0.9985314514155177
0.5050550901663021,0.9985314514155177
0.5050759326510399,0.9985314514155177
0.5050967768560934,0.9985314514155177
0.5051176227816756,0.9985314514155177
0.5051384704279995,0.9985314514155177
0.5051593197952782,0.9985314514155177
0.5051801708837248,0.9985314514155177
0.5052010236935524,0.9985314514155177
0.5052218782249742,0.9985314514155177
0.5052427344782034,0.9985314514155177
0.5052635924534533,0.9985314514155177
0.5052844521509372,0.9985314514155177
0.5053053135708683,0.9985314514155177
0.5053261767134599,0.9985314514155177
0.5053470415789256,0.9985314514155177
0.5053679081674788,0.9985314514155177
0.5053887764793327,0.9985314514155177
0.505409646514701,0.9985314514155177
0.5054305182737973,0.9985314514155177
0.5054513917568348,0.9985314514155177
0.5054722669640276,0.9985314514155177
0.505493143895589,0.9985314514155177
0.5055140225517327,0.9985314514155177
0.5055349029326724,0.9985314514155177
0.505555785038622,0.9985314514155177
0.5055766688697951,0.9985314514155177
0.5055975544264056,0.9985314514155177
0.5056184417086673,0.9985314514155177
0.505639330716794,0.9985314514155177
0.5056602214509999,0.9985314514155177
0.5056811139114986,0.9985314514155177
0.5057020080985043,0.9985314514155177
0.5057229040122309,0.9985314514155177
0.5057438016528926,0.9985314514155177
0.5057647010207034,0.9985314514155177
0.5057856021158773,0.9985314514155177
0.5058065049386288,0.9985314514155177
0.5058274094891717,0.9985314514155177
0.5058483157677206,0.9985314514155177
0.5058692237744895,0.9985314514155177
0.5058901335096929,0.9985314514155177
0.505911044973545,0.9985314514155177
0.5059319581662601,0.9985314514155177
0.5059528730880529,0.9985314514155177
0.5059737897391376,0.9985314514155177
0.5059947081197288,0.9985314514155177
0.506015628230041,0.9985314514155177
0.5060365500702886,0.9985314514155177
0.5060574736406864,0.9985314514155177
0.5060783989414489,0.9985314514155177
0.5060993259727908,0.9985314514155177
0.5061202547349268,0.9985314514155177
0.5061411852280716,0.9985314514155177
0.50616211745244,0.9985314514155177
0.5061830514082468,0.9985314514155177
0.5062039870957068,0.9985314514155177
0.506224924515035,0.9985314514155177
0.5062458636664461,0.9985314514155177
0.5062668045501552,0.9985314514155177
0.5062877471663771,0.9985314514155177
0.506308691515327,0.9985314514155177
0.5063296375972199,0.9985314514155177
0.5063505854122708,0.9985314514155177
0.5063715349606951,0.9985314514155177
0.5063924862427076,0.9985314514155177
0.5064134392585237,0.9985314514155177
0.5064343940083585,0.9985314514155177
0.5064553504924274,0.9985314514155177
0.5064763087109456,0.9985314514155177
0.5064972686641285,0.9985314514155177
0.5065182303521913,0.9985314514155177
0.5065391937753497,0.9985314514155177
0.506560158933819,0.9985314514155177
0.5065811258278146,0.9985314514155177
0.506602094457552,0.9985314514155177
0.5066230648232469,0.9985314514155177
0.5066440369251148,0.9985314514155177
0.5066650107633714,0.9985314514155177
0.5066859863382323,0.9985314514155177
0.5067069636499131,0.9985314514155177
0.5067279426986295,0.9985314514155177
0.5067489234845975,0.9985314514155177
0.5067699060080328,0.9985314514155177
0.5067908902691511,0.9985314514155177
0.5068118762681685,0.9985314514155177
0.5068328640053007,0.9985314514155177
0.5068538534807636,0.9985314514155177
0.5068748446947735,0.9985314514155177
0.5068958376475461,0.9985314514155177
0.5069168323392975,0.9985314514155177
0.506937828770244,0.9985314514155177
0.5069588269406015,0.9985314514155177
0.5069798268505862,0.9985314514155177
0.5070008285004143,0.9985314514155177
0.507021831890302,0.9985314514155177
0.5070428370204657,0.9985314514155177
0.5070638438911215,0.9985314514155177
0.5070848525024859,0.9985314514155177
0.5071058628547752,0.9985314514155177
0.5071268749482059,0.9985314514155177
0.5071478887829942,0.9985314514155177
0.5071689043593569,0.9985314514155177
0.5071899216775102,0.9985314514155177
0.5072109407376709,0.9985314514155177
0.5072319615400556,0.9985314514155177
0.5072529840848806,0.9985314514155177
0.5072740083723629,0.9985314514155177
0.5072950344027191,0.9985314514155177
0.5073160621761658,0.9985314514155177
0.50733709169292,0.9985314514155177
0.5073581229531982,0.9985314514155177
0.5073791559572175,0.9985314514155177
0.5074001907051946,0.9985314514155177
0.5074212271973466,0.9985314514155177
0.5074422654338903,0.9985314514155177
0.5074633054150427,0.9985314514155177
0.5074843471410209,0.9985314514155177
0.5075053906120418,0.9985314514155177
0.5075264358283226,0.9985314514155177
0.5075474827900804,0.9985314514155177
0.5075685314975324,0.9985314514155177
0.5075895819508959,0.9985314514155177
0.5076106341503878,0.9985314514155177
0.5076316880962256,0.9985314514155177
0.5076527437886267,0.9985314514155177
0.5076738012278081,0.9985314514155177
0.5076948604139876,0.9985314514155177
0.5077159213473824,0.9985314514155177
0.5077369840282099,0.9985314514155177
0.5077580484566877,0.9985314514155177
0.5077791146330333,0.9985314514155177
0.5078001825574641,0.9985314514155177
0.5078212522301979,0.9985314514155177
0.5078423236514523,0.9985314514155177
0.5078633968214449,0.9985314514155177
0.5078844717403934,0.9985314514155177
0.5079055484085155,0.9985314514155177
0.5079266268260292,0.9985314514155177
0.5079477069931521,0.9985314514155177
0.5079687889101021,0.9985314514155177
0.507989872577097,0.9985314514155177
0.508010957994355,0.9985314514155177
0.5080320451620938,0.9985314514155177
0.5080531340805313,0.9985314514155177
0.5080742247498858,0.9985314514155177
0.5080538027233478,0.9984498653830465
0.5080748951716694,0.9984498653830465
0.5080959893714191,0.9984498653830465
0.5081170853228151,0.9984498653830465
0.5081381830260754,0.9984498653830465
0.5081592824814184,0.9984498653830465
0.5081803836890624,0.9984498653830465
0.5082014866492255,0.9984498653830465
0.5082225913621262,0.9984498653830465
0.5082436978279828,0.9984498653830465
0.5082648060470139,0.9984498653830465
0.5082859160194376,0.9984498653830465
0.5083070277454727,0.9984498653830465
0.5083281412253375,0.9984498653830465
0.5083492564592507,0.9984498653830465
0.5083703734474307,0.9984498653830465
0.5083914921900964,0.9984498653830465
0.5084126126874663,0.9984498653830465
0.5084337349397591,0.9984498653830465
0.5084548589471934,0.9984498653830465
0.5084759847099883,0.9984498653830465
0.5084971122283625,0.9984498653830465
0.5085182415025347,0.9984498653830465
0.5085393725327239,0.9984498653830465
0.508560505319149,0.9984498653830465
0.5085816398620289,0.9984498653830465
0.5086027761615826,0.9984498653830465
0.5086239142180292,0.9984498653830465
0.5086450540315877,0.9984498653830465
0.5086661956024773,0.9984498653830465
0.508687338930917,0.9984498653830465
0.508708484017126,0.9984498653830465
0.5087296308613236,0.9984498653830465
0.5087507794637289,0.9984498653830465
0.5087719298245614,0.9984498653830465
0.5087930819440403,0.9984498653830465
0.5088142358223848,0.9984498653830465
0.5088353914598146,0.9984498653830465
0.5088565488565489,0.9984498653830465
0.5088777080128072,0.9984498653830465
0.5088988689288091,0.9984498653830465
0.508920031604774,0.9984498653830465
0.5089411960409216,0.9984498653830465
0.5089623622374714,0.9984498653830465
0.5089835301946432,0.9984498653830465
0.5090046999126565,0.9984498653830465
0.5090258713917312,0.9984498653830465
0.5090470446320868,0.9984498653830465
0.5090682196339434,0.9984498653830465
0.5090893963975207,0.9984498653830465
0.5091105749230386,0.9984498653830465
0.5091317552107169,0.9984498653830465
0.5091529372607755,0.9984498653830465
0.5091741210734346,0.9984498653830465
0.509195306648914,0.9984498653830465
0.509216493987434,0.9984498653830465
0.5092376830892144,0.9984498653830465
0.5092588739544754,0.9984498653830465
0.5092800665834374,0.9984498653830465
0.5093012609763202,0.9984498653830465
0.5093224571333445,0.9984498653830465
0.5093436550547301,0.9984498653830465
0.5093648547406976,0.9984498653830465
0.5093860561914673,0.9984498653830465
0.5094072594072594,0.9984498653830465
0.5094284643882946,0.9984498653830465
0.5094496711347931,0.9984498653830465
0.5094708796469756,0.9984498653830465
0.5094920899250625,0.9984498653830465
0.5095133019692744,0.9984498653830465
0.5095345157798318,0.9984498653830465
0.5095557313569555,0.9984498653830465
0.5095769487008661,0.9984498653830465
0.5095981678117844,0.9984498653830465
0.5096193886899308,0.9984498653830465
0.5096406113355266,0.9984498653830465
0.5096618357487923,0.9984498653830465
0.5096830619299487,0.9984498653830465
0.509704289879217,0.9984498653830465
0.5097255195968179,0.9984498653830465
0.5097467510829723,0.9984498653830465
0.5097679843379015,0.9984498653830465
0.5097892193618262,0.9984498653830465
0.5098104561549677,0.9984498653830465
0.5098316947175471,0.9984498653830465
0.5098529350497855,0.9984498653830465
0.509874177151904,0.9984498653830465
0.509895421024124,0.9984498653830465
0.5099166666666667,0.9984498653830465
0.5099379140797533,0.9984498653830465
0.5099591632636054,0.9984498653830465
0.509980414218444,0.9984498653830465
0.5100016669444908,0.9984498653830465
0.510022921441967,0.9984498653830465
0.5100441777110944,0.9984498653830465
0.5100654357520944,0.9984498653830465
0.5100866955651884,0.9984498653830465
0.5101079571505981,0.9984498653830465
0.5101292205085453,0.9984498653830465
0.5101504856392514,0.9984498653830465
0.5101717525429381,0.9984498653830465
0.5101930212198275,0.9984498653830465
0.5102142916701409,0.9984498653830465
0.5102355638941005,0.9984498653830465
0.510256837891928,0.9984498653830465
0.5102781136638452,0.9984498653830465
0.5102993912100742,0.9984498653830465
0.510320670530837,0.9984498653830465
0.5103419516263553,0.9984498653830465
0.5103632344968514,0.9984498653830465
0.5103845191425473,0.9984498653830465
0.5104058055636652,0.9984498653830465
0.510427093760427,0.9984498653830465
0.5104483837330552,0.9984498653830465
0.5104696754817719,0.9984498653830465
0.5104909690067994,0.9984498653830465
0.5105122643083597,0.9984498653830465
0.5105335613866756,0.9984498653830465
0.5105548602419692,0.9984498653830465
0.5105761608744629,0.9984498653830465
0.5105974632843792,0.9984498653830465
0.5106187674719406,0.9984498653830465
0.5106400734373696,0.9984498653830465
0.5106613811808888,0.9984498653830465
0.5106826907027208,0.9984498653830465
0.5107040020030881,0.9984498653830465
0.5107253150822135,0.9984498653830465
0.5107466299403197,0.9984498653830465
0.5107679465776294,0.9984498653830465
0.5107892649943654,0.9984498653830465
0.5108105851907505,0.9984498653830465
0.5108319071670075,0.9984498653830465
0.5108532309233595,0.9984498653830465
0.5108745564600292,0.9984498653830465
0.5108958837772397,0.9984498653830465
0.510917212875214,0.9984498653830465
0.510938543754175,0.9984498653830465
0.5109598764143459,0.9984498653830465
0.5109812108559499,0.9984498653830465
0.51100254707921,0.9984498653830465
0.5110238850843494,0.9984498653830465
0.5110452248715914,0.9984498653830465
0.5110665664411592,0.9984498653830465
0.5110879097932762,0.9984498653830465
0.5111092549281657,0.9984498653830465
0.5111306018460511,0.9984498653830465
0.5111519505471557,0.9984498653830465
0.5111733010317029,0.9984498653830465
0.5111946532999164,0.9984498653830465
0.5112160073520197,0.9984498653830465
0.5112373631882363,0.9984498653830465
0.5112587208087898,0.9984498653830465
0.5112800802139037,0.9984498653830465
0.511301441403802,0.9984498653830465
0.5113228043787081,0.9984498653830465
0.511344169138846,0.9984498653830465
0.5113655356844392,0.9984498653830465
0.5113869040157119,0.9984498653830465
0.5114082741328876,0.9984498653830465
0.5114296460361903,0.9984498653830465
0.5114510197258442,0.9984498653830465
0.511472395202073,0.9984498653830465
0.5114937724651007,0.9984498653830465
0.5115151515151515,0.9984498653830465
0.5115365323524494,0.9984498653830465
0.5115579149772186,0.9984498653830465
0.5115792993896832,0.9984498653830465
0.5116006855900673,0.9984498653830465
0.5116220735785953,0.9984498653830465
0.5116434633554915,0.9984498653830465
0.51166485492098,0.9984498653830465
0.5116862482752854,0.9984498653830465
0.5117076434186318,0.9984498653830465
0.511729040351244,0.9984498653830465
0.5117504390733462,0.9984498653830465
0.5117718395851629,0.9984498653830465
0.5117932418869187,0.9984498653830465
0.5118146459788382,0.9984498653830465
0.511836051861146,0.9984498653830465
0.5118574595340667,0.9984498653830465
0.511878868997825,0.9984498653830465
0.5119002802526457,0.9984498653830465
0.5119216932987535,0.9984498653830465
0.5119431081363731,0.9984498653830465
0.5119645247657296,0.9984498653830465
0.5119859431870476,0.9984498653830465
0.5120073634005523,0.9984498653830465
0.5120287854064683,0.9984498653830465
0.5120502092050209,0.9984498653830465
0.512071634796435,0.9984498653830465
0.5120930621809356,0.9984498653830465
0.512114491358748,0.9984498653830465
0.5121359223300971,0.9984498653830465
0.5121573550952082,0.9984498653830465
0.5121787896543065,0.9984498653830465
0.5122002260076173,0.9984498653830465
0.5122216641553659,0.9984498653830465
0.5122431040977774,0.9984498653830465
0.5122645458350774,0.9984498653830465
0.5122859893674914,0.9984498653830465
0.5123074346952444,0.9984498653830465
0.5123288818185624,0.9984498653830465
0.5123503307376706,0.9984498653830465
0.5123717814527946,0.9984498653830465
0.5123932339641601,0.9984498653830465
0.5124146882719927,0.9984498653830465
0.5124361443765179,0.9984498653830465
0.5124576022779616,0.9984498653830465
0.5124790619765495,0.9984498653830465
0.5125005234725072,0.9984498653830465
0.5125219867660608,0.9984498653830465
0.512543451857436,0.9984498653830465
0.5125649187468587,0.9984498653830465
0.512586387434555,0.9984498653830465
0.5126078579207506,0.9984498653830465
0.5126293302056717,0.9984498653830465
0.5126508042895442,0.9984498653830465
0.5126722801725944,0.9984498653830465
0.5126937578550482,0.9984498653830465
0.5127152373371319,0.9984498653830465
0.5127367186190716,0.9984498653830465
0.5127582017010935,0.9984498653830465
0.5127796865834241,0.9984498653830465
0.5128011732662896,0.9984498653830465
0.5128226617499162,0.9984498653830465
0.5128441520345305,0.9984498653830465
0.5128656441203587,0.9984498653830465
0.5128871380076275,0.9984498653830465
0.5129086336965633,0.9984498653830465
0.5129301311873926,0.9984498653830465
0.512951630480342,0.9984498653830465
0.5129731315756382,0.9984498653830465
0.5129946344735077,0.9984498653830465
0.5130161391741773,0.9984498653830465
0.5130376456778737,0.9984498653830465
0.5130591539848237,0.9984498653830465
0.5130806640952541,0.9984498653830465
0.5131021760093917,0.9984498653830465
0.5131236897274634,0.9984498653830465
0.513145205249696,0.9984498653830465
0.5131667225763167,0.9984498653830465
0.5131882417075523,0.9984498653830465
0.5132312853847767,0.9984498653830465
0.5132528099312196,0.9984498653830465
0.5132743362831859,0.9984498653830465
0.5132958644409026,0.9984498653830465
0.5133173944045971,0.9984498653830465
0.5133389261744966,0.9984498653830465
0.5133604597508284,0.9984498653830465
0.51338199513382,0.9984498653830465
0.5134035323236984,0.9984498653830465
0.5134250713206914,0.9984498653830465
0.5134466121250262,0.9984498653830465
0.5134681547369304,0.9984498653830465
0.5134896991566316,0.9984498653830465
0.5135112453843572,0.9984498653830465
0.5135327934203349,0.9984498653830465
0.5135543432647923,0.9984498653830465
0.5135758949179571,0.9984498653830465
0.513597448380057,0.9984498653830465
0.51361900365132,0.9984498653830465
0.5136405607319735,0.9984498653830465
0.5136621196222455,0.9984498653830465
0.513683680322364,0.9984498653830465
0.5137052428325568,0.9984498653830465
0.5137268071530517,0.9984498653830465
0.5137483732840771,0.9984498653830465
0.5137699412258606,0.9984498653830465
0.5137915109786305,0.9984498653830465
0.5138130825426148,0.9984498653830465
0.5138346559180418,0.9984498653830465
0.5138562311051394,0.9984498653830465
0.5138778081041361,0.9984498653830465
0.5138993869152599,0.9984498653830465
0.5139209675387394,0.9984498653830465
0.5139641342236781,0.9984498653830465
0.5139857202855943,0.9984498653830465
0.5140073081607796,0.9984498653830465
0.5140288978494624,0.9984498653830465
0.5140504893518713,0.9984498653830465
0.5140720826682349,0.9984498653830465
0.5140936777987818,0.9984498653830465
0.5141152747437405,0.9984498653830465
0.5141368735033399,0.9984498653830465
0.5141584740778086,0.9984498653830465
0.5141800764673753,0.9984498653830465
0.5142016806722689,0.9984498653830465
0.5142232866927182,0.9984498653830465
0.5142448945289521,0.9984498653830465
0.5142665041811993,0.9984498653830465
0.514288115649689,0.9984498653830465
0.5143097289346501,0.9984498653830465
0.5143313440363116,0.9984498653830465
0.5143529609549027,0.9984498653830465
0.5143745796906524,0.9984498653830465
0.5143962002437896,0.9984498653830465
0.5144178226145439,0.9984498653830465
0.5144394468031444,0.9984498653830465
0.5144610728098201,0.9984498653830465
0.5144827006348005,0.9984498653830465
0.514504330278315,0.9984498653830465
0.5145259617405928,0.9984498653830465
0.5145475950218634,0.9984498653830465
0.5145692301223563,0.9984498653830465
0.514590867042301,0.9984498653830465
0.5146125057819267,0.9984498653830465
0.5146341463414634,0.9984498653830465
0.5146557887211405,0.9984498653830465
0.5146774329211876,0.9984498653830465
0.5146990789418345,0.9984498653830465
0.5147207267833109,0.9984498653830465
0.5147423764458465,0.9984498653830465
0.514764027929671,0.9984498653830465
0.5147856812350146,0.9984498653830465
0.5148073363621066,0.9984498653830465
0.5148289933111775,0.9984498653830465
0.5148506520824568,0.9984498653830465
0.5148723126761748,0.9984498653830465
0.5148939750925614,0.9984498653830465
0.5149156393318467,0.9984498653830465
0.5149373053942607,0.9984498653830465
0.5149589732800337,0.9984498653830465
0.5149806429893957,0.9984498653830465
0.5150023145225772,0.9984498653830465
0.5150239878798081,0.9984498653830465
0.5150456630613189,0.9984498653830465
0.5150673400673401,0.9984498653830465
0.5150890188981018,0.9984498653830465
0.5151106995538345,0.9984498653830465
0.5151323820347687,0.9984498653830465
0.5151540663411349,0.9984498653830465
0.5151757524731635,0.9984498653830465
0.5151974404310853,0.9984498653830465
0.5152191302151308,0.9984498653830465
0.5152408218255304,0.9984498653830465
0.5152625152625152,0.9984498653830465
0.5152842105263158,0.9984498653830465
0.5153059076171628,0.9984498653830465
0.5153276065352872,0.9984498653830465
0.5153493072809197,0.9984498653830465
0.5153710098542913,0.9984498653830465
0.5153927142556327,0.9984498653830465
0.5154144204851752,0.9984498653830465
0.5154361285431496,0.9984498653830465
0.5154578384297869,0.9984498653830465
0.5154795501453182,0.9984498653830465
0.5155012636899747,0.9984498653830465
0.5155229790639876,0.9984498653830465
0.5155446962675878,0.9984498653830465
0.5155664153010069,0.9984498653830465
0.5155881361644759,0.9984498653830465
0.5156098588582263,0.9984498653830465
0.5156315833824893,0.9984498653830465
0.5156533097374963,0.9984498653830465
0.5156750379234788,0.9984498653830465
0.5156967679406683,0.9984498653830465
0.5157184997892963,0.9984498653830465
0.5157402334695942,0.9984498653830465
0.5157619689817937,0.9984498653830465
0.5157837063261264,0.9984498653830465
0.5158054455028239,0.9984498653830465
0.515827186512118,0.9984498653830465
0.5158489293542404,0.9984498653830465
0.5158706740294229,0.9984498653830465
0.5158924205378973,0.9984498653830465
0.5159141688798955,0.9984498653830465
0.5159359190556493,0.9984498653830465
0.5159576710653906,0.9984498653830465
0.5159794249093516,0.9984498653830465
0.516001180587764,0.9984498653830465
0.5160229381008602,0.9984498653830465
0.516044697448872,0.9984498653830465
0.5160664586320317,0.9984498653830465
0.5160882216505714,0.9984498653830465
0.5161099865047234,0.9984498653830465
0.5161317531947197,0.9984498653830465
0.5161535217207929,0.9984498653830465
0.5161752920831751,0.9984498653830465
0.5161970642820989,0.9984498653830465
0.5162188383177965,0.9984498653830465
0.5162406141905003,0.9984498653830465
0.516262391900443,0.9984498653830465
0.5162841714478569,0.9984498653830465
0.5163059528329748,0.9984498653830465
0.516327736056029,0.9984498653830465
0.5163495211172524,0.9984498653830465
0.5163713080168776,0.9984498653830465
0.5163930967551373,0.9984498653830465
0.5164148873322644,0.9984498653830465
0.5164366797484914,0.9984498653830465
0.5164584740040513,0.9984498653830465
0.5164802700991771,0.9984498653830465
0.5165020680341015,0.9984498653830465
0.5165238678090576,0.9984498653830465
0.5165456694242783,0.9984498653830465
0.5165674728799966,0.9984498653830465
0.5165892781764457,0.9984498653830465
0.5166110853138588,0.9984498653830465
0.5166328942924687,0.9984498653830465
0.516654705112509,0.9984498653830465
0.5166765177742126,0.9984498653830465
0.5166983322778129,0.9984498653830465
0.5167201486235433,0.9984498653830465
0.5167419668116371,0.9984498653830465
0.5167637868423275,0.9984498653830465
0.5167856087158481,0.9984498653830465
0.5168074324324324,0.9984498653830465
0.5168292579923138,0.9984498653830465
0.516851085395726,0.9984498653830465
0.5168729146429024,0.9984498653830465
0.5168947457340767,0.9984498653830465
0.5169165786694826,0.9984498653830465
0.5169384134493538,0.9984498653830465
0.5169602500739239,0.9984498653830465
0.5169820885434269,0.9984498653830465
0.5170039288580964,0.9984498653830465
0.5170257710181665,0.9984498653830465
0.5170476150238709,0.9984498653830465
0.5170694608754436,0.9984498653830465
0.5170913085731187,0.9984498653830465
0.5171131581171301,0.9984498653830465
0.5171350095077119,0.9984498653830465
0.5171568627450981,0.9984498653830465
0.5171787178295228,0.9984498653830465
0.5172005747612205,0.9984498653830465
0.5172224335404252,0.9984498653830465
0.517244294167371,0.9984498653830465
0.5172661566422926,0.9984498653830465
0.5172880209654239,0.9984498653830465
0.5173098871369997,0.9984498653830465
0.5173317551572539,0.9984498653830465
0.5173536250264215,0.9984498653830465
0.5173754967447366,0.9984498653830465
0.5173973703124339,0.9984498653830465
0.5174192457297481,0.9984498653830465
0.5174411229969135,0.9984498653830465
0.5174630021141648,0.9984498653830465
0.5174848830817371,0.9984498653830465
0.5175067658998647,0.9984498653830465
0.5175286505687825,0.9984498653830465
0.5175505370887253,0.9984498653830465
0.5175724254599281,0.9984498653830465
0.5175943156826256,0.9984498653830465
0.5176162077570529,0.9984498653830465
0.5176381016834447,0.9984498653830465
0.5176599974620363,0.9984498653830465
0.5176818950930626,0.9984498653830465
0.5177037945767587,0.9984498653830465
0.5177256959133598,0.9984498653830465
0.5177475991031011,0.9984498653830465
0.5177695041462176,0.9984498653830465
0.5177914110429448,0.9984498653830465
0.5178133197935179,0.9984498653830465
0.517835230398172,0.9984498653830465
0.5178571428571429,0.9984498653830465
0.5178790571706656,0.9984498653830465
0.5179009733389759,0.9984498653830465
0.5179228913623091,0.9984498653830465
0.5179448112409006,0.9984498653830465
0.5179667329749863,0.9984498653830465
0.5179886565648015,0.9984498653830465
0.518010582010582,0.9984498653830465
0.5180325093125635,0.9984498653830465
0.5180544384709816,0.9984498653830465
0.5180763694860723,0.9984498653830465
0.5180983023580712,0.9984498653830465
0.5181202370872142,0.9984498653830465
0.5181421736737373,0.9984498653830465
0.5181641121178762,0.9984498653830465
0.518186052419867,0.9984498653830465
0.5182079945799458,0.9984498653830465
0.5182299385983485,0.9984498653830465
0.5182518844753112,0.9984498653830465
0.5182738322110702,0.9984498653830465
0.5182957818058614,0.9984498653830465
0.5183177332599213,0.9984498653830465
0.5183396865734858,0.9984498653830465
0.5183616417467914,0.9984498653830465
0.5183835987800746,0.9984498653830465
0.5184055576735714,0.9984498653830465
0.5184275184275184,0.9984498653830465
0.518449481042152,0.9984498653830465
0.5184714455177089,0.9984498653830465
0.5184934118544253,0.9984498653830465
0.5185153800525379,0.9984498653830465
0.5185373501122834,0.9984498653830465
0.5185593220338983,0.9984498653830465
0.5185812958176194,0.9984498653830465
0.5186032714636833,0.9984498653830465
0.518625248972327,0.9984498653830465
0.5186472283437871,0.9984498653830465
0.5186692095783005,0.9984498653830465
0.5186911926761041,0.9984498653830465
0.5187131776374349,0.9984498653830465
0.5187351644625297,0.9984498653830465
0.5187571531516256,0.9984498653830465
0.5187791437049597,0.9984498653830465
0.5188011361227691,0.9984498653830465
0.5188231304052908,0.9984498653830465
0.5188451265527622,0.9984498653830465
0.5188671245654202,0.9984498653830465
0.5188891244435022,0.9984498653830465
0.5189111261872456,0.9984498653830465
0.5189331297968875,0.9984498653830465
0.5189551352726656,0.9984498653830465
0.518977142614817,0.9984498653830465
0.5189991518235793,0.9984498653830465
0.51902116289919,0.9984498653830465
0.5190431758418865,0.9984498653830465
0.5190651906519065,0.9984498653830465
0.5190872073294877,0.9984498653830465
0.5191092258748674,0.9984498653830465
0.5191312462882837,0.9984498653830465
0.5191532685699741,0.9984498653830465
0.5191752927201765,0.9984498653830465
0.5191973187391286,0.9984498653830465
0.5192193466270683,0.9984498653830465
0.5192413763842335,0.9984498653830465
0.5192634080108622,0.9984498653830465
0.5192854415071922,0.9984498653830465
0.5193074768734618,0.9984498653830465
0.5193295141099088,0.9984498653830465
0.5193515532167714,0.9984498653830465
0.5193735941942876,0.9984498653830465
0.5193956370426959,0.9984498653830465
0.5194176817622342,0.9984498653830465
0.5194397283531409,0.9984498653830465
0.5194617768156543,0.9984498653830465
0.5194838271500127,0.9984498653830465
0.5195058793564545,0.9984498653830465
0.5195279334352182,0.9984498653830465
0.5195499893865422,0.9984498653830465
0.5195720472106649,0.9984498653830465
0.5195941069078249,0.9984498653830465
0.5196161684782609,0.9984498653830465
0.5196382319222114,0.9984498653830465
0.519660297239915,0.9984498653830465
0.5196823644316106,0.9984498653830465
0.5197044334975369,0.9984498653830465
0.5197265044379327,0.9984498653830465
0.5197485772530366,0.9984498653830465
0.5197706519430877,0.9984498653830465
0.5197927285083248,0.9984498653830465
0.519814806948987,0.9984498653830465
0.5198368872653131,0.9984498653830465
0.5198589694575422,0.9984498653830465
0.5198810535259133,0.9984498653830465
0.5199031394706657,0.9984498653830465
0.5199252272920384,0.9984498653830465
0.5199473169902706,0.9984498653830465
0.5199694085656016,0.9984498653830465
0.5199915020182707,0.9984498653830465
0.520013597348517,0.9984498653830465
0.5200356945565802,0.9984498653830465
0.5200577936426993,0.9984498653830465
0.520079894607114,0.9984498653830465
0.5201019974500638,0.9984498653830465
0.5201241021717881,0.9984498653830465
0.5201462087725264,0.9984498653830465
0.5201683172525183,0.9984498653830465
0.5201904276120037,0.9984498653830465
0.5202125398512221,0.9984498653830465
0.5202346539704132,0.9984498653830465
0.5202567699698167,0.9984498653830465
0.5202788878496727,0.9984498653830465
0.5203010076102207,0.9984498653830465
0.5203231292517007,0.9984498653830465
0.5203452527743526,0.9984498653830465
0.5203673781784165,0.9984498653830465
0.5203895054641323,0.9984498653830465
0.5204116346317401,0.9984498653830465
0.5204337656814799,0.9984498653830465
0.5204558986135919,0.9984498653830465
0.5204780334283162,0.9984498653830465
0.5205001701258931,0.9984498653830465
0.5205223087065629,0.9984498653830465
0.5205444491705657,0.9984498653830465
0.520566591518142,0.9984498653830465
0.5205887357495321,0.9984498653830465
0.5206108818649764,0.9984498653830465
0.5206330298647154,0.9984498653830465
0.5206551797489896,0.9984498653830465
0.5206773315180395,0.9984498653830465
0.5206994851721057,0.9984498653830465
0.5207216407114288,0.9984498653830465
0.5207437981362495,0.9984498653830465
0.5207659574468085,0.9984498653830465
0.5207881186433465,0.9984498653830465
0.5208102817261043,0.9984498653830465
0.5208324466953228,0.9984498653830465
0.5208546135512427,0.9984498653830465
0.5208767822941052,0.9984498653830465
0.5208989529241509,0.9984498653830465
0.520921125441621,0.9984498653830465
0.5209432998467564,0.9984498653830465
0.5209654761397983,0.9984498653830465
0.5209876543209877,0.9984498653830465
0.5210098343905658,0.9984498653830465
0.5210320163487738,0.9984498653830465
0.521054200195853,0.9984498653830465
0.5210763859320446,0.9984498653830465
0.5210985735575899,0.9984498653830465
0.5211207630727304,0.9984498653830465
0.5211429544777073,0.9984498653830465
0.5211651477727621,0.9984498653830465
0.5211873429581364,0.9984498653830465
0.5212095400340716,0.9984498653830465
0.5212317390008092,0.9984498653830465
0.521253939858591,0.9984498653830465
0.5212761426076585,0.9984498653830465
0.5212983472482535,0.9984498653830465
0.5213205537806177,0.9984498653830465
0.5213427622049928,0.9984498653830465
0.5213649725216206,0.9984498653830465
0.521387184730743,0.9984498653830465
0.521409398832602,0.9984498653830465
0.5214316148274393,0.9984498653830465
0.5214538327154971,0.9984498653830465
0.5214760524970172,0.9984498653830465
0.5214982741722419,0.9984498653830465
0.5215204977414131,0.9984498653830465
0.521542723204773,0.9984498653830465
0.5215649505625639,0.9984498653830465
0.5215871798150279,0.9984498653830465
0.5216094109624073,0.9984498653830465
0.5216316440049443,0.9984498653830465
0.5216538789428815,0.9984498653830465
0.5216761157764611,0.9984498653830465
0.5216983545059255,0.9984498653830465
0.5217205951315173,0.9984498653830465
0.5217428376534788,0.9984498653830465
0.5217650820720529,0.9984498653830465
0.5217873283874819,0.9984498653830465
0.5218095766000085,0.9984498653830465
0.5218318267098755,0.9984498653830465
0.5218540787173255,0.9984498653830465
0.5218763326226012,0.9984498653830465
0.5218985884259457,0.9984498653830465
0.5219208461276015,0.9984498653830465
0.5219431057278117,0.9984498653830465
0.5219653672268191,0.9984498653830465
0.5219876306248667,0.9984498653830465
0.521967241085139,0.9983682793505751
0.5219895064624834,0.9983682793505751
0.5220117737394421,0.9983682793505751
0.5220340429162579,0.9983682793505751
0.5220563139931741,0.9983682793505751
0.5220785869704339,0.9983682793505751
0.5221008618482805,0.9983682793505751
0.5221231386269574,0.9983682793505751
0.5221454173067076,0.9983682793505751
0.5221676978877747,0.9983682793505751
0.522189980370402,0.9983682793505751
0.522212264754833,0.9983682793505751
0.522234551041311,0.9983682793505751
0.5222568392300798,0.9983682793505751
0.5222791293213829,0.9983682793505751
0.5223014213154638,0.9983682793505751
0.5223237152125662,0.9983682793505751
0.5223460110129338,0.9983682793505751
0.5223683087168104,0.9983682793505751
0.5223906083244397,0.9983682793505751
0.5224129098360656,0.9983682793505751
0.5224352132519319,0.9983682793505751
0.5224575185722825,0.9983682793505751
0.5224798257973613,0.9983682793505751
0.5225021349274125,0.9983682793505751
0.5225244459626799,0.9983682793505751
0.5225467589034076,0.9983682793505751
0.5225690737498399,0.9983682793505751
0.5225913905022207,0.9983682793505751
0.5226137091607944,0.9983682793505751
0.522636029725805,0.9983682793505751
0.5226583521974971,0.9983682793505751
0.5226806765761148,0.9983682793505751
0.5227030028619025,0.9983682793505751
0.5227253310551047,0.9983682793505751
0.5227476611559656,0.9983682793505751
0.52276999316473,0.9983682793505751
0.5227923270816422,0.9983682793505751
0.5228146629069469,0.9983682793505751
0.5228370006408887,0.9983682793505751
0.5228593402837122,0.9983682793505751
0.5228816818356621,0.9983682793505751
0.5229040252969832,0.9983682793505751
0.5229263706679201,0.9983682793505751
0.522948717948718,0.9983682793505751
0.5229710671396214,0.9983682793505751
0.5229934182408753,0.9983682793505751
0.5230157712527247,0.9983682793505751
0.5230381261754146,0.9983682793505751
0.52306048300919,0.9983682793505751
0.523082841754296,0.9983682793505751
0.5231052024109777,0.9983682793505751
0.5231275649794802,0.9983682793505751
0.5231499294600488,0.9983682793505751
0.5231722958529286,0.9983682793505751
0.523194664158365,0.9983682793505751
0.5232170343766034,0.9983682793505751
0.523239406507889,0.9983682793505751
0.5232617805524673,0.9983682793505751
0.5232841565105837,0.9983682793505751
0.5233065343824838,0.9983682793505751
0.523328914168413,0.9983682793505751
0.5233512958686168,0.9983682793505751
0.5233736794833411,0.9983682793505751
0.5233960650128315,0.9983682793505751
0.5234184524573335,0.9983682793505751
0.5234408418170929,0.9983682793505751
0.5234632330923558,0.9983682793505751
0.5234856262833676,0.9983682793505751
0.5235080213903743,0.9983682793505751
0.523530418413622,0.9983682793505751
0.5235528173533565,0.9983682793505751
0.5235752182098237,0.9983682793505751
0.5235976209832699,0.9983682793505751
0.523620025673941,0.9983682793505751
0.5236424322820831,0.9983682793505751
0.5236648408079425,0.9983682793505751
0.5236872512517653,0.9983682793505751
0.5237096636137978,0.9983682793505751
0.5237320778942863,0.9983682793505751
0.5237544940934772,0.9983682793505751
0.5237769122116167,0.9983682793505751
0.5237993322489513,0.9983682793505751
0.5238217542057275,0.9983682793505751
0.5238441780821917,0.9983682793505751
0.5238666038785907,0.9983682793505751
0.5238890315951709,0.9983682793505751
0.5239114612321788,0.9983682793505751
0.5239338927898612,0.9983682793505751
0.523956326268465,0.9983682793505751
0.5239787616682368,0.9983682793505751
0.5240011989894232,0.9983682793505751
0.5240236382322713,0.9983682793505751
0.524046079397028,0.9983682793505751
0.5240685224839401,0.9983682793505751
0.5240909674932546,0.9983682793505751
0.5241134144252184,0.9983682793505751
0.5241358632800788,0.9983682793505751
0.5241583140580828,0.9983682793505751
0.5241807667594774,0.9983682793505751
0.5242032213845099,0.9983682793505751
0.5242256779334276,0.9983682793505751
0.5242481364064776,0.9983682793505751
0.5242705968039073,0.9983682793505751
0.524293059125964,0.9983682793505751
0.5243155233728951,0.9983682793505751
0.5243379895449481,0.9983682793505751
0.5243604576423705,0.9983682793505751
0.5243829276654096,0.9983682793505751
0.5244053996143133,0.9983682793505751
0.5244278734893288,0.9983682793505751
0.5244503492907041,0.9983682793505751
0.5244728270186868,0.9983682793505751
0.5244953066735245,0.9983682793505751
0.524517788255465,0.9983682793505751
0.5245402717647563,0.9983682793505751
0.5245627572016461,0.9983682793505751
0.5245852445663823,0.9983682793505751
0.5246077338592129,0.9983682793505751
0.5246302250803858,0.9983682793505751
0.5246527182301493,0.9983682793505751
0.524675213308751,0.9983682793505751
0.5246977103164394,0.9983682793505751
0.5247202092534625,0.9983682793505751
0.5247427101200686,0.9983682793505751
0.5247652129165059,0.9983682793505751
0.5247877176430226,0.9983682793505751
0.524810224299867,0.9983682793505751
0.5248327328872877,0.9983682793505751
0.5248552434055329,0.9983682793505751
0.5248777558548512,0.9983682793505751
0.5249002702354909,0.9983682793505751
0.5249227865477007,0.9983682793505751
0.5249453047917292,0.9983682793505751
0.524967824967825,0.9983682793505751
0.5249903470762366,0.9983682793505751
0.525012871117213,0.9983682793505751
0.5250353970910027,0.9983682793505751
0.5250579249978546,0.9983682793505751
0.5250804548380176,0.9983682793505751
0.5251029866117405,0.9983682793505751
0.5251255203192722,0.9983682793505751
0.5251480559608618,0.9983682793505751
0.5251705935367581,0.9983682793505751
0.5251931330472103,0.9983682793505751
0.5252156744924675,0.9983682793505751
0.5252382178727788,0.9983682793505751
0.5252607631883933,0.9983682793505751
0.5252833104395604,0.9983682793505751
0.5253058596265293,0.9983682793505751
0.5253284107495493,0.9983682793505751
0.5253509638088696,0.9983682793505751
0.5253735188047398,0.9983682793505751
0.5253960757374093,0.9983682793505751
0.5254186346071276,0.9983682793505751
0.525441195414144,0.9983682793505751
0.5254637581587084,0.9983682793505751
0.5254863228410701,0.9983682793505751
0.525508889461479,0.9983682793505751
0.5255314580201846,0.9983682793505751
0.5255540285174368,0.9983682793505751
0.5255766009534854,0.9983682793505751
0.52559917532858,0.9983682793505751
0.5256217516429706,0.9983682793505751
0.5256443298969072,0.9983682793505751
0.5256669100906396,0.9983682793505751
0.5256894922244179,0.9983682793505751
0.525712076298492,0.9983682793505751
0.5257346623131122,0.9983682793505751
0.5257572502685285,0.9983682793505751
0.525779840164991,0.9983682793505751
0.52580243200275,0.9983682793505751
0.5258250257820557,0.9983682793505751
0.5258476215031584,0.9983682793505751
0.5258702191663086,0.9983682793505751
0.5258928187717564,0.9983682793505751
0.5259154203197525,0.9983682793505751
0.5259380238105471,0.9983682793505751
0.5259606292443909,0.9983682793505751
0.5259832366215345,0.9983682793505751
0.5260058459422283,0.9983682793505751
0.5260284572067231,0.9983682793505751
0.5260510704152696,0.9983682793505751
0.5260736855681183,0.9983682793505751
0.5260963026655202,0.9983682793505751
0.526118921707726,0.9983682793505751
0.5261415426949867,0.9983682793505751
0.526164165627553,0.9983682793505751
0.526186790505676,0.9983682793505751
0.5262094173296066,0.9983682793505751
0.5262320460995957,0.9983682793505751
0.5262546768158948,0.9983682793505751
0.5262773094787545,0.9983682793505751
0.5262999440884263,0.9983682793505751
0.5263225806451612,0.9983682793505751
0.5263452191492107,0.9983682793505751
0.5263678596008259,0.9983682793505751
0.526390502000258,0.9983682793505751
0.5264131463477587,0.9983682793505751
0.5264357926435793,0.9983682793505751
0.5264584408879711,0.9983682793505751
0.5264810910811857,0.9983682793505751
0.5265037432234747,0.9983682793505751
0.5265263973150898,0.9983682793505751
0.5265490533562823,0.9983682793505751
0.5265717113473041,0.9983682793505751
0.5265943712884069,0.9983682793505751
0.5266170331798425,0.9983682793505751
0.5266396970218626,0.9983682793505751
0.5266623628147191,0.9983682793505751
0.526685030558664,0.9983682793505751
0.5267077002539491,0.9983682793505751
0.5267303719008265,0.9983682793505751
0.526753045499548,0.9983682793505751
0.5267757210503659,0.9983682793505751
0.5267983985535323,0.9983682793505751
0.5268210780092991,0.9983682793505751
0.5268437594179188,0.9983682793505751
0.5268664427796435,0.9983682793505751
0.5268891280947255,0.9983682793505751
0.5269118153634171,0.9983682793505751
0.5269345045859708,0.9983682793505751
0.5269571957626389,0.9983682793505751
0.5269798888936739,0.9983682793505751
0.5270025839793282,0.9983682793505751
0.5270252810198545,0.9983682793505751
0.5270479800155052,0.9983682793505751
0.5270706809665331,0.9983682793505751
0.5270933838731909,0.9983682793505751
0.5271160887357312,0.9983682793505751
0.5271387955544068,0.9983682793505751
0.5271615043294705,0.9983682793505751
0.5271842150611753,0.9983682793505751
0.5272069277497738,0.9983682793505751
0.5272296423955192,0.9983682793505751
0.5272523589986643,0.9983682793505751
0.5272750775594622,0.9983682793505751
0.5272977980781661,0.9983682793505751
0.5273205205550289,0.9983682793505751
0.5273432449903038,0.9983682793505751
0.5273659713842441,0.9983682793505751
0.527388699737103,0.9983682793505751
0.5274114300491337,0.9983682793505751
0.5274341623205896,0.9983682793505751
0.5274568965517241,0.9983682793505751
0.5274796327427906,0.9983682793505751
0.5275023708940426,0.9983682793505751
0.5275251110057335,0.9983682793505751
0.5275478530781169,0.9983682793505751
0.5275705971114464,0.9983682793505751
0.5275933431059757,0.9983682793505751
0.5276160910619584,0.9983682793505751
0.5276388409796482,0.9983682793505751
0.5276615928592988,0.9983682793505751
0.5276843467011643,0.9983682793505751
0.5277071025054983,0.9983682793505751
0.5277298602725548,0.9983682793505751
0.5277526200025876,0.9983682793505751
0.5277753816958509,0.9983682793505751
0.5277981453525986,0.9983682793505751
0.5278209109730849,0.9983682793505751
0.5278436785575638,0.9983682793505751
0.5278664481062894,0.9983682793505751
0.527889219619516,0.9983682793505751
0.5279119930974978,0.9983682793505751
0.5279347685404893,0.9983682793505751
0.5279575459487444,0.9983682793505751
0.527980325322518,0.9983682793505751
0.5280031066620642,0.9983682793505751
0.5280258899676376,0.9983682793505751
0.5280486752394925,0.9983682793505751
0.5280714624778837,0.9983682793505751
0.5280942516830658,0.9983682793505751
0.5281170428552933,0.9983682793505751
0.5281398359948208,0.9983682793505751
0.5281626311019034,0.9983682793505751
0.5281854281767956,0.9983682793505751
0.5282082272197522,0.9983682793505751
0.5282310282310282,0.9983682793505751
0.5282538312108784,0.9983682793505751
0.5282766361595579,0.9983682793505751
0.5282994430773216,0.9983682793505751
0.5283222519644245,0.9983682793505751
0.5283450628211217,0.9983682793505751
0.5283678756476684,0.9983682793505751
0.5283906904443197,0.9983682793505751
0.5284135072113308,0.9983682793505751
0.5284363259489571,0.9983682793505751
0.5284591466574537,0.9983682793505751
0.5284819693370763,0.9983682793505751
0.5285047939880798,0.9983682793505751
0.52852762061072,0.9983682793505751
0.5285504492052523,0.9983682793505751
0.5285732797719321,0.9983682793505751
0.5285961123110151,0.9983682793505751
0.5286189468227569,0.9983682793505751
0.5286417833074132,0.9983682793505751
0.5286646217652395,0.9983682793505751
0.5286874621964919,0.9983682793505751
0.5287103046014258,0.9983682793505751
0.5287331489802972,0.9983682793505751
0.5287559953333621,0.9983682793505751
0.5287788436608764,0.9983682793505751
0.5288016939630958,0.9983682793505751
0.5288245462402765,0.9983682793505751
0.5288474004926748,0.9983682793505751
0.5288702567205463,0.9983682793505751
0.5288931149241475,0.9983682793505751
0.5289159751037344,0.9983682793505751
0.5289388372595635,0.9983682793505751
0.5289617013918907,0.9983682793505751
0.5289845675009727,0.9983682793505751
0.5290074355870655,0.9983682793505751
0.5290303056504259,0.9983682793505751
0.52905317769131,0.9983682793505751
0.5290760517099745,0.9983682793505751
0.5290989277066759,0.9983682793505751
0.5291218056816708,0.9983682793505751
0.5291446856352158,0.9983682793505751
0.5291675675675676,0.9983682793505751
0.5291904514789829,0.9983682793505751
0.5292133373697184,0.9983682793505751
0.5292362252400311,0.9983682793505751
0.5292591150901778,0.9983682793505751
0.5292820069204153,0.9983682793505751
0.5293049007310004,0.9983682793505751
0.5293277965221905,0.9983682793505751
0.5293506942942423,0.9983682793505751
0.529373594047413,0.9983682793505751
0.5293964957819598,0.9983682793505751
0.5294193994981397,0.9983682793505751
0.5294423051962099,0.9983682793505751
0.5294652128764278,0.9983682793505751
0.5294881225390506,0.9983682793505751
0.5295110341843358,0.9983682793505751
0.5295339478125406,0.9983682793505751
0.5295568634239225,0.9983682793505751
0.5295797810187389,0.9983682793505751
0.5296027005972475,0.9983682793505751
0.5296256221597057,0.9983682793505751
0.5296485457063712,0.9983682793505751
0.5296714712375016,0.9983682793505751
0.5296943987533547,0.9983682793505751
0.5297173282541882,0.9983682793505751
0.5297402597402597,0.9983682793505751
0.5297631932118273,0.9983682793505751
0.5297861286691489,0.9983682793505751
0.5298090661124821,0.9983682793505751
0.5298320055420852,0.9983682793505751
0.5298549469582161,0.9983682793505751
0.5298778903611328,0.9983682793505751
0.5299008357510934,0.9983682793505751
0.5299237831283562,0.9983682793505751
0.5299467324931791,0.9983682793505751
0.5299696838458207,0.9983682793505751
0.529992637186539,0.9983682793505751
0.5300155925155925,0.9983682793505751
0.5300385498332395,0.9983682793505751
0.5300615091397384,0.9983682793505751
0.5300844704353477,0.9983682793505751
0.5301074337203258,0.9983682793505751
0.5301303989949313,0.9983682793505751
0.5301533662594229,0.9983682793505751
0.5301763355140592,0.9983682793505751
0.5301993067590988,0.9983682793505751
0.5302222799948004,0.9983682793505751
0.530245255221423,0.9983682793505751
0.5302682324392252,0.9983682793505751
0.5302912116484659,0.9983682793505751
0.5303141928494041,0.9983682793505751
0.5303371760422987,0.9983682793505751
0.5303601612274087,0.9983682793505751
0.530383148404993,0.9983682793505751
0.530406137575311,0.9983682793505751
0.5304291287386216,0.9983682793505751
0.530452121895184,0.9983682793505751
0.5304751170452575,0.9983682793505751
0.5304981141891013,0.9983682793505751
0.5305211133269747,0.9983682793505751
0.5305441144591372,0.9983682793505751
0.5305671175858481,0.9983682793505751
0.5305901227073668,0.9983682793505751
0.5306131298239528,0.9983682793505751
0.5306361389358657,0.9983682793505751
0.5306591500433652,0.9983682793505751
0.5306821631467106,0.9983682793505751
0.5307051782461618,0.9983682793505751
0.5307281953419786,0.9983682793505751
0.5307512144344205,0.9983682793505751
0.5307742355237476,0.9983682793505751
0.5307972586102195,0.9983682793505751
0.5308202836940962,0.9983682793505751
0.5308433107756377,0.9983682793505751
0.5308663398551039,0.9983682793505751
0.5308893709327549,0.9983682793505751
0.5309124040088508,0.9983682793505751
0.5309354390836515,0.9983682793505751
0.5309584761574174,0.9983682793505751
0.5309815152304087,0.9983682793505751
0.5310045563028857,0.9983682793505751
0.5310275993751085,0.9983682793505751
0.5310506444473376,0.9983682793505751
0.5310736915198333,0.9983682793505751
0.5310967405928562,0.9983682793505751
0.5311197916666667,0.9983682793505751
0.5311428447415253,0.9983682793505751
0.5311658998176925,0.9983682793505751
0.5311889568954291,0.9983682793505751
0.5312120159749957,0.9983682793505751
0.531235077056653,0.9983682793505751
0.5312581401406616,0.9983682793505751
0.5312812052272826,0.9983682793505751
0.5313042723167767,0.9983682793505751
0.5313273414094047,0.9983682793505751
0.5313504125054277,0.9983682793505751
0.5313734856051066,0.9983682793505751
0.5313965607087024,0.9983682793505751
0.5314196378164763,0.9983682793505751
0.5314427169286893,0.9983682793505751
0.5314657980456026,0.9983682793505751
0.5314888811674774,0.9983682793505751
0.531511966294575,0.9983682793505751
0.5315350534271567,0.9983682793505751
0.5315581425654837,0.9983682793505751
0.5315812337098176,0.9983682793505751
0.5316043268604197,0.9983682793505751
0.5316274220175515,0.9983682793505751
0.5316505191814745,0.9983682793505751
0.5316736183524504,0.9983682793505751
0.5316967195307408,0.9983682793505751
0.5317198227166073,0.9983682793505751
0.5317429279103115,0.9983682793505751
0.5317660351121154,0.9983682793505751
0.5317891443222806,0.9983682793505751
0.5318122555410691,0.9983682793505751
0.5318353687687427,0.9983682793505751
0.5318584840055632,0.9983682793505751
0.531881601251793,0.9983682793505751
0.5319047205076937,0.9983682793505751
0.5319278417735275,0.9983682793505751
0.5319509650495566,0.9983682793505751
0.5319740903360431,0.9983682793505751
0.5319972176332493,0.9983682793505751
0.5320203469414373,0.9983682793505751
0.5320434782608696,0.9983682793505751
0.5320666115918083,0.9983682793505751
0.532089746934516,0.9983682793505751
0.5321128842892551,0.9983682793505751
0.5321360236562881,0.9983682793505751
0.5321591650358773,0.9983682793505751
0.5321823084282856,0.9983682793505751
0.5322054538337755,0.9983682793505751
0.5322286012526096,0.9983682793505751
0.5322749021313614,0.9983682793505751
0.5322980555918048,0.9983682793505751
0.5323212110666434,0.9983682793505751
0.5323443685561404,0.9983682793505751
0.5323675280605586,0.9983682793505751
0.532390689580161,0.9983682793505751
0.5324138531152106,0.9983682793505751
0.5324370186659705,0.9983682793505751
0.5324601862327039,0.9983682793505751
0.5324833558156739,0.9983682793505751
0.5325065274151436,0.9983682793505751
0.5325297010313764,0.9983682793505751
0.5325528766646357,0.9983682793505751
0.5325760543151847,0.9983682793505751
0.5325992339832869,0.9983682793505751
0.5326224156692057,0.9983682793505751
0.5326455993732044,0.9983682793505751
0.5326687850955469,0.9983682793505751
0.5326919728364966,0.9983682793505751
0.5327151625963171,0.9983682793505751
0.5327383543752721,0.9983682793505751
0.5327615481736253,0.9983682793505751
0.5327847439916406,0.9983682793505751
0.5328079418295816,0.9983682793505751
0.5328311416877123,0.9983682793505751
0.5328543435662966,0.9983682793505751
0.5328775474655983,0.9983682793505751
0.5329007533858816,0.9983682793505751
0.5329239613274105,0.9983682793505751
0.532947171290449,0.9983682793505751
0.5329703832752614,0.9983682793505751
0.5329935972821116,0.9983682793505751
0.533016813311264,0.9983682793505751
0.533040031362983,0.9983682793505751
0.5330632514375326,0.9983682793505751
0.5330864735351776,0.9983682793505751
0.5331096976561819,0.9983682793505751
0.5331329238008103,0.9983682793505751
0.5331561519693273,0.9983682793505751
0.5331793821619973,0.9983682793505751
0.533202614379085,0.9983682793505751
0.533225848620855,0.9983682793505751
0.533249084887572,0.9983682793505751
0.5332723231795006,0.9983682793505751
0.5332955634969058,0.9983682793505751
0.5333188058400523,0.9983682793505751
0.533342050209205,0.9983682793505751
0.5333652966046288,0.9983682793505751
0.5333885450265888,0.9983682793505751
0.5334117954753498,0.9983682793505751
0.533435047951177,0.9983682793505751
0.5334583024543355,0.9983682793505751
0.5334815589850902,0.9983682793505751
0.5335048175437067,0.9983682793505751
0.53352807813045,0.9983682793505751
0.5335513407455853,0.9983682793505751
0.5335746053893782,0.9983682793505751
0.533597872062094,0.9983682793505751
0.5336211407639979,0.9983682793505751
0.5336444114953557,0.9983682793505751
0.5336676842564326,0.9983682793505751
0.5336909590474944,0.9983682793505751
0.5337142358688067,0.9983682793505751
0.533737514720635,0.9983682793505751
0.5337607956032452,0.9983682793505751
0.5337840785169029,0.9983682793505751
0.5338073634618741,0.9983682793505751
0.5338306504384243,0.9983682793505751
0.5338539394468197,0.9983682793505751
0.533877230487326,0.9983682793505751
0.5339005235602095,0.9983682793505751
0.5339238186657359,0.9983682793505751
0.5339471158041714,0.9983682793505751
0.5339704149757821,0.9983682793505751
0.5339937161808344,0.9983682793505751
0.5340170194195941,0.9983682793505751
0.5340403246923279,0.9983682793505751
0.5340636319993017,0.9983682793505751
0.5340869413407822,0.9983682793505751
0.5341102527170355,0.9983682793505751
0.5341335661283282,0.9983682793505751
0.5341568815749269,0.9983682793505751
0.5341801990570979,0.9983682793505751
0.5342035185751081,0.9983682793505751
0.5342268401292238,0.9983682793505751
0.5342501637197119,0.9983682793505751
0.5342734893468389,0.9983682793505751
0.534296817010872,0.9983682793505751
0.5343201467120775,0.9983682793505751
0.5343434784507227,0.9983682793505751
0.5343668122270743,0.9983682793505751
0.5343901480413992,0.9983682793505751
0.5344134858939645,0.9983682793505751
0.5344368257850374,0.9983682793505751
0.5344601677148847,0.9983682793505751
0.5344835116837737,0.9983682793505751
0.5345068576919717,0.9983682793505751
0.5345302057397457,0.9983682793505751
0.5345535558273633,0.9983682793505751
0.5345769079550915,0.9983682793505751
0.5346002621231979,0.9983682793505751
0.5346236183319498,0.9983682793505751
0.5346469765816149,0.9983682793505751
0.5346703368724604,0.9983682793505751
0.534693699204754,0.9983682793505751
0.5347170635787634,0.9983682793505751
0.5347404299947561,0.9983682793505751
0.534763798453,0.9983682793505751
0.5347871689537628,0.9983682793505751
0.5348105414973122,0.9983682793505751
0.5348339160839161,0.9983682793505751
0.5348572927138424,0.9983682793505751
0.5348806713873591,0.9983682793505751
0.534904052104734,0.9983682793505751
0.5349274348662354,0.9983682793505751
0.5349508196721311,0.9983682793505751
0.5349742065226896,0.9983682793505751
0.5349975954181786,0.9983682793505751
0.5350209863588667,0.9983682793505751
0.535044379345022,0.9983682793505751
0.535067774376913,0.9983682793505751
0.5350911714548078,0.9983682793505751
0.5351145705789749,0.9983682793505751
0.5351379717496829,0.9983682793505751
0.5351613749672002,0.9983682793505751
0.5351847802317953,0.9983682793505751
0.5352081875437369,0.9983682793505751
0.5352315969032936,0.9983682793505751
0.5352550083107339,0.9983682793505751
0.5352784217663269,0.9983682793505751
0.5353018372703412,0.9983682793505751
0.5353252548230456,0.9983682793505751
0.5353486744247091,0.9983682793505751
0.5353720960756004,0.9983682793505751
0.5353955197759888,0.9983682793505751
0.5354189455261431,0.9983682793505751
0.5354423733263324,0.9983682793505751
0.5354658031768258,0.9983682793505751
0.5354892350778925,0.9983682793505751
0.5355126690298018,0.9983682793505751
0.5355361050328228,0.9983682793505751
0.5355595430872249,0.9983682793505751
0.5355829831932774,0.9983682793505751
0.5356064253512496,0.9983682793505751
0.5356298695614112,0.9983682793505751
0.5356533158240315,0.9983682793505751
0.5356767641393801,0.9983682793505751
0.5357002145077266,0.9983682793505751
0.5357236669293407,0.9983682793505751
0.5357471214044919,0.9983682793505751
0.5357705779334501,0.9983682793505751
0.5357940365164849,0.9983682793505751
0.5358174971538664,0.9983682793505751
0.5358409598458642,0.9983682793505751
0.5358644245927483,0.9983682793505751
0.5358878913947887,0.9983682793505751
0.5359113602522554,0.9983682793505751
0.5359348311654185,0.9983682793505751
0.535958304134548,0.9983682793505751
0.5359817791599142,0.9983682793505751
0.5360052562417871,0.9983682793505751
0.5360287353804372,0.9983682793505751
0.5360522165761346,0.9983682793505751
0.5360756998291497,0.9983682793505751
0.536099185139753,0.9983682793505751
0.5361226725082147,0.9983682793505751
0.5361461619348055,0.9983682793505751
0.5361696534197958,0.9983682793505751
0.5361931469634563,0.9983682793505751
0.5362166425660576,0.9983682793505751
0.5362401402278703,0.9983682793505751
0.5362636399491651,0.9983682793505751
0.536287141730213,0.9983682793505751
0.5363106455712846,0.9983682793505751
0.5363341514726507,0.9983682793505751
0.5363576594345825,0.9983682793505751
0.5363811694573507,0.9983682793505751
0.5364046815412264,0.9983682793505751
0.5364281956864808,0.9983682793505751
0.5364517118933848,0.9983682793505751
0.5364752301622095,0.9983682793505751
0.5364987504932264,0.9983682793505751
0.5365222728867064,0.9983682793505751
0.5365457973429211,0.9983682793505751
0.5365693238621415,0.9983682793505751
0.5365928524446393,0.9983682793505751
0.5366163830906858,0.9983682793505751
0.5366399158005526,0.9983682793505751
0.536663450574511,0.9983682793505751
0.5366869874128327,0.9983682793505751
0.5367105263157895,0.9983682793505751
0.5367340672836528,0.9983682793505751
0.5367576103166944,0.9983682793505751
0.5367811554151862,0.9983682793505751
0.5368047025793999,0.9983682793505751
0.5368282518096074,0.9983682793505751
0.5368518031060805,0.9983682793505751
0.5368753564690913,0.9983682793505751
0.5368989118989119,0.9983682793505751
0.5369224693958141,0.9983682793505751
0.5369460289600702,0.9983682793505751
0.5369695905919523,0.9983682793505751
0.5369931542917324,0.9983682793505751
0.5370167200596832,0.9983682793505751
0.5370402878960765,0.9983682793505751
0.537063857801185,0.9983682793505751
0.5370874297752809,0.9983682793505751
0.5371110038186367,0.9983682793505751
0.5371345799315249,0.9983682793505751
0.537158158114218,0.9983682793505751
0.5371817383669886,0.9983682793505751
0.5372053206901093,0.9983682793505751
0.5372289050838528,0.9983682793505751
0.5372524915484919,0.9983682793505751
0.5372760800842993,0.9983682793505751
0.5372996706915477,0.9983682793505751
0.5373232633705103,0.9983682793505751
0.5373468581214597,0.9983682793505751
0.5373704549446688,0.9983682793505751
0.5373940538404111,0.9983682793505751
0.5374176548089592,0.9983682793505751
0.5374412578505863,0.9983682793505751
0.5374648629655657,0.9983682793505751
0.5374884701541706,0.9983682793505751
0.537512079416674,0.9983682793505751
0.5375356907533494,0.9983682793505751
0.5375593041644702,0.9983682793505751
0.5375829196503097,0.9983682793505751
0.5376065372111414,0.9983682793505751
0.5376301568472387,0.9983682793505751
0.5376537785588752,0.9983682793505751
0.5376774023463246,0.9983682793505751
0.5377010282098603,0.9983682793505751
0.5377246561497561,0.9983682793505751
0.5377482861662858,0.9983682793505751
0.5377719182597231,0.9983682793505751
0.5377955524303419,0.9983682793505751
0.537819188678416,0.9983682793505751
0.5378428270042194,0.9983682793505751
0.537866467408026,0.9983682793505751
0.5378901098901099,0.9983682793505751
0.5379137544507451,0.9983682793505751
0.5379374010902057,0.9983682793505751
0.537961049808766,0.9983682793505751
0.5379847006067001,0.9983682793505751
0.5380083534842822,0.9983682793505751
0.5380320084417869,0.9983682793505751
0.5380556654794882,0.9983682793505751
0.5380793245976607,0.9983682793505751
0.5381029857965789,0.9983682793505751
0.5381266490765172,0.9983682793505751
0.5381503144377501,0.9983682793505751
0.5381739818805524,0.9983682793505751
0.5381976514051986,0.9983682793505751
0.5382213230119635,0.9983682793505751
0.5382449967011216,0.9983682793505751
0.538268672472948,0.9983682793505751
0.5382923503277174,0.9983682793505751
0.5383160302657047,0.9983682793505751
0.5383397122871849,0.9983682793505751
0.5383633963924329,0.9983682793505751
0.5383870825817237,0.9983682793505751
0.5384107708553326,0.9983682793505751
0.5384344612135346,0.9983682793505751
0.5384581536566048,0.9983682793505751
0.5384818481848185,0.9983682793505751
0.538505544798451,0.9983682793505751
0.5385292434977775,0.9983682793505751
0.5385529442830737,0.9983682793505751
0.5385766471546146,0.9983682793505751
0.5386003521126761,0.9983682793505751
0.5386240591575333,0.9983682793505751
0.5386477682894621,0.9983682793505751
0.538671479508738,0.9983682793505751
0.5386951928156366,0.9983682793505751
0.5387189082104337,0.9983682793505751
0.5387426256934049,0.9983682793505751
0.5387663452648264,0.9983682793505751
0.5387900669249736,0.9983682793505751
0.5388137906741227,0.9983682793505751
0.5388375165125495,0.9983682793505751
0.5388612444405302,0.9983682793505751
0.5388849744583407,0.9983682793505751
0.5389087065662571,0.9983682793505751
0.5389324407645556,0.9983682793505751
0.5389561770535124,0.9983682793505751
0.5389799154334038,0.9983682793505751
0.539003655904506,0.9983682793505751
0.5390273984670955,0.9983682793505751
0.5390511431214484,0.9983682793505751
0.5390748898678414,0.9983682793505751
0.539098638706551,0.9983682793505751
0.5391223896378535,0.9983682793505751
0.5391461426620259,0.9983682793505751
0.5391698977793444,0.9983682793505751
0.5391936549900859,0.9983682793505751
0.5392174142945272,0.9983682793505751
0.5392411756929449,0.9983682793505751
0.539264939185616,0.9983682793505751
0.5392887047728174,0.9983682793505751
0.5393124724548259,0.9983682793505751
0.5393362422319186,0.9983682793505751
0.5393600141043724,0.9983682793505751
0.5393837880724645,0.9983682793505751
0.5394075641364718,0.9983682793505751
0.5394313422966718,0.9983682793505751
0.5394551225533416,0.9983682793505751
0.5394789049067583,0.9983682793505751
0.5395026893571996,0.9983682793505751
0.5395264759049425,0.9983682793505751
0.5395502645502646,0.9983682793505751
0.5395740552934433,0.9983682793505751
0.5395978481347562,0.9983682793505751
0.5396216430744808,0.9983682793505751
0.5396454401128947,0.9983682793505751
0.5396692392502757,0.9983682793505751
0.5396930404869013,0.9983682793505751
0.5397168438230494,0.9983682793505751
0.5397406492589979,0.9983682793505751
0.5397644567950245,0.9983682793505751
0.5397882664314071,0.9983682793505751
0.5398120781684238,0.9983682793505751
0.5398358920063525,0.9983682793505751
0.5398597079454714,0.9983682793505751
0.5398835259860584,0.9983682793505751
0.5399073461283918,0.9983682793505751
0.5399311683727497,0.9983682793505751
0.5399549927194105,0.9983682793505751
0.5399788191686524,0.9983682793505751
0.5400026477207537,0.9983682793505751
0.5400264783759929,0.9983682793505751
0.5400503111346485,0.9983682793505751
0.5400741459969989,0.9983682793505751
0.5400979829633226,0.9983682793505751
0.5401218220338984,0.9983682793505751
0.5401456632090046,0.9983682793505751
0.5401695064889203,0.9983682793505751
0.540193351873924,0.9983682793505751
0.5402171993642946,0.9983682793505751
0.5402410489603108,0.9983682793505751
0.5402649006622516,0.9983682793505751
0.540288754470396,0.9983682793505751
0.540312610385023,0.9983682793505751
0.5403364684064115,0.9983682793505751
0.5403603285348406,0.9983682793505751
0.5403841907705895,0.9983682793505751
0.5404080551139374,0.9983682793505751
0.5404319215651636,0.9983682793505751
0.5404557901245473,0.9983682793505751
0.5404796607923679,0.9983682793505751
0.5405035335689046,0.9983682793505751
0.540527408454437,0.9983682793505751
0.5405512854492446,0.9983682793505751
0.5405751645536069,0.9983682793505751
0.5405990457678035,0.9983682793505751
0.540622929092114,0.9983682793505751
0.5406468145268181,0.9983682793505751
0.5406707020721955,0.9983682793505751
0.540694591728526,0.9983682793505751
0.5407184834960894,0.9983682793505751
0.5407423773751657,0.9983682793505751
0.5407662733660348,0.9983682793505751
0.5407901714689765,0.9983682793505751
0.540814071684271,0.9983682793505751
0.5408379740121984,0.9983682793505751
0.5408618784530387,0.9983682793505751
0.5408857850070722,0.9983682793505751
0.540909693674579,0.9983682793505751
0.5409336044558395,0.9983682793505751
0.540957517351134,0.9983682793505751
0.5409372236958444,0.9982866933181039
0.5409611388655555,0.9982866933181039
0.5409850561499691,0.9982866933181039
0.5410089755493656,0.9982866933181039
0.5410328970640255,0.9982866933181039
0.5410568206942294,0.9982866933181039
0.5410807464402583,0.9982866933181039
0.5411046743023924,0.9982866933181039
0.5411286042809128,0.9982866933181039
0.5411525363761002,0.9982866933181039
0.5411764705882353,0.9982866933181039
0.5412004069175992,0.9982866933181039
0.5412243453644727,0.9982866933181039
0.541248285929137,0.9982866933181039
0.541272228611873,0.9982866933181039
0.5412961734129618,0.9982866933181039
0.5413201203326845,0.9982866933181039
0.5413440693713224,0.9982866933181039
0.5413680205291567,0.9982866933181039
0.5413919738064688,0.9982866933181039
0.5414159292035399,0.9982866933181039
0.5414398867206514,0.9982866933181039
0.5414638463580848,0.9982866933181039
0.5414878081161216,0.9982866933181039
0.5415117719950434,0.9982866933181039
0.5415357379951317,0.9982866933181039
0.5415597061166681,0.9982866933181039
0.5415836763599345,0.9982866933181039
0.5416076487252125,0.9982866933181039
0.5416316232127838,0.9982866933181039
0.5416555998229305,0.9982866933181039
0.5416795785559343,0.9982866933181039
0.5417035594120773,0.9982866933181039
0.5417275423916412,0.9982866933181039
0.5417515274949084,0.9982866933181039
0.5417755147221607,0.9982866933181039
0.5417995040736805,0.9982866933181039
0.5418234955497498,0.9982866933181039
0.541847489150651,0.9982866933181039
0.5418714848766663,0.9982866933181039
0.541895482728078,0.9982866933181039
0.5419194827051685,0.9982866933181039
0.5419434848082204,0.9982866933181039
0.541967489037516,0.9982866933181039
0.541991495393338,0.9982866933181039
0.542015503875969,0.9982866933181039
0.5420395144856915,0.9982866933181039
0.5420635272227883,0.9982866933181039
0.5420875420875421,0.9982866933181039
0.5421115590802357,0.9982866933181039
0.542135578201152,0.9982866933181039
0.5421595994505738,0.9982866933181039
0.5421836228287841,0.9982866933181039
0.5422076483360659,0.9982866933181039
0.5422316759727023,0.9982866933181039
0.5422557057389763,0.9982866933181039
0.5422797376351711,0.9982866933181039
0.5423037716615698,0.9982866933181039
0.5423278078184558,0.9982866933181039
0.5423518461061123,0.9982866933181039
0.5423758865248227,0.9982866933181039
0.5423999290748703,0.9982866933181039
0.5424239737565387,0.9982866933181039
0.5424480205701113,0.9982866933181039
0.5424720695158716,0.9982866933181039
0.5424961205941033,0.9982866933181039
0.54252017380509,0.9982866933181039
0.5425442291491154,0.9982866933181039
0.5425682866264633,0.9982866933181039
0.5425923462374174,0.9982866933181039
0.5426164079822616,0.9982866933181039
0.5426404718612798,0.9982866933181039
0.5426645378747561,0.9982866933181039
0.5426886060229742,0.9982866933181039
0.5427126763062184,0.9982866933181039
0.5427367487247726,0.9982866933181039
0.5427608232789212,0.9982866933181039
0.5427848999689482,0.9982866933181039
0.542808978795138,0.9982866933181039
0.5428330597577747,0.9982866933181039
0.5428571428571428,0.9982866933181039
0.5428812280935268,0.9982866933181039
0.5429053154672109,0.9982866933181039
0.5429294049784799,0.9982866933181039
0.542953496627618,0.9982866933181039
0.5429775904149101,0.9982866933181039
0.5430016863406408,0.9982866933181039
0.5430257844050947,0.9982866933181039
0.5430498846085567,0.9982866933181039
0.5430739869513115,0.9982866933181039
0.5430980914336441,0.9982866933181039
0.5431221980558392,0.9982866933181039
0.5431463068181818,0.9982866933181039
0.5431704177209571,0.9982866933181039
0.54319453076445,0.9982866933181039
0.5432186459489456,0.9982866933181039
0.5432427632747292,0.9982866933181039
0.5432668827420859,0.9982866933181039
0.543291004351301,0.9982866933181039
0.5433151281026597,0.9982866933181039
0.5433392539964476,0.9982866933181039
0.54336338203295,0.9982866933181039
0.5433875122124523,0.9982866933181039
0.54341164453524,0.9982866933181039
0.5434357790015989,0.9982866933181039
0.5434599156118144,0.9982866933181039
0.5434840543661722,0.9982866933181039
0.543508195264958,0.9982866933181039
0.5435323383084577,0.9982866933181039
0.5435564834969571,0.9982866933181039
0.5435806308307419,0.9982866933181039
0.5436047803100982,0.9982866933181039
0.5436289319353119,0.9982866933181039
0.543653085706669,0.9982866933181039
0.5436772416244557,0.9982866933181039
0.543701399688958,0.9982866933181039
0.5437255599004621,0.9982866933181039
0.5437497222592543,0.9982866933181039
0.5437738867656209,0.9982866933181039
0.543798053419848,0.9982866933181039
0.5438222222222222,0.9982866933181039
0.54384639317303,0.9982866933181039
0.5438705662725576,0.9982866933181039
0.5438947415210917,0.9982866933181039
0.543918918918919,0.9982866933181039
0.5439430984663258,0.9982866933181039
0.5439672801635992,0.9982866933181039
0.5439914640110256,0.9982866933181039
0.5440156500088921,0.9982866933181039
0.5440398381574852,0.9982866933181039
0.544064028457092,0.9982866933181039
0.5440882209079995,0.9982866933181039
0.5441124155104945,0.9982866933181039
0.5441366122648641,0.9982866933181039
0.5441608111713956,0.9982866933181039
0.5441850122303759,0.9982866933181039
0.5442092154420921,0.9982866933181039
0.5442334208068318,0.9982866933181039
0.5442576283248821,0.9982866933181039
0.5442818379965304,0.9982866933181039
0.5443060498220641,0.9982866933181039
0.5443302638017705,0.9982866933181039
0.5443544799359373,0.9982866933181039
0.5443786982248521,0.9982866933181039
0.5444029186688023,0.9982866933181039
0.5444271412680757,0.9982866933181039
0.5444513660229598,0.9982866933181039
0.5444755929337427,0.9982866933181039
0.544499822000712,0.9982866933181039
0.5445240532241555,0.9982866933181039
0.5445482866043614,0.9982866933181039
0.5445725221416173,0.9982866933181039
0.5445967598362115,0.9982866933181039
0.5446209996884319,0.9982866933181039
0.5446452416985668,0.9982866933181039
0.5446694858669041,0.9982866933181039
0.5446937321937322,0.9982866933181039
0.5447179806793394,0.9982866933181039
0.5447422313240139,0.9982866933181039
0.5447664841280442,0.9982866933181039
0.5447907390917186,0.9982866933181039
0.5448149962153257,0.9982866933181039
0.544839255499154,0.9982866933181039
0.544863516943492,0.9982866933181039
0.5448877805486284,0.9982866933181039
0.5449120463148519,0.9982866933181039
0.5449363142424513,0.9982866933181039
0.5449605843317151,0.9982866933181039
0.5449848565829325,0.9982866933181039
0.5450091309963921,0.9982866933181039
0.545033407572383,0.9982866933181039
0.5450576863111942,0.9982866933181039
0.5450819672131147,0.9982866933181039
0.5451062502784336,0.9982866933181039
0.5451305355074401,0.9982866933181039
0.5451548229004233,0.9982866933181039
0.5451791124576725,0.9982866933181039
0.5452034041794769,0.9982866933181039
0.545227698066126,0.9982866933181039
0.5452519941179091,0.9982866933181039
0.5452762923351159,0.9982866933181039
0.5453005927180355,0.9982866933181039
0.5453248952669578,0.9982866933181039
0.5453491999821724,0.9982866933181039
0.5453735068639686,0.9982866933181039
0.5453978159126365,0.9982866933181039
0.5454221271284657,0.9982866933181039
0.5454464405117461,0.9982866933181039
0.5454707560627675,0.9982866933181039
0.5454950737818198,0.9982866933181039
0.545519393669193,0.9982866933181039
0.5455437157251772,0.9982866933181039
0.5455680399500624,0.9982866933181039
0.5455923663441388,0.9982866933181039
0.5456166949076964,0.9982866933181039
0.5456410256410257,0.9982866933181039
0.5456653585444167,0.9982866933181039
0.5456896936181599,0.9982866933181039
0.5457140308625457,0.9982866933181039
0.5457383702778645,0.9982866933181039
0.5457627118644067,0.9982866933181039
0.5457870556224631,0.9982866933181039
0.545811401552324,0.9982866933181039
0.5458357496542803,0.9982866933181039
0.5458600999286224,0.9982866933181039
0.5458844523756413,0.9982866933181039
0.5459088069956277,0.9982866933181039
0.5459331637888726,0.9982866933181039
0.5459575227556666,0.9982866933181039
0.545981883896301,0.9982866933181039
0.5460062472110665,0.9982866933181039
0.5460306127002543,0.9982866933181039
0.5460549803641557,0.9982866933181039
0.5460793502030615,0.9982866933181039
0.5461037222172632,0.9982866933181039
0.546128096407052,0.9982866933181039
0.5461524727727192,0.9982866933181039
0.5461768513145561,0.9982866933181039
0.5462012320328542,0.9982866933181039
0.546225614927905,0.9982866933181039
0.54625,0.9982866933181039
0.5462743872494308,0.9982866933181039
0.546298776676489,0.9982866933181039
0.5463231682814663,0.9982866933181039
0.5463475620646544,0.9982866933181039
0.5463719580263452,0.9982866933181039
0.5463963561668304,0.9982866933181039
0.546420756486402,0.9982866933181039
0.546445158985352,0.9982866933181039
0.5464695636639721,0.9982866933181039
0.5464939705225547,0.9982866933181039
0.5465183795613917,0.9982866933181039
0.5465427907807754,0.9982866933181039
0.5465672041809979,0.9982866933181039
0.5465916197623515,0.9982866933181039
0.5466160375251284,0.9982866933181039
0.5466404574696212,0.9982866933181039
0.5466648795961221,0.9982866933181039
0.5466893039049237,0.9982866933181039
0.5467137303963183,0.9982866933181039
0.5467381590705988,0.9982866933181039
0.5467625899280576,0.9982866933181039
0.5467870229689874,0.9982866933181039
0.546811458193681,0.9982866933181039
0.5468358956024312,0.9982866933181039
0.5468603351955307,0.9982866933181039
0.5468847769732725,0.9982866933181039
0.5469092209359496,0.9982866933181039
0.5469336670838548,0.9982866933181039
0.5469581154172813,0.9982866933181039
0.5469825659365222,0.9982866933181039
0.5470070186418704,0.9982866933181039
0.5470314735336195,0.9982866933181039
0.5470559306120624,0.9982866933181039
0.5470803898774926,0.9982866933181039
0.5471048513302035,0.9982866933181039
0.5471293149704883,0.9982866933181039
0.5471537807986406,0.9982866933181039
0.5471782488149539,0.9982866933181039
0.5472027190197218,0.9982866933181039
0.547227191413238,0.9982866933181039
0.5472516659957959,0.9982866933181039
0.5472761427676894,0.9982866933181039
0.5473006217292123,0.9982866933181039
0.5473251028806584,0.9982866933181039
0.5473495862223217,0.9982866933181039
0.5473740717544958,0.9982866933181039
0.5473985594774751,0.9982866933181039
0.5474230493915533,0.9982866933181039
0.5474475414970248,0.9982866933181039
0.5474720357941835,0.9982866933181039
0.5474965322833236,0.9982866933181039
0.5475210309647396,0.9982866933181039
0.5475455318387256,0.9982866933181039
0.547570034905576,0.9982866933181039
0.5475945401655852,0.9982866933181039
0.5476190476190477,0.9982866933181039
0.5476435572662579,0.9982866933181039
0.5476680691075105,0.9982866933181039
0.5476925831431001,0.9982866933181039
0.5477170993733214,0.9982866933181039
0.5477416177984691,0.9982866933181039
0.5477661384188378,0.9982866933181039
0.5477906612347226,0.9982866933181039
0.5478151862464183,0.9982866933181039
0.5478397134542198,0.9982866933181039
0.5478642428584222,0.9982866933181039
0.5478887744593203,0.9982866933181039
0.5479133082572094,0.9982866933181039
0.5479378442523846,0.9982866933181039
0.5479623824451411,0.9982866933181039
0.5479869228357741,0.9982866933181039
0.548011465424579,0.9982866933181039
0.5480360102118511,0.9982866933181039
0.5480605571978858,0.9982866933181039
0.5480851063829787,0.9982866933181039
0.5481096577674252,0.9982866933181039
0.5481342113515209,0.9982866933181039
0.5481587671355613,0.9982866933181039
0.5481833251198422,0.9982866933181039
0.5482078853046595,0.9982866933181039
0.5482324476903087,0.9982866933181039
0.5482570122770858,0.9982866933181039
0.5482815790652865,0.9982866933181039
0.548306148055207,0.9982866933181039
0.5483307192471432,0.9982866933181039
0.548355292641391,0.9982866933181039
0.5483798682382468,0.9982866933181039
0.5484044460380064,0.9982866933181039
0.5484290260409663,0.9982866933181039
0.5484536082474227,0.9982866933181039
0.5484781926576718,0.9982866933181039
0.5485027792720101,0.9982866933181039
0.5485273680907339,0.9982866933181039
0.5485519591141397,0.9982866933181039
0.5485765523425241,0.9982866933181039
0.5486011477761836,0.9982866933181039
0.548625745415415,0.9982866933181039
0.5486503452605147,0.9982866933181039
0.5486749473117798,0.9982866933181039
0.5486995515695067,0.9982866933181039
0.5487241580339925,0.9982866933181039
0.5487487667055341,0.9982866933181039
0.5487733775844283,0.9982866933181039
0.5487979906709723,0.9982866933181039
0.5488226059654631,0.9982866933181039
0.5488472234681977,0.9982866933181039
0.5488718431794734,0.9982866933181039
0.5488964650995873,0.9982866933181039
0.5489210892288368,0.9982866933181039
0.548945715567519,0.9982866933181039
0.5489703441159316,0.9982866933181039
0.5489949748743719,0.9982866933181039
0.5490196078431373,0.9982866933181039
0.5490442430225253,0.9982866933181039
0.5490688804128337,0.9982866933181039
0.5490935200143601,0.9982866933181039
0.549118161827402,0.9982866933181039
0.5491428058522574,0.9982866933181039
0.549167452089224,0.9982866933181039
0.5491921005385997,0.9982866933181039
0.5492167512006823,0.9982866933181039
0.5492414040757698,0.9982866933181039
0.5492660591641604,0.9982866933181039
0.5492907164661519,0.9982866933181039
0.5493153759820426,0.9982866933181039
0.5493400377121307,0.9982866933181039
0.5493647016567144,0.9982866933181039
0.5493893678160919,0.9982866933181039
0.5494140361905617,0.9982866933181039
0.5494387067804221,0.9982866933181039
0.5494633795859716,0.9982866933181039
0.5494880546075085,0.9982866933181039
0.5495127318453317,0.9982866933181039
0.5495374112997395,0.9982866933181039
0.5495620929710308,0.9982866933181039
0.5495867768595041,0.9982866933181039
0.5496114629654584,0.9982866933181039
0.5496361512891923,0.9982866933181039
0.5496608418310049,0.9982866933181039
0.549685534591195,0.9982866933181039
0.5497102295700615,0.9982866933181039
0.5497349267679037,0.9982866933181039
0.5497596261850204,0.9982866933181039
0.549784327821711,0.9982866933181039
0.5498090316782746,0.9982866933181039
0.5498337377550103,0.9982866933181039
0.5498584460522177,0.9982866933181039
0.5498831565701959,0.9982866933181039
0.5499078693092445,0.9982866933181039
0.549932584269663,0.9982866933181039
0.5499573014517506,0.9982866933181039
0.5499820208558073,0.9982866933181039
0.5500067424821324,0.9982866933181039
0.5500314663310258,0.9982866933181039
0.5500561924027871,0.9982866933181039
0.5500809206977162,0.9982866933181039
0.550105651216113,0.9982866933181039
0.5501303839582772,0.9982866933181039
0.5501551189245087,0.9982866933181039
0.5501798561151079,0.9982866933181039
0.5502045955303746,0.9982866933181039
0.5502293371706088,0.9982866933181039
0.550254081036111,0.9982866933181039
0.5502788271271811,0.9982866933181039
0.5503035754441197,0.9982866933181039
0.5503283259872268,0.9982866933181039
0.550353078756803,0.9982866933181039
0.5503778337531486,0.9982866933181039
0.5504025909765643,0.9982866933181039
0.5504273504273505,0.9982866933181039
0.5504521121058077,0.9982866933181039
0.5504768760122368,0.9982866933181039
0.5505016421469384,0.9982866933181039
0.5505264105102132,0.9982866933181039
0.5505511811023622,0.9982866933181039
0.5505759539236861,0.9982866933181039
0.5506007289744859,0.9982866933181039
0.5506255062550626,0.9982866933181039
0.5506502857657171,0.9982866933181039
0.5506750675067507,0.9982866933181039
0.5506998514784643,0.9982866933181039
0.5507246376811594,0.9982866933181039
0.5507494261151371,0.9982866933181039
0.5507742167806986,0.9982866933181039
0.5507990096781454,0.9982866933181039
0.5508238048077789,0.9982866933181039
0.5508486021699005,0.9982866933181039
0.5508734017648118,0.9982866933181039
0.5508982035928144,0.9982866933181039
0.5509230076542098,0.9982866933181039
0.5509478139492998,0.9982866933181039
0.5509726224783862,0.9982866933181039
0.5509974332417706,0.9982866933181039
0.551022246239755,0.9982866933181039
0.5510470614726413,0.9982866933181039
0.5510718789407314,0.9982866933181039
0.5510966986443273,0.9982866933181039
0.5511215205837312,0.9982866933181039
0.5511463447592451,0.9982866933181039
0.5511711711711712,0.9982866933181039
0.5511959998198117,0.9982866933181039
0.551220830705469,0.9982866933181039
0.5512456638284453,0.9982866933181039
0.551270499189043,0.9982866933181039
0.5512953367875648,0.9982866933181039
0.5513201766243129,0.9982866933181039
0.55134501869959,0.9982866933181039
0.5513698630136986,0.9982866933181039
0.5513947095669416,0.9982866933181039
0.5514195583596214,0.9982866933181039
0.5514444093920411,0.9982866933181039
0.5514692626645034,0.9982866933181039
0.5514941181773111,0.9982866933181039
0.5515189759307672,0.9982866933181039
0.5515438359251746,0.9982866933181039
0.5515686981608366,0.9982866933181039
0.5515935626380561,0.9982866933181039
0.5516184293571365,0.9982866933181039
0.5516432983183805,0.9982866933181039
0.551668169522092,0.9982866933181039
0.5516930429685739,0.9982866933181039
0.5517179186581297,0.9982866933181039
0.5517427965910628,0.9982866933181039
0.5517676767676768,0.9982866933181039
0.5517925591882751,0.9982866933181039
0.5518174438531613,0.9982866933181039
0.5518423307626392,0.9982866933181039
0.5518672199170125,0.9982866933181039
0.5518921113165848,0.9982866933181039
0.5519170049616599,0.9982866933181039
0.5519419008525418,0.9982866933181039
0.5519667989895345,0.9982866933181039
0.5519916993729418,0.9982866933181039
0.5520166020030678,0.9982866933181039
0.5520415068802166,0.9982866933181039
0.5520664140046923,0.9982866933181039
0.5520913233767991,0.9982866933181039
0.5521162349968415,0.9982866933181039
0.5521411488651234,0.9982866933181039
0.5521660649819494,0.9982866933181039
0.552190983347624,0.9982866933181039
0.5522159039624515,0.9982866933181039
0.5522408268267365,0.9982866933181039
0.5522657519407835,0.9982866933181039
0.5522906793048973,0.9982866933181039
0.5523156089193825,0.9982866933181039
0.5523405407845439,0.9982866933181039
0.5523654749006862,0.9982866933181039
0.5523904112681143,0.9982866933181039
0.5524153498871331,0.9982866933181039
0.5524402907580478,0.9982866933181039
0.5524652338811631,0.9982866933181039
0.5524901792567842,0.9982866933181039
0.5525151268852163,0.9982866933181039
0.5525400767667645,0.9982866933181039
0.5525650289017341,0.9982866933181039
0.5525899832904304,0.9982866933181039
0.5526149399331587,0.9982866933181039
0.5526398988302245,0.9982866933181039
0.5526648599819332,0.9982866933181039
0.5526898233885903,0.9982866933181039
0.5527147890505014,0.9982866933181039
0.5527397569679722,0.9982866933181039
0.5527647271413083,0.9982866933181039
0.5527896995708155,0.9982866933181039
0.5528146742567995,0.9982866933181039
0.5528396511995662,0.9982866933181039
0.5528646303994217,0.9982866933181039
0.5528896118566716,0.9982866933181039
0.5529145955716223,0.9982866933181039
0.5529395815445796,0.9982866933181039
0.5529645697758496,0.9982866933181039
0.5529895602657386,0.9982866933181039
0.553014553014553,0.9982866933181039
0.5530395480225989,0.9982866933181039
0.5530645452901826,0.9982866933181039
0.5530895448176106,0.9982866933181039
0.5531145466051894,0.9982866933181039
0.5531395506532254,0.9982866933181039
0.5531645569620253,0.9982866933181039
0.5531895655318957,0.9982866933181039
0.5532145763631432,0.9982866933181039
0.5532395894560745,0.9982866933181039
0.5532646048109966,0.9982866933181039
0.5532896224282161,0.9982866933181039
0.5533146423080402,0.9982866933181039
0.5533396644507755,0.9982866933181039
0.5533646888567294,0.9982866933181039
0.5533897155262086,0.9982866933181039
0.5533695160560832,0.9982051072856327
0.5533945452078339,0.9982051072856327
0.5534195766238466,0.9982051072856327
0.5534446103044285,0.9982051072856327
0.5534696462498869,0.9982051072856327
0.5534946844605293,0.9982051072856327
0.553519724936663,0.9982051072856327
0.5535447676785956,0.9982051072856327
0.5535698126866347,0.9982051072856327
0.5535948599610877,0.9982051072856327
0.5536199095022625,0.9982051072856327
0.5536449613104666,0.9982051072856327
0.5536700153860078,0.9982051072856327
0.553695071729194,0.9982051072856327
0.5537201303403331,0.9982051072856327
0.553745191219733,0.9982051072856327
0.5537702543677017,0.9982051072856327
0.5537953197845471,0.9982051072856327
0.5538203874705776,0.9982051072856327
0.5538454574261011,0.9982051072856327
0.553870529651426,0.9982051072856327
0.5538956041468605,0.9982051072856327
0.5539206809127127,0.9982051072856327
0.5539457599492914,0.9982051072856327
0.5539708412569049,0.9982051072856327
0.5539959248358615,0.9982051072856327
0.5540210106864698,0.9982051072856327
0.5540460988090387,0.9982051072856327
0.5540711892038764,0.9982051072856327
0.554096281871292,0.9982051072856327
0.5541213768115942,0.9982051072856327
0.5541464740250918,0.9982051072856327
0.5541715735120935,0.9982051072856327
0.5541966752729085,0.9982051072856327
0.5542217793078457,0.9982051072856327
0.554246885617214,0.9982051072856327
0.5542719942013228,0.9982051072856327
0.5542971050604811,0.9982051072856327
0.5543222181949982,0.9982051072856327
0.5543473336051833,0.9982051072856327
0.5543724512913457,0.9982051072856327
0.554397571253795,0.9982051072856327
0.5544226934928403,0.9982051072856327
0.5544478180087914,0.9982051072856327
0.5544729448019577,0.9982051072856327
0.554498073872649,0.9982051072856327
0.5545232052211748,0.9982051072856327
0.5545483388478448,0.9982051072856327
0.5545734747529689,0.9982051072856327
0.5545986129368569,0.9982051072856327
0.5546237533998187,0.9982051072856327
0.5546488961421642,0.9982051072856327
0.5546740411642035,0.9982051072856327
0.5546991884662466,0.9982051072856327
0.5547243380486035,0.9982051072856327
0.5547494899115847,0.9982051072856327
0.5547746440555001,0.9982051072856327
0.5547998004806602,0.9982051072856327
0.5548249591873753,0.9982051072856327
0.5548501201759557,0.9982051072856327
0.554875283446712,0.9982051072856327
0.5549004489999546,0.9982051072856327
0.5549256168359942,0.9982051072856327
0.5549507869551413,0.9982051072856327
0.5549759593577066,0.9982051072856327
0.5550011340440009,0.9982051072856327
0.555026311014335,0.9982051072856327
0.5550514902690197,0.9982051072856327
0.5550766718083658,0.9982051072856327
0.5551018556326845,0.9982051072856327
0.5551270417422868,0.9982051072856327
0.5551522301374836,0.9982051072856327
0.5551774208185861,0.9982051072856327
0.5552026137859055,0.9982051072856327
0.5552278090397531,0.9982051072856327
0.5552530065804402,0.9982051072856327
0.5552782064082781,0.9982051072856327
0.5553034085235783,0.9982051072856327
0.5553286129266521,0.9982051072856327
0.5553538196178113,0.9982051072856327
0.5553790285973672,0.9982051072856327
0.5554042398656317,0.9982051072856327
0.5554294534229163,0.9982051072856327
0.5554546692695328,0.9982051072856327
0.5554798874057931,0.9982051072856327
0.5555051078320091,0.9982051072856327
0.5555303305484925,0.9982051072856327
0.5555555555555556,0.9982051072856327
0.5555807828535101,0.9982051072856327
0.5556060124426684,0.9982051072856327
0.5556312443233424,0.9982051072856327
0.5556564784958445,0.9982051072856327
0.5556817149604869,0.9982051072856327
0.5557069537175818,0.9982051072856327
0.5557321947674418,0.9982051072856327
0.5557574381103793,0.9982051072856327
0.5557826837467067,0.9982051072856327
0.5558079316767365,0.9982051072856327
0.5558331819007813,0.9982051072856327
0.5558584344191541,0.9982051072856327
0.5558836892321672,0.9982051072856327
0.5559089463401335,0.9982051072856327
0.555934205743366,0.9982051072856327
0.5559594674421775,0.9982051072856327
0.5559847314368809,0.9982051072856327
0.5560099977277891,0.9982051072856327
0.5560352663152154,0.9982051072856327
0.5560605371994728,0.9982051072856327
0.5560858103808745,0.9982051072856327
0.5561110858597337,0.9982051072856327
0.5561363636363637,0.9982051072856327
0.5561616437110778,0.9982051072856327
0.5561869260841895,0.9982051072856327
0.5562122107560122,0.9982051072856327
0.5562374977268594,0.9982051072856327
0.5562627869970448,0.9982051072856327
0.5562880785668819,0.9982051072856327
0.5563133724366844,0.9982051072856327
0.5563386686067661,0.9982051072856327
0.5563639670774407,0.9982051072856327
0.5563892678490223,0.9982051072856327
0.5564145709218246,0.9982051072856327
0.5564398762961615,0.9982051072856327
0.5564651839723473,0.9982051072856327
0.5564904939506959,0.9982051072856327
0.5565158062315215,0.9982051072856327
0.5565411208151383,0.9982051072856327
0.5565664377018605,0.9982051072856327
0.5565917568920026,0.9982051072856327
0.5566170783858787,0.9982051072856327
0.5566424021838035,0.9982051072856327
0.5566677282860912,0.9982051072856327
0.5566930566930567,0.9982051072856327
0.5567183874050143,0.9982051072856327
0.5567437204222788,0.9982051072856327
0.556769055745165,0.9982051072856327
0.5567943933739874,0.9982051072856327
0.5568197333090611,0.9982051072856327
0.5568450755507008,0.9982051072856327
0.5568704200992217,0.9982051072856327
0.5568957669549386,0.9982051072856327
0.5569211161181665,0.9982051072856327
0.5569464675892207,0.9982051072856327
0.5569718213684163,0.9982051072856327
0.5569971774560685,0.9982051072856327
0.5570225358524926,0.9982051072856327
0.557047896558004,0.9982051072856327
0.5570732595729181,0.9982051072856327
0.5570986248975504,0.9982051072856327
0.5571239925322162,0.9982051072856327
0.5571493624772313,0.9982051072856327
0.5571747347329113,0.9982051072856327
0.5572001092995719,0.9982051072856327
0.5572254861775288,0.9982051072856327
0.5572508653670978,0.9982051072856327
0.5572762468685949,0.9982051072856327
0.5573016306823358,0.9982051072856327
0.5573270168086366,0.9982051072856327
0.5573524052478134,0.9982051072856327
0.5573777960001822,0.9982051072856327
0.5574031890660592,0.9982051072856327
0.5574285844457606,0.9982051072856327
0.5574539821396027,0.9982051072856327
0.5574793821479017,0.9982051072856327
0.5575047844709742,0.9982051072856327
0.5575301891091364,0.9982051072856327
0.5575555960627051,0.9982051072856327
0.5575810053319965,0.9982051072856327
0.5576064169173275,0.9982051072856327
0.5576318308190147,0.9982051072856327
0.5576572470373746,0.9982051072856327
0.5577080864253806,0.9982051072856327
0.5577335095956603,0.9982051072856327
0.5577589350838804,0.9982051072856327
0.5577843628903578,0.9982051072856327
0.5578097930154099,0.9982051072856327
0.5578352254593535,0.9982051072856327
0.5578606602225059,0.9982051072856327
0.5578860973051845,0.9982051072856327
0.5579115367077063,0.9982051072856327
0.557936978430389,0.9982051072856327
0.5579624224735498,0.9982051072856327
0.5579878688375063,0.9982051072856327
0.558013317522576,0.9982051072856327
0.5580387685290764,0.9982051072856327
0.5580642218573253,0.9982051072856327
0.5580896775076404,0.9982051072856327
0.5581151354803394,0.9982051072856327
0.5581405957757402,0.9982051072856327
0.5581660583941606,0.9982051072856327
0.5581915233359186,0.9982051072856327
0.5582169906013322,0.9982051072856327
0.5582424601907195,0.9982051072856327
0.5582679321043986,0.9982051072856327
0.5582934063426876,0.9982051072856327
0.5583188829059049,0.9982051072856327
0.5583443617943686,0.9982051072856327
0.5583698430083972,0.9982051072856327
0.558395326548309,0.9982051072856327
0.5584208124144227,0.9982051072856327
0.5584463006070565,0.9982051072856327
0.5584717911265291,0.9982051072856327
0.5584972839731592,0.9982051072856327
0.5585227791472656,0.9982051072856327
0.5585482766491668,0.9982051072856327
0.5585737764791819,0.9982051072856327
0.5585992786376296,0.9982051072856327
0.5586247831248288,0.9982051072856327
0.5586502899410986,0.9982051072856327
0.558675799086758,0.9982051072856327
0.5587013105621261,0.9982051072856327
0.5587268243675222,0.9982051072856327
0.5587523405032653,0.9982051072856327
0.5587778589696748,0.9982051072856327
0.5588033797670701,0.9982051072856327
0.5588289028957706,0.9982051072856327
0.5588544283560956,0.9982051072856327
0.5588799561483647,0.9982051072856327
0.5589054862728975,0.9982051072856327
0.5589310187300137,0.9982051072856327
0.5589565535200329,0.9982051072856327
0.5589364035087719,0.9981235212531615
0.5589619408781469,0.9981235212531615
0.5589874805811934,0.9981235212531615
0.5590130226182317,0.9981235212531615
0.5590385669895814,0.9981235212531615
0.5590641136955627,0.9981235212531615
0.5590896627364957,0.9981235212531615
0.5591152141127005,0.9981235212531615
0.5591407678244973,0.9981235212531615
0.5591663238722062,0.9981235212531615
0.5591918822561477,0.9981235212531615
0.5592174429766421,0.9981235212531615
0.5592430060340099,0.9981235212531615
0.5592685714285714,0.9981235212531615
0.5592941391606473,0.9981235212531615
0.5593197092305582,0.9981235212531615
0.5593452816386247,0.9981235212531615
0.5593708563851676,0.9981235212531615
0.5593964334705075,0.9981235212531615
0.5594220128949655,0.9981235212531615
0.5594475946588623,0.9981235212531615
0.5594731787625189,0.9981235212531615
0.5594987652062563,0.9981235212531615
0.5595243539903956,0.9981235212531615
0.5595499451152579,0.9981235212531615
0.5595755385811645,0.9981235212531615
0.5596011343884365,0.9981235212531615
0.5596267325373954,0.9981235212531615
0.5596523330283623,0.9981235212531615
0.5596779358616588,0.9981235212531615
0.5597035410376063,0.9981235212531615
0.5597291485565266,0.9981235212531615
0.5597547584187409,0.9981235212531615
0.5597803706245711,0.9981235212531615
0.5598059851743388,0.9981235212531615
0.5598316020683659,0.9981235212531615
0.5598572213069742,0.9981235212531615
0.5598828428904855,0.9981235212531615
0.559908466819222,0.9981235212531615
0.5599340930935054,0.9981235212531615
0.559959721713658,0.9981235212531615
0.5599853526800018,0.9981235212531615
0.5600109859928591,0.9981235212531615
0.5600366216525521,0.9981235212531615
0.560062259659403,0.9981235212531615
0.5600879000137344,0.9981235212531615
0.5601135427158686,0.9981235212531615
0.5601391877661279,0.9981235212531615
0.5601648351648352,0.9981235212531615
0.5601904849123128,0.9981235212531615
0.5602161370088836,0.9981235212531615
0.5602417914548702,0.9981235212531615
0.5602674482505954,0.9981235212531615
0.5602931073963819,0.9981235212531615
0.5603187688925529,0.9981235212531615
0.5603444327394311,0.9981235212531615
0.5603700989373397,0.9981235212531615
0.5603957674866016,0.9981235212531615
0.5604214383875401,0.9981235212531615
0.5604471116404782,0.9981235212531615
0.5604727872457395,0.9981235212531615
0.5604984652036469,0.9981235212531615
0.560524145514524,0.9981235212531615
0.5605498281786941,0.9981235212531615
0.5605755131964809,0.9981235212531615
0.5606012005682078,0.9981235212531615
0.5606268902941985,0.9981235212531615
0.5606525823747766,0.9981235212531615
0.5606782768102658,0.9981235212531615
0.56070397360099,0.9981235212531615
0.5607296727472729,0.9981235212531615
0.5607553742494386,0.9981235212531615
0.5607810781078107,0.9981235212531615
0.5608067843227137,0.9981235212531615
0.5608324928944715,0.9981235212531615
0.560858203823408,0.9981235212531615
0.5608839171098478,0.9981235212531615
0.5609096327541149,0.9981235212531615
0.5609353507565337,0.9981235212531615
0.5609610711174285,0.9981235212531615
0.560986793837124,0.9981235212531615
0.5610125189159444,0.9981235212531615
0.5610382463542144,0.9981235212531615
0.5610639761522587,0.9981235212531615
0.5610897083104017,0.9981235212531615
0.5611154428289685,0.9981235212531615
0.5611411797082836,0.9981235212531615
0.5611669189486721,0.9981235212531615
0.5611926605504587,0.9981235212531615
0.5612184045139685,0.9981235212531615
0.5612441508395266,0.9981235212531615
0.5612698995274579,0.9981235212531615
0.5612956505780877,0.9981235212531615
0.5613214039917412,0.9981235212531615
0.5613471597687437,0.9981235212531615
0.5613729179094205,0.9981235212531615
0.561398678414097,0.9981235212531615
0.5614244412830985,0.9981235212531615
0.5614502065167508,0.9981235212531615
0.5614759741153793,0.9981235212531615
0.5615017440793098,0.9981235212531615
0.5615275164088677,0.9981235212531615
0.5615532911043789,0.9981235212531615
0.5615790681661694,0.9981235212531615
0.5616048475945649,0.9981235212531615
0.5616306293898912,0.9981235212531615
0.5616564135524745,0.9981235212531615
0.5616822000826408,0.9981235212531615
0.5617079889807163,0.9981235212531615
0.5617337802470269,0.9981235212531615
0.5617595738818991,0.9981235212531615
0.5617853698856592,0.9981235212531615
0.5618111682586333,0.9981235212531615
0.5618369690011481,0.9981235212531615
0.5618627721135299,0.9981235212531615
0.5618885775961052,0.9981235212531615
0.5619143854492008,0.9981235212531615
0.5619401956731431,0.9981235212531615
0.561966008268259,0.9981235212531615
0.5619918232348753,0.9981235212531615
0.5620176405733186,0.9981235212531615
0.562043460283916,0.9981235212531615
0.5620692823669944,0.9981235212531615
0.5620951068228808,0.9981235212531615
0.5621209336519022,0.9981235212531615
0.5621467628543859,0.9981235212531615
0.5621725944306589,0.9981235212531615
0.5621984283810487,0.9981235212531615
0.5622242647058824,0.9981235212531615
0.5622501034054874,0.9981235212531615
0.5622759444801912,0.9981235212531615
0.5623017879303213,0.9981235212531615
0.5623276337562052,0.9981235212531615
0.5623534819581706,0.9981235212531615
0.562379332536545,0.9981235212531615
0.5624051854916563,0.9981235212531615
0.5624310408238323,0.9981235212531615
0.5624568985334008,0.9981235212531615
0.5624827586206896,0.9981235212531615
0.562508621086027,0.9981235212531615
0.5625344859297406,0.9981235212531615
0.5625603531521589,0.9981235212531615
0.5625862227536098,0.9981235212531615
0.5626120947344218,0.9981235212531615
0.5626379690949227,0.9981235212531615
0.5626638458354413,0.9981235212531615
0.5626897249563058,0.9981235212531615
0.5627156064578446,0.9981235212531615
0.5627414903403863,0.9981235212531615
0.5627673766042596,0.9981235212531615
0.562793265249793,0.9981235212531615
0.5628191562773152,0.9981235212531615
0.562845049687155,0.9981235212531615
0.5628709454796411,0.9981235212531615
0.5628968436551026,0.9981235212531615
0.5629227442138683,0.9981235212531615
0.5629486471562672,0.9981235212531615
0.5629745524826285,0.9981235212531615
0.5630004601932812,0.9981235212531615
0.5630263702885545,0.9981235212531615
0.5630522827687776,0.9981235212531615
0.5630781976342799,0.9981235212531615
0.5631041148853908,0.9981235212531615
0.5631300345224396,0.9981235212531615
0.5631559565457559,0.9981235212531615
0.5631818809556691,0.9981235212531615
0.563207807752509,0.9981235212531615
0.5632337369366052,0.9981235212531615
0.5632596685082873,0.9981235212531615
0.5632856024678853,0.9981235212531615
0.5633115388157289,0.9981235212531615
0.5633374775521481,0.9981235212531615
0.5633634186774729,0.9981235212531615
0.5633893621920332,0.9981235212531615
0.5634153080961591,0.9981235212531615
0.563441256390181,0.9981235212531615
0.5634672070744289,0.9981235212531615
0.5634931601492331,0.9981235212531615
0.563519115614924,0.9981235212531615
0.5635450734718319,0.9981235212531615
0.5635710337202875,0.9981235212531615
0.563596996360621,0.9981235212531615
0.5636229613931631,0.9981235212531615
0.5636489288182447,0.9981235212531615
0.5636748986361961,0.9981235212531615
0.5637008708473483,0.9981235212531615
0.5636807667496083,0.9980419352206902
0.5637067416248099,0.9980419352206902
0.5637327188940092,0.9980419352206902
0.5637586985575372,0.9980419352206902
0.563784680615725,0.9980419352206902
0.5638106650689035,0.9980419352206902
0.5638366519174042,0.9980419352206902
0.5638626411615579,0.9980419352206902
0.5638886328016963,0.9980419352206902
0.5639146268381505,0.9980419352206902
0.563940623271252,0.9980419352206902
0.5639666221013323,0.9980419352206902
0.5639926233287229,0.9980419352206902
0.5640186269537554,0.9980419352206902
0.5640446329767613,0.9980419352206902
0.5640706413980726,0.9980419352206902
0.5640966522180209,0.9980419352206902
0.564122665436938,0.9980419352206902
0.5641486810551559,0.9980419352206902
0.5641746990730065,0.9980419352206902
0.5642007194908218,0.9980419352206902
0.5642267423089341,0.9980419352206902
0.5642527675276753,0.9980419352206902
0.5642787951473777,0.9980419352206902
0.5643048251683734,0.9980419352206902
0.5643308575909951,0.9980419352206902
0.5643568924155749,0.9980419352206902
0.5643829296424452,0.9980419352206902
0.5644089692719387,0.9980419352206902
0.564435011304388,0.9980419352206902
0.5644610557401255,0.9980419352206902
0.5644871025794841,0.9980419352206902
0.5645131518227965,0.9980419352206902
0.5645392034703955,0.9980419352206902
0.564565257522614,0.9980419352206902
0.5645913139797849,0.9980419352206902
0.5646173728422413,0.9980419352206902
0.5646434341103161,0.9980419352206902
0.5646694977843427,0.9980419352206902
0.564695563864654,0.9980419352206902
0.5647216323515835,0.9980419352206902
0.5647477032454642,0.9980419352206902
0.5647737765466297,0.9980419352206902
0.5647998522554134,0.9980419352206902
0.5648259303721489,0.9980419352206902
0.5648520108971695,0.9980419352206902
0.564878093830809,0.9980419352206902
0.5649041791734011,0.9980419352206902
0.5649302669252794,0.9980419352206902
0.5649563570867778,0.9980419352206902
0.5649824496582302,0.9980419352206902
0.5650085446399704,0.9980419352206902
0.5650346420323326,0.9980419352206902
0.5650607418356506,0.9980419352206902
0.5650868440502587,0.9980419352206902
0.565112948676491,0.9980419352206902
0.5651390557146817,0.9980419352206902
0.5651651651651651,0.9980419352206902
0.5651912770282758,0.9980419352206902
0.5652173913043478,0.9980419352206902
0.5652435079937159,0.9980419352206902
0.5652696270967146,0.9980419352206902
0.5652957486136784,0.9980419352206902
0.565321872544942,0.9980419352206902
0.5653479988908402,0.9980419352206902
0.5653741276517077,0.9980419352206902
0.5654002588278795,0.9980419352206902
0.5654263924196903,0.9980419352206902
0.5654525284274753,0.9980419352206902
0.5654786668515693,0.9980419352206902
0.5655048076923077,0.9980419352206902
0.5655309509500255,0.9980419352206902
0.5655570966250578,0.9980419352206902
0.56558324471774,0.9980419352206902
0.5656093952284076,0.9980419352206902
0.5656355481573958,0.9980419352206902
0.5656617035050402,0.9980419352206902
0.5656878612716763,0.9980419352206902
0.5657140214576396,0.9980419352206902
0.565740184063266,0.9980419352206902
0.5657663490888909,0.9980419352206902
0.5657925165348504,0.9980419352206902
0.5658186864014801,0.9980419352206902
0.565844858689116,0.9980419352206902
0.5658710333980942,0.9980419352206902
0.5658972105287505,0.9980419352206902
0.5659233900814211,0.9980419352206902
0.5659495720564423,0.9980419352206902
0.5659757564541501,0.9980419352206902
0.5660019432748808,0.9980419352206902
0.566028132518971,0.9980419352206902
0.5660543241867567,0.9980419352206902
0.5660805182785748,0.9980419352206902
0.5661067147947615,0.9980419352206902
0.5661329137356534,0.9980419352206902
0.5661591151015875,0.9980419352206902
0.5661853188929001,0.9980419352206902
0.5662115251099282,0.9980419352206902
0.5662377337530087,0.9980419352206902
0.5662639448224783,0.9980419352206902
0.5662901583186742,0.9980419352206902
0.5662700800888848,0.997960349188219
0.5662962962962963,0.997960349188219
0.5663225149312469,0.997960349188219
0.5663487359940735,0.997960349188219
0.5663749594851136,0.997960349188219
0.5664011854047045,0.997960349188219
0.5664274137531836,0.997960349188219
0.5664536445308882,0.997960349188219
0.5664798777381559,0.997960349188219
0.5665061133753242,0.997960349188219
0.5665323514427307,0.997960349188219
0.5665585919407133,0.997960349188219
0.5665848348696095,0.997960349188219
0.5666110802297573,0.997960349188219
0.5666373280214945,0.997960349188219
0.5666635782451589,0.997960349188219
0.5666898309010887,0.997960349188219
0.566716085989622,0.997960349188219
0.5667423435110966,0.997960349188219
0.5667686034658511,0.997960349188219
0.5667948658542237,0.997960349188219
0.5668211306765524,0.997960349188219
0.5668473979331757,0.997960349188219
0.5668736676244323,0.997960349188219
0.5668999397506604,0.997960349188219
0.5669262143121987,0.997960349188219
0.5669524913093859,0.997960349188219
0.5669787707425605,0.997960349188219
0.5670050526120614,0.997960349188219
0.5670313369182274,0.997960349188219
0.5670576236613972,0.997960349188219
0.5670839128419101,0.997960349188219
0.5671102044601047,0.997960349188219
0.5671364985163204,0.997960349188219
0.5671627950108963,0.997960349188219
0.5671890939441714,0.997960349188219
0.567215395316485,0.997960349188219
0.5672416991281766,0.997960349188219
0.5672680053795854,0.997960349188219
0.5672943140710509,0.997960349188219
0.5673206252029127,0.997960349188219
0.5673469387755102,0.997960349188219
0.5673732547891832,0.997960349188219
0.5673995732442713,0.997960349188219
0.5674258941411142,0.997960349188219
0.5674522174800519,0.997960349188219
0.5674785432614242,0.997960349188219
0.5675048714855712,0.997960349188219
0.5675312021528326,0.997960349188219
0.5675575352635486,0.997960349188219
0.5675838708180595,0.997960349188219
0.5676102088167053,0.997960349188219
0.5676365492598264,0.997960349188219
0.5676628921477631,0.997960349188219
0.5676892374808558,0.997960349188219
0.5677155852594449,0.997960349188219
0.567741935483871,0.997960349188219
0.5677682881544746,0.997960349188219
0.5677946432715963,0.997960349188219
0.567821000835577,0.997960349188219
0.5678473608467574,0.997960349188219
0.5678737233054781,0.997960349188219
0.5679000882120804,0.997960349188219
0.567926455566905,0.997960349188219
0.567952825370293,0.997960349188219
0.5679791976225854,0.997960349188219
0.5680055723241235,0.997960349188219
0.5680319494752485,0.997960349188219
0.5680583290763015,0.997960349188219
0.568084711127624,0.997960349188219
0.5681110956295574,0.997960349188219
0.5681374825824431,0.997960349188219
0.5681638719866227,0.997960349188219
0.5681902638424378,0.997960349188219
0.5682166581502299,0.997960349188219
0.568243054910341,0.997960349188219
0.5682694541231127,0.997960349188219
0.5682958557888869,0.997960349188219
0.5683222599080054,0.997960349188219
0.5683486664808103,0.997960349188219
0.5683750755076437,0.997960349188219
0.5684014869888476,0.997960349188219
0.5684279009247641,0.997960349188219
0.5684543173157357,0.997960349188219
0.5684807361621044,0.997960349188219
0.5685071574642127,0.997960349188219
0.5685335812224029,0.997960349188219
0.5685600074370177,0.997960349188219
0.5685864361083995,0.997960349188219
0.5686128672368911,0.997960349188219
0.5686393008228349,0.997960349188219
0.5686657368665737,0.997960349188219
0.5686921753684504,0.997960349188219
0.5687186163288079,0.997960349188219
0.5687450597479891,0.997960349188219
0.5687715056263368,0.997960349188219
0.5687979539641944,0.997960349188219
0.5688244047619048,0.997960349188219
0.5688508580198112,0.997960349188219
0.5688773137382569,0.997960349188219
0.5689037719175852,0.997960349188219
0.5689302325581396,0.997960349188219
0.5689566956602633,0.997960349188219
0.5689831612242999,0.997960349188219
0.5690096292505931,0.997960349188219
0.5690360997394864,0.997960349188219
0.5690625726913235,0.997960349188219
0.5690890481064483,0.997960349188219
0.5691155259852045,0.997960349188219
0.569142006327936,0.997960349188219
0.5691684891349867,0.997960349188219
0.5691949744067007,0.997960349188219
0.5692214621434222,0.997960349188219
0.5692479523454952,0.997960349188219
0.5692744450132639,0.997960349188219
0.5693009401470726,0.997960349188219
0.5693274377472656,0.997960349188219
0.5693539378141873,0.997960349188219
0.5693804403481822,0.997960349188219
0.569406945349595,0.997960349188219
0.5694334528187701,0.997960349188219
0.5694599627560522,0.997960349188219
0.569486475161786,0.997960349188219
0.5695129900363163,0.997960349188219
0.5695395073799879,0.997960349188219
0.5695660271931459,0.997960349188219
0.569592549476135,0.997960349188219
0.5696190742293006,0.997960349188219
0.5696456014529875,0.997960349188219
0.569672131147541,0.997960349188219
0.5696986633133063,0.997960349188219
0.5697251979506288,0.997960349188219
0.5697517350598538,0.997960349188219
0.5697782746413266,0.997960349188219
0.569804816695393,0.997960349188219
0.5698313612223982,0.997960349188219
0.5698579082226881,0.997960349188219
0.5698844576966082,0.997960349188219
0.5699110096445045,0.997960349188219
0.5699375640667226,0.997960349188219
0.5699641209636084,0.997960349188219
0.5699906803355079,0.997960349188219
0.5700172421827672,0.997960349188219
0.5700438065057322,0.997960349188219
0.5700703733047491,0.997960349188219
0.5700969425801641,0.997960349188219
0.5701235143323234,0.997960349188219
0.5701500885615736,0.997960349188219
0.5701766652682608,0.997960349188219
0.5702032444527316,0.997960349188219
0.5702298261153326,0.997960349188219
0.5702564102564103,0.997960349188219
0.5702829968763112,0.997960349188219
0.5703095859753823,0.997960349188219
0.5703361775539703,0.997960349188219
0.5703627716124219,0.997960349188219
0.5703893681510842,0.997960349188219
0.5704159671703041,0.997960349188219
0.5704425686704285,0.997960349188219
0.5704691726518049,0.997960349188219
0.5704957791147801,0.997960349188219
0.5705223880597015,0.997960349188219
0.5705489994869164,0.997960349188219
0.5705756133967721,0.997960349188219
0.5706022297896161,0.997960349188219
0.5706288486657959,0.997960349188219
0.570655470025659,0.997960349188219
0.570682093869553,0.997960349188219
0.5707087201978258,0.997960349188219
0.5707353490108249,0.997960349188219
0.5707619803088984,0.997960349188219
0.5707886140923938,0.997960349188219
0.5708152503616595,0.997960349188219
0.5708418891170431,0.997960349188219
0.570868530358893,0.997960349188219
0.5708951740875572,0.997960349188219
0.5709218203033839,0.997960349188219
0.5709484690067215,0.997960349188219
0.5709751201979181,0.997960349188219
0.5710017738773224,0.997960349188219
0.5710284300452827,0.997960349188219
0.5710550887021475,0.997960349188219
0.5710817498482655,0.997960349188219
0.5711084134839854,0.997960349188219
0.5711350796096559,0.997960349188219
0.5711617482256257,0.997960349188219
0.5711884193322437,0.997960349188219
0.571215092929859,0.997960349188219
0.5712417690188203,0.997960349188219
0.5712684475994769,0.997960349188219
0.5712951286721778,0.997960349188219
0.5713218122372723,0.997960349188219
0.5713484982951096,0.997960349188219
0.5713751868460388,0.997960349188219
0.5714018778904096,0.997960349188219
0.5714285714285714,0.997960349188219
0.5714552674608736,0.997960349188219
0.5714819659876659,0.997960349188219
0.5715086670092978,0.997960349188219
0.571535370526119,0.997960349188219
0.5715620765384795,0.997960349188219
0.5715887850467289,0.997960349188219
0.5716154960512173,0.997960349188219
0.5716422095522946,0.997960349188219
0.5716689255503108,0.997960349188219
0.571695644045616,0.997960349188219
0.5717223650385604,0.997960349188219
0.5717490885294942,0.997960349188219
0.5717758145187678,0.997960349188219
0.5718025430067315,0.997960349188219
0.5718292739937357,0.997960349188219
0.5718560074801309,0.997960349188219
0.5718827434662677,0.997960349188219
0.5719094819524967,0.997960349188219
0.5719362229391687,0.997960349188219
0.5719629664266342,0.997960349188219
0.5719897124152443,0.997960349188219
0.5720164609053497,0.997960349188219
0.5720432118973016,0.997960349188219
0.5720699653914507,0.997960349188219
0.5720967213881484,0.997960349188219
0.5721234798877456,0.997960349188219
0.5721502408905935,0.997960349188219
0.5721770043970437,0.997960349188219
0.5722037704074473,0.997960349188219
0.5722305389221557,0.997960349188219
0.5722573099415205,0.997960349188219
0.5722840834658931,0.997960349188219
0.5723108594956253,0.997960349188219
0.5723376380310687,0.997960349188219
0.572364419072575,0.997960349188219
0.572391202620496,0.997960349188219
0.5724179886751837,0.997960349188219
0.5724447772369899,0.997960349188219
0.5724715683062667,0.997960349188219
0.5724983618833661,0.997960349188219
0.5725251579686403,0.997960349188219
0.5725519565624415,0.997960349188219
0.5725787576651219,0.997960349188219
0.572605561277034,0.997960349188219
0.5726323673985301,0.997960349188219
0.5726591760299625,0.997960349188219
0.5726859871716841,0.997960349188219
0.5727128008240472,0.997960349188219
0.5727396169874046,0.997960349188219
0.572766435662109,0.997960349188219
0.5727932568485132,0.997960349188219
0.5728200805469701,0.997960349188219
0.5728469067578327,0.997960349188219
0.5728737354814537,0.997960349188219
0.5729005667181865,0.997960349188219
0.5729274004683841,0.997960349188219
0.5729542367323996,0.997960349188219
0.5729810755105865,0.997960349188219
0.5730079168032979,0.997960349188219
0.5730347606108873,0.997960349188219
0.5730616069337081,0.997960349188219
0.573088455772114,0.997960349188219
0.5731153071264583,0.997960349188219
0.5731421609970949,0.997960349188219
0.5731690173843775,0.997960349188219
0.5731958762886598,0.997960349188219
0.5732227377102957,0.997960349188219
0.5732496016496391,0.997960349188219
0.5732764681070441,0.997960349188219
0.5733033370828646,0.997960349188219
0.5733302085774549,0.997960349188219
0.573357082591169,0.997960349188219
0.5733839591243614,0.997960349188219
0.5734108381773861,0.997960349188219
0.5734377197505978,0.997960349188219
0.5734646038443507,0.997960349188219
0.5734914904589995,0.997960349188219
0.5735183795948987,0.997960349188219
0.5735452712524031,0.997960349188219
0.5735721654318672,0.997960349188219
0.573599062133646,0.997960349188219
0.5736259613580942,0.997960349188219
0.5736528631055667,0.997960349188219
0.5736797673764187,0.997960349188219
0.5737066741710051,0.997960349188219
0.5737335834896811,0.997960349188219
0.5737604953328017,0.997960349188219
0.5737874097007224,0.997960349188219
0.5738143265937984,0.997960349188219
0.5738412460123851,0.997960349188219
0.5738681679568379,0.997960349188219
0.5738950924275125,0.997960349188219
0.5739220194247642,0.997960349188219
0.573948948948949,0.997960349188219
0.5739758810004223,0.997960349188219
0.5740028155795401,0.997960349188219
0.5740297526866582,0.997960349188219
0.5740566923221325,0.997960349188219
0.574083634486319,0.997960349188219
0.5741105791795739,0.997960349188219
0.574137526402253,0.997960349188219
0.5741644761547128,0.997960349188219
0.5741914284373093,0.997960349188219
0.574218383250399,0.997960349188219
0.5742453405943383,0.997960349188219
0.5742723004694835,0.997960349188219
0.5742992628761914,0.997960349188219
0.5743262278148183,0.997960349188219
0.574353195285721,0.997960349188219
0.5743801652892562,0.997960349188219
0.5744071378257807,0.997960349188219
0.5744341128956514,0.997960349188219
0.5744610904992251,0.997960349188219
0.5744880706368589,0.997960349188219
0.5745150533089098,0.997960349188219
0.574542038515735,0.997960349188219
0.5745690262576918,0.997960349188219
0.5745960165351371,0.997960349188219
0.5746230093484286,0.997960349188219
0.5746500046979235,0.997960349188219
0.5746770025839794,0.997960349188219
0.5747040030069536,0.997960349188219
0.5747310059672038,0.997960349188219
0.5747580114650879,0.997960349188219
0.5747850195009633,0.997960349188219
0.574812030075188,0.997960349188219
0.5748390431881197,0.997960349188219
0.5748660588401165,0.997960349188219
0.5748930770315364,0.997960349188219
0.5749200977627373,0.997960349188219
0.5749471210340775,0.997960349188219
0.5749741468459152,0.997960349188219
0.5750011751986086,0.997960349188219
0.575028206092516,0.997960349188219
0.5750552395279959,0.997960349188219
0.5750822755054067,0.997960349188219
0.575109314025107,0.997960349188219
0.5751363550874553,0.997960349188219
0.5751633986928104,0.997960349188219
0.575190444841531,0.997960349188219
0.575217493533976,0.997960349188219
0.5752445447705041,0.997960349188219
0.5752715985514744,0.997960349188219
0.5752986548772457,0.997960349188219
0.5753257137481774,0.997960349188219
0.5753527751646285,0.997960349188219
0.575379839126958,0.997960349188219
0.5754069056355254,0.997960349188219
0.5754339746906901,0.997960349188219
0.5754610462928115,0.997960349188219
0.5754881204422488,0.997960349188219
0.5755151971393621,0.997960349188219
0.5755422763845104,0.997960349188219
0.5755693581780539,0.997960349188219
0.575596442520352,0.997960349188219
0.5756235294117648,0.997960349188219
0.5756506188526519,0.997960349188219
0.5756777108433735,0.997960349188219
0.5757048053842896,0.997960349188219
0.5757319024757601,0.997960349188219
0.5757590021181455,0.997960349188219
0.5757861043118057,0.997960349188219
0.5758132090571012,0.997960349188219
0.5758403163543923,0.997960349188219
0.5758674262040394,0.997960349188219
0.575894538606403,0.997960349188219
0.5759216535618438,0.997960349188219
0.5759487710707223,0.997960349188219
0.5759758911333993,0.997960349188219
0.5760030137502354,0.997960349188219
0.5760301389215917,0.997960349188219
0.576057266647829,0.997960349188219
0.5760843969293081,0.997960349188219
0.5761115297663904,0.997960349188219
0.5761386651594367,0.997960349188219
0.5761658031088083,0.997960349188219
0.5761929436148665,0.997960349188219
0.5762200866779725,0.997960349188219
0.5762472322984877,0.997960349188219
0.5762743804767738,0.997960349188219
0.5763015312131919,0.997960349188219
0.576328684508104,0.997960349188219
0.5763558403618716,0.997960349188219
0.5763829987748563,0.997960349188219
0.57641015974742,0.997960349188219
0.5764373232799246,0.997960349188219
0.576464489372732,0.997960349188219
0.5764916580262042,0.997960349188219
0.5765188292407032,0.997960349188219
0.5765460030165912,0.997960349188219
0.5765731793542305,0.997960349188219
0.5766003582539833,0.997960349188219
0.5766275397162117,0.997960349188219
0.5766547237412786,0.997960349188219
0.576681910329546,0.997960349188219
0.5767090994813767,0.997960349188219
0.5767362911971333,0.997960349188219
0.5767634854771784,0.997960349188219
0.5767906823218748,0.997960349188219
0.5768178817315854,0.997960349188219
0.576845083706673,0.997960349188219
0.5768722882475005,0.997960349188219
0.576899495354431,0.997960349188219
0.5769267050278276,0.997960349188219
0.5769539172680533,0.997960349188219
0.5769811320754717,0.997960349188219
0.5770083494504458,0.997960349188219
0.577035569393339,0.997960349188219
0.5770627919045148,0.997960349188219
0.5770900169843367,0.997960349188219
0.5771172446331682,0.997960349188219
0.577144474851373,0.997960349188219
0.5771717076393149,0.997960349188219
0.5771989429973575,0.997960349188219
0.5772261809258648,0.997960349188219
0.5772534214252005,0.997960349188219
0.5772806644957289,0.997960349188219
0.5773079101378139,0.997960349188219
0.5773351583518195,0.997960349188219
0.5773624091381101,0.997960349188219
0.5773896624970498,0.997960349188219
0.577416918429003,0.997960349188219
0.5774441769343341,0.997960349188219
0.5774714380134076,0.997960349188219
0.577498701666588,0.997960349188219
0.5775259678942398,0.997960349188219
0.5775532366967279,0.997960349188219
0.5775805080744169,0.997960349188219
0.5776077820276715,0.997960349188219
0.5776350585568568,0.997960349188219
0.5776623376623377,0.997960349188219
0.577689619344479,0.997960349188219
0.5777169036036461,0.997960349188219
0.5776969582467409,0.9978787631557477
0.5777242454300694,0.9978787631557477
0.5777515351913085,0.9978787631557477
0.5777788275308233,0.9978787631557477
0.5778061224489796,0.9978787631557477
0.5778334199461426,0.9978787631557477
0.5778607200226779,0.9978787631557477
0.5778880226789511,0.9978787631557477
0.577915327915328,0.9978787631557477
0.5779426357321741,0.9978787631557477
0.5779699461298554,0.9978787631557477
0.5779972591087378,0.9978787631557477
0.5780245746691871,0.9978787631557477
0.5780518928115695,0.9978787631557477
0.578079213536251,0.9978787631557477
0.5781065368435979,0.9978787631557477
0.5781338627339762,0.9978787631557477
0.5781611912077523,0.9978787631557477
0.5781885222652926,0.9978787631557477
0.5782158559069636,0.9978787631557477
0.5782431921331316,0.9978787631557477
0.5782705309441634,0.9978787631557477
0.5782978723404255,0.9978787631557477
0.5783252163222847,0.9978787631557477
0.5783525628901078,0.9978787631557477
0.5783799120442616,0.9978787631557477
0.578407263785113,0.9978787631557477
0.5784346181130291,0.9978787631557477
0.5784619750283768,0.9978787631557477
0.5784893345315234,0.9978787631557477
0.5785166966228361,0.9978787631557477
0.578544061302682,0.9978787631557477
0.5785714285714286,0.9978787631557477
0.5785987984294432,0.9978787631557477
0.5786261708770933,0.9978787631557477
0.5786535459147466,0.9978787631557477
0.5786809235427707,0.9978787631557477
0.578708303761533,0.9978787631557477
0.5787356865714015,0.9978787631557477
0.578763071972744,0.9978787631557477
0.5787904599659285,0.9978787631557477
0.5788178505513227,0.9978787631557477
0.5788452437292948,0.9978787631557477
0.578872639500213,0.9978787631557477
0.5789000378644453,0.9978787631557477
0.57892743882236,0.9978787631557477
0.5789548423743255,0.9978787631557477
0.57898224852071,0.9978787631557477
0.5790096572618822,0.9978787631557477
0.5790370685982105,0.9978787631557477
0.5790644825300635,0.9978787631557477
0.5790918990578098,0.9978787631557477
0.5791193181818182,0.9978787631557477
0.5791467399024575,0.9978787631557477
0.5791741642200966,0.9978787631557477
0.5792015911351044,0.9978787631557477
0.57922902064785,0.9978787631557477
0.5792564527587023,0.9978787631557477
0.5792838874680307,0.9978787631557477
0.5793113247762043,0.9978787631557477
0.5793387646835922,0.9978787631557477
0.5793662071905642,0.9978787631557477
0.5793936522974893,0.9978787631557477
0.5794211000047373,0.9978787631557477
0.5794485503126776,0.9978787631557477
0.57947600322168,0.9978787631557477
0.5795034587321141,0.9978787631557477
0.5795309168443497,0.9978787631557477
0.5795583775587566,0.9978787631557477
0.5795858408757049,0.9978787631557477
0.5796133067955644,0.9978787631557477
0.5796407753187053,0.9978787631557477
0.5796682464454976,0.9978787631557477
0.5796957201763117,0.9978787631557477
0.5797231965115177,0.9978787631557477
0.579750675451486,0.9978787631557477
0.5797781569965871,0.9978787631557477
0.5798056411471912,0.9978787631557477
0.5798331279036693,0.9978787631557477
0.5798606172663917,0.9978787631557477
0.5798881092357292,0.9978787631557477
0.5799156038120525,0.9978787631557477
0.5799431009957325,0.9978787631557477
0.5799706007871402,0.9978787631557477
0.5799981031866465,0.9978787631557477
0.5800256081946222,0.9978787631557477
0.5800531158114389,0.9978787631557477
0.5800806260374674,0.9978787631557477
0.5801081388730791,0.9978787631557477
0.5801356543186453,0.9978787631557477
0.5801631723745375,0.9978787631557477
0.580190693041127,0.9978787631557477
0.5802182163187856,0.9978787631557477
0.5802457422078846,0.9978787631557477
0.5802732707087959,0.9978787631557477
0.5803008018218911,0.9978787631557477
0.5803283355475423,0.9978787631557477
0.580355871886121,0.9978787631557477
0.5803834108379994,0.9978787631557477
0.5804109524035496,0.9978787631557477
0.5804384965831435,0.9978787631557477
0.5804660433771535,0.9978787631557477
0.5804935927859516,0.9978787631557477
0.5805211448099103,0.9978787631557477
0.5805486994494019,0.9978787631557477
0.5805287891014382,0.9977971771232765
0.5805563467198329,0.9977971771232765
0.5805839069546641,0.9977971771232765
0.5806114698063046,0.9977971771232765
0.580639035275127,0.9977971771232765
0.5806666033615041,0.9977971771232765
0.5806941740658088,0.9977971771232765
0.5807217473884141,0.9977971771232765
0.5807493233296928,0.9977971771232765
0.5807769018900181,0.9977971771232765
0.5808044830697631,0.9977971771232765
0.5808320668693009,0.9977971771232765
0.580859653289005,0.9977971771232765
0.5808872423292486,0.9977971771232765
0.5809148339904052,0.9977971771232765
0.5809424282728481,0.9977971771232765
0.5809700251769512,0.9977971771232765
0.5809976247030879,0.9977971771232765
0.5810252268516319,0.9977971771232765
0.5810528316229571,0.9977971771232765
0.5810804390174371,0.9977971771232765
0.5811080490354462,0.9977971771232765
0.5811356616773581,0.9977971771232765
0.5811632769435469,0.9977971771232765
0.5811908948343867,0.9977971771232765
0.5812185153502519,0.9977971771232765
0.5812461384915165,0.9977971771232765
0.5812737642585551,0.9977971771232765
0.581301392651742,0.9977971771232765
0.5813290236714517,0.9977971771232765
0.5813566573180586,0.9977971771232765
0.5813842935919377,0.9977971771232765
0.5814119324934632,0.9977971771232765
0.5814395740230104,0.9977971771232765
0.5814672181809537,0.9977971771232765
0.5814948649676683,0.9977971771232765
0.5815225143835291,0.9977971771232765
0.5815501664289111,0.9977971771232765
0.5815778211041894,0.9977971771232765
0.5816054784097394,0.9977971771232765
0.5816331383459362,0.9977971771232765
0.5816608009131552,0.9977971771232765
0.5816884661117717,0.9977971771232765
0.5817161339421614,0.9977971771232765
0.5817438044046996,0.9977971771232765
0.5817714774997621,0.9977971771232765
0.5817991532277247,0.9977971771232765
0.5818268315889629,0.9977971771232765
0.5818545125838527,0.9977971771232765
0.58188219621277,0.9977971771232765
0.5819098824760908,0.9977971771232765
0.5819375713741911,0.9977971771232765
0.5819652629074471,0.9977971771232765
0.5819929570762349,0.9977971771232765
0.5820206538809308,0.9977971771232765
0.5820483533219113,0.9977971771232765
0.5820760553995526,0.9977971771232765
0.5821037601142314,0.9977971771232765
0.5821314674663239,0.9977971771232765
0.5821591774562072,0.9977971771232765
0.5821868900842576,0.9977971771232765
0.5822146053508521,0.9977971771232765
0.5822423232563675,0.9977971771232765
0.5822700438011807,0.9977971771232765
0.5822977669856687,0.9977971771232765
0.5823254928102085,0.9977971771232765
0.5823532212751774,0.9977971771232765
0.5823809523809523,0.9977971771232765
0.5824086861279109,0.9977971771232765
0.5824364225164301,0.9977971771232765
0.5824641615468876,0.9977971771232765
0.5824919032196609,0.9977971771232765
0.5825196475351274,0.9977971771232765
0.5825473944936649,0.9977971771232765
0.5825751440956509,0.9977971771232765
0.5826028963414634,0.9977971771232765
0.5826306512314802,0.9977971771232765
0.5826584087660791,0.9977971771232765
0.5826861689456382,0.9977971771232765
0.5827139317705355,0.9977971771232765
0.5827416972411493,0.9977971771232765
0.5827694653578577,0.9977971771232765
0.5827972361210388,0.9977971771232765
0.5828250095310713,0.9977971771232765
0.5828527855883334,0.9977971771232765
0.5828805642932037,0.9977971771232765
0.5829083456460608,0.9977971771232765
0.5829361296472831,0.9977971771232765
0.5829639162972496,0.9977971771232765
0.5829917055963391,0.9977971771232765
0.5830194975449302,0.9977971771232765
0.583047292143402,0.9977971771232765
0.5830750893921335,0.9977971771232765
0.5831028892915038,0.9977971771232765
0.5831306918418919,0.9977971771232765
0.5831584970436773,0.9977971771232765
0.583186304897239,0.9977971771232765
0.5832141154029566,0.9977971771232765
0.5832419285612094,0.9977971771232765
0.583269744372377,0.9977971771232765
0.5832975628368389,0.9977971771232765
0.5833253839549747,0.9977971771232765
0.5833532077271644,0.9977971771232765
0.5833810341537874,0.9977971771232765
0.583408863235224,0.9977971771232765
0.5834366949718538,0.9977971771232765
0.583464529364057,0.9977971771232765
0.5834923664122137,0.9977971771232765
0.5835202061167041,0.9977971771232765
0.5835480484779082,0.9977971771232765
0.5835758934962065,0.9977971771232765
0.5836037411719794,0.9977971771232765
0.5836315915056073,0.9977971771232765
0.5836594444974706,0.9977971771232765
0.5836873001479502,0.9977971771232765
0.5837151584574265,0.9977971771232765
0.5837430194262804,0.9977971771232765
0.5837708830548926,0.9977971771232765
0.5837987493436441,0.9977971771232765
0.5838266182929158,0.9977971771232765
0.5838544899030887,0.9977971771232765
0.5838823641745441,0.9977971771232765
0.5839102411076629,0.9977971771232765
0.5839381207028266,0.9977971771232765
0.5839660029604163,0.9977971771232765
0.5839938878808136,0.9977971771232765
0.5840217754643999,0.9977971771232765
0.5840496657115568,0.9977971771232765
0.5840775586226659,0.9977971771232765
0.5841054541981087,0.9977971771232765
0.5841333524382671,0.9977971771232765
0.5841612533435231,0.9977971771232765
0.5841891569142584,0.9977971771232765
0.5842170631508551,0.9977971771232765
0.5842449720536951,0.9977971771232765
0.5842728836231608,0.9977971771232765
0.5843007978596341,0.9977971771232765
0.5843287147634973,0.9977971771232765
0.5843566343351331,0.9977971771232765
0.5843845565749235,0.9977971771232765
0.5844124814832513,0.9977971771232765
0.5844404090604989,0.9977971771232765
0.584468339307049,0.9977971771232765
0.5844962722232843,0.9977971771232765
0.5845242078095876,0.9977971771232765
0.5845521460663416,0.9977971771232765
0.5845800869939295,0.9977971771232765
0.5846080305927343,0.9977971771232765
0.5846359768631387,0.9977971771232765
0.5846639258055263,0.9977971771232765
0.5846918774202802,0.9977971771232765
0.5847198317077835,0.9977971771232765
0.5847477886684198,0.9977971771232765
0.5847757483025724,0.9977971771232765
0.584803710610625,0.9977971771232765
0.584831675592961,0.9977971771232765
0.5848596432499641,0.9977971771232765
0.5848876135820181,0.9977971771232765
0.5849155865895069,0.9977971771232765
0.5849435622728142,0.9977971771232765
0.5849715406323241,0.9977971771232765
0.5849995216684205,0.9977971771232765
0.5850275053814877,0.9977971771232765
0.5850554917719096,0.9977971771232765
0.5850834808400708,0.9977971771232765
0.5851114725863553,0.9977971771232765
0.5851394670111478,0.9977971771232765
0.5851674641148326,0.9977971771232765
0.5851954638977942,0.9977971771232765
0.5852234663604172,0.9977971771232765
0.5852514715030865,0.9977971771232765
0.5852794793261868,0.9977971771232765
0.585307489830103,0.9977971771232765
0.5853355030152196,0.9977971771232765
0.5853635188819222,0.9977971771232765
0.5853915374305955,0.9977971771232765
0.5854195586616247,0.9977971771232765
0.585447582575395,0.9977971771232765
0.5854756091722917,0.9977971771232765
0.5855036384527001,0.9977971771232765
0.5855316704170058,0.9977971771232765
0.5855597050655942,0.9977971771232765
0.5855877423988508,0.9977971771232765
0.5856157824171615,0.9977971771232765
0.5856438251209117,0.9977971771232765
0.5856718705104875,0.9977971771232765
0.5856999185862746,0.9977971771232765
0.585727969348659,0.9977971771232765
0.5857560227980267,0.9977971771232765
0.5857840789347639,0.9977971771232765
0.5858121377592566,0.9977971771232765
0.5858401992718911,0.9977971771232765
0.5858682634730539,0.9977971771232765
0.5858963303631312,0.9977971771232765
0.5859243999425094,0.9977971771232765
0.5859524722115753,0.9977971771232765
0.5859805471707153,0.9977971771232765
0.5860086248203162,0.9977971771232765
0.5860367051607648,0.9977971771232765
0.5860647881924478,0.9977971771232765
0.5860928739157522,0.9977971771232765
0.5861209623310649,0.9977971771232765
0.5861490534387731,0.9977971771232765
0.5861771472392638,0.9977971771232765
0.5862052437329243,0.9977971771232765
0.5862333429201418,0.9977971771232765
0.5862614448013038,0.9977971771232765
0.5862895493767977,0.9977971771232765
0.5863176566470109,0.9977971771232765
0.586345766612331,0.9977971771232765
0.5863738792731457,0.9977971771232765
0.5864019946298428,0.9977971771232765
0.5864301126828099,0.9977971771232765
0.586458233432435,0.9977971771232765
0.5864863568791061,0.9977971771232765
0.5865144830232112,0.9977971771232765
0.5865426118651383,0.9977971771232765
0.5865707434052758,0.9977971771232765
0.5865988776440118,0.9977971771232765
0.5866270145817345,0.9977971771232765
0.5866551542188324,0.9977971771232765
0.5866832965556942,0.9977971771232765
0.586711441592708,0.9977971771232765
0.5866916138936864,0.9977155910908052
0.5867197620304179,0.9977155910908052
0.5867479128682468,0.9977155910908052
0.586776066407562,0.9977155910908052
0.5868042226487524,0.9977155910908052
0.586832381592207,0.9977155910908052
0.5868605432383146,0.9977155910908052
0.5868887075874646,0.9977155910908052
0.586916874640046,0.9977155910908052
0.5869450443964482,0.9977155910908052
0.5869732168570606,0.9977155910908052
0.5870013920222723,0.9977155910908052
0.5870295698924731,0.9977155910908052
0.5870577504680524,0.9977155910908052
0.5870859337493999,0.9977155910908052
0.5871141197369053,0.9977155910908052
0.5871423084309583,0.9977155910908052
0.5871704998319489,0.9977155910908052
0.587198693940267,0.9977155910908052
0.5872268907563025,0.9977155910908052
0.5872550902804456,0.9977155910908052
0.5872832925130865,0.9977155910908052
0.5873114974546153,0.9977155910908052
0.5873397051054224,0.9977155910908052
0.5873679154658982,0.9977155910908052
0.5873961285364331,0.9977155910908052
0.5874243443174176,0.9977155910908052
0.5874525628092424,0.9977155910908052
0.5874807840122982,0.9977155910908052
0.5875090079269757,0.9977155910908052
0.5875372345536658,0.9977155910908052
0.5875654638927593,0.9977155910908052
0.5875936959446473,0.9977155910908052
0.5876219307097208,0.9977155910908052
0.587650168188371,0.9977155910908052
0.587678408380989,0.9977155910908052
0.5877066512879662,0.9977155910908052
0.5877348969096938,0.9977155910908052
0.5877631452465635,0.9977155910908052
0.5877913962989666,0.9977155910908052
0.5878196500672948,0.9977155910908052
0.5878479065519396,0.9977155910908052
0.5878761657532929,0.9977155910908052
0.5879044276717466,0.9977155910908052
0.5879326923076923,0.9977155910908052
0.5879609596615222,0.9977155910908052
0.5879892297336282,0.9977155910908052
0.5880175025244025,0.9977155910908052
0.5880457780342373,0.9977155910908052
0.5880740562635249,0.9977155910908052
0.5881023372126575,0.9977155910908052
0.5881306208820276,0.9977155910908052
0.5881589072720277,0.9977155910908052
0.5881871963830504,0.9977155910908052
0.5882154882154882,0.9977155910908052
0.588243782769734,0.9977155910908052
0.5882720800461805,0.9977155910908052
0.5883003800452206,0.9977155910908052
0.5883286827672471,0.9977155910908052
0.5883569882126534,0.9977155910908052
0.5883852963818321,0.9977155910908052
0.5884136072751768,0.9977155910908052
0.5884419208930806,0.9977155910908052
0.5884702372359367,0.9977155910908052
0.5884985563041386,0.9977155910908052
0.5885268780980798,0.9977155910908052
0.5885552026181539,0.9977155910908052
0.5885835298647543,0.9977155910908052
0.5886118598382749,0.9977155910908052
0.5886401925391095,0.9977155910908052
0.5886685279676519,0.9977155910908052
0.588696866124296,0.9977155910908052
0.5887252070094358,0.9977155910908052
0.5887535506234655,0.9977155910908052
0.588781896966779,0.9977155910908052
0.5888102460397708,0.9977155910908052
0.5888385978428351,0.9977155910908052
0.5888669523763663,0.9977155910908052
0.588895309640759,0.9977155910908052
0.5889236696364074,0.9977155910908052
0.5889520323637064,0.9977155910908052
0.5889803978230507,0.9977155910908052
0.5890087660148348,0.9977155910908052
0.5890371369394538,0.9977155910908052
0.5890655105973025,0.9977155910908052
0.589093886988776,0.9977155910908052
0.5891222661142692,0.9977155910908052
0.5891506479741774,0.9977155910908052
0.5891790325688957,0.9977155910908052
0.5892074198988195,0.9977155910908052
0.5892358099643442,0.9977155910908052
0.5892642027658652,0.9977155910908052
0.589292598303778,0.9977155910908052
0.5893209965784781,0.9977155910908052
0.5893493975903614,0.9977155910908052
0.5893778013398236,0.9977155910908052
0.5894062078272605,0.9977155910908052
0.5894346170530679,0.9977155910908052
0.5894630290176419,0.9977155910908052
0.5894914437213786,0.9977155910908052
0.5895198611646741,0.9977155910908052
0.5895482813479246,0.9977155910908052
0.5895767042715264,0.9977155910908052
0.5896051299358758,0.9977155910908052
0.5896335583413693,0.9977155910908052
0.5896619894884035,0.9977155910908052
0.5896904233773749,0.9977155910908052
0.5897188600086801,0.9977155910908052
0.5897472993827161,0.9977155910908052
0.5897757414998794,0.9977155910908052
0.5898041863605672,0.9977155910908052
0.5898326339651763,0.9977155910908052
0.5898610843141038,0.9977155910908052
0.5898895374077469,0.9977155910908052
0.5899179932465026,0.9977155910908052
0.5899464518307684,0.9977155910908052
0.5899749131609417,0.9977155910908052
0.5900033772374198,0.9977155910908052
0.5900318440606002,0.9977155910908052
0.5900603136308806,0.9977155910908052
0.5900887859486585,0.9977155910908052
0.5901172610143319,0.9977155910908052
0.5901457388282985,0.9977155910908052
0.590174219390956,0.9977155910908052
0.5902027027027027,0.9977155910908052
0.5902311887639364,0.9977155910908052
0.5902596775750555,0.9977155910908052
0.590288169136458,0.9977155910908052
0.5903166634485422,0.9977155910908052
0.5903451605117065,0.9977155910908052
0.5903736603263493,0.9977155910908052
0.5904021628928692,0.9977155910908052
0.5904306682116648,0.9977155910908052
0.5904591762831346,0.9977155910908052
0.5904876871076774,0.9977155910908052
0.5905162006856922,0.9977155910908052
0.5905447170175777,0.9977155910908052
0.590573236103733,0.9977155910908052
0.5906017579445572,0.9977155910908052
0.5906302825404491,0.9977155910908052
0.5906588098918083,0.9977155910908052
0.590687339999034,0.9977155910908052
0.5907158728625254,0.9977155910908052
0.590744408482682,0.9977155910908052
0.5907729468599033,0.9977155910908052
0.5908014879945891,0.9977155910908052
0.5908300318871389,0.9977155910908052
0.5908585785379523,0.9977155910908052
0.5908871279474295,0.9977155910908052
0.5909156801159701,0.9977155910908052
0.5909442350439741,0.9977155910908052
0.5909727927318417,0.9977155910908052
0.5910013531799729,0.9977155910908052
0.5910299163887681,0.9977155910908052
0.5910584823586273,0.9977155910908052
0.5910870510899512,0.9977155910908052
0.59111562258314,0.9977155910908052
0.5911441968385943,0.9977155910908052
0.5911727738567147,0.9977155910908052
0.5912013536379018,0.9977155910908052
0.5912299361825566,0.9977155910908052
0.5912585214910796,0.9977155910908052
0.591287109563872,0.9977155910908052
0.5913157004013345,0.9977155910908052
0.5913442940038685,0.9977155910908052
0.5913728903718749,0.9977155910908052
0.5914014895057549,0.9977155910908052
0.59143009140591,0.9977155910908052
0.5914586960727414,0.9977155910908052
0.5914873035066506,0.9977155910908052
0.5915159137080391,0.9977155910908052
0.5915445266773086,0.9977155910908052
0.5915731424148607,0.9977155910908052
0.5916017609210972,0.9977155910908052
0.59163038219642,0.9977155910908052
0.5916590062412308,0.9977155910908052
0.5916876330559319,0.9977155910908052
0.5917162626409251,0.9977155910908052
0.5917448949966128,0.9977155910908052
0.5917735301233971,0.9977155910908052
0.5918021680216802,0.9977155910908052
0.5918308086918647,0.9977155910908052
0.5918594521343529,0.9977155910908052
0.5918880983495475,0.9977155910908052
0.5919167473378509,0.9977155910908052
0.591945399099666,0.9977155910908052
0.5919740536353955,0.9977155910908052
0.5920027109454422,0.9977155910908052
0.5920313710302091,0.9977155910908052
0.5920600338900992,0.9977155910908052
0.5920886995255157,0.9977155910908052
0.5921173679368614,0.9977155910908052
0.59214603912454,0.9977155910908052
0.5921747130889545,0.9977155910908052
0.5922033898305085,0.9977155910908052
0.5922320693496053,0.9977155910908052
0.5922607516466486,0.9977155910908052
0.5922894367220419,0.9977155910908052
0.592318124576189,0.9977155910908052
0.5923468152094938,0.9977155910908052
0.59237550862236,0.9977155910908052
0.5924042048151916,0.9977155910908052
0.5924329037883926,0.9977155910908052
0.5924616055423672,0.9977155910908052
0.5924903100775194,0.9977155910908052
0.5925190173942536,0.9977155910908052
0.5925477274929741,0.9977155910908052
0.5925764403740854,0.9977155910908052
0.5926051560379919,0.9977155910908052
0.5926338744850982,0.9977155910908052
0.5926625957158088,0.9977155910908052
0.5926913197305288,0.9977155910908052
0.5927200465296627,0.9977155910908052
0.5927487761136154,0.9977155910908052
0.5927775084827921,0.9977155910908052
0.5928062436375976,0.9977155910908052
0.5928349815784371,0.9977155910908052
0.5928637223057158,0.9977155910908052
0.592892465819839,0.9977155910908052
0.5929212121212121,0.9977155910908052
0.5929499612102405,0.9977155910908052
0.5929787130873296,0.9977155910908052
0.5930074677528853,0.9977155910908052
0.5930362252073129,0.9977155910908052
0.5930649854510184,0.9977155910908052
0.5930937484844075,0.9977155910908052
0.5931225143078863,0.9977155910908052
0.5931512829218606,0.9977155910908052
0.5931800543267365,0.9977155910908052
0.5932088285229202,0.9977155910908052
0.593237605510818,0.9977155910908052
0.5932663852908359,0.9977155910908052
0.5932951678633805,0.9977155910908052
0.5933239532288583,0.9977155910908052
0.5933527413876759,0.9977155910908052
0.5933815323402397,0.9977155910908052
0.5934103260869565,0.9977155910908052
0.5934391226282332,0.9977155910908052
0.5934679219644764,0.9977155910908052
0.5934967240960932,0.9977155910908052
0.5935255290234905,0.9977155910908052
0.5935543367470757,0.9977155910908052
0.5935831472672556,0.9977155910908052
0.5936119605844377,0.9977155910908052
0.5936407766990291,0.9977155910908052
0.5936695956114374,0.9977155910908052
0.5936984173220701,0.9977155910908052
0.5937272418313346,0.9977155910908052
0.5937560691396387,0.9977155910908052
0.5937848992473902,0.9977155910908052
0.5938137321549966,0.9977155910908052
0.593842567862866,0.9977155910908052
0.5938714063714063,0.9977155910908052
0.5939002476810257,0.9977155910908052
0.5939290917921322,0.9977155910908052
0.5939579387051338,0.9977155910908052
0.5939867884204391,0.9977155910908052
0.5940156409384563,0.9977155910908052
0.5940444962595939,0.9977155910908052
0.5940733543842603,0.9977155910908052
0.5941022153128643,0.9977155910908052
0.5941310790458145,0.9977155910908052
0.5941599455835196,0.9977155910908052
0.5941888149263884,0.9977155910908052
0.5942176870748299,0.9977155910908052
0.5942465620292531,0.9977155910908052
0.594275439790067,0.9977155910908052
0.5943043203576809,0.9977155910908052
0.5943332037325039,0.9977155910908052
0.5943620899149453,0.9977155910908052
0.5943909789054146,0.9977155910908052
0.5944198707043212,0.9977155910908052
0.5944487653120747,0.9977155910908052
0.5944776627290846,0.9977155910908052
0.5945065629557608,0.9977155910908052
0.5945354659925131,0.9977155910908052
0.5945643718397511,0.9977155910908052
0.594593280497885,0.9977155910908052
0.5946221919673247,0.9977155910908052
0.5946511062484804,0.9977155910908052
0.5946800233417623,0.9977155910908052
0.5947089432475806,0.9977155910908052
0.5947378659663457,0.9977155910908052
0.594766791498468,0.9977155910908052
0.594795719844358,0.9977155910908052
0.5948246510044263,0.9977155910908052
0.5948535849790836,0.9977155910908052
0.5948825217687406,0.9977155910908052
0.5949114613738081,0.9977155910908052
0.5949404037946971,0.9977155910908052
0.5949693490318186,0.9977155910908052
0.5949982970855836,0.9977155910908052
0.5950272479564033,0.9977155910908052
0.5950562016446889,0.9977155910908052
0.5950851581508516,0.9977155910908052
0.595114117475303,0.9977155910908052
0.5951430796184544,0.9977155910908052
0.5951720445807174,0.9977155910908052
0.5952010123625037,0.9977155910908052
0.5952299829642249,0.9977155910908052
0.5952589563862928,0.9977155910908052
0.5952879326291194,0.9977155910908052
0.5953169116931165,0.9977155910908052
0.5953458935786963,0.9977155910908052
0.5953748782862707,0.9977155910908052
0.595403865816252,0.9977155910908052
0.5954328561690525,0.9977155910908052
0.5954618493450845,0.9977155910908052
0.5954908453447604,0.9977155910908052
0.5955198441684928,0.9977155910908052
0.5955488458166943,0.9977155910908052
0.5955778502897774,0.9977155910908052
0.5956068575881551,0.9977155910908052
0.59563586771224,0.9977155910908052
0.5956648806624452,0.9977155910908052
0.5956938964391836,0.9977155910908052
0.5957229150428682,0.9977155910908052
0.5957519364739124,0.9977155910908052
0.5957809607327292,0.9977155910908052
0.595809987819732,0.9977155910908052
0.5958390177353342,0.9977155910908052
0.5958680504799493,0.9977155910908052
0.5958970860539908,0.9977155910908052
0.5959261244578724,0.9977155910908052
0.5959551656920078,0.9977155910908052
0.5959842097568108,0.9977155910908052
0.5960132566526952,0.9977155910908052
0.596042306380075,0.9977155910908052
0.5960713589393644,0.9977155910908052
0.5961004143309774,0.9977155910908052
0.5961294725553281,0.9977155910908052
0.5961585336128309,0.9977155910908052
0.5961875975039002,0.9977155910908052
0.5962166642289504,0.9977155910908052
0.596245733788396,0.9977155910908052
0.5962748061826515,0.9977155910908052
0.5963038814121319,0.9977155910908052
0.5963329594772516,0.9977155910908052
0.5963620403784258,0.9977155910908052
0.5963911241160692,0.9977155910908052
0.5964202106905969,0.9977155910908052
0.596449300102424,0.9977155910908052
0.5964783923519656,0.9977155910908052
0.5965074874396371,0.9977155910908052
0.5965365853658536,0.9977155910908052
0.5965656861310308,0.9977155910908052
0.596594789735584,0.9977155910908052
0.5966238961799287,0.9977155910908052
0.5966530054644809,0.9977155910908052
0.5966821175896561,0.9977155910908052
0.59671123255587,0.9977155910908052
0.5967403503635388,0.9977155910908052
0.5967694710130783,0.9977155910908052
0.5967985945049046,0.9977155910908052
0.5968277208394339,0.9977155910908052
0.5968568500170823,0.9977155910908052
0.5968859820382663,0.9977155910908052
0.5969151169034022,0.9977155910908052
0.5969442546129063,0.9977155910908052
0.5969733951671955,0.9977155910908052
0.5970025385666862,0.9977155910908052
0.5970316848117951,0.9977155910908052
0.5970608339029392,0.9977155910908052
0.5970899858405351,0.9977155910908052
0.597119140625,0.9977155910908052
0.5971482982567509,0.9977155910908052
0.5971774587362048,0.9977155910908052
0.5972066220637788,0.9977155910908052
0.5972357882398907,0.9977155910908052
0.5972649572649573,0.9977155910908052
0.5972941291393963,0.9977155910908052
0.5973233038636253,0.9977155910908052
0.5973524814380617,0.9977155910908052
0.5973816618631235,0.9977155910908052
0.5974108451392282,0.9977155910908052
0.5974400312667937,0.9977155910908052
0.597469220246238,0.9977155910908052
0.5974984120779792,0.9977155910908052
0.5975276067624352,0.9977155910908052
0.5975568043000244,0.9977155910908052
0.597586004691165,0.9977155910908052
0.5976152079362752,0.9977155910908052
0.5976444140357736,0.9977155910908052
0.5976736229900786,0.9977155910908052
0.597702834799609,0.9977155910908052
0.5977320494647832,0.9977155910908052
0.5977612669860202,0.9977155910908052
0.5977904873637385,0.9977155910908052
0.5978197105983575,0.9977155910908052
0.5978489366902958,0.9977155910908052
0.5978781656399726,0.9977155910908052
0.5979073974478072,0.9977155910908052
0.5979366321142187,0.9977155910908052
0.5979658696396264,0.9977155910908052
0.5979951100244498,0.9977155910908052
0.5980243532691085,0.9977155910908052
0.5980535993740219,0.9977155910908052
0.5980828483396097,0.9977155910908052
0.5981121001662917,0.9977155910908052
0.5981413548544876,0.9977155910908052
0.5981706124046174,0.9977155910908052
0.5981998728171012,0.9977155910908052
0.5982291360923588,0.9977155910908052
0.5982584022308106,0.9977155910908052
0.5982876712328767,0.9977155910908052
0.5983169430989774,0.9977155910908052
0.5983462178295332,0.9977155910908052
0.5983754954249645,0.9977155910908052
0.598404775885692,0.9977155910908052
0.598434059212136,0.9977155910908052
0.5984633454047176,0.9977155910908052
0.5984926344638575,0.9977155910908052
0.5985219263899765,0.9977155910908052
0.5985512211834957,0.9977155910908052
0.598580518844836,0.9977155910908052
0.5986098193744187,0.9977155910908052
0.598639122772665,0.9977155910908052
0.5986684290399961,0.9977155910908052
0.5986977381768335,0.9977155910908052
0.5987270501835985,0.9977155910908052
0.5987563650607128,0.9977155910908052
0.5987856828085981,0.9977155910908052
0.598815003427676,0.9977155910908052
0.5988443269183683,0.9977155910908052
0.598873653281097,0.9977155910908052
0.5989029825162838,0.9977155910908052
0.598932314624351,0.9977155910908052
0.5989616496057207,0.9977155910908052
0.598990987460815,0.9977155910908052
0.5990203281900564,0.9977155910908052
0.5990496717938669,0.9977155910908052
0.5990790182726694,0.9977155910908052
0.5991083676268861,0.9977155910908052
0.5991377198569399,0.9977155910908052
0.5991670749632533,0.9977155910908052
0.5991964329462492,0.9977155910908052
0.5992257938063504,0.9977155910908052
0.59925515754398,0.9977155910908052
0.5992845241595609,0.9977155910908052
0.5993138936535163,0.9977155910908052
0.5993432660262693,0.9977155910908052
0.5993726412782434,0.9977155910908052
0.5994020194098618,0.9977155910908052
0.599431400421548,0.9977155910908052
0.5994607843137255,0.9977155910908052
0.599490171086818,0.9977155910908052
0.5995195607412491,0.9977155910908052
0.5995489532774427,0.9977155910908052
0.5995783486958227,0.9977155910908052
0.599607746996813,0.9977155910908052
0.5996371481808375,0.9977155910908052
0.5996665522483206,0.9977155910908052
0.5996959591996861,0.9977155910908052
0.5997253690353588,0.9977155910908052
0.5997547817557626,0.9977155910908052
0.5997841973613223,0.9977155910908052
0.5998136158524622,0.9977155910908052
0.5998430372296071,0.9977155910908052
0.5998724614931816,0.9977155910908052
0.5999018886436105,0.9977155910908052
0.5999313186813187,0.9977155910908052
0.5999607516067311,0.9977155910908052
0.5999901874202728,0.9977155910908052
0.6000196261223689,0.9977155910908052
0.6000490677134446,0.9977155910908052
0.6000785121939252,0.9977155910908052
0.6001079595642359,0.9977155910908052
0.6001374098248025,0.9977155910908052
0.6001668629760503,0.9977155910908052
0.6001963190184049,0.9977155910908052
0.6002257779522921,0.9977155910908052
0.6002552397781378,0.9977155910908052
0.6002847044963676,0.9977155910908052
0.6003141721074076,0.9977155910908052
0.6003436426116838,0.9977155910908052
0.6003731160096225,0.9977155910908052
0.6004025923016496,0.9977155910908052
0.6004320714881917,0.9977155910908052
0.6004615535696749,0.9977155910908052
0.6004910385465259,0.9977155910908052
0.6005205264191711,0.9977155910908052
0.6005500171880371,0.9977155910908052
0.6005795108535508,0.9977155910908052
0.6006090074161387,0.9977155910908052
0.6006385068762279,0.9977155910908052
0.6006680092342453,0.9977155910908052
0.6006975144906179,0.9977155910908052
0.6007270226457729,0.9977155910908052
0.6007565337001376,0.9977155910908052
0.600786047654139,0.9977155910908052
0.6008155645082047,0.9977155910908052
0.6008450842627623,0.9977155910908052
0.600874606918239,0.9977155910908052
0.6009041324750627,0.9977155910908052
0.600933660933661,0.9977155910908052
0.6009631922944616,0.9977155910908052
0.6009927265578927,0.9977155910908052
0.6010222637243819,0.9977155910908052
0.6010518037943576,0.9977155910908052
0.6010813467682478,0.9977155910908052
0.6011108926464805,0.9977155910908052
0.6010912844713169,0.997634005058334
0.6011208337429947,0.997634005058334
0.601150385920063,0.997634005058334
0.6011799410029498,0.997634005058334
0.6012094989920842,0.997634005058334
0.6012390598878946,0.997634005058334
0.6012686236908098,0.997634005058334
0.6012981904012589,0.997634005058334
0.6013277600196705,0.997634005058334
0.6013573325464738,0.997634005058334
0.601386907982098,0.997634005058334
0.6014164863269723,0.997634005058334
0.6014460675815257,0.997634005058334
0.6014756517461879,0.997634005058334
0.6015052388213882,0.997634005058334
0.601534828807556,0.997634005058334
0.6015644217051213,0.997634005058334
0.6015940175145135,0.997634005058334
0.6016236162361623,0.997634005058334
0.601653217870498,0.997634005058334
0.6016828224179501,0.997634005058334
0.6017124298789489,0.997634005058334
0.6017420402539245,0.997634005058334
0.6017716535433071,0.997634005058334
0.6018012697475269,0.997634005058334
0.6018308888670145,0.997634005058334
0.6018605109022002,0.997634005058334
0.6018901358535145,0.997634005058334
0.6019197637213881,0.997634005058334
0.6019493945062518,0.997634005058334
0.6019790282085364,0.997634005058334
0.6020086648286727,0.997634005058334
0.6020383043670917,0.997634005058334
0.6020679468242245,0.997634005058334
0.6020975922005022,0.997634005058334
0.6021272404963561,0.997634005058334
0.6021568917122174,0.997634005058334
0.6021865458485177,0.997634005058334
0.6022162029056882,0.997634005058334
0.6022458628841607,0.997634005058334
0.6022755257843668,0.997634005058334
0.6023051916067382,0.997634005058334
0.6023348603517068,0.997634005058334
0.6023645320197044,0.997634005058334
0.6023942066111632,0.997634005058334
0.6024238841265149,0.997634005058334
0.602453564566192,0.997634005058334
0.6024832479306267,0.997634005058334
0.6025129342202513,0.997634005058334
0.6025426234354981,0.997634005058334
0.6025723155767999,0.997634005058334
0.602602010644589,0.997634005058334
0.6026317086392982,0.997634005058334
0.6026614095613603,0.997634005058334
0.6026911134112081,0.997634005058334
0.6027208201892744,0.997634005058334
0.6027505298959925,0.997634005058334
0.6027802425317953,0.997634005058334
0.6028099580971161,0.997634005058334
0.6028396765923881,0.997634005058334
0.6028693980180446,0.997634005058334
0.6028991223745193,0.997634005058334
0.6029288496622455,0.997634005058334
0.6029585798816568,0.997634005058334
0.602988313033187,0.997634005058334
0.60301804911727,0.997634005058334
0.6030477881343393,0.997634005058334
0.6030775300848293,0.997634005058334
0.6031072749691738,0.997634005058334
0.603137022787807,0.997634005058334
0.6031667735411631,0.997634005058334
0.6031965272296764,0.997634005058334
0.6032262838537813,0.997634005058334
0.6032560434139121,0.997634005058334
0.6032858059105037,0.997634005058334
0.6033155713439905,0.997634005058334
0.6033453397148073,0.997634005058334
0.6033751110233889,0.997634005058334
0.6034048852701702,0.997634005058334
0.6034346624555863,0.997634005058334
0.603464442580072,0.997634005058334
0.6034942256440627,0.997634005058334
0.6035240116479936,0.997634005058334
0.6035538005923001,0.997634005058334
0.6035835924774174,0.997634005058334
0.6036133873037812,0.997634005058334
0.603643185071827,0.997634005058334
0.6036729857819905,0.997634005058334
0.6037027894347075,0.997634005058334
0.6037325960304137,0.997634005058334
0.6037624055695453,0.997634005058334
0.603792218052538,0.997634005058334
0.6038220334798281,0.997634005058334
0.6038518518518519,0.997634005058334
0.6038816731690454,0.997634005058334
0.6039114974318451,0.997634005058334
0.6039413246406875,0.997634005058334
0.603971154796009,0.997634005058334
0.6040009878982465,0.997634005058334
0.6040308239478364,0.997634005058334
0.6040606629452157,0.997634005058334
0.6040905048908211,0.997634005058334
0.6041203497850897,0.997634005058334
0.6041501976284585,0.997634005058334
0.6041800484213647,0.997634005058334
0.6042099021642455,0.997634005058334
0.6042397588575382,0.997634005058334
0.6042696185016802,0.997634005058334
0.604299481097109,0.997634005058334
0.6043293466442621,0.997634005058334
0.6043592151435774,0.997634005058334
0.6043890865954923,0.997634005058334
0.6044189610004449,0.997634005058334
0.604448838358873,0.997634005058334
0.6044787186712146,0.997634005058334
0.6045086019379079,0.997634005058334
0.6045384881593909,0.997634005058334
0.604568377336102,0.997634005058334
0.6045982694684796,0.997634005058334
0.604628164556962,0.997634005058334
0.6046580626019878,0.997634005058334
0.6046879636039957,0.997634005058334
0.6047178675634242,0.997634005058334
0.6047477744807122,0.997634005058334
0.6047776843562985,0.997634005058334
0.6048075971906223,0.997634005058334
0.6048375129841222,0.997634005058334
0.6048674317372378,0.997634005058334
0.6048973534504081,0.997634005058334
0.6049272781240724,0.997634005058334
0.6049572057586702,0.997634005058334
0.6049871363546409,0.997634005058334
0.6050170699124239,0.997634005058334
0.6050470064324592,0.997634005058334
0.6050769459151863,0.997634005058334
0.6051068883610451,0.997634005058334
0.6051368337704756,0.997634005058334
0.6051667821439176,0.997634005058334
0.6051967334818115,0.997634005058334
0.6052266877845971,0.997634005058334
0.6052566450527149,0.997634005058334
0.6052866052866053,0.997634005058334
0.6053165684867086,0.997634005058334
0.6053465346534653,0.997634005058334
0.6053765037873162,0.997634005058334
0.6054064758887019,0.997634005058334
0.6054364509580631,0.997634005058334
0.6054664289958408,0.997634005058334
0.6054964100024759,0.997634005058334
0.6055263939784095,0.997634005058334
0.6055563809240826,0.997634005058334
0.6055863708399366,0.997634005058334
0.6056163637264128,0.997634005058334
0.6056463595839524,0.997634005058334
0.6056763584129972,0.997634005058334
0.6057063602139885,0.997634005058334
0.6057363649873682,0.997634005058334
0.6057663727335777,0.997634005058334
0.6057963834530592,0.997634005058334
0.6058263971462544,0.997634005058334
0.6058564138136056,0.997634005058334
0.6058864334555545,0.997634005058334
0.6059164560725435,0.997634005058334
0.6059464816650149,0.997634005058334
0.6059765102334109,0.997634005058334
0.6060065417781743,0.997634005058334
0.6060365762997473,0.997634005058334
0.6060666137985725,0.997634005058334
0.606096654275093,0.997634005058334
0.6061266977297511,0.997634005058334
0.6061567441629901,0.997634005058334
0.6061867935752528,0.997634005058334
0.6062168459669823,0.997634005058334
0.6062469013386217,0.997634005058334
0.6062769596906143,0.997634005058334
0.6063070210234034,0.997634005058334
0.6063370853374325,0.997634005058334
0.6063671526331449,0.997634005058334
0.6063972229109844,0.997634005058334
0.6064272961713946,0.997634005058334
0.6064573724148192,0.997634005058334
0.6064874516417023,0.997634005058334
0.6065175338524875,0.997634005058334
0.606547619047619,0.997634005058334
0.606577707227541,0.997634005058334
0.6066077983926977,0.997634005058334
0.6066378925435333,0.997634005058334
0.6066679896804922,0.997634005058334
0.6066980898040188,0.997634005058334
0.6067281929145579,0.997634005058334
0.606758299012554,0.997634005058334
0.6067884080984518,0.997634005058334
0.6068185201726961,0.997634005058334
0.606848635235732,0.997634005058334
0.6068787532880043,0.997634005058334
0.6069088743299583,0.997634005058334
0.606938998362039,0.997634005058334
0.6069691253846917,0.997634005058334
0.6069992553983619,0.997634005058334
0.6070293884034949,0.997634005058334
0.6070595244005361,0.997634005058334
0.6070896633899315,0.997634005058334
0.6071198053721265,0.997634005058334
0.607149950347567,0.997634005058334
0.607180098316699,0.997634005058334
0.6072102492799683,0.997634005058334
0.6072404032378209,0.997634005058334
0.6072705601907032,0.997634005058334
0.6073007201390613,0.997634005058334
0.6073308830833416,0.997634005058334
0.6073610490239905,0.997634005058334
0.6073912179614545,0.997634005058334
0.60742138989618,0.997634005058334
0.607451564828614,0.997634005058334
0.6074817427592032,0.997634005058334
0.6075119236883942,0.997634005058334
0.6075421076166344,0.997634005058334
0.6075722945443705,0.997634005058334
0.6076024844720497,0.997634005058334
0.6076326774001193,0.997634005058334
0.6076628733290265,0.997634005058334
0.6076930722592188,0.997634005058334
0.6077232741911436,0.997634005058334
0.6077534791252485,0.997634005058334
0.6077836870619812,0.997634005058334
0.6078138980017894,0.997634005058334
0.607844111945121,0.997634005058334
0.607874328892424,0.997634005058334
0.6079045488441461,0.997634005058334
0.6079347718007359,0.997634005058334
0.6079649977626411,0.997634005058334
0.6079952267303103,0.997634005058334
0.6080254587041918,0.997634005058334
0.608055693684734,0.997634005058334
0.6080859316723854,0.997634005058334
0.608116172667595,0.997634005058334
0.6081464166708112,0.997634005058334
0.6081766636824828,0.997634005058334
0.6082069137030589,0.997634005058334
0.6082371667329884,0.997634005058334
0.6082674227727205,0.997634005058334
0.6082976818227042,0.997634005058334
0.6083279438833888,0.997634005058334
0.6083582089552239,0.997634005058334
0.6083884770386586,0.997634005058334
0.6084187481341427,0.997634005058334
0.6084490222421257,0.997634005058334
0.6084792993630573,0.997634005058334
0.6085095794973874,0.997634005058334
0.6085398626455658,0.997634005058334
0.6085701488080426,0.997634005058334
0.6086004379852678,0.997634005058334
0.6086307301776915,0.997634005058334
0.608661025385764,0.997634005058334
0.6086913236099358,0.997634005058334
0.6087216248506571,0.997634005058334
0.6087519291083785,0.997634005058334
0.6087822363835508,0.997634005058334
0.6088125466766243,0.997634005058334
0.6088428599880502,0.997634005058334
0.6088731763182792,0.997634005058334
0.6089034956677621,0.997634005058334
0.6089338180369503,0.997634005058334
0.6089641434262948,0.997634005058334
0.6089944718362468,0.997634005058334
0.6090248032672577,0.997634005058334
0.6090551377197788,0.997634005058334
0.6090854751942618,0.997634005058334
0.6091158156911581,0.997634005058334
0.6091461592109196,0.997634005058334
0.609176505753998,0.997634005058334
0.609206855320845,0.997634005058334
0.6092372079119127,0.997634005058334
0.6092675635276532,0.997634005058334
0.6092979221685186,0.997634005058334
0.6093282838349612,0.997634005058334
0.609358648527433,0.997634005058334
0.609389016246387,0.997634005058334
0.6094193869922752,0.997634005058334
0.6094497607655502,0.997634005058334
0.609480137566665,0.997634005058334
0.6095105173960722,0.997634005058334
0.6095409002542246,0.997634005058334
0.6095712861415753,0.997634005058334
0.6096016750585772,0.997634005058334
0.6096320670056835,0.997634005058334
0.6096624619833475,0.997634005058334
0.6096928599920224,0.997634005058334
0.6097232610321616,0.997634005058334
0.6097536651042186,0.997634005058334
0.609784072208647,0.997634005058334
0.6098144823459006,0.997634005058334
0.6098448955164331,0.997634005058334
0.6098753117206983,0.997634005058334
0.6099057309591501,0.997634005058334
0.6099361532322426,0.997634005058334
0.60996657854043,0.997634005058334
0.6099970068841665,0.997634005058334
0.6100274382639063,0.997634005058334
0.6100578726801038,0.997634005058334
0.6100883101332136,0.997634005058334
0.6101187506236903,0.997634005058334
0.6101491941519884,0.997634005058334
0.6101796407185629,0.997634005058334
0.6102100903238684,0.997634005058334
0.6102405429683602,0.997634005058334
0.6102709986524929,0.997634005058334
0.6103014573767219,0.997634005058334
0.6103319191415024,0.997634005058334
0.6103623839472896,0.997634005058334
0.6103928517945391,0.997634005058334
0.610423322683706,0.997634005058334
0.6104537966152463,0.997634005058334
0.6104842735896155,0.997634005058334
0.6105147536072695,0.997634005058334
0.6105452366686639,0.997634005058334
0.6105757227742548,0.997634005058334
0.6106062119244982,0.997634005058334
0.6106367041198502,0.997634005058334
0.6106671993607671,0.997634005058334
0.6106976976477051,0.997634005058334
0.6107281989811207,0.997634005058334
0.6107587033614704,0.997634005058334
0.6107892107892108,0.997634005058334
0.6108197212647984,0.997634005058334
0.6108502347886902,0.997634005058334
0.6108807513613429,0.997634005058334
0.6109112709832134,0.997634005058334
0.610941793654759,0.997634005058334
0.6109723193764365,0.997634005058334
0.6110028481487033,0.997634005058334
0.6110333799720168,0.997634005058334
0.6110639148468342,0.997634005058334
0.6110944527736132,0.997634005058334
0.6111249937528113,0.997634005058334
0.6111555377848861,0.997634005058334
0.6111860848702954,0.997634005058334
0.6112166350094972,0.997634005058334
0.6112471882029492,0.997634005058334
0.6112777444511098,0.997634005058334
0.6113083037544368,0.997634005058334
0.6113388661133886,0.997634005058334
0.6113694315284236,0.997634005058334
0.6114,0.997634005058334
0.6114305715285764,0.997634005058334
0.6114611461146114,0.997634005058334
0.6114917237585638,0.997634005058334
0.6115223044608922,0.997634005058334
0.6115528882220556,0.997634005058334
0.6115834750425128,0.997634005058334
0.611614064922723,0.997634005058334
0.6116446578631453,0.997634005058334
0.6116752538642389,0.997634005058334
0.6117058529264632,0.997634005058334
0.6117364550502776,0.997634005058334
0.6117670602361417,0.997634005058334
0.6117976684845149,0.997634005058334
0.6118282797958571,0.997634005058334
0.611858894170628,0.997634005058334
0.6118895116092874,0.997634005058334
0.6119201321122955,0.997634005058334
0.6119507556801121,0.997634005058334
0.6119813823131975,0.997634005058334
0.612012012012012,0.997634005058334
0.6120426447770159,0.997634005058334
0.6120732806086695,0.997634005058334
0.6121039195074336,0.997634005058334
0.6121345614737685,0.997634005058334
0.6121652065081352,0.997634005058334
0.6121958546109942,0.997634005058334
0.6122265057828068,0.997634005058334
0.6122571600240336,0.997634005058334
0.6122878173351359,0.997634005058334
0.6123184777165749,0.997634005058334
0.6123491411688117,0.997634005058334
0.6123798076923077,0.997634005058334
0.6124104772875244,0.997634005058334
0.6124411499549234,0.997634005058334
0.6124718256949662,0.997634005058334
0.6125025045081146,0.997634005058334
0.6125331863948305,0.997634005058334
0.6125638713555756,0.997634005058334
0.6125945593908121,0.997634005058334
0.612625250501002,0.997634005058334
0.6126559446866076,0.997634005058334
0.612686641948091,0.997634005058334
0.6127173422859147,0.997634005058334
0.6127480457005412,0.997634005058334
0.6127787521924329,0.997634005058334
0.6128094617620528,0.997634005058334
0.6128401744098632,0.997634005058334
0.6128708901363272,0.997634005058334
0.6129016089419077,0.997634005058334
0.6129323308270677,0.997634005058334
0.6129630557922703,0.997634005058334
0.6129937838379788,0.997634005058334
0.6130245149646564,0.997634005058334
0.6130552491727664,0.997634005058334
0.6130859864627726,0.997634005058334
0.6131167268351384,0.997634005058334
0.6131474702903275,0.997634005058334
0.6131782168288036,0.997634005058334
0.6132089664510305,0.997634005058334
0.6132397191574724,0.997634005058334
0.6132704749485932,0.997634005058334
0.613301233824857,0.997634005058334
0.6133319957867281,0.997634005058334
0.6133627608346709,0.997634005058334
0.6133935289691498,0.997634005058334
0.6134243001906291,0.997634005058334
0.6134550744995736,0.997634005058334
0.6134858518964479,0.997634005058334
0.6135166323817169,0.997634005058334
0.6135474159558455,0.997634005058334
0.6135782026192985,0.997634005058334
0.6136089923725412,0.997634005058334
0.6136397852160386,0.997634005058334
0.613670581150256,0.997634005058334
0.6137013801756587,0.997634005058334
0.6137321822927123,0.997634005058334
0.6137629875018823,0.997634005058334
0.6137937958036341,0.997634005058334
0.6138246071984338,0.997634005058334
0.613855421686747,0.997634005058334
0.6138862392690396,0.997634005058334
0.6139170599457777,0.997634005058334
0.6139478837174274,0.997634005058334
0.6139787105844547,0.997634005058334
0.6140095405473261,0.997634005058334
0.614040373606508,0.997634005058334
0.6140712097624668,0.997634005058334
0.6141020490156689,0.997634005058334
0.6141328913665813,0.997634005058334
0.6141637368156705,0.997634005058334
0.6141945853634034,0.997634005058334
0.6142254370102471,0.997634005058334
0.6142562917566685,0.997634005058334
0.6142871496031347,0.997634005058334
0.614318010550113,0.997634005058334
0.6143488745980707,0.997634005058334
0.6143797417474752,0.997634005058334
0.6144106119987941,0.997634005058334
0.6144414853524949,0.997634005058334
0.6144723618090452,0.997634005058334
0.614503241368913,0.997634005058334
0.6145341240325661,0.997634005058334
0.6145650098004725,0.997634005058334
0.6145958986731002,0.997634005058334
0.6146267906509173,0.997634005058334
0.6146576857343923,0.997634005058334
0.6146885839239934,0.997634005058334
0.614719485220189,0.997634005058334
0.6147503896234477,0.997634005058334
0.6147812971342383,0.997634005058334
0.6148122077530294,0.997634005058334
0.6148431214802896,0.997634005058334
0.6148740383164881,0.997634005058334
0.6149049582620939,0.997634005058334
0.614935881317576,0.997634005058334
0.6149668074834037,0.997634005058334
0.6149977367600463,0.997634005058334
0.615028669147973,0.997634005058334
0.6150596046476535,0.997634005058334
0.6150905432595574,0.997634005058334
0.6151214849841541,0.997634005058334
0.6151524298219136,0.997634005058334
0.6151833777733058,0.997634005058334
0.6152143288388006,0.997634005058334
0.6152452830188679,0.997634005058334
0.6152762403139781,0.997634005058334
0.6153072007246012,0.997634005058334
0.6153381642512077,0.997634005058334
0.615369130894268,0.997634005058334
0.6154001006542527,0.997634005058334
0.6154310735316322,0.997634005058334
0.6154620495268774,0.997634005058334
0.6154930286404591,0.997634005058334
0.6155240108728481,0.997634005058334
0.6155549962245155,0.997634005058334
0.6155859846959323,0.997634005058334
0.6156169762875698,0.997634005058334
0.6156479709998993,0.997634005058334
0.6156789688333921,0.997634005058334
0.6157099697885197,0.997634005058334
0.6157409738657535,0.997634005058334
0.6157719810655655,0.997634005058334
0.6158029913884272,0.997634005058334
0.6158340048348107,0.997634005058334
0.6158650214051876,0.997634005058334
0.6158960411000303,0.997634005058334
0.6159270639198106,0.997634005058334
0.6159077171065888,0.9975524190258628
0.6159387436401189,0.9975524190258628
0.6159697732997481,0.9975524190258628
0.6160008060859489,0.9975524190258628
0.6160318419991939,0.9975524190258628
0.6160628810399557,0.9975524190258628
0.616093923208707,0.9975524190258628
0.6161249685059209,0.9975524190258628
0.6161560169320701,0.9975524190258628
0.6161870684876278,0.9975524190258628
0.6162181231730672,0.9975524190258628
0.6162491809888615,0.9975524190258628
0.6162802419354839,0.9975524190258628
0.6163113060134079,0.9975524190258628
0.6163423732231071,0.9975524190258628
0.6163734435650552,0.9975524190258628
0.6164045170397258,0.9975524190258628
0.6164355936475926,0.9975524190258628
0.6164666733891297,0.9975524190258628
0.6164977562648112,0.9975524190258628
0.616528842275111,0.9975524190258628
0.6165599314205032,0.9975524190258628
0.6165910237014625,0.9975524190258628
0.6166221191184629,0.9975524190258628
0.616653217671979,0.9975524190258628
0.6166843193624855,0.9975524190258628
0.616715424190457,0.9975524190258628
0.6167465321563682,0.9975524190258628
0.6167776432606941,0.9975524190258628
0.6168087575039096,0.9975524190258628
0.6168398748864897,0.9975524190258628
0.6168709954089098,0.9975524190258628
0.6169021190716448,0.9975524190258628
0.6169332458751703,0.9975524190258628
0.6169643758199617,0.9975524190258628
0.6169955089064945,0.9975524190258628
0.6170266451352443,0.9975524190258628
0.6170577845066868,0.9975524190258628
0.617088927021298,0.9975524190258628
0.6171200726795538,0.9975524190258628
0.6171512214819301,0.9975524190258628
0.6171823734289031,0.9975524190258628
0.617213528520949,0.9975524190258628
0.617244686758544,0.9975524190258628
0.6172758481421647,0.9975524190258628
0.6173070126722876,0.9975524190258628
0.617338180349389,0.9975524190258628
0.617369351173946,0.9975524190258628
0.6174005251464351,0.9975524190258628
0.6174317022673332,0.9975524190258628
0.6174628825371175,0.9975524190258628
0.6174940659562649,0.9975524190258628
0.6175252525252525,0.9975524190258628
0.6175564422445579,0.9975524190258628
0.6175876351146581,0.9975524190258628
0.6176188311360307,0.9975524190258628
0.6176500303091533,0.9975524190258628
0.6176812326345037,0.9975524190258628
0.6177124381125594,0.9975524190258628
0.6177436467437983,0.9975524190258628
0.6177748585286985,0.9975524190258628
0.6178060734677379,0.9975524190258628
0.6178372915613947,0.9975524190258628
0.6178685128101471,0.9975524190258628
0.6178997372144734,0.9975524190258628
0.6179309647748522,0.9975524190258628
0.6179621954917619,0.9975524190258628
0.617993429365681,0.9975524190258628
0.6180246663970885,0.9975524190258628
0.6180559065864631,0.9975524190258628
0.6180871499342837,0.9975524190258628
0.6181183964410293,0.9975524190258628
0.6181496461071789,0.9975524190258628
0.618180898933212,0.9975524190258628
0.6182121549196077,0.9975524190258628
0.6182434140668454,0.9975524190258628
0.6182746763754046,0.9975524190258628
0.6183059418457648,0.9975524190258628
0.618337210478406,0.9975524190258628
0.6183684822738077,0.9975524190258628
0.6183997572324499,0.9975524190258628
0.6184310353548126,0.9975524190258628
0.6184623166413759,0.9975524190258628
0.6184936010926197,0.9975524190258628
0.6185248887090247,0.9975524190258628
0.618556179491071,0.9975524190258628
0.6185874734392391,0.9975524190258628
0.6186187705540096,0.9975524190258628
0.6186500708358632,0.9975524190258628
0.6186813742852806,0.9975524190258628
0.6187126809027427,0.9975524190258628
0.6187439906887303,0.9975524190258628
0.6187753036437247,0.9975524190258628
0.618806619768207,0.9975524190258628
0.6188379390626582,0.9975524190258628
0.6188692615275598,0.9975524190258628
0.6189005871633934,0.9975524190258628
0.6189319159706403,0.9975524190258628
0.6189632479497823,0.9975524190258628
0.6189945831013011,0.9975524190258628
0.6190259214256784,0.9975524190258628
0.6190572629233962,0.9975524190258628
0.6190886075949367,0.9975524190258628
0.6191199554407818,0.9975524190258628
0.6191513064614138,0.9975524190258628
0.6191826606573151,0.9975524190258628
0.6192140180289679,0.9975524190258628
0.6192453785768549,0.9975524190258628
0.6192767423014587,0.9975524190258628
0.619308109203262,0.9975524190258628
0.6193394792827475,0.9975524190258628
0.6193708525403981,0.9975524190258628
0.6194022289766971,0.9975524190258628
0.6194336085921273,0.9975524190258628
0.6194649913871719,0.9975524190258628
0.6194963773623144,0.9975524190258628
0.6195277665180381,0.9975524190258628
0.6195591588548265,0.9975524190258628
0.619590554373163,0.9975524190258628
0.6196219530735316,0.9975524190258628
0.6196533549564159,0.9975524190258628
0.6196847600222999,0.9975524190258628
0.6197161682716675,0.9975524190258628
0.6197475797050028,0.9975524190258628
0.6197789943227899,0.9975524190258628
0.6198104121255132,0.9975524190258628
0.6198418331136571,0.9975524190258628
0.6198732572877059,0.9975524190258628
0.6199046846481444,0.9975524190258628
0.6199361151954571,0.9975524190258628
0.6199675489301288,0.9975524190258628
0.6199989858526443,0.9975524190258628
0.6200304259634889,0.9975524190258628
0.6200618692631472,0.9975524190258628
0.6200933157521047,0.9975524190258628
0.6201247654308465,0.9975524190258628
0.620156218299858,0.9975524190258628
0.6201876743596246,0.9975524190258628
0.6202191336106321,0.9975524190258628
0.6202505960533659,0.9975524190258628
0.6202820616883117,0.9975524190258628
0.6203135305159555,0.9975524190258628
0.6203450025367834,0.9975524190258628
0.6203764777512811,0.9975524190258628
0.620407956159935,0.9975524190258628
0.6204394377632313,0.9975524190258628
0.6204709225616564,0.9975524190258628
0.6205024105556965,0.9975524190258628
0.6205339017458384,0.9975524190258628
0.6205653961325687,0.9975524190258628
0.6205968937163739,0.9975524190258628
0.6206283944977412,0.9975524190258628
0.6206598984771574,0.9975524190258628
0.6206914056551094,0.9975524190258628
0.6207229160320845,0.9975524190258628
0.6207544296085699,0.9975524190258628
0.6207859463850528,0.9975524190258628
0.6208174663620208,0.9975524190258628
0.6208489895399614,0.9975524190258628
0.6208805159193622,0.9975524190258628
0.620912045500711,0.9975524190258628
0.6209435782844954,0.9975524190258628
0.6209751142712037,0.9975524190258628
0.6210066534613236,0.9975524190258628
0.6210381958553434,0.9975524190258628
0.6210697414537512,0.9975524190258628
0.6211012902570354,0.9975524190258628
0.6211328422656845,0.9975524190258628
0.6211643974801869,0.9975524190258628
0.6211959559010314,0.9975524190258628
0.6212275175287064,0.9975524190258628
0.621259082363701,0.9975524190258628
0.6212906504065041,0.9975524190258628
0.6213222216576045,0.9975524190258628
0.6213537961174916,0.9975524190258628
0.6213853737866545,0.9975524190258628
0.6214169546655824,0.9975524190258628
0.6214485387547649,0.9975524190258628
0.6214801260546915,0.9975524190258628
0.6215117165658517,0.9975524190258628
0.6215433102887352,0.9975524190258628
0.621574907223832,0.9975524190258628
0.6216065073716319,0.9975524190258628
0.621638110732625,0.9975524190258628
0.6216697173073013,0.9975524190258628
0.6217013270961509,0.9975524190258628
0.6217329400996644,0.9975524190258628
0.621764556318332,0.9975524190258628
0.6217961757526445,0.9975524190258628
0.6218277984030921,0.9975524190258628
0.6218594242701658,0.9975524190258628
0.6218910533543563,0.9975524190258628
0.6219226856561546,0.9975524190258628
0.6219543211760516,0.9975524190258628
0.6219859599145386,0.9975524190258628
0.6220176018721066,0.9975524190258628
0.622049247049247,0.9975524190258628
0.6220808954464513,0.9975524190258628
0.6221125470642108,0.9975524190258628
0.6221442019030173,0.9975524190258628
0.6221758599633626,0.9975524190258628
0.6222075212457381,0.9975524190258628
0.6222391857506361,0.9975524190258628
0.6222708534785485,0.9975524190258628
0.6223025244299675,0.9975524190258628
0.6223341986053851,0.9975524190258628
0.6223658760052937,0.9975524190258628
0.6223975566301858,0.9975524190258628
0.6224292404805538,0.9975524190258628
0.6224609275568905,0.9975524190258628
0.6224926178596885,0.9975524190258628
0.6225243113894404,0.9975524190258628
0.6225560081466395,0.9975524190258628
0.6225877081317785,0.9975524190258628
0.6226194113453508,0.9975524190258628
0.6226511177878494,0.9975524190258628
0.6226828274597678,0.9975524190258628
0.6227145403615992,0.9975524190258628
0.6227462564938372,0.9975524190258628
0.6227779758569755,0.9975524190258628
0.6228096984515077,0.9975524190258628
0.6228414242779278,0.9975524190258628
0.6228731533367295,0.9975524190258628
0.622904885628407,0.9975524190258628
0.6229366211534543,0.9975524190258628
0.6229683599123657,0.9975524190258628
0.6230001019056354,0.9975524190258628
0.6230318471337579,0.9975524190258628
0.6230635955972279,0.9975524190258628
0.6230953472965398,0.9975524190258628
0.6231271022321884,0.9975524190258628
0.6231588604046685,0.9975524190258628
0.623190621814475,0.9975524190258628
0.623222386462103,0.9975524190258628
0.6232541543480478,0.9975524190258628
0.6232859254728041,0.9975524190258628
0.6233176998368679,0.9975524190258628
0.6233494774407341,0.9975524190258628
0.6233812582848985,0.9975524190258628
0.6234130423698567,0.9975524190258628
0.6234766202641375,0.9975524190258628
0.6235084140744518,0.9975524190258628
0.6235402111275434,0.9975524190258628
0.6235720114239086,0.9975524190258628
0.6236038149640435,0.9975524190258628
0.6236356217484443,0.9975524190258628
0.6236674317776078,0.9975524190258628
0.6236992450520302,0.9975524190258628
0.6237310615722084,0.9975524190258628
0.6237628813386389,0.9975524190258628
0.6237947043518188,0.9975524190258628
0.6238265306122449,0.9975524190258628
0.6238583601204143,0.9975524190258628
0.6238901928768241,0.9975524190258628
0.6239220288819717,0.9975524190258628
0.6239538681363543,0.9975524190258628
0.6239857106404695,0.9975524190258628
0.6240175563948147,0.9975524190258628
0.6240494053998877,0.9975524190258628
0.6240812576561862,0.9975524190258628
0.624113113164208,0.9975524190258628
0.6241449719244513,0.9975524190258628
0.6241768339374139,0.9975524190258628
0.624208699203594,0.9975524190258628
0.6242405677234901,0.9975524190258628
0.6242724394976004,0.9975524190258628
0.6243043145264233,0.9975524190258628
0.6243361928104575,0.9975524190258628
0.6243680743502017,0.9975524190258628
0.6243999591461546,0.9975524190258628
0.6244318471988152,0.9975524190258628
0.6244637385086823,0.9975524190258628
0.6244956330762552,0.9975524190258628
0.624527530902033,0.9975524190258628
0.6245594319865148,0.9975524190258628
0.6245913363302003,0.9975524190258628
0.6246232439335888,0.9975524190258628
0.6246551547971799,0.9975524190258628
0.6246870689214734,0.9975524190258628
0.6247189863069691,0.9975524190258628
0.6247509069541669,0.9975524190258628
0.6247828308635667,0.9975524190258628
0.6248147580356687,0.9975524190258628
0.624846688470973,0.9975524190258628
0.62487862216998,0.9975524190258628
0.6249105591331903,0.9975524190258628
0.624942499361104,0.9975524190258628
0.624974442854222,0.9975524190258628
0.625006389613045,0.9975524190258628
0.6250383396380739,0.9975524190258628
0.6250702929298093,0.9975524190258628
0.6251022494887526,0.9975524190258628
0.6251342093154046,0.9975524190258628
0.625166172410267,0.9975524190258628
0.6251981387738406,0.9975524190258628
0.6252301084066271,0.9975524190258628
0.6252620813091281,0.9975524190258628
0.6252940574818452,0.9975524190258628
0.62532603692528,0.9975524190258628
0.6253580196399345,0.9975524190258628
0.6253900056263106,0.9975524190258628
0.6254219948849105,0.9975524190258628
0.6254539874162361,0.9975524190258628
0.6254859832207899,0.9975524190258628
0.6255179822990741,0.9975524190258628
0.6255499846515912,0.9975524190258628
0.6255819902788436,0.9975524190258628
0.6256139991813344,0.9975524190258628
0.6256460113595661,0.9975524190258628
0.6256780268140415,0.9975524190258628
0.6257100455452638,0.9975524190258628
0.625742067553736,0.9975524190258628
0.6257740928399611,0.9975524190258628
0.6258061214044426,0.9975524190258628
0.6258381532476839,0.9975524190258628
0.6258701883701884,0.9975524190258628
0.6259022267724597,0.9975524190258628
0.6259342684550016,0.9975524190258628
0.6259663134183178,0.9975524190258628
0.6259983616629121,0.9975524190258628
0.6260304131892889,0.9975524190258628
0.6260624679979518,0.9975524190258628
0.6260945260894055,0.9975524190258628
0.6261265874641541,0.9975524190258628
0.6261586521227019,0.9975524190258628
0.6261907200655537,0.9975524190258628
0.6262227912932138,0.9975524190258628
0.6262548658061873,0.9975524190258628
0.6262869436049787,0.9975524190258628
0.6263190246900933,0.9975524190258628
0.6263511090620357,0.9975524190258628
0.6263831967213115,0.9975524190258628
0.6264152876684257,0.9975524190258628
0.6264473819038836,0.9975524190258628
0.6264794794281908,0.9975524190258628
0.6265115802418528,0.9975524190258628
0.6265436843453753,0.9975524190258628
0.6265757917392641,0.9975524190258628
0.626607902424025,0.9975524190258628
0.626640016400164,0.9975524190258628
0.6266721336681872,0.9975524190258628
0.6267042542286008,0.9975524190258628
0.626736378081911,0.9975524190258628
0.6267685052286242,0.9975524190258628
0.6268006356692469,0.9975524190258628
0.6268327694042859,0.9975524190258628
0.6268649064342476,0.9975524190258628
0.6268970467596391,0.9975524190258628
0.6269291903809671,0.9975524190258628
0.6269613372987386,0.9975524190258628
0.6269934875134608,0.9975524190258628
0.6270256410256411,0.9975524190258628
0.6270577978357864,0.9975524190258628
0.6270899579444046,0.9975524190258628
0.6271221213520028,0.9975524190258628
0.627154288059089,0.9975524190258628
0.6271864580661708,0.9975524190258628
0.627218631373756,0.9975524190258628
0.6272508079823527,0.9975524190258628
0.6272829878924687,0.9975524190258628
0.6273151711046124,0.9975524190258628
0.627347357619292,0.9975524190258628
0.6273795474370157,0.9975524190258628
0.6274117405582923,0.9975524190258628
0.6274439369836301,0.9975524190258628
0.627476136713538,0.9975524190258628
0.6275083397485245,0.9975524190258628
0.6275405460890987,0.9975524190258628
0.6275727557357696,0.9975524190258628
0.6276049686890462,0.9975524190258628
0.6276371849494379,0.9975524190258628
0.6276694045174538,0.9975524190258628
0.6277016273936034,0.9975524190258628
0.6277338535783962,0.9975524190258628
0.6277660830723417,0.9975524190258628
0.6277983158759499,0.9975524190258628
0.6278305519897305,0.9975524190258628
0.6278627914141933,0.9975524190258628
0.6278950341498485,0.9975524190258628
0.6279272801972062,0.9975524190258628
0.6279595295567767,0.9975524190258628
0.6279917822290704,0.9975524190258628
0.6280240382145975,0.9975524190258628
0.6280562975138689,0.9975524190258628
0.6280885601273951,0.9975524190258628
0.6281208260556869,0.9975524190258628
0.6281530952992551,0.9975524190258628
0.6281853678586108,0.9975524190258628
0.628217643734265,0.9975524190258628
0.628249922926729,0.9975524190258628
0.628282205436514,0.9975524190258628
0.6283144912641315,0.9975524190258628
0.6283467804100931,0.9975524190258628
0.62837907287491,0.9975524190258628
0.6284113686590944,0.9975524190258628
0.6284436677631579,0.9975524190258628
0.6284759701876125,0.9975524190258628
0.6285082759329701,0.9975524190258628
0.628540584999743,0.9975524190258628
0.6285728973884434,0.9975524190258628
0.6286052130995836,0.9975524190258628
0.6286375321336761,0.9975524190258628
0.6286698544912335,0.9975524190258628
0.6287021801727684,0.9975524190258628
0.6287345091787937,0.9975524190258628
0.6287668415098221,0.9975524190258628
0.6287991771663667,0.9975524190258628
0.6288315161489405,0.9975524190258628
0.6288638584580569,0.9975524190258628
0.628896204094229,0.9975524190258628
0.6289285530579702,0.9975524190258628
0.6289609053497942,0.9975524190258628
0.6289932609702145,0.9975524190258628
0.6290256199197448,0.9975524190258628
0.629057982198899,0.9975524190258628
0.629090347808191,0.9975524190258628
0.6291227167481348,0.9975524190258628
0.6291550890192447,0.9975524190258628
0.6291874646220347,0.9975524190258628
0.6292198435570193,0.9975524190258628
0.6292522258247131,0.9975524190258628
0.6292846114256304,0.9975524190258628
0.6293170003602861,0.9975524190258628
0.629349392629195,0.9975524190258628
0.6293817882328718,0.9975524190258628
0.6294141871718316,0.9975524190258628
0.6293951093951093,0.9974708329933916
0.6294275123558485,0.9974708329933916
0.6294599186531432,0.9974708329933916
0.629492328287509,0.9974708329933916
0.6295247412594615,0.9974708329933916
0.6295571575695159,0.9974708329933916
0.6295895772181884,0.9974708329933916
0.6296220002059945,0.9974708329933916
0.62965442653345,0.9974708329933916
0.6296868562010712,0.9974708329933916
0.6297192892093741,0.9974708329933916
0.629751725558875,0.9974708329933916
0.6297841652500902,0.9974708329933916
0.6298166082835359,0.9974708329933916
0.6298490546597291,0.9974708329933916
0.629881504379186,0.9974708329933916
0.6299139574424236,0.9974708329933916
0.6299464138499588,0.9974708329933916
0.6299788736023084,0.9974708329933916
0.6300113366999897,0.9974708329933916
0.6300438031435197,0.9974708329933916
0.6300762729334158,0.9974708329933916
0.6301087460701953,0.9974708329933916
0.6301412225543759,0.9974708329933916
0.630173702386475,0.9974708329933916
0.6302061855670104,0.9974708329933916
0.6302386720964999,0.9974708329933916
0.6302711619754614,0.9974708329933916
0.630303655204413,0.9974708329933916
0.6303361517838729,0.9974708329933916
0.6303686517143594,0.9974708329933916
0.6304011549963906,0.9974708329933916
0.6304336616304852,0.9974708329933916
0.6304661716171617,0.9974708329933916
0.6304986849569388,0.9974708329933916
0.6305312016503353,0.9974708329933916
0.6305637216978699,0.9974708329933916
0.6305962451000618,0.9974708329933916
0.6306287718574303,0.9974708329933916
0.6306613019704942,0.9974708329933916
0.630693835439773,0.9974708329933916
0.6307263722657862,0.9974708329933916
0.6307589124490532,0.9974708329933916
0.6307914559900939,0.9974708329933916
0.6308240028894277,0.9974708329933916
0.6308565531475748,0.9974708329933916
0.6308891067650549,0.9974708329933916
0.6309216637423882,0.9974708329933916
0.6309542240800949,0.9974708329933916
0.6309867877786953,0.9974708329933916
0.6310193548387096,0.9974708329933916
0.6310519252606586,0.9974708329933916
0.6310844990450627,0.9974708329933916
0.6311170761924427,0.9974708329933916
0.6311496567033194,0.9974708329933916
0.6311822405782137,0.9974708329933916
0.6312148278176467,0.9974708329933916
0.6312474184221396,0.9974708329933916
0.6312800123922135,0.9974708329933916
0.63131260972839,0.9974708329933916
0.6313452104311903,0.9974708329933916
0.6313778145011362,0.9974708329933916
0.6314104219387492,0.9974708329933916
0.6314430327445512,0.9974708329933916
0.6314756469190641,0.9974708329933916
0.6315082644628099,0.9974708329933916
0.6315408853763108,0.9974708329933916
0.6315735096600888,0.9974708329933916
0.6316061373146665,0.9974708329933916
0.6316387683405662,0.9974708329933916
0.6316714027383105,0.9974708329933916
0.631704040508422,0.9974708329933916
0.6317366816514236,0.9974708329933916
0.631769326167838,0.9974708329933916
0.6318019740581882,0.9974708329933916
0.6318346253229974,0.9974708329933916
0.6318672799627888,0.9974708329933916
0.6318999379780856,0.9974708329933916
0.6319325993694113,0.9974708329933916
0.6319652641372894,0.9974708329933916
0.6319979322822434,0.9974708329933916
0.6320306038047974,0.9974708329933916
0.6320632787054749,0.9974708329933916
0.6320959569847999,0.9974708329933916
0.6321286386432966,0.9974708329933916
0.6321613236814891,0.9974708329933916
0.6321940120999018,0.9974708329933916
0.6322267038990589,0.9974708329933916
0.6322593990794849,0.9974708329933916
0.6322920976417046,0.9974708329933916
0.6323247995862425,0.9974708329933916
0.6323575049136236,0.9974708329933916
0.6323902136243729,0.9974708329933916
0.6324229257190151,0.9974708329933916
0.6324556411980756,0.9974708329933916
0.6324883600620796,0.9974708329933916
0.6325210823115526,0.9974708329933916
0.6325538079470199,0.9974708329933916
0.6325865369690071,0.9974708329933916
0.6326192693780399,0.9974708329933916
0.6326520051746443,0.9974708329933916
0.6326847443593459,0.9974708329933916
0.6327174869326709,0.9974708329933916
0.6327502328951454,0.9974708329933916
0.6327829822472957,0.9974708329933916
0.632815734989648,0.9974708329933916
0.6328484911227289,0.9974708329933916
0.6328812506470649,0.9974708329933916
0.6329140135631827,0.9974708329933916
0.6329467798716091,0.9974708329933916
0.6329795495728708,0.9974708329933916
0.6330123226674951,0.9974708329933916
0.6330450991560089,0.9974708329933916
0.6330778790389395,0.9974708329933916
0.6331106623168142,0.9974708329933916
0.6331434489901605,0.9974708329933916
0.6331762390595059,0.9974708329933916
0.6332090325253781,0.9974708329933916
0.6332418293883048,0.9974708329933916
0.6332746296488139,0.9974708329933916
0.6333074333074333,0.9974708329933916
0.6333402403646913,0.9974708329933916
0.6333730508211158,0.9974708329933916
0.6334058646772355,0.9974708329933916
0.6334386819335786,0.9974708329933916
0.6334715025906735,0.9974708329933916
0.6335043266490492,0.9974708329933916
0.6335371541092342,0.9974708329933916
0.6335699849717573,0.9974708329933916
0.6336028192371476,0.9974708329933916
0.6336356569059342,0.9974708329933916
0.6336684979786462,0.9974708329933916
0.633701342455813,0.9974708329933916
0.633734190337964,0.9974708329933916
0.6337670416256286,0.9974708329933916
0.6337998963193364,0.9974708329933916
0.6338327544196174,0.9974708329933916
0.6338656159270012,0.9974708329933916
0.6338984808420179,0.9974708329933916
0.6339313491651976,0.9974708329933916
0.6339642208970703,0.9974708329933916
0.6339970960381663,0.9974708329933916
0.6340299745890162,0.9974708329933916
0.6340628565501504,0.9974708329933916
0.6340957419220995,0.9974708329933916
0.6341286307053942,0.9974708329933916
0.6341615229005654,0.9974708329933916
0.634194418508144,0.9974708329933916
0.6342273175286611,0.9974708329933916
0.6342602199626478,0.9974708329933916
0.6342931258106356,0.9974708329933916
0.6343260350731555,0.9974708329933916
0.6343589477507394,0.9974708329933916
0.6343918638439187,0.9974708329933916
0.634424783353225,0.9974708329933916
0.6344577062791904,0.9974708329933916
0.6344906326223467,0.9974708329933916
0.634523562383226,0.9974708329933916
0.6345564955623605,0.9974708329933916
0.6345894321602824,0.9974708329933916
0.634622372177524,0.9974708329933916
0.634655315614618,0.9974708329933916
0.6346882624720968,0.9974708329933916
0.6347212127504932,0.9974708329933916
0.6347541664503401,0.9974708329933916
0.6347871235721703,0.9974708329933916
0.6348200841165169,0.9974708329933916
0.6348530480839132,0.9974708329933916
0.6348860154748922,0.9974708329933916
0.6349189862899876,0.9974708329933916
0.6349519605297326,0.9974708329933916
0.6349849381946608,0.9974708329933916
0.6350179192853062,0.9974708329933916
0.6350509038022024,0.9974708329933916
0.6350838917458833,0.9974708329933916
0.6351168831168831,0.9974708329933916
0.6351498779157358,0.9974708329933916
0.6351828761429759,0.9974708329933916
0.6352158777991376,0.9974708329933916
0.6352488828847552,0.9974708329933916
0.6352818914003637,0.9974708329933916
0.6353149033464977,0.9974708329933916
0.6353479187236918,0.9974708329933916
0.635380937532481,0.9974708329933916
0.6354139597734005,0.9974708329933916
0.6354469854469854,0.9974708329933916
0.635480014553771,0.9974708329933916
0.6355130470942926,0.9974708329933916
0.6355460830690857,0.9974708329933916
0.6355791224786858,0.9974708329933916
0.6356121653236289,0.9974708329933916
0.6356452116044504,0.9974708329933916
0.6356782613216867,0.9974708329933916
0.6357113144758736,0.9974708329933916
0.6357443710675472,0.9974708329933916
0.6357774310972439,0.9974708329933916
0.6358104945655,0.9974708329933916
0.635843561472852,0.9974708329933916
0.6358766318198367,0.9974708329933916
0.6359097056069906,0.9974708329933916
0.6359427828348505,0.9974708329933916
0.6359758635039534,0.9974708329933916
0.6360089476148364,0.9974708329933916
0.6360420351680366,0.9974708329933916
0.6360751261640913,0.9974708329933916
0.636108220603538,0.9974708329933916
0.636141318486914,0.9974708329933916
0.636174419814757,0.9974708329933916
0.6362075245876048,0.9974708329933916
0.636240632805995,0.9974708329933916
0.6362737444704658,0.9974708329933916
0.6363068595815551,0.9974708329933916
0.6363399781398011,0.9974708329933916
0.6363731001457422,0.9974708329933916
0.6364062255999167,0.9974708329933916
0.636439354502863,0.9974708329933916
0.63647248685512,0.9974708329933916
0.6365056226572262,0.9974708329933916
0.6365387619097204,0.9974708329933916
0.6365719046131417,0.9974708329933916
0.6366050507680292,0.9974708329933916
0.6366382003749219,0.9974708329933916
0.6366713534343592,0.9974708329933916
0.6367045099468805,0.9974708329933916
0.6367376699130254,0.9974708329933916
0.6367708333333333,0.9974708329933916
0.6368040002083442,0.9974708329933916
0.6368371705385978,0.9974708329933916
0.6368703443246341,0.9974708329933916
0.6369035215669931,0.9974708329933916
0.6369367022662151,0.9974708329933916
0.6369698864228405,0.9974708329933916
0.6370030740374095,0.9974708329933916
0.6370362651104627,0.9974708329933916
0.6370694596425408,0.9974708329933916
0.6371026576341845,0.9974708329933916
0.6371358590859346,0.9974708329933916
0.6371690639983323,0.9974708329933916
0.6372022723719185,0.9974708329933916
0.6372354842072344,0.9974708329933916
0.6372686995048215,0.9974708329933916
0.637301918265221,0.9974708329933916
0.6373351404889747,0.9974708329933916
0.637368366176624,0.9974708329933916
0.6374015953287107,0.9974708329933916
0.6374348279457769,0.9974708329933916
0.6374680640283643,0.9974708329933916
0.6375013035770153,0.9974708329933916
0.637534546592272,0.9974708329933916
0.6375677930746767,0.9974708329933916
0.6376010430247718,0.9974708329933916
0.6376342964431,0.9974708329933916
0.637667553330204,0.9974708329933916
0.6377008136866263,0.9974708329933916
0.6377340775129101,0.9974708329933916
0.6377673448095983,0.9974708329933916
0.6378006155772341,0.9974708329933916
0.6378338898163606,0.9974708329933916
0.6378671675275213,0.9974708329933916
0.6379004487112595,0.9974708329933916
0.637933733368119,0.9974708329933916
0.6379670214986433,0.9974708329933916
0.6380003131033763,0.9974708329933916
0.6380336081828619,0.9974708329933916
0.6380669067376442,0.9974708329933916
0.6381002087682672,0.9974708329933916
0.6381335142752753,0.9974708329933916
0.6381668232592128,0.9974708329933916
0.6382001357206243,0.9974708329933916
0.6382334516600543,0.9974708329933916
0.6382667710780475,0.9974708329933916
0.6383000939751488,0.9974708329933916
0.6383334203519031,0.9974708329933916
0.6383667502088555,0.9974708329933916
0.6384000835465511,0.9974708329933916
0.6384334203655353,0.9974708329933916
0.6384667606663533,0.9974708329933916
0.6385001044495509,0.9974708329933916
0.6385334517156734,0.9974708329933916
0.6385668024652669,0.9974708329933916
0.638600156698877,0.9974708329933916
0.6386335144170497,0.9974708329933916
0.6386668756203312,0.9974708329933916
0.6387002403092675,0.9974708329933916
0.6387336084844052,0.9974708329933916
0.6387669801462905,0.9974708329933916
0.63880035529547,0.9974708329933916
0.6388337339324903,0.9974708329933916
0.6388671160578984,0.9974708329933916
0.6389005016722408,0.9974708329933916
0.6389338907760648,0.9974708329933916
0.6389672833699174,0.9974708329933916
0.6390006794543459,0.9974708329933916
0.6390340790298975,0.9974708329933916
0.6390674820971198,0.9974708329933916
0.6391008886565603,0.9974708329933916
0.6391342987087668,0.9974708329933916
0.6391677122542869,0.9974708329933916
0.6392011292936687,0.9974708329933916
0.63923454982746,0.9974708329933916
0.6392679738562091,0.9974708329933916
0.6393014013804643,0.9974708329933916
0.6393348324007739,0.9974708329933916
0.6393682669176864,0.9974708329933916
0.6394017049317504,0.9974708329933916
0.6394351464435146,0.9974708329933916
0.6394685914535279,0.9974708329933916
0.6395020399623391,0.9974708329933916
0.6395354919704974,0.9974708329933916
0.639568947478552,0.9974708329933916
0.639602406487052,0.9974708329933916
0.639635868996547,0.9974708329933916
0.6396693350075865,0.9974708329933916
0.6397028045207199,0.9974708329933916
0.6397362775364973,0.9974708329933916
0.6397697540554683,0.9974708329933916
0.6398032340781831,0.9974708329933916
0.6398367176051916,0.9974708329933916
0.639870204637044,0.9974708329933916
0.6399036951742908,0.9974708329933916
0.6399371892174823,0.9974708329933916
0.6399706867671692,0.9974708329933916
0.640004187823902,0.9974708329933916
0.6400376923882316,0.9974708329933916
0.6400712004607089,0.9974708329933916
0.6401047120418848,0.9974708329933916
0.6401382271323106,0.9974708329933916
0.6401717457325374,0.9974708329933916
0.6402052678431167,0.9974708329933916
0.6402387934645999,0.9974708329933916
0.6402723225975386,0.9974708329933916
0.6403058552424845,0.9974708329933916
0.6403393913999895,0.9974708329933916
0.6403729310706054,0.9974708329933916
0.6404064742548845,0.9974708329933916
0.6404400209533787,0.9974708329933916
0.6404735711666405,0.9974708329933916
0.6405071248952221,0.9974708329933916
0.6405406821396762,0.9974708329933916
0.6405742429005554,0.9974708329933916
0.6406078071784124,0.9974708329933916
0.6406413749738,0.9974708329933916
0.6406749462872714,0.9974708329933916
0.6407085211193795,0.9974708329933916
0.6407420994706776,0.9974708329933916
0.6408092667330573,0.9974708329933916
0.6408428556452458,0.9974708329933916
0.6408240289353672,0.9973892469609202
0.6408576221430069,0.9973892469609202
0.6408912188728703,0.9973892469609202
0.6409248191255111,0.9973892469609202
0.6409584229014837,0.9973892469609202
0.6409920302013423,0.9973892469609202
0.6410256410256411,0.9973892469609202
0.6410592553749345,0.9973892469609202
0.6410928732497772,0.9973892469609202
0.6411264946507237,0.9973892469609202
0.6411601195783291,0.9973892469609202
0.641193748033148,0.9973892469609202
0.6412273800157356,0.9973892469609202
0.641261015526647,0.9973892469609202
0.6412946545664376,0.9973892469609202
0.6413282971356625,0.9973892469609202
0.6413619432348775,0.9973892469609202
0.641395592864638,0.9973892469609202
0.6414292460254998,0.9973892469609202
0.6414629027180186,0.9973892469609202
0.6414965629427507,0.9973892469609202
0.6415302267002518,0.9973892469609202
0.6415638939910785,0.9973892469609202
0.6415975648157867,0.9973892469609202
0.641631239174933,0.9973892469609202
0.6416649170690741,0.9973892469609202
0.6416985984987664,0.9973892469609202
0.6417322834645669,0.9973892469609202
0.6417659719670324,0.9973892469609202
0.6417996640067198,0.9973892469609202
0.6418333595841865,0.9973892469609202
0.6418670586999895,0.9973892469609202
0.6419007613546863,0.9973892469609202
0.6419344675488343,0.9973892469609202
0.6419681772829912,0.9973892469609202
0.6420018905577145,0.9973892469609202
0.6420356073735624,0.9973892469609202
0.6420693277310925,0.9973892469609202
0.642103051630863,0.9973892469609202
0.642136779073432,0.9973892469609202
0.6421705100593581,0.9973892469609202
0.6422042445891994,0.9973892469609202
0.6422379826635146,0.9973892469609202
0.6422717242828623,0.9973892469609202
0.6423054694478012,0.9973892469609202
0.6423392181588903,0.9973892469609202
0.6423729704166886,0.9973892469609202
0.6424067262217551,0.9973892469609202
0.6424404855746492,0.9973892469609202
0.6424742484759302,0.9973892469609202
0.6425080149261576,0.9973892469609202
0.6425417849258909,0.9973892469609202
0.6425755584756899,0.9973892469609202
0.6426093355761143,0.9973892469609202
0.6426431162277243,0.9973892469609202
0.6426769004310798,0.9973892469609202
0.6427106881867409,0.9973892469609202
0.6427782743572217,0.9973892469609202
0.6428120727731622,0.9973892469609202
0.6428458747436504,0.9973892469609202
0.6428796802692469,0.9973892469609202
0.6429134893505127,0.9973892469609202
0.6429473019880089,0.9973892469609202
0.6429811181822963,0.9973892469609202
0.6430149379339365,0.9973892469609202
0.6430487612434906,0.9973892469609202
0.6430825881115203,0.9973892469609202
0.643116418538587,0.9973892469609202
0.6431502525252525,0.9973892469609202
0.6431840900720787,0.9973892469609202
0.6432179311796274,0.9973892469609202
0.6432517758484609,0.9973892469609202
0.6432856240791412,0.9973892469609202
0.6433194758722307,0.9973892469609202
0.6433533312282917,0.9973892469609202
0.6433871901478869,0.9973892469609202
0.6434210526315789,0.9973892469609202
0.6434549186799305,0.9973892469609202
0.6434887882935045,0.9973892469609202
0.6435226614728642,0.9973892469609202
0.6435565382185723,0.9973892469609202
0.6435904185311924,0.9973892469609202
0.6436243024112878,0.9973892469609202
0.6436581898594219,0.9973892469609202
0.6436920808761584,0.9973892469609202
0.643725975462061,0.9973892469609202
0.6437598736176935,0.9973892469609202
0.64379377534362,0.9973892469609202
0.6438276806404045,0.9973892469609202
0.6438615895086112,0.9973892469609202
0.6438955019488044,0.9973892469609202
0.6439294179615486,0.9973892469609202
0.6439633375474083,0.9973892469609202
0.6439972607069483,0.9973892469609202
0.6440311874407333,0.9973892469609202
0.6440651177493283,0.9973892469609202
0.6440990516332982,0.9973892469609202
0.6441329890932083,0.9973892469609202
0.6441669301296238,0.9973892469609202
0.64420087474311,0.9973892469609202
0.6442348229342327,0.9973892469609202
0.6442687747035574,0.9973892469609202
0.6443027300516496,0.9973892469609202
0.6443366889790755,0.9973892469609202
0.644370651486401,0.9973892469609202
0.6444046175741922,0.9973892469609202
0.6444385872430153,0.9973892469609202
0.6444725604934367,0.9973892469609202
0.6445065373260228,0.9973892469609202
0.6445405177413402,0.9973892469609202
0.6445745017399557,0.9973892469609202
0.6446084893224361,0.9973892469609202
0.6446424804893482,0.9973892469609202
0.6446764752412593,0.9973892469609202
0.6447104735787365,0.9973892469609202
0.6447444755023469,0.9973892469609202
0.6447784810126582,0.9973892469609202
0.6448124901102379,0.9973892469609202
0.6448465027956536,0.9973892469609202
0.644880519069473,0.9973892469609202
0.6449145389322641,0.9973892469609202
0.6449485623845951,0.9973892469609202
0.6449825894270339,0.9973892469609202
0.6450166200601488,0.9973892469609202
0.6450506542845083,0.9973892469609202
0.6450846921006808,0.9973892469609202
0.6451187335092349,0.9973892469609202
0.6451527785107394,0.9973892469609202
0.6451868271057631,0.9973892469609202
0.6452208792948751,0.9973892469609202
0.6452549350786446,0.9973892469609202
0.6452889944576405,0.9973892469609202
0.6453230574324325,0.9973892469609202
0.6453571240035897,0.9973892469609202
0.645391194171682,0.9973892469609202
0.645425267937279,0.9973892469609202
0.6454593453009504,0.9973892469609202
0.6454934262632662,0.9973892469609202
0.6455275108247968,0.9973892469609202
0.6455615989861119,0.9973892469609202
0.645595690747782,0.9973892469609202
0.6456297861103776,0.9973892469609202
0.6456638850744693,0.9973892469609202
0.6456979876406275,0.9973892469609202
0.6457320938094232,0.9973892469609202
0.6457662035814273,0.9973892469609202
0.6458003169572107,0.9973892469609202
0.6458344339373449,0.9973892469609202
0.6458685545224007,0.9973892469609202
0.6459026787129497,0.9973892469609202
0.6459368065095635,0.9973892469609202
0.6459709379128138,0.9973892469609202
0.646005072923272,0.9973892469609202
0.6460392115415103,0.9973892469609202
0.6460733537681006,0.9973892469609202
0.646107499603615,0.9973892469609202
0.6461416490486258,0.9973892469609202
0.6461758021037053,0.9973892469609202
0.646209958769426,0.9973892469609202
0.6462441190463604,0.9973892469609202
0.6462782829350814,0.9973892469609202
0.6463124504361618,0.9973892469609202
0.6463466215501745,0.9973892469609202
0.6463807962776926,0.9973892469609202
0.646449156575538,0.9973892469609202
0.6464833421470122,0.9973892469609202
0.6465175313342852,0.9973892469609202
0.646551724137931,0.9973892469609202
0.6465859205585233,0.9973892469609202
0.646620120596636,0.9973892469609202
0.6466543242528432,0.9973892469609202
0.646688531527719,0.9973892469609202
0.6467227424218378,0.9973892469609202
0.646756956935774,0.9973892469609202
0.6467911750701021,0.9973892469609202
0.6468253968253969,0.9973892469609202
0.6468596222022329,0.9973892469609202
0.6468938512011854,0.9973892469609202
0.6469280838228291,0.9973892469609202
0.6469623200677392,0.9973892469609202
0.6469965599364912,0.9973892469609202
0.6470308034296602,0.9973892469609202
0.6470650505478219,0.9973892469609202
0.647099301291552,0.9973892469609202
0.647133555661426,0.9973892469609202
0.6471678136580201,0.9973892469609202
0.6472020752819101,0.9973892469609202
0.6472363405336722,0.9973892469609202
0.6472706094138826,0.9973892469609202
0.6473048819231176,0.9973892469609202
0.647339158061954,0.9973892469609202
0.647373437830968,0.9973892469609202
0.6474077212307366,0.9973892469609202
0.6474420082618366,0.9973892469609202
0.647476298924845,0.9973892469609202
0.647510593220339,0.9973892469609202
0.6475448911488956,0.9973892469609202
0.6475791927110923,0.9973892469609202
0.6476134979075064,0.9973892469609202
0.6476478067387158,0.9973892469609202
0.6476821192052981,0.9973892469609202
0.6477164353078309,0.9973892469609202
0.6477507550468924,0.9973892469609202
0.6477850784230607,0.9973892469609202
0.6478194054369137,0.9973892469609202
0.6478537360890302,0.9973892469609202
0.6478880703799883,0.9973892469609202
0.6479224083103667,0.9973892469609202
0.6479567498807441,0.9973892469609202
0.6479910950916994,0.9973892469609202
0.6480254439438113,0.9973892469609202
0.648059796437659,0.9973892469609202
0.6480941525738217,0.9973892469609202
0.6481285123528788,0.9973892469609202
0.6481628757754095,0.9973892469609202
0.6481972428419936,0.9973892469609202
0.6482316135532107,0.9973892469609202
0.6482659879096405,0.9973892469609202
0.648300365911863,0.9973892469609202
0.6483347475604582,0.9973892469609202
0.6483691328560064,0.9973892469609202
0.6484035217990878,0.9973892469609202
0.6484379143902828,0.9973892469609202
0.6484723106301719,0.9973892469609202
0.6485067105193358,0.9973892469609202
0.6485411140583555,0.9973892469609202
0.6485755212478116,0.9973892469609202
0.6486099320882852,0.9973892469609202
0.6486443465803576,0.9973892469609202
0.64867876472461,0.9973892469609202
0.6487131865216238,0.9973892469609202
0.6487476119719805,0.9973892469609202
0.6487820410762617,0.9973892469609202
0.6488164738350494,0.9973892469609202
0.6488509102489252,0.9973892469609202
0.6488853503184714,0.9973892469609202
0.6489197940442699,0.9973892469609202
0.6489542414269031,0.9973892469609202
0.6489886924669533,0.9973892469609202
0.6490231471650032,0.9973892469609202
0.6490576055216353,0.9973892469609202
0.6490920675374323,0.9973892469609202
0.6491265332129772,0.9973892469609202
0.649161002548853,0.9973892469609202
0.6491954755456428,0.9973892469609202
0.6492299522039299,0.9973892469609202
0.6492644325242977,0.9973892469609202
0.6492989165073295,0.9973892469609202
0.6493334041536092,0.9973892469609202
0.6493678954637204,0.9973892469609202
0.649402390438247,0.9973892469609202
0.6494368890777731,0.9973892469609202
0.6494713913828827,0.9973892469609202
0.64950589735416,0.9973892469609202
0.6495404069921896,0.9973892469609202
0.6495749202975558,0.9973892469609202
0.6496094372708433,0.9973892469609202
0.6496439579126368,0.9973892469609202
0.6496784822235213,0.9973892469609202
0.6497130102040817,0.9973892469609202
0.649747541854903,0.9973892469609202
0.6497820771765707,0.9973892469609202
0.6498166161696699,0.9973892469609202
0.6498511588347863,0.9973892469609202
0.6498857051725054,0.9973892469609202
0.6499202551834131,0.9973892469609202
0.6499548088680951,0.9973892469609202
0.6499893662271374,0.9973892469609202
0.6500239272611261,0.9973892469609202
0.6500584919706477,0.9973892469609202
0.6500930603562882,0.9973892469609202
0.6501276324186344,0.9973892469609202
0.6501622081582726,0.9973892469609202
0.6501967875757898,0.9973892469609202
0.6502313706717727,0.9973892469609202
0.6502659574468085,0.9973892469609202
0.6503005479014842,0.9973892469609202
0.6503351420363869,0.9973892469609202
0.6504043413492232,0.9973892469609202
0.650438946528332,0.9973892469609202
0.650473555390018,0.9973892469609202
0.6505081679348693,0.9973892469609202
0.6505427841634738,0.9973892469609202
0.6505774040764195,0.9973892469609202
0.6506120276742948,0.9973892469609202
0.650646654957688,0.9973892469609202
0.6506812859271875,0.9973892469609202
0.6507159205833821,0.9973892469609202
0.6507505589268604,0.9973892469609202
0.6507852009582114,0.9973892469609202
0.6508198466780238,0.9973892469609202
0.6508544960868871,0.9973892469609202
0.6508891491853903,0.9973892469609202
0.6509238059741228,0.9973892469609202
0.6509584664536742,0.9973892469609202
0.6509931306246339,0.9973892469609202
0.6510277984875918,0.9973892469609202
0.6510624700431379,0.9973892469609202
0.6510971452918619,0.9973892469609202
0.6511318242343542,0.9973892469609202
0.6511665068712048,0.9973892469609202
0.6512011932030043,0.9973892469609202
0.6512358832303431,0.9973892469609202
0.6512705769538117,0.9973892469609202
0.6513052743740011,0.9973892469609202
0.6513399754915019,0.9973892469609202
0.6513746803069054,0.9973892469609202
0.6514093888208025,0.9973892469609202
0.6514441010337845,0.9973892469609202
0.6514788169464428,0.9973892469609202
0.651513536559369,0.9973892469609202
0.6515482598731546,0.9973892469609202
0.6515829868883914,0.9973892469609202
0.6516177176056713,0.9973892469609202
0.6516524520255863,0.9973892469609202
0.6516871901487286,0.9973892469609202
0.6517219319756904,0.9973892469609202
0.651756677507064,0.9973892469609202
0.6517914267434421,0.9973892469609202
0.6518261796854172,0.9973892469609202
0.6518076143755999,0.997307660928449
0.6518423718871648,0.997307660928449
0.6518771331058021,0.997307660928449
0.6519118980321049,0.997307660928449
0.6519466666666667,0.997307660928449
0.6519814390100805,0.997307660928449
0.65201621506294,0.997307660928449
0.6520509948258388,0.997307660928449
0.6520857782993705,0.997307660928449
0.6521205654841291,0.997307660928449
0.6521553563807085,0.997307660928449
0.6521901509897028,0.997307660928449
0.6522249493117064,0.997307660928449
0.6522597513473134,0.997307660928449
0.6522945570971185,0.997307660928449
0.6523293665617163,0.997307660928449
0.6523641797417014,0.997307660928449
0.6523989966376688,0.997307660928449
0.6524338172502135,0.997307660928449
0.6524686415799306,0.997307660928449
0.6525034696274153,0.997307660928449
0.6525383013932632,0.997307660928449
0.6525731368780696,0.997307660928449
0.6526079760824302,0.997307660928449
0.6526428190069408,0.997307660928449
0.6526776656521971,0.997307660928449
0.6527125160187954,0.997307660928449
0.6527473701073316,0.997307660928449
0.6527822279184022,0.997307660928449
0.6528170894526034,0.997307660928449
0.6528519547105319,0.997307660928449
0.6528868236927843,0.997307660928449
0.6529216963999572,0.997307660928449
0.6529565728326479,0.997307660928449
0.652991452991453,0.997307660928449
0.6530263368769699,0.997307660928449
0.6530612244897959,0.997307660928449
0.6530961158305284,0.997307660928449
0.6531310108997649,0.997307660928449
0.6531659096981032,0.997307660928449
0.6532008122261409,0.997307660928449
0.653235718484476,0.997307660928449
0.6532706284737068,0.997307660928449
0.653305542194431,0.997307660928449
0.6533404596472474,0.997307660928449
0.6533753808327543,0.997307660928449
0.6534103057515501,0.997307660928449
0.6534452344042337,0.997307660928449
0.6534801667914039,0.997307660928449
0.6535151029136594,0.997307660928449
0.6535500427715997,0.997307660928449
0.6535849863658236,0.997307660928449
0.6536199336969308,0.997307660928449
0.6536548847655206,0.997307660928449
0.6536898395721925,0.997307660928449
0.6537247981175464,0.997307660928449
0.6537597604021821,0.997307660928449
0.6537947264266994,0.997307660928449
0.6538296961916987,0.997307660928449
0.6538646696977801,0.997307660928449
0.653899646945544,0.997307660928449
0.6539346279355909,0.997307660928449
0.6539696126685213,0.997307660928449
0.6540046011449361,0.997307660928449
0.654039593365436,0.997307660928449
0.6540745893306222,0.997307660928449
0.6541095890410958,0.997307660928449
0.6541445924974582,0.997307660928449
0.6541795997003104,0.997307660928449
0.6542146106502542,0.997307660928449
0.6542496253478912,0.997307660928449
0.6542846437938232,0.997307660928449
0.6543196659886522,0.997307660928449
0.65435469193298,0.997307660928449
0.654389721627409,0.997307660928449
0.6544247550725414,0.997307660928449
0.6544597922689795,0.997307660928449
0.6544948332173262,0.997307660928449
0.6545298779181837,0.997307660928449
0.6545649263721552,0.997307660928449
0.6545999785798436,0.997307660928449
0.6546350345418519,0.997307660928449
0.6546700942587832,0.997307660928449
0.6547051577312409,0.997307660928449
0.6546866630958758,0.9972260748959778
0.6547217312121699,0.9972260748959778
0.6547568030854939,0.9972260748959778
0.6547918787164515,0.9972260748959778
0.6548269581056466,0.9972260748959778
0.6548620412536834,0.9972260748959778
0.6548971281611659,0.9972260748959778
0.6549322188286985,0.9972260748959778
0.6549673132568856,0.9972260748959778
0.6550024114463319,0.9972260748959778
0.655037513397642,0.9972260748959778
0.6550726191114208,0.9972260748959778
0.6551077285882732,0.9972260748959778
0.6551428418288042,0.9972260748959778
0.6551779588336192,0.9972260748959778
0.6552130796033235,0.9972260748959778
0.6552482041385226,0.9972260748959778
0.6552833324398221,0.9972260748959778
0.6553184645078276,0.9972260748959778
0.6553536003431452,0.9972260748959778
0.6553887399463807,0.9972260748959778
0.6554238833181404,0.9972260748959778
0.6554590304590304,0.9972260748959778
0.6554941813696573,0.9972260748959778
0.6555293360506275,0.9972260748959778
0.6555644945025476,0.9972260748959778
0.6555996567260245,0.9972260748959778
0.655634822721665,0.9972260748959778
0.6556699924900762,0.9972260748959778
0.6557051660318652,0.9972260748959778
0.6557403433476395,0.9972260748959778
0.6557755244380064,0.9972260748959778
0.6558107093035733,0.9972260748959778
0.6558458979449482,0.9972260748959778
0.6558810903627388,0.9972260748959778
0.655916286557553,0.9972260748959778
0.6559514865299989,0.9972260748959778
0.6559866902806848,0.9972260748959778
0.656021897810219,0.9972260748959778
0.6560571091192099,0.9972260748959778
0.6560923242082662,0.9972260748959778
0.6561275430779967,0.9972260748959778
0.6561627657290101,0.9972260748959778
0.6561979921619155,0.9972260748959778
0.6562332223773221,0.9972260748959778
0.656268456375839,0.9972260748959778
0.6563036941580757,0.9972260748959778
0.6563389357246415,0.9972260748959778
0.6563741810761465,0.9972260748959778
0.6564094302132002,0.9972260748959778
0.6564446831364125,0.9972260748959778
0.6564799398463935,0.9972260748959778
0.6565152003437533,0.9972260748959778
0.6565504646291024,0.9972260748959778
0.6565857327030511,0.9972260748959778
0.6566210045662101,0.9972260748959778
0.6566562802191899,0.9972260748959778
0.6566915596626014,0.9972260748959778
0.6567268428970556,0.9972260748959778
0.6567621299231637,0.9972260748959778
0.6567974207415368,0.9972260748959778
0.6568327153527863,0.9972260748959778
0.6568680137575237,0.9972260748959778
0.6569033159563605,0.9972260748959778
0.6569386219499086,0.9972260748959778
0.6569739317387799,0.9972260748959778
0.6570092453235863,0.9972260748959778
0.65704456270494,0.9972260748959778
0.6570798838834534,0.9972260748959778
0.6571152088597387,0.9972260748959778
0.6571505376344086,0.9972260748959778
0.6571858702080757,0.9972260748959778
0.6572212065813529,0.9972260748959778
0.6572565467548529,0.9972260748959778
0.657291890729189,0.9972260748959778
0.6573272385049744,0.9972260748959778
0.6573625900828224,0.9972260748959778
0.6573979454633464,0.9972260748959778
0.6574333046471601,0.9972260748959778
0.6574686676348771,0.9972260748959778
0.6575040344271114,0.9972260748959778
0.6575394050244768,0.9972260748959778
0.6575747794275877,0.9972260748959778
0.6576101576370582,0.9972260748959778
0.6576455396535026,0.9972260748959778
0.6576809254775356,0.9972260748959778
0.6577163151097718,0.9972260748959778
0.657751708550826,0.9972260748959778
0.657733290280917,0.9971444888635066
0.657768688445186,0.9971444888635066
0.6578040904198063,0.9971444888635066
0.6578394962053932,0.9971444888635066
0.6578749058025621,0.9971444888635066
0.6579103192119288,0.9971444888635066
0.6579457364341085,0.9971444888635066
0.6579811574697174,0.9971444888635066
0.6580165823193712,0.9971444888635066
0.658052010983686,0.9971444888635066
0.6580874434632781,0.9971444888635066
0.6581228797587637,0.9971444888635066
0.6581583198707592,0.9971444888635066
0.6581937637998815,0.9971444888635066
0.6582292115467471,0.9971444888635066
0.6582646631119728,0.9971444888635066
0.6583001184961758,0.9971444888635066
0.6583355776999731,0.9971444888635066
0.6583710407239819,0.9971444888635066
0.6584065075688197,0.9971444888635066
0.658441978235104,0.9971444888635066
0.6584774527234524,0.9971444888635066
0.6585129310344827,0.9971444888635066
0.658548413168813,0.9971444888635066
0.6585838991270611,0.9971444888635066
0.6586193889098454,0.9971444888635066
0.658654882517784,0.9971444888635066
0.6586903799514956,0.9971444888635066
0.6587258812115986,0.9971444888635066
0.6587613862987118,0.9971444888635066
0.6587968952134541,0.9971444888635066
0.6588324079564444,0.9971444888635066
0.6588679245283019,0.9971444888635066
0.6589034449296458,0.9971444888635066
0.6589389691610955,0.9971444888635066
0.6589744972232706,0.9971444888635066
0.6590100291167906,0.9971444888635066
0.6590455648422755,0.9971444888635066
0.6590811044003452,0.9971444888635066
0.6591166477916195,0.9971444888635066
0.6591521950167188,0.9971444888635066
0.6591877460762634,0.9971444888635066
0.6592233009708738,0.9971444888635066
0.6592588597011705,0.9971444888635066
0.6592944222677743,0.9971444888635066
0.659329988671306,0.9971444888635066
0.6593655589123867,0.9971444888635066
0.6594011329916375,0.9971444888635066
0.6594367109096795,0.9971444888635066
0.6594722926671343,0.9971444888635066
0.6595078782646233,0.9971444888635066
0.6595434677027683,0.9971444888635066
0.659579060982191,0.9971444888635066
0.6596146581035134,0.9971444888635066
0.6596502590673575,0.9971444888635066
0.6596858638743456,0.9971444888635066
0.6597214725250998,0.9971444888635066
0.6597570850202429,0.9971444888635066
0.6597927013603974,0.9971444888635066
0.6598283215461859,0.9971444888635066
0.6598639455782312,0.9971444888635066
0.6598995734571568,0.9971444888635066
0.6599352051835853,0.9971444888635066
0.6599708407581403,0.9971444888635066
0.660006480181445,0.9971444888635066
0.6600421234541233,0.9971444888635066
0.6600777705767984,0.9971444888635066
0.6601134215500946,0.9971444888635066
0.6601490763746354,0.9971444888635066
0.6601847350510452,0.9971444888635066
0.6602203975799481,0.9971444888635066
0.6602560639619686,0.9971444888635066
0.6602917341977309,0.9971444888635066
0.66032740828786,0.9971444888635066
0.6603630862329803,0.9971444888635066
0.6604344536906949,0.9971444888635066
0.6604701432045393,0.9971444888635066
0.6605058365758755,0.9971444888635066
0.6605415338053289,0.9971444888635066
0.660577234893525,0.9971444888635066
0.6606129398410897,0.9971444888635066
0.6606486486486487,0.9971444888635066
0.660684361316828,0.9971444888635066
0.6607200778462536,0.9971444888635066
0.660755798237552,0.9971444888635066
0.6607915224913494,0.9971444888635066
0.6608272506082725,0.9971444888635066
0.6608629825889477,0.9971444888635066
0.660898718434002,0.9971444888635066
0.6609344581440623,0.9971444888635066
0.6609702017197555,0.9971444888635066
0.6610059491617091,0.9971444888635066
0.6610417004705501,0.9971444888635066
0.6610774556469061,0.9971444888635066
0.6611132146914047,0.9971444888635066
0.6611489776046738,0.9971444888635066
0.6611847443873411,0.9971444888635066
0.6612205150400347,0.9971444888635066
0.6612562895633826,0.9971444888635066
0.6612920679580132,0.9971444888635066
0.661327850224555,0.9971444888635066
0.6613636363636364,0.9971444888635066
0.6613994263758861,0.9971444888635066
0.6614352202619331,0.9971444888635066
0.6614710180224063,0.9971444888635066
0.6615068196579346,0.9971444888635066
0.6615426251691475,0.9971444888635066
0.6615784345566742,0.9971444888635066
0.6616142478211444,0.9971444888635066
0.6616500649631876,0.9971444888635066
0.6616858859834335,0.9971444888635066
0.6617217108825122,0.9971444888635066
0.6617575396610537,0.9971444888635066
0.6617933723196882,0.9971444888635066
0.6618292088590458,0.9971444888635066
0.6618650492797574,0.9971444888635066
0.6619008935824533,0.9971444888635066
0.6619367417677643,0.9971444888635066
0.6619725938363213,0.9971444888635066
0.6620084497887553,0.9971444888635066
0.6620443096256974,0.9971444888635066
0.662080173347779,0.9971444888635066
0.6621160409556314,0.9971444888635066
0.6621519124498862,0.9971444888635066
0.6621877878311752,0.9971444888635066
0.66222366710013,0.9971444888635066
0.6622595502573828,0.9971444888635066
0.6622954373035657,0.9971444888635066
0.6623313282393107,0.9971444888635066
0.6623672230652504,0.9971444888635066
0.6624031217820172,0.9971444888635066
0.6624390243902439,0.9971444888635066
0.6624749308905632,0.9971444888635066
0.6625108412836079,0.9971444888635066
0.6625467555700114,0.9971444888635066
0.6625826737504066,0.9971444888635066
0.6626185958254269,0.9971444888635066
0.6626545217957059,0.9971444888635066
0.6626904516618771,0.9971444888635066
0.6627263854245743,0.9971444888635066
0.6627623230844314,0.9971444888635066
0.6627982646420825,0.9971444888635066
0.6628342100981615,0.9971444888635066
0.662870159453303,0.9971444888635066
0.6629061127081413,0.9971444888635066
0.662942069863311,0.9971444888635066
0.6629780309194467,0.9971444888635066
0.6630139958771835,0.9971444888635066
0.6630499647371562,0.9971444888635066
0.6630859375,0.9971444888635066
0.6631219141663501,0.9971444888635066
0.6631578947368421,0.9971444888635066
0.6631938792121114,0.9971444888635066
0.6632298675927936,0.9971444888635066
0.6632658598795246,0.9971444888635066
0.6633018560729405,0.9971444888635066
0.663337856173677,0.9971444888635066
0.6633738601823708,0.9971444888635066
0.6634098680996581,0.9971444888635066
0.6634458799261752,0.9971444888635066
0.663481895662559,0.9971444888635066
0.6635179153094463,0.9971444888635066
0.6635539388674738,0.9971444888635066
0.6635899663372787,0.9971444888635066
0.6636259977194983,0.9971444888635066
0.6636620330147698,0.9971444888635066
0.6636980722237307,0.9971444888635066
0.6637341153470185,0.9971444888635066
0.6637701623852713,0.9971444888635066
0.6638062133391267,0.9971444888635066
0.6638422682092228,0.9971444888635066
0.6638783269961978,0.9971444888635066
0.6639143897006898,0.9971444888635066
0.6639504563233377,0.9971444888635066
0.6639865268647797,0.9971444888635066
0.6640226013256547,0.9971444888635066
0.6640586797066015,0.9971444888635066
0.6640947620082591,0.9971444888635066
0.6641308482312667,0.9971444888635066
0.6641669383762635,0.9971444888635066
0.6642030324438889,0.9971444888635066
0.6642391304347826,0.9971444888635066
0.6642752323495842,0.9971444888635066
0.6643113381889336,0.9971444888635066
0.6643474479534707,0.9971444888635066
0.6643835616438356,0.9971444888635066
0.6644196792606687,0.9971444888635066
0.6644558008046102,0.9971444888635066
0.6644919262763007,0.9971444888635066
0.6645280556763811,0.9971444888635066
0.6645641890054919,0.9971444888635066
0.664600326264274,0.9971444888635066
0.6646364674533689,0.9971444888635066
0.6646726125734175,0.9971444888635066
0.6647087616250612,0.9971444888635066
0.6647449146089416,0.9971444888635066
0.6647810715257003,0.9971444888635066
0.6648172323759791,0.9971444888635066
0.6648533971604199,0.9971444888635066
0.6648895658796649,0.9971444888635066
0.6649257385343561,0.9971444888635066
0.664961915125136,0.9971444888635066
0.664998095652647,0.9971444888635066
0.6650342801175319,0.9971444888635066
0.6650704685204332,0.9971444888635066
0.6651066608619939,0.9971444888635066
0.6651428571428571,0.9971444888635066
0.665179057363666,0.9971444888635066
0.6652152615250639,0.9971444888635066
0.6652514696276943,0.9971444888635066
0.6652876816722008,0.9971444888635066
0.665323897659227,0.9971444888635066
0.6653601175894169,0.9971444888635066
0.6653963414634146,0.9971444888635066
0.6654325692818642,0.9971444888635066
0.66546880104541,0.9971444888635066
0.6655050367546964,0.9971444888635066
0.6655412764103681,0.9971444888635066
0.6655775200130698,0.9971444888635066
0.6656137675634463,0.9971444888635066
0.6656500190621426,0.9971444888635066
0.6656862745098039,0.9971444888635066
0.6657225339070756,0.9971444888635066
0.6657587972546029,0.9971444888635066
0.6657950645530315,0.9971444888635066
0.6658313358030072,0.9971444888635066
0.6658676110051757,0.9971444888635066
0.665903890160183,0.9971444888635066
0.6659401732686754,0.9971444888635066
0.6659764603312991,0.9971444888635066
0.6660127513487003,0.9971444888635066
0.6660490463215258,0.9971444888635066
0.6660853452504224,0.9971444888635066
0.6661216481360366,0.9971444888635066
0.6661579549790156,0.9971444888635066
0.6661942657800065,0.9971444888635066
0.6662305805396566,0.9971444888635066
0.6662668992586132,0.9971444888635066
0.6663032219375239,0.9971444888635066
0.6663395485770363,0.9971444888635066
0.6663758791777984,0.9971444888635066
0.666412213740458,0.9971444888635066
0.6664485522656634,0.9971444888635066
0.6664848947540626,0.9971444888635066
0.6665212412063042,0.9971444888635066
0.6665575916230366,0.9971444888635066
0.6665939460049086,0.9971444888635066
0.666630304352569,0.9971444888635066
0.6666666666666666,0.9971444888635066
0.6667030329478507,0.9971444888635066
0.6667394031967705,0.9971444888635066
0.6667757774140752,0.9971444888635066
0.6668121556004146,0.9971444888635066
0.6668485377564383,0.9971444888635066
0.6668849238827959,0.9971444888635066
0.6669213139801375,0.9971444888635066
0.6669577080491133,0.9971444888635066
0.6669941060903732,0.9971444888635066
0.667030508104568,0.9971444888635066
0.667066914092348,0.9971444888635066
0.6671033240543639,0.9971444888635066
0.6671397379912664,0.9971444888635066
0.6671761559037065,0.9971444888635066
0.6672125777923354,0.9971444888635066
0.6672490036578043,0.9971444888635066
0.6672854335007644,0.9971444888635066
0.6673218673218673,0.9971444888635066
0.6673583051217647,0.9971444888635066
0.6673947469011084,0.9971444888635066
0.6674311926605505,0.9971444888635066
0.6674676424007427,0.9971444888635066
0.6675040961223375,0.9971444888635066
0.6675405538259872,0.9971444888635066
0.6675770155123444,0.9971444888635066
0.6676134811820615,0.9971444888635066
0.6676499508357916,0.9971444888635066
0.6676864244741874,0.9971444888635066
0.6677229020979021,0.9971444888635066
0.6677593837075889,0.9971444888635066
0.6677958693039012,0.9971444888635066
0.6678323588874925,0.9971444888635066
0.6678688524590164,0.9971444888635066
0.6679053500191268,0.9971444888635066
0.6679418515684774,0.9971444888635066
0.6679783571077226,0.9971444888635066
0.6680148666375164,0.9971444888635066
0.6680513801585133,0.9971444888635066
0.6680878976713677,0.9971444888635066
0.6681244191767343,0.9971444888635066
0.6681609446752679,0.9971444888635066
0.6681974741676234,0.9971444888635066
0.668234007654456,0.9971444888635066
0.6682705451364208,0.9971444888635066
0.6683070866141733,0.9971444888635066
0.6683436320883688,0.9971444888635066
0.6683801815596632,0.9971444888635066
0.668416735028712,0.9971444888635066
0.6684532924961715,0.9971444888635066
0.6684898539626976,0.9971444888635066
0.6685264194289465,0.9971444888635066
0.6685629888955746,0.9971444888635066
0.6685995623632385,0.9971444888635066
0.6686361398325947,0.9971444888635066
0.6686727213043002,0.9971444888635066
0.6687093067790119,0.9971444888635066
0.6687458962573868,0.9971444888635066
0.668782489740082,0.9971444888635066
0.6688190872277553,0.9971444888635066
0.6688556887210638,0.9971444888635066
0.6688922942206655,0.9971444888635066
0.668928903727218,0.9971444888635066
0.6689655172413793,0.9971444888635066
0.6690021347638075,0.9971444888635066
0.669038756295161,0.9971444888635066
0.6690753818360978,0.9971444888635066
0.6691120113872769,0.9971444888635066
0.6691486449493567,0.9971444888635066
0.669185282522996,0.9971444888635066
0.669221924108854,0.9971444888635066
0.6692585697075896,0.9971444888635066
0.669295219319862,0.9971444888635066
0.6693318729463308,0.9971444888635066
0.6693685305876554,0.9971444888635066
0.6694051922444956,0.9971444888635066
0.6694418579175111,0.9971444888635066
0.6694785276073619,0.9971444888635066
0.6695152013147083,0.9971444888635066
0.6695518790402104,0.9971444888635066
0.6695885607845286,0.9971444888635066
0.6696252465483234,0.9971444888635066
0.6696619363322558,0.9971444888635066
0.6696986301369863,0.9971444888635066
0.669735327963176,0.9971444888635066
0.6697720298114862,0.9971444888635066
0.6698087356825779,0.9971444888635066
0.6698454455771128,0.9971444888635066
0.6698821594957522,0.9971444888635066
0.6699188774391581,0.9971444888635066
0.6699555994079921,0.9971444888635066
0.6699923254029163,0.9971444888635066
0.6700290554245929,0.9971444888635066
0.6700657894736842,0.9971444888635066
0.6701025275508525,0.9971444888635066
0.6701392696567606,0.9971444888635066
0.6701760157920711,0.9971444888635066
0.6702127659574468,0.9971444888635066
0.6702495201535509,0.9971444888635066
0.6702862783810464,0.9971444888635066
0.6703230406405967,0.9971444888635066
0.6703598069328653,0.9971444888635066
0.6703965772585158,0.9971444888635066
0.6704333516182117,0.9971444888635066
0.6704701300126172,0.9971444888635066
0.6705069124423964,0.9971444888635066
0.6705436989082131,0.9971444888635066
0.6705804894107319,0.9971444888635066
0.6706172839506173,0.9971444888635066
0.6706540825285338,0.9971444888635066
0.6706908851451463,0.9971444888635066
0.6707276918011196,0.9971444888635066
0.6707645024971187,0.9971444888635066
0.670801317233809,0.9971444888635066
0.6708381360118557,0.9971444888635066
0.6708749588319245,0.9971444888635066
0.6709117856946808,0.9971444888635066
0.6709486166007905,0.9971444888635066
0.6709854515509196,0.9971444888635066
0.671022290545734,0.9971444888635066
0.6710591335859002,0.9971444888635066
0.6710959806720843,0.9971444888635066
0.6711328318049531,0.9971444888635066
0.671169686985173,0.9971444888635066
0.6712065462134109,0.9971444888635066
0.6712434094903339,0.9971444888635066
0.671280276816609,0.9971444888635066
0.6713171481929034,0.9971444888635066
0.6713540236198846,0.9971444888635066
0.6713909030982201,0.9971444888635066
0.6714277866285777,0.9971444888635066
0.6714646742116251,0.9971444888635066
0.6715015658480303,0.9971444888635066
0.6715384615384615,0.9971444888635066
0.671575361283587,0.9971444888635066
0.6716122650840751,0.9971444888635066
0.6716491729405946,0.9971444888635066
0.671686084853814,0.9971444888635066
0.6717230008244023,0.9971444888635066
0.6717599208530285,0.9971444888635066
0.6717968449403616,0.9971444888635066
0.6718337730870713,0.9971444888635066
0.6718707052938266,0.9971444888635066
0.6719076415612975,0.9971444888635066
0.6719445818901534,0.9971444888635066
0.6719815262810644,0.9971444888635066
0.6720184747347006,0.9971444888635066
0.6720554272517321,0.9971444888635066
0.6720923838328292,0.9971444888635066
0.6721293444786626,0.9971444888635066
0.6721663091899026,0.9971444888635066
0.6722032779672203,0.9971444888635066
0.6722402508112865,0.9971444888635066
0.6722772277227723,0.9971444888635066
0.6723142087023488,0.9971444888635066
0.6723511937506876,0.9971444888635066
0.6723881828684601,0.9971444888635066
0.672425176056338,0.9971444888635066
0.6724621733149931,0.9971444888635066
0.6724991746450973,0.9971444888635066
0.672536180047323,0.9971444888635066
0.672573189522342,0.9971444888635066
0.6726102030708272,0.9971444888635066
0.6726472206934507,0.9971444888635066
0.6726842423908855,0.9971444888635066
0.6727212681638045,0.9971444888635066
0.6727582980128805,0.9971444888635066
0.6727953319387867,0.9971444888635066
0.6728323699421965,0.9971444888635066
0.6728694120237833,0.9971444888635066
0.6729064581842207,0.9971444888635066
0.6729435084241824,0.9971444888635066
0.6729805627443423,0.9971444888635066
0.6730176211453744,0.9971444888635066
0.6730546836279531,0.9971444888635066
0.6730917501927525,0.9971444888635066
0.6731288208404472,0.9971444888635066
0.6731658955717118,0.9971444888635066
0.6732029743872211,0.9971444888635066
0.6732400572876501,0.9971444888635066
0.6732771442736738,0.9971444888635066
0.6733142353459673,0.9971444888635066
0.6733513305052063,0.9971444888635066
0.6733884297520661,0.9971444888635066
0.6734255330872224,0.9971444888635066
0.6734626405113511,0.9971444888635066
0.6734997520251281,0.9971444888635066
0.6735368676292296,0.9971444888635066
0.6735739873243318,0.9971444888635066
0.6736111111111112,0.9971444888635066
0.6736482389902442,0.9971444888635066
0.6736853709624077,0.9971444888635066
0.6737225070282785,0.9971444888635066
0.6737596471885337,0.9971444888635066
0.6737967914438503,0.9971444888635066
0.6738339397949057,0.9971444888635066
0.6738710922423775,0.9971444888635066
0.6739082487869431,0.9971444888635066
0.6739454094292804,0.9971444888635066
0.6739825741700672,0.9971444888635066
0.6740197430099818,0.9971444888635066
0.6740569159497022,0.9971444888635066
0.6740940929899067,0.9971444888635066
0.6741312741312742,0.9971444888635066
0.6741684593744829,0.9971444888635066
0.6742056487202118,0.9971444888635066
0.67424284216914,0.9971444888635066
0.6742800397219464,0.9971444888635066
0.6743172413793104,0.9971444888635066
0.6743544471419113,0.9971444888635066
0.6743916570104287,0.9971444888635066
0.6744288709855424,0.9971444888635066
0.6744660890679323,0.9971444888635066
0.6745033112582781,0.9971444888635066
0.6745405375572603,0.9971444888635066
0.6745777679655591,0.9971444888635066
0.674615002483855,0.9971444888635066
0.6746522411128284,0.9971444888635066
0.6746894838531604,0.9971444888635066
0.6747267307055317,0.9971444888635066
0.6747639816706233,0.9971444888635066
0.6748012367491166,0.9971444888635066
0.6748384959416929,0.9971444888635066
0.6748757592490336,0.9971444888635066
0.6749130266718206,0.9971444888635066
0.6749502982107356,0.9971444888635066
0.6749875738664605,0.9971444888635066
0.6750248536396775,0.9971444888635066
0.6750621375310688,0.9971444888635066
0.6750994255413169,0.9971444888635066
0.6751367176711043,0.9971444888635066
0.6751740139211136,0.9971444888635066
0.6752113142920281,0.9971444888635066
0.6752486187845304,0.9971444888635066
0.6752859273993038,0.9971444888635066
0.6753232401370317,0.9971444888635066
0.6753605569983975,0.9971444888635066
0.6753978779840849,0.9971444888635066
0.6754352030947776,0.9971444888635066
0.6754725323311594,0.9971444888635066
0.6755098656939148,0.9971444888635066
0.6755472031837276,0.9971444888635066
0.6755845448012824,0.9971444888635066
0.6756218905472637,0.9971444888635066
0.6756592404223561,0.9971444888635066
0.6756965944272446,0.9971444888635066
0.675733952562614,0.9971444888635066
0.6757713148291496,0.9971444888635066
0.6758086812275367,0.9971444888635066
0.6758460517584605,0.9971444888635066
0.6758834264226069,0.9971444888635066
0.6759208052206614,0.9971444888635066
0.6759581881533101,0.9971444888635066
0.675995575221239,0.9971444888635066
0.6760329664251341,0.9971444888635066
0.676070361765682,0.9971444888635066
0.6761077612435692,0.9971444888635066
0.6761451648594822,0.9971444888635066
0.6761825726141079,0.9971444888635066
0.6762199845081333,0.9971444888635066
0.6762574005422454,0.9971444888635066
0.6762948207171314,0.9971444888635066
0.6763322450334791,0.9971444888635066
0.6763696734919756,0.9971444888635066
0.676407106093309,0.9971444888635066
0.6764445428381669,0.9971444888635066
0.6764819837272376,0.9971444888635066
0.6765194287612089,0.9971444888635066
0.6765568779407695,0.9971444888635066
0.6765943312666076,0.9971444888635066
0.6766317887394121,0.9971444888635066
0.6766692503598716,0.9971444888635066
0.6767067161286751,0.9971444888635066
0.6767441860465117,0.9971444888635066
0.6767816601140706,0.9971444888635066
0.6768191383320412,0.9971444888635066
0.6768566207011132,0.9971444888635066
0.6768941072219761,0.9971444888635066
0.6769315978953199,0.9971444888635066
0.6769690927218345,0.9971444888635066
0.6770065917022101,0.9971444888635066
0.6770440948371371,0.9971444888635066
0.677081602127306,0.9971444888635066
0.6771191135734071,0.9971444888635066
0.6771566291761316,0.9971444888635066
0.6771941489361702,0.9971444888635066
0.677231672854214,0.9971444888635066
0.6772692009309542,0.9971444888635066
0.6773067331670823,0.9971444888635066
0.6773442695632897,0.9971444888635066
0.6773818101202682,0.9971444888635066
0.6774193548387096,0.9971444888635066
0.677456903719306,0.9971444888635066
0.6774944567627494,0.9971444888635066
0.6775320139697323,0.9971444888635066
0.6775695753409469,0.9971444888635066
0.677607140877086,0.9971444888635066
0.6776447105788423,0.9971444888635066
0.6776822844469088,0.9971444888635066
0.6777198624819785,0.9971444888635066
0.6777574446847446,0.9971444888635066
0.6777950310559007,0.9971444888635066
0.67783262159614,0.9971444888635066
0.6778702163061564,0.9971444888635066
0.6779078151866438,0.9971444888635066
0.677945418238296,0.9971444888635066
0.6779830254618073,0.9971444888635066
0.678020636857872,0.9971444888635066
0.6780582524271844,0.9971444888635066
0.6780958721704394,0.9971444888635066
0.6781334960883316,0.9971444888635066
0.6781711241815559,0.9971444888635066
0.6782087564508074,0.9971444888635066
0.6782463928967813,0.9971444888635066
0.6782840335201732,0.9971444888635066
0.6783216783216783,0.9971444888635066
0.6783593273019926,0.9971444888635066
0.6783969804618117,0.9971444888635066
0.6784346378018318,0.9971444888635066
0.678472299322749,0.9971444888635066
0.6785099650252595,0.9971444888635066
0.67854763491006,0.9971444888635066
0.6785853089778469,0.9971444888635066
0.678622987229317,0.9971444888635066
0.6786606696651675,0.9971444888635066
0.6786983562860951,0.9971444888635066
0.6787360470927972,0.9971444888635066
0.6787737420859713,0.9971444888635066
0.6788114412663149,0.9971444888635066
0.6788491446345256,0.9971444888635066
0.6788868521913014,0.9971444888635066
0.6789245639373402,0.9971444888635066
0.6789622798733403,0.9971444888635066
0.679,0.9971444888635066
0.6790377243180177,0.9971444888635066
0.679075452828092,0.9971444888635066
0.6791131855309218,0.9971444888635066
0.6791509224272061,0.9971444888635066
0.6791886635176438,0.9971444888635066
0.6792264088029343,0.9971444888635066
0.6792641582837771,0.9971444888635066
0.6793019119608715,0.9971444888635066
0.6793396698349174,0.9971444888635066
0.6793774319066148,0.9971444888635066
0.6794151981766635,0.9971444888635066
0.6794529686457639,0.9971444888635066
0.6794907433146161,0.9971444888635066
0.6795285221839208,0.9971444888635066
0.6795663052543787,0.9971444888635066
0.6796040925266904,0.9971444888635066
0.679641884001557,0.9971444888635066
0.6796796796796797,0.9971444888635066
0.6797174795617597,0.9971444888635066
0.6797552836484984,0.9971444888635066
0.6797930919405973,0.9971444888635066
0.6798309044387585,0.9971444888635066
0.6798687211436836,0.9971444888635066
0.6799065420560748,0.9971444888635066
0.6799443671766342,0.9971444888635066
0.6799821965060643,0.9971444888635066
0.6800200300450676,0.9971444888635066
0.6800578677943467,0.9971444888635066
0.6800957097546046,0.9971444888635066
0.6801335559265442,0.9971444888635066
0.6801714063108687,0.9971444888635066
0.6802092609082814,0.9971444888635066
0.6802471197194857,0.9971444888635066
0.6802849827451853,0.9971444888635066
0.680322849986084,0.9971444888635066
0.6803607214428857,0.9971444888635066
0.6803985971162946,0.9971444888635066
0.6804364770070148,0.9971444888635066
0.6804743611157508,0.9971444888635066
0.6805122494432071,0.9971444888635066
0.6805501419900886,0.9971444888635066
0.6805880387571,0.9971444888635066
0.6806259397449462,0.9971444888635066
0.6806638449543329,0.9971444888635066
0.6807017543859649,0.9971444888635066
0.6807396680405481,0.9971444888635066
0.6807775859187879,0.9971444888635066
0.6808155080213903,0.9971444888635066
0.6808534343490613,0.9971444888635066
0.680891364902507,0.9971444888635066
0.6809292996824335,0.9971444888635066
0.6809672386895476,0.9971444888635066
0.6810051819245556,0.9971444888635066
0.6810431293881645,0.9971444888635066
0.6810810810810811,0.9971444888635066
0.6811190370040124,0.9971444888635066
0.681156997157666,0.9971444888635066
0.6811949615427488,0.9971444888635066
0.6812329301599688,0.9971444888635066
0.6812709030100335,0.9971444888635066
0.6813088800936508,0.9971444888635066
0.6813468614115286,0.9971444888635066
0.6813848469643753,0.9971444888635066
0.6814228367528992,0.9971444888635066
0.6814050738778924,0.9970629028310354
0.681443069030891,0.9970629028310354
0.6814810684213461,0.9970629028310354
0.6815190720499665,0.9970629028310354
0.6815570799174614,0.9970629028310354
0.6815950920245398,0.9970629028310354
0.6816331083719114,0.9970629028310354
0.6816711289602856,0.9970629028310354
0.6817091537903721,0.9970629028310354
0.6817471828628807,0.9970629028310354
0.6817852161785216,0.9970629028310354
0.6818232537380049,0.9970629028310354
0.681861295542041,0.9970629028310354
0.6818993415913402,0.9970629028310354
0.6819373918866135,0.9970629028310354
0.6819754464285714,0.9970629028310354
0.6820135052179251,0.9970629028310354
0.6820515682553856,0.9970629028310354
0.6820896355416644,0.9970629028310354
0.6821277070774726,0.9970629028310354
0.6821657828635221,0.9970629028310354
0.6822038629005247,0.9970629028310354
0.6822419471891922,0.9970629028310354
0.6822800357302368,0.9970629028310354
0.6823181285243705,0.9970629028310354
0.682356225572306,0.9970629028310354
0.6823943268747558,0.9970629028310354
0.6824324324324325,0.9970629028310354
0.6824705422460491,0.9970629028310354
0.6825086563163185,0.9970629028310354
0.6825467746439542,0.9970629028310354
0.6825848972296693,0.9970629028310354
0.6826230240741775,0.9970629028310354
0.6826611551781924,0.9970629028310354
0.6826992905424278,0.9970629028310354
0.6827374301675978,0.9970629028310354
0.6827755740544165,0.9970629028310354
0.6828137222035982,0.9970629028310354
0.6828518746158574,0.9970629028310354
0.6828900312919088,0.9970629028310354
0.6829281922324671,0.9970629028310354
0.6829663574382474,0.9970629028310354
0.6830045269099648,0.9970629028310354
0.6830427006483345,0.9970629028310354
0.6830808786540719,0.9970629028310354
0.6831190609278927,0.9970629028310354
0.6831572474705127,0.9970629028310354
0.6831954382826476,0.9970629028310354
0.6832336333650137,0.9970629028310354
0.6832718327183271,0.9970629028310354
0.6833100363433044,0.9970629028310354
0.6833482442406621,0.9970629028310354
0.6833864564111167,0.9970629028310354
0.6834246728553853,0.9970629028310354
0.6834628935741849,0.9970629028310354
0.6835011185682327,0.9970629028310354
0.683539347838246,0.9970629028310354
0.6835775813849424,0.9970629028310354
0.6836158192090396,0.9970629028310354
0.6836540613112553,0.9970629028310354
0.6836923076923077,0.9970629028310354
0.6837305583529149,0.9970629028310354
0.6837688132937951,0.9970629028310354
0.683807072515667,0.9970629028310354
0.683845336019249,0.9970629028310354
0.6838836038052603,0.9970629028310354
0.6839218758744194,0.9970629028310354
0.6839601522274457,0.9970629028310354
0.6839984328650585,0.9970629028310354
0.6840367177879771,0.9970629028310354
0.6840750069969214,0.9970629028310354
0.6841133004926109,0.9970629028310354
0.6841515982757655,0.9970629028310354
0.6841899003471056,0.9970629028310354
0.6842282067073512,0.9970629028310354
0.6842665173572229,0.9970629028310354
0.6843048322974411,0.9970629028310354
0.6843431515287266,0.9970629028310354
0.6843814750518005,0.9970629028310354
0.6844198028673835,0.9970629028310354
0.6844581349761971,0.9970629028310354
0.6844964713789627,0.9970629028310354
0.6845348120764018,0.9970629028310354
0.6845731570692359,0.9970629028310354
0.6846115063581872,0.9970629028310354
0.6846498599439776,0.9970629028310354
0.6846882178273292,0.9970629028310354
0.6847265800089646,0.9970629028310354
0.6847649464896061,0.9970629028310354
0.6848033172699765,0.9970629028310354
0.6848416923507985,0.9970629028310354
0.6848800717327953,0.9970629028310354
0.68491845541669,0.9970629028310354
0.684956843403206,0.9970629028310354
0.6849952356930665,0.9970629028310354
0.6850336322869955,0.9970629028310354
0.6850720331857166,0.9970629028310354
0.685110438389954,0.9970629028310354
0.6851488479004317,0.9970629028310354
0.6851872617178739,0.9970629028310354
0.6852256798430053,0.9970629028310354
0.6852641022765504,0.9970629028310354
0.685302529019234,0.9970629028310354
0.685340960071781,0.9970629028310354
0.6853793954349168,0.9970629028310354
0.6854178351093663,0.9970629028310354
0.685456279095855,0.9970629028310354
0.6854947273951089,0.9970629028310354
0.6855331800078532,0.9970629028310354
0.6855716369348143,0.9970629028310354
0.6856100981767181,0.9970629028310354
0.6856485637342908,0.9970629028310354
0.685687033608259,0.9970629028310354
0.6857255077993492,0.9970629028310354
0.6857639863082879,0.9970629028310354
0.6858024691358025,0.9970629028310354
0.6858409562826197,0.9970629028310354
0.6858794477494669,0.9970629028310354
0.6859179435370714,0.9970629028310354
0.6859564436461607,0.9970629028310354
0.6859949480774629,0.9970629028310354
0.6860334568317054,0.9970629028310354
0.6860719699096166,0.9970629028310354
0.6861104873119246,0.9970629028310354
0.6861490090393577,0.9970629028310354
0.6861875350926446,0.9970629028310354
0.6862260654725139,0.9970629028310354
0.6862646001796945,0.9970629028310354
0.6863031392149155,0.9970629028310354
0.6863416825789059,0.9970629028310354
0.6863802302723954,0.9970629028310354
0.6864187822961132,0.9970629028310354
0.6864573386507892,0.9970629028310354
0.6864958993371532,0.9970629028310354
0.686534464355935,0.9970629028310354
0.6865730337078652,0.9970629028310354
0.6866116073936738,0.9970629028310354
0.6866501854140915,0.9970629028310354
0.6866887677698489,0.9970629028310354
0.6867273544616768,0.9970629028310354
0.6867659454903062,0.9970629028310354
0.6868045408564685,0.9970629028310354
0.6868431405608947,0.9970629028310354
0.6868817446043165,0.9970629028310354
0.6869203529874656,0.9970629028310354
0.6869589657110736,0.9970629028310354
0.6869975827758728,0.9970629028310354
0.687036204182595,0.9970629028310354
0.6870748299319728,0.9970629028310354
0.6871134600247386,0.9970629028310354
0.687152094461625,0.9970629028310354
0.6871907332433648,0.9970629028310354
0.6872293763706911,0.9970629028310354
0.6872680238443369,0.9970629028310354
0.6873066756650357,0.9970629028310354
0.6873453318335208,0.9970629028310354
0.6873839923505259,0.9970629028310354
0.6874226572167847,0.9970629028310354
0.6874613264330315,0.9970629028310354
0.6875,0.9970629028310354
0.6875386779184247,0.9970629028310354
0.6875773601890401,0.9970629028310354
0.6876160468125809,0.9970629028310354
0.6876547377897817,0.9970629028310354
0.6876934331213775,0.9970629028310354
0.6877321328081035,0.9970629028310354
0.6877708368506951,0.9970629028310354
0.6878095452498875,0.9970629028310354
0.6878482580064164,0.9970629028310354
0.6878869751210177,0.9970629028310354
0.6879256965944273,0.9970629028310354
0.6879644224273812,0.9970629028310354
0.6880031526206158,0.9970629028310354
0.6880418871748677,0.9970629028310354
0.6880806260908733,0.9970629028310354
0.6881193693693693,0.9970629028310354
0.688158117011093,0.9970629028310354
0.6881968690167811,0.9970629028310354
0.6882356253871712,0.9970629028310354
0.6882743861230006,0.9970629028310354
0.688313151225007,0.9970629028310354
0.6883519206939281,0.9970629028310354
0.6883906945305018,0.9970629028310354
0.6884294727354664,0.9970629028310354
0.68846825530956,0.9970629028310354
0.6885070422535211,0.9970629028310354
0.6885458335680883,0.9970629028310354
0.6885846292540004,0.9970629028310354
0.6886234293119964,0.9970629028310354
0.6886622337428153,0.9970629028310354
0.6887010425471964,0.9970629028310354
0.6887398557258791,0.9970629028310354
0.6887786732796032,0.9970629028310354
0.6888174952091083,0.9970629028310354
0.6888563215151344,0.9970629028310354
0.6888951521984217,0.9970629028310354
0.6889339872597102,0.9970629028310354
0.6889728266997407,0.9970629028310354
0.6890116705192535,0.9970629028310354
0.6890505187189896,0.9970629028310354
0.6890893712996898,0.9970629028310354
0.6891282282620954,0.9970629028310354
0.6891670896069475,0.9970629028310354
0.6892059553349876,0.9970629028310354
0.6892448254469573,0.9970629028310354
0.6892836999435984,0.9970629028310354
0.6893225788256528,0.9970629028310354
0.6893614620938628,0.9970629028310354
0.6894003497489705,0.9970629028310354
0.6894392417917183,0.9970629028310354
0.6894781382228491,0.9970629028310354
0.6895170390431054,0.9970629028310354
0.6895559442532303,0.9970629028310354
0.6895948538539668,0.9970629028310354
0.6896337678460583,0.9970629028310354
0.6896726862302484,0.9970629028310354
0.6897116090072803,0.9970629028310354
0.6897505361778982,0.9970629028310354
0.6897894677428459,0.9970629028310354
0.6898284037028675,0.9970629028310354
0.6898673440587073,0.9970629028310354
0.6899062888111098,0.9970629028310354
0.6899452379608197,0.9970629028310354
0.6899841915085817,0.9970629028310354
0.6900231494551409,0.9970629028310354
0.6900621118012422,0.9970629028310354
0.6901010785476311,0.9970629028310354
0.690140049695053,0.9970629028310354
0.6901790252442537,0.9970629028310354
0.6902180051959788,0.9970629028310354
0.6902569895509743,0.9970629028310354
0.6902959783099865,0.9970629028310354
0.6903349714737615,0.9970629028310354
0.6903739690430459,0.9970629028310354
0.6904129710185866,0.9970629028310354
0.69045197740113,0.9970629028310354
0.6904909881914233,0.9970629028310354
0.6905300033902135,0.9970629028310354
0.6905690229982483,0.9970629028310354
0.6906080470162749,0.9970629028310354
0.690647075445041,0.9970629028310354
0.6906861082852944,0.9970629028310354
0.6907251455377833,0.9970629028310354
0.6907641872032557,0.9970629028310354
0.69080323328246,0.9970629028310354
0.6908422837761448,0.9970629028310354
0.6908813386850585,0.9970629028310354
0.6909203980099502,0.9970629028310354
0.690959461751569,0.9970629028310354
0.6909985299106638,0.9970629028310354
0.6910376024879842,0.9970629028310354
0.6910766794842795,0.9970629028310354
0.6911157609002997,0.9970629028310354
0.6911548467367945,0.9970629028310354
0.6911939369945139,0.9970629028310354
0.6912330316742081,0.9970629028310354
0.6912721307766276,0.9970629028310354
0.691311234302523,0.9970629028310354
0.6913503422526447,0.9970629028310354
0.6913894546277438,0.9970629028310354
0.6914285714285714,0.9970629028310354
0.6914676926558787,0.9970629028310354
0.691506818310417,0.9970629028310354
0.6915459483929379,0.9970629028310354
0.6915850829041933,0.9970629028310354
0.6916242218449349,0.9970629028310354
0.6916633652159149,0.9970629028310354
0.6917025130178854,0.9970629028310354
0.6917416652515991,0.9970629028310354
0.6917808219178082,0.9970629028310354
0.6918199830172658,0.9970629028310354
0.6918591485507246,0.9970629028310354
0.6918983185189379,0.9970629028310354
0.6919374929226588,0.9970629028310354
0.6919766717626409,0.9970629028310354
0.6920158550396376,0.9970629028310354
0.6920550427544029,0.9970629028310354
0.6920942349076906,0.9970629028310354
0.6921334315002549,0.9970629028310354
0.69217263253285,0.9970629028310354
0.6922118380062305,0.9970629028310354
0.692251047921151,0.9970629028310354
0.6922902622783663,0.9970629028310354
0.6923294810786313,0.9970629028310354
0.6923687043227013,0.9970629028310354
0.6924079320113314,0.9970629028310354
0.6924471641452774,0.9970629028310354
0.6924864007252947,0.9970629028310354
0.6925256417521392,0.9970629028310354
0.692564887226567,0.9970629028310354
0.6926041371493341,0.9970629028310354
0.692643391521197,0.9970629028310354
0.6926826503429122,0.9970629028310354
0.6927219136152364,0.9970629028310354
0.6927611813389264,0.9970629028310354
0.6928004535147392,0.9970629028310354
0.6928397301434321,0.9970629028310354
0.6928790112257626,0.9970629028310354
0.692918296762488,0.9970629028310354
0.692957586754366,0.9970629028310354
0.6929968812021549,0.9970629028310354
0.6930361801066123,0.9970629028310354
0.6930754834684966,0.9970629028310354
0.6931147912885662,0.9970629028310354
0.6931541035675798,0.9970629028310354
0.693193420306296,0.9970629028310354
0.693232741505474,0.9970629028310354
0.6932720671658725,0.9970629028310354
0.693311397288251,0.9970629028310354
0.6933507318733689,0.9970629028310354
0.6933900709219858,0.9970629028310354
0.6934294144348615,0.9970629028310354
0.693468762412756,0.9970629028310354
0.6935081148564295,0.9970629028310354
0.6935474717666421,0.9970629028310354
0.6935868331441544,0.9970629028310354
0.693626198989727,0.9970629028310354
0.6936655693041208,0.9970629028310354
0.6937049440880967,0.9970629028310354
0.693744323342416,0.9970629028310354
0.6937837070678399,0.9970629028310354
0.69382309526513,0.9970629028310354
0.693862487935048,0.9970629028310354
0.6939018850783557,0.9970629028310354
0.6939412866958151,0.9970629028310354
0.6939806927881885,0.9970629028310354
0.6940201033562383,0.9970629028310354
0.694059518400727,0.9970629028310354
0.6940989379224172,0.9970629028310354
0.694138361922072,0.9970629028310354
0.6941777904004545,0.9970629028310354
0.6942172233583277,0.9970629028310354
0.6942566607964552,0.9970629028310354
0.6942961027156005,0.9970629028310354
0.6943355491165275,0.9970629028310354
0.694375,0.9970629028310354
0.6944144553667823,0.9970629028310354
0.6944539152176383,0.9970629028310354
0.6944933795533329,0.9970629028310354
0.6945328483746306,0.9970629028310354
0.6945723216822961,0.9970629028310354
0.6946117994770945,0.9970629028310354
0.6946512817597909,0.9970629028310354
0.6946907685311505,0.9970629028310354
0.694730259791939,0.9970629028310354
0.6947697555429221,0.9970629028310354
0.6948092557848655,0.9970629028310354
0.6948487605185354,0.9970629028310354
0.6948882697446978,0.9970629028310354
0.6949277834641192,0.9970629028310354
0.6949673016775662,0.9970629028310354
0.6950068243858053,0.9970629028310354
0.6950463515896036,0.9970629028310354
0.6950858832897281,0.9970629028310354
0.6951254194869462,0.9970629028310354
0.695164960182025,0.9970629028310354
0.6952045053757324,0.9970629028310354
0.695244055068836,0.9970629028310354
0.6952836092621039,0.9970629028310354
0.695323167956304,0.9970629028310354
0.6953627311522048,0.9970629028310354
0.6954022988505747,0.9970629028310354
0.6954418710521824,0.9970629028310354
0.6954814477577965,0.9970629028310354
0.6955210289681862,0.9970629028310354
0.6955606146841207,0.9970629028310354
0.6956002049063692,0.9970629028310354
0.6956397996357013,0.9970629028310354
0.6956793988728867,0.9970629028310354
0.6957190026186952,0.9970629028310354
0.6957586108738969,0.9970629028310354
0.6957982236392621,0.9970629028310354
0.6958378409155611,0.9970629028310354
0.6958774627035645,0.9970629028310354
0.695917089004043,0.9970629028310354
0.6959567198177676,0.9970629028310354
0.6959963551455094,0.9970629028310354
0.6960359949880396,0.9970629028310354
0.6960756393461297,0.9970629028310354
0.6961152882205514,0.9970629028310354
0.6961549416120764,0.9970629028310354
0.6961945995214766,0.9970629028310354
0.6962342619495243,0.9970629028310354
0.6962739288969918,0.9970629028310354
0.6963136003646516,0.9970629028310354
0.6963532763532764,0.9970629028310354
0.696392956863639,0.9970629028310354
0.6964326418965124,0.9970629028310354
0.69647233145267,0.9970629028310354
0.6965120255328849,0.9970629028310354
0.696551724137931,0.9970629028310354
0.6965914272685818,0.9970629028310354
0.6966311349256114,0.9970629028310354
0.6966708471097937,0.9970629028310354
0.696710563821903,0.9970629028310354
0.6967502850627137,0.9970629028310354
0.6967900108330007,0.9970629028310354
0.6968297411335386,0.9970629028310354
0.6968124536693847,0.996981316798564
0.6968521897810219,0.996981316798564
0.6968919304248645,0.996981316798564
0.6969316756016881,0.996981316798564
0.6969714253122683,0.996981316798564
0.6970111795573808,0.996981316798564
0.6970509383378016,0.996981316798564
0.6970907016543069,0.996981316798564
0.697130469507673,0.996981316798564
0.6971702418986764,0.996981316798564
0.6972100188280937,0.996981316798564
0.697249800296702,0.996981316798564
0.6972895863052782,0.996981316798564
0.6973293768545994,0.996981316798564
0.6973691719454431,0.996981316798564
0.6974487757548086,0.996981316798564
0.6974885844748858,0.996981316798564
0.697528397739597,0.996981316798564
0.6975682155497203,0.996981316798564
0.6976080379060341,0.996981316798564
0.6976478648093172,0.996981316798564
0.6976876962603483,0.996981316798564
0.6977275322599064,0.996981316798564
0.6977673728087707,0.996981316798564
0.6978072179077204,0.996981316798564
0.6978470675575352,0.996981316798564
0.6978869217589948,0.996981316798564
0.697926780512879,0.996981316798564
0.697966643819968,0.996981316798564
0.6980065116810419,0.996981316798564
0.698046384096881,0.996981316798564
0.6980862610682662,0.996981316798564
0.698126142595978,0.996981316798564
0.6981660286807976,0.996981316798564
0.6982059193235058,0.996981316798564
0.6982458145248843,0.996981316798564
0.6982857142857143,0.996981316798564
0.6983256186067776,0.996981316798564
0.6983655274888558,0.996981316798564
0.6984054409327314,0.996981316798564
0.6984453589391861,0.996981316798564
0.6984852815090026,0.996981316798564
0.6985252086429633,0.996981316798564
0.698565140341851,0.996981316798564
0.6986050766064487,0.996981316798564
0.6986450174375393,0.996981316798564
0.6986849628359062,0.996981316798564
0.6987249128023328,0.996981316798564
0.6987648673376029,0.996981316798564
0.6988048264425002,0.996981316798564
0.6988447901178085,0.996981316798564
0.6988847583643123,0.996981316798564
0.6989247311827957,0.996981316798564
0.6989647085740434,0.996981316798564
0.69900469053884,0.996981316798564
0.6990446770779704,0.996981316798564
0.6990846681922197,0.996981316798564
0.6991246638823732,0.996981316798564
0.6991646641492162,0.996981316798564
0.6992046689935344,0.996981316798564
0.6992446784161135,0.996981316798564
0.6992846924177396,0.996981316798564
0.6993247109991988,0.996981316798564
0.6993647341612774,0.996981316798564
0.6994047619047619,0.996981316798564
0.699444794230439,0.996981316798564
0.6994848311390955,0.996981316798564
0.6995248726315186,0.996981316798564
0.6995649187084956,0.996981316798564
0.6996049693708135,0.996981316798564
0.6996450246192603,0.996981316798564
0.6996850844546235,0.996981316798564
0.6997251488776912,0.996981316798564
0.6997652178892516,0.996981316798564
0.6998052914900927,0.996981316798564
0.6998453696810034,0.996981316798564
0.699885452462772,0.996981316798564
0.6999255398361877,0.996981316798564
0.6999656318020392,0.996981316798564
0.7000057283611159,0.996981316798564
0.7000458295142071,0.996981316798564
0.7000859352621025,0.996981316798564
0.7001260456055919,0.996981316798564
0.700166160545465,0.996981316798564
0.7002062800825121,0.996981316798564
0.7002464042175234,0.996981316798564
0.7002865329512894,0.996981316798564
0.7003266662846008,0.996981316798564
0.7003668042182485,0.996981316798564
0.7004069467530234,0.996981316798564
0.7004470938897168,0.996981316798564
0.7004872456291201,0.996981316798564
0.7005274019720248,0.996981316798564
0.7005675629192226,0.996981316798564
0.7006077284715055,0.996981316798564
0.7006478986296657,0.996981316798564
0.7006880733944955,0.996981316798564
0.7007282527667871,0.996981316798564
0.7007684367473334,0.996981316798564
0.7008086253369272,0.996981316798564
0.7008488185363616,0.996981316798564
0.7008890163464296,0.996981316798564
0.7009292187679248,0.996981316798564
0.7009694258016406,0.996981316798564
0.7010096374483709,0.996981316798564
0.7010498537089094,0.996981316798564
0.7010900745840505,0.996981316798564
0.7011303000745883,0.996981316798564
0.7011705301813175,0.996981316798564
0.7012107649050324,0.996981316798564
0.7012510042465282,0.996981316798564
0.7012912482065997,0.996981316798564
0.7013314967860422,0.996981316798564
0.7013717499856511,0.996981316798564
0.701412007806222,0.996981316798564
0.7014522702485506,0.996981316798564
0.7014925373134329,0.996981316798564
0.7015328090016648,0.996981316798564
0.7015730853140429,0.996981316798564
0.7016133662513636,0.996981316798564
0.7016536518144235,0.996981316798564
0.7016939420040196,0.996981316798564
0.7017342368209487,0.996981316798564
0.7017745362660082,0.996981316798564
0.7018148403399954,0.996981316798564
0.701855149043708,0.996981316798564
0.7018954623779438,0.996981316798564
0.7019357803435005,0.996981316798564
0.7019761029411765,0.996981316798564
0.70201643017177,0.996981316798564
0.7020567620360795,0.996981316798564
0.7020970985349038,0.996981316798564
0.7021374396690416,0.996981316798564
0.7021777854392921,0.996981316798564
0.7022181358464544,0.996981316798564
0.7022584908913281,0.996981316798564
0.7022988505747126,0.996981316798564
0.7023392148974079,0.996981316798564
0.7023795838602138,0.996981316798564
0.7024199574639306,0.996981316798564
0.7024603357093585,0.996981316798564
0.7025007185972981,0.996981316798564
0.70254110612855,0.996981316798564
0.7025814983039154,0.996981316798564
0.702621895124195,0.996981316798564
0.7026622965901903,0.996981316798564
0.7027027027027027,0.996981316798564
0.7027431134625338,0.996981316798564
0.7027835288704853,0.996981316798564
0.7028239489273596,0.996981316798564
0.7028643736339584,0.996981316798564
0.7029048029910843,0.996981316798564
0.7029452369995398,0.996981316798564
0.7029856756601277,0.996981316798564
0.7030261189736509,0.996981316798564
0.7030665669409125,0.996981316798564
0.7031070195627158,0.996981316798564
0.7031474768398642,0.996981316798564
0.7031879387731614,0.996981316798564
0.7032284053634114,0.996981316798564
0.703268876611418,0.996981316798564
0.7033093525179857,0.996981316798564
0.7033498330839185,0.996981316798564
0.7033903183100213,0.996981316798564
0.7034308081970988,0.996981316798564
0.7034713027459559,0.996981316798564
0.7035118019573978,0.996981316798564
0.7035523058322298,0.996981316798564
0.7035928143712575,0.996981316798564
0.7036333275752865,0.996981316798564
0.7036738454451227,0.996981316798564
0.7037143679815722,0.996981316798564
0.7037548951854411,0.996981316798564
0.7037954270575362,0.996981316798564
0.7038359635986637,0.996981316798564
0.7038765048096308,0.996981316798564
0.7039170506912442,0.996981316798564
0.7039576012443113,0.996981316798564
0.7039981564696394,0.996981316798564
0.7040387163680359,0.996981316798564
0.7040792809403088,0.996981316798564
0.704119850187266,0.996981316798564
0.7041604241097154,0.996981316798564
0.7042010027084654,0.996981316798564
0.7042415859843246,0.996981316798564
0.7042821739381016,0.996981316798564
0.7043227665706052,0.996981316798564
0.7043633638826445,0.996981316798564
0.7044039658750288,0.996981316798564
0.7044445725485675,0.996981316798564
0.7044851839040701,0.996981316798564
0.7045257999423465,0.996981316798564
0.7045664206642066,0.996981316798564
0.7046070460704607,0.996981316798564
0.704647676161919,0.996981316798564
0.7046883109393922,0.996981316798564
0.7047289504036909,0.996981316798564
0.704769594555626,0.996981316798564
0.7048102433960087,0.996981316798564
0.7048508969256504,0.996981316798564
0.7048915551453623,0.996981316798564
0.7049322180559562,0.996981316798564
0.7049728856582439,0.996981316798564
0.7050135579530376,0.996981316798564
0.7050542349411493,0.996981316798564
0.7050949166233916,0.996981316798564
0.705135603000577,0.996981316798564
0.7051762940735183,0.996981316798564
0.7052169898430286,0.996981316798564
0.7052576903099209,0.996981316798564
0.7052983954750086,0.996981316798564
0.7053391053391054,0.996981316798564
0.7053798199030247,0.996981316798564
0.7054205391675806,0.996981316798564
0.7054612631335874,0.996981316798564
0.705501991801859,0.996981316798564
0.7055427251732102,0.996981316798564
0.7055834632484554,0.996981316798564
0.7056242060284097,0.996981316798564
0.7056649535138881,0.996981316798564
0.7057057057057057,0.996981316798564
0.705746462604678,0.996981316798564
0.7057872242116207,0.996981316798564
0.7058279905273493,0.996981316798564
0.7058687615526802,0.996981316798564
0.7059095372884293,0.996981316798564
0.7059503177354131,0.996981316798564
0.705991102894448,0.996981316798564
0.7060318927663508,0.996981316798564
0.7060726873519385,0.996981316798564
0.7061134866520282,0.996981316798564
0.7061542906674372,0.996981316798564
0.7061950993989828,0.996981316798564
0.7062359128474831,0.996981316798564
0.7062767310137557,0.996981316798564
0.7063175538986186,0.996981316798564
0.7063583815028902,0.996981316798564
0.7063992138273889,0.996981316798564
0.7064400508729333,0.996981316798564
0.7064808926403423,0.996981316798564
0.7065217391304348,0.996981316798564
0.70656259034403,0.996981316798564
0.7066034462819475,0.996981316798564
0.7066443069450067,0.996981316798564
0.7066851723340273,0.996981316798564
0.7067260424498294,0.996981316798564
0.706766917293233,0.996981316798564
0.7068077968650587,0.996981316798564
0.7068486811661268,0.996981316798564
0.7068895701972581,0.996981316798564
0.7069304639592734,0.996981316798564
0.706971362452994,0.996981316798564
0.7070122656792409,0.996981316798564
0.7070531736388358,0.996981316798564
0.7070940863326004,0.996981316798564
0.7071350037613564,0.996981316798564
0.7071759259259259,0.996981316798564
0.7072168528271312,0.996981316798564
0.7072577844657947,0.996981316798564
0.7072987208427389,0.996981316798564
0.7073396619587867,0.996981316798564
0.7073806078147612,0.996981316798564
0.7074215584114855,0.996981316798564
0.7074625137497829,0.996981316798564
0.7075034738304771,0.996981316798564
0.7075444386543918,0.996981316798564
0.7075854082223509,0.996981316798564
0.7076263825351786,0.996981316798564
0.7076673615936994,0.996981316798564
0.7077083453987375,0.996981316798564
0.7077493339511178,0.996981316798564
0.7077903272516652,0.996981316798564
0.7078313253012049,0.996981316798564
0.7078723281005619,0.996981316798564
0.7079133356505619,0.996981316798564
0.7079543479520306,0.996981316798564
0.7079953650057937,0.996981316798564
0.7080363868126774,0.996981316798564
0.7080774133735079,0.996981316798564
0.7081184446891117,0.996981316798564
0.7081594807603152,0.996981316798564
0.7082005215879456,0.996981316798564
0.7082415671728295,0.996981316798564
0.7082826175157944,0.996981316798564
0.7083236726176675,0.996981316798564
0.7083647324792766,0.996981316798564
0.7084057971014492,0.996981316798564
0.7084468664850136,0.996981316798564
0.7084879406307978,0.996981316798564
0.7085290195396301,0.996981316798564
0.708570103212339,0.996981316798564
0.7086111916497535,0.996981316798564
0.7086522848527024,0.996981316798564
0.7086933828220148,0.996981316798564
0.7087344855585199,0.996981316798564
0.7087755930630474,0.996981316798564
0.7088167053364269,0.996981316798564
0.7088578223794884,0.996981316798564
0.7088989441930619,0.996981316798564
0.7089400707779776,0.996981316798564
0.7089812021350661,0.996981316798564
0.7090223382651581,0.996981316798564
0.7090634791690844,0.996981316798564
0.709104624847676,0.996981316798564
0.7091457753017641,0.996981316798564
0.7091869305321804,0.996981316798564
0.7092280905397562,0.996981316798564
0.7092692553253236,0.996981316798564
0.7093104248897144,0.996981316798564
0.709351599233761,0.996981316798564
0.7093927783582956,0.996981316798564
0.7094339622641509,0.996981316798564
0.7094751509521597,0.996981316798564
0.709516344423155,0.996981316798564
0.70955754267797,0.996981316798564
0.709598745717438,0.996981316798564
0.7096399535423926,0.996981316798564
0.7096811661536675,0.996981316798564
0.7097223835520966,0.996981316798564
0.7097636057385143,0.996981316798564
0.7098048327137546,0.996981316798564
0.7098460644786523,0.996981316798564
0.7098873010340421,0.996981316798564
0.7099285423807588,0.996981316798564
0.7099697885196374,0.996981316798564
0.7100110394515136,0.996981316798564
0.7100522951772226,0.996981316798564
0.7100935556976001,0.996981316798564
0.7101348210134821,0.996981316798564
0.7101760911257047,0.996981316798564
0.710217366035104,0.996981316798564
0.7102586457425167,0.996981316798564
0.7102999302487794,0.996981316798564
0.7103412195547288,0.996981316798564
0.7103825136612022,0.996981316798564
0.7104238125690366,0.996981316798564
0.7104651162790697,0.996981316798564
0.7105064247921391,0.996981316798564
0.7105477381090824,0.996981316798564
0.7105890562307379,0.996981316798564
0.7106303791579437,0.996981316798564
0.7106717068915382,0.996981316798564
0.7107130394323601,0.996981316798564
0.7107543767812482,0.996981316798564
0.7107957189390414,0.996981316798564
0.710837065906579,0.996981316798564
0.7108784176847004,0.996981316798564
0.7109197742742451,0.996981316798564
0.710961135676053,0.996981316798564
0.7110025018909641,0.996981316798564
0.7109856860235075,0.9968997307660928
0.7110270584812336,0.9968997307660928
0.71106843575419,0.9968997307660928
0.7111098178432171,0.9968997307660928
0.711151204749156,0.9968997307660928
0.7111925964728479,0.9968997307660928
0.7112339930151339,0.9968997307660928
0.7112753943768555,0.9968997307660928
0.7113168005588544,0.9968997307660928
0.7113582115619724,0.9968997307660928
0.7113996273870516,0.9968997307660928
0.7114410480349345,0.9968997307660928
0.7114824735064632,0.9968997307660928
0.7115239038024807,0.9968997307660928
0.7115653389238294,0.9968997307660928
0.7116067788713528,0.9968997307660928
0.711648223645894,0.9968997307660928
0.7116896732482964,0.9968997307660928
0.7117311276794035,0.9968997307660928
0.7117725869400594,0.9968997307660928
0.711814051031108,0.9968997307660928
0.7118555199533936,0.9968997307660928
0.7118969937077604,0.9968997307660928
0.7119384722950534,0.9968997307660928
0.711979955716117,0.9968997307660928
0.7120214439717966,0.9968997307660928
0.7120629370629371,0.9968997307660928
0.712104434990384,0.9968997307660928
0.7121459377549831,0.9968997307660928
0.71218744535758,0.9968997307660928
0.7122289577990207,0.9968997307660928
0.7122704750801515,0.9968997307660928
0.7123119972018188,0.9968997307660928
0.7123535241648691,0.9968997307660928
0.7123950559701493,0.9968997307660928
0.7124365926185062,0.9968997307660928
0.7124781341107872,0.9968997307660928
0.7125196804478395,0.9968997307660928
0.7125612316305109,0.9968997307660928
0.7126027876596489,0.9968997307660928
0.7126443485361017,0.9968997307660928
0.7126859142607174,0.9968997307660928
0.7127274848343443,0.9968997307660928
0.7127690602578312,0.9968997307660928
0.7128106405320266,0.9968997307660928
0.7128522256577796,0.9968997307660928
0.7128938156359393,0.9968997307660928
0.7129354104673552,0.9968997307660928
0.7129770101528766,0.9968997307660928
0.7130186146933536,0.9968997307660928
0.7130602240896359,0.9968997307660928
0.7131018383425737,0.9968997307660928
0.7131434574530174,0.9968997307660928
0.7131850814218176,0.9968997307660928
0.7132267102498249,0.9968997307660928
0.7132683439378904,0.9968997307660928
0.7133099824868652,0.9968997307660928
0.7133516258976006,0.9968997307660928
0.7133932741709481,0.9968997307660928
0.7134349273077597,0.9968997307660928
0.713418194557982,0.9968181447336216
0.7134598540145985,0.9968181447336216
0.7135015183368372,0.9968181447336216
0.7135431875255505,0.9968181447336216
0.713584861581591,0.9968181447336216
0.7136265405058115,0.9968181447336216
0.7136682242990654,0.9968181447336216
0.7137099129622058,0.9968181447336216
0.713751606496086,0.9968181447336216
0.7137933049015599,0.9968181447336216
0.7138350081794812,0.9968181447336216
0.713876716330704,0.9968181447336216
0.7139184293560827,0.9968181447336216
0.7139601472564717,0.9968181447336216
0.7140018700327255,0.9968181447336216
0.7140435976856992,0.9968181447336216
0.7140853302162478,0.9968181447336216
0.7141270676252265,0.9968181447336216
0.7141688099134907,0.9968181447336216
0.7142105570818963,0.9968181447336216
0.714252309131299,0.9968181447336216
0.7142940660625549,0.9968181447336216
0.7143358278765201,0.9968181447336216
0.7143775945740514,0.9968181447336216
0.7144193661560051,0.9968181447336216
0.7144611426232385,0.9968181447336216
0.7145029239766082,0.9968181447336216
0.7145447102169717,0.9968181447336216
0.7145865013451865,0.9968181447336216
0.7146282973621103,0.9968181447336216
0.7146700982686008,0.9968181447336216
0.7147119040655162,0.9968181447336216
0.7147537147537147,0.9968181447336216
0.7147955303340549,0.9968181447336216
0.7148373508073953,0.9968181447336216
0.7148791761745948,0.9968181447336216
0.7149210064365126,0.9968181447336216
0.7149628415940078,0.9968181447336216
0.7150046816479401,0.9968181447336216
0.715046526599169,0.9968181447336216
0.7150883764485544,0.9968181447336216
0.7151302311969564,0.9968181447336216
0.7151720908452353,0.9968181447336216
0.7152139553942516,0.9968181447336216
0.7152558248448659,0.9968181447336216
0.7152976991979393,0.9968181447336216
0.7153395784543326,0.9968181447336216
0.7153814626149072,0.9968181447336216
0.7154233516805246,0.9968181447336216
0.7154652456520466,0.9968181447336216
0.7155071445303349,0.9968181447336216
0.7155490483162519,0.9968181447336216
0.7155909570106594,0.9968181447336216
0.7156328706144204,0.9968181447336216
0.7156747891283973,0.9968181447336216
0.7157167125534533,0.9968181447336216
0.715758640890451,0.9968181447336216
0.7158005741402542,0.9968181447336216
0.7158425123037263,0.9968181447336216
0.7158844553817308,0.9968181447336216
0.7159264033751318,0.9968181447336216
0.7159683562847934,0.9968181447336216
0.7160103141115799,0.9968181447336216
0.7160522768563559,0.9968181447336216
0.7160942445199859,0.9968181447336216
0.7161362171033351,0.9968181447336216
0.7161781946072685,0.9968181447336216
0.7162201770326514,0.9968181447336216
0.7162621643803494,0.9968181447336216
0.7163041566512283,0.9968181447336216
0.7163461538461539,0.9968181447336216
0.7163881559659924,0.9968181447336216
0.7164301630116102,0.9968181447336216
0.7164721749838738,0.9968181447336216
0.7165141918836501,0.9968181447336216
0.7165562137118058,0.9968181447336216
0.7165982404692082,0.9968181447336216
0.7166402721567248,0.9968181447336216
0.7166823087752229,0.9968181447336216
0.7167243503255705,0.9968181447336216
0.7167663968086354,0.9968181447336216
0.716808448225286,0.9968181447336216
0.7168505045763905,0.9968181447336216
0.7168925658628176,0.9968181447336216
0.716934632085436,0.9968181447336216
0.7169180212428848,0.9967365587011504
0.7169600938967137,0.9967365587011504
0.7170021714889372,0.9967365587011504
0.7170442540204249,0.9967365587011504
0.7170863414920468,0.9967365587011504
0.7171284339046725,0.9967365587011504
0.7171705312591723,0.9967365587011504
0.7172126335564166,0.9967365587011504
0.7172547407972759,0.9967365587011504
0.7172968529826209,0.9967365587011504
0.7173389701133228,0.9967365587011504
0.7173810921902525,0.9967365587011504
0.7174232192142815,0.9967365587011504
0.7174653511862814,0.9967365587011504
0.717507488107124,0.9967365587011504
0.7175496299776812,0.9967365587011504
0.7175917767988252,0.9967365587011504
0.7176339285714286,0.9967365587011504
0.7176760852963637,0.9967365587011504
0.7177182469745036,0.9967365587011504
0.7177604136067212,0.9967365587011504
0.7178025851938895,0.9967365587011504
0.7178447617368823,0.9967365587011504
0.7178869432365731,0.9967365587011504
0.7179291296938356,0.9967365587011504
0.717971321109544,0.9967365587011504
0.7180135174845724,0.9967365587011504
0.7180557188197955,0.9967365587011504
0.7180979251160877,0.9967365587011504
0.7181401363743241,0.9967365587011504
0.7181823525953794,0.9967365587011504
0.7182245737801294,0.9967365587011504
0.7182667999294491,0.9967365587011504
0.7183090310442145,0.9967365587011504
0.7183512671253014,0.9967365587011504
0.7183935081735858,0.9967365587011504
0.7184357541899441,0.9967365587011504
0.7184780051752528,0.9967365587011504
0.7185202611303888,0.9967365587011504
0.7185625220562287,0.9967365587011504
0.7186047879536498,0.9967365587011504
0.7186470588235294,0.9967365587011504
0.7186893346667451,0.9967365587011504
0.7187316154841746,0.9967365587011504
0.7187739012766959,0.9967365587011504
0.7188161920451871,0.9967365587011504
0.7188584877905266,0.9967365587011504
0.7189007885135931,0.9967365587011504
0.7189430942152651,0.9967365587011504
0.7189854048964218,0.9967365587011504
0.7190277205579424,0.9967365587011504
0.7190700412007063,0.9967365587011504
0.719112366825593,0.9967365587011504
0.7191546974334825,0.9967365587011504
0.7191970330252546,0.9967365587011504
0.7192393736017897,0.9967365587011504
0.7192817191639682,0.9967365587011504
0.7193240697126707,0.9967365587011504
0.7193664252487781,0.9967365587011504
0.7194087857731716,0.9967365587011504
0.7193922619398151,0.9966549726686791
0.719434628975265,0.9966549726686791
0.7194770010012368,0.9966549726686791
0.7195193780186123,0.9966549726686791
0.7195617600282735,0.9966549726686791
0.7196041470311028,0.9966549726686791
0.7196465390279824,0.9966549726686791
0.719688936019795,0.9966549726686791
0.7197313380074235,0.9966549726686791
0.7197737449917512,0.9966549726686791
0.719816156973661,0.9966549726686791
0.7198585739540365,0.9966549726686791
0.7199009959337616,0.9966549726686791
0.7199434229137199,0.9966549726686791
0.7199858548947958,0.9966549726686791
0.7200282918778734,0.9966549726686791
0.7200707338638374,0.9966549726686791
0.7201131808535722,0.9966549726686791
0.7201556328479632,0.9966549726686791
0.7201980898478954,0.9966549726686791
0.7202405518542538,0.9966549726686791
0.7202830188679246,0.9966549726686791
0.720325490889793,0.9966549726686791
0.7203679679207454,0.9966549726686791
0.7204104499616677,0.9966549726686791
0.7204529370134466,0.9966549726686791
0.7204954290769684,0.9966549726686791
0.7205379261531202,0.9966549726686791
0.7205804282427889,0.9966549726686791
0.7206229353468617,0.9966549726686791
0.7206654474662262,0.9966549726686791
0.7207079646017699,0.9966549726686791
0.7207504867543808,0.9966549726686791
0.7207930139249469,0.9966549726686791
0.7208355461143565,0.9966549726686791
0.7208780833234981,0.9966549726686791
0.7209206255532605,0.9966549726686791
0.7209631728045326,0.9966549726686791
0.7210057250782034,0.9966549726686791
0.7210482823751623,0.9966549726686791
0.7210908446962989,0.9966549726686791
0.7211334120425029,0.9966549726686791
0.7211759844146644,0.9966549726686791
0.7212185618136734,0.9966549726686791
0.7212611442404204,0.9966549726686791
0.721303731695796,0.9966549726686791
0.7213463241806909,0.9966549726686791
0.7213889216959962,0.9966549726686791
0.7214315242426032,0.9966549726686791
0.7214741318214033,0.9966549726686791
0.7215167444332881,0.9966549726686791
0.7215593620791494,0.9966549726686791
0.7216019847598795,0.9966549726686791
0.7216446124763705,0.9966549726686791
0.721687245229515,0.9966549726686791
0.7217298830202056,0.9966549726686791
0.7217725258493353,0.9966549726686791
0.7218151737177972,0.9966549726686791
0.7218578266264847,0.9966549726686791
0.7218413899066304,0.9965733866362079
0.7218840494060634,0.9965733866362079
0.7219267139479906,0.9965733866362079
0.7219693835333058,0.9965733866362079
0.7220120581629034,0.9965733866362079
0.722054737837678,0.9965733866362079
0.7220974225585245,0.9965733866362079
0.7221401123263376,0.9965733866362079
0.7221828071420126,0.9965733866362079
0.7222255070064447,0.9965733866362079
0.7222682119205298,0.9965733866362079
0.7223109218851635,0.9965733866362079
0.7223536369012419,0.9965733866362079
0.7223963569696611,0.9965733866362079
0.7224390820913177,0.9965733866362079
0.7224818122671083,0.9965733866362079
0.7225245474979297,0.9965733866362079
0.722567287784679,0.9965733866362079
0.7226100331282537,0.9965733866362079
0.722652783529551,0.9965733866362079
0.7226955389894687,0.9965733866362079
0.7227382995089048,0.9965733866362079
0.7227810650887574,0.9965733866362079
0.7228238357299248,0.9965733866362079
0.7228666114333057,0.9965733866362079
0.7229093921997988,0.9965733866362079
0.722952178030303,0.9965733866362079
0.7229949689257177,0.9965733866362079
0.7230377648869422,0.9965733866362079
0.723080565914876,0.9965733866362079
0.7231233720104191,0.9965733866362079
0.7231661831744716,0.9965733866362079
0.7232089994079337,0.9965733866362079
0.7232518207117058,0.9965733866362079
0.7232946470866888,0.9965733866362079
0.7233374785337834,0.9965733866362079
0.7233803150538908,0.9965733866362079
0.7234231566479123,0.9965733866362079
0.7234660033167496,0.9965733866362079
0.7235088550613042,0.9965733866362079
0.7235517118824784,0.9965733866362079
0.7235945737811741,0.9965733866362079
0.7236374407582938,0.9965733866362079
0.7236803128147402,0.9965733866362079
0.723723189951416,0.9965733866362079
0.7237660721692244,0.9965733866362079
0.7238089594690685,0.9965733866362079
0.7238518518518519,0.9965733866362079
0.7238947493184781,0.9965733866362079
0.7239376518698513,0.9965733866362079
0.7239805595068753,0.9965733866362079
0.7240234722304546,0.9965733866362079
0.7240663900414938,0.9965733866362079
0.7241093129408975,0.9965733866362079
0.7241522409295708,0.9965733866362079
0.7241951740084188,0.9965733866362079
0.724238112178347,0.9965733866362079
0.7242810554402609,0.9965733866362079
0.7243240037950665,0.9965733866362079
0.7243669572436696,0.9965733866362079
0.7244099157869767,0.9965733866362079
0.7244528794258941,0.9965733866362079
0.7244958481613286,0.9965733866362079
0.7245388219941871,0.9965733866362079
0.7245818009253767,0.9965733866362079
0.7246247849558047,0.9965733866362079
0.7246677740863787,0.9965733866362079
0.7247107683180065,0.9965733866362079
0.724753767651596,0.9965733866362079
0.7247967720880555,0.9965733866362079
0.7248397816282933,0.9965733866362079
0.7248827962732182,0.9965733866362079
0.7249258160237388,0.9965733866362079
0.7249688408807644,0.9965733866362079
0.7250118708452041,0.9965733866362079
0.7250549059179676,0.9965733866362079
0.7250979460999644,0.9965733866362079
0.7251409913921045,0.9965733866362079
0.725184041795298,0.9965733866362079
0.7252270973104554,0.9965733866362079
0.7252701579384871,0.9965733866362079
0.725313223680304,0.9965733866362079
0.725356294536817,0.9965733866362079
0.7253993705089375,0.9965733866362079
0.7253830621213921,0.9964918006037367
0.7254261448001426,0.9964918006037367
0.7254692325968164,0.9964918006037367
0.7254529254529255,0.9964102145712654
0.7254960199596056,0.9964102145712654
0.7255391195865265,0.9964102145712654
0.7255822243346007,0.9964102145712654
0.7256253342047413,0.9964102145712654
0.725668449197861,0.9964102145712654
0.7257115693148731,0.9964102145712654
0.7257546945566913,0.9964102145712654
0.725797824924229,0.9964102145712654
0.7258409604184001,0.9964102145712654
0.7258841010401189,0.9964102145712654
0.7259272467902995,0.9964102145712654
0.7259703976698567,0.9964102145712654
0.7260135536797051,0.9964102145712654
0.7260567148207597,0.9964102145712654
0.7260998810939358,0.9964102145712654
0.7261430525001487,0.9964102145712654
0.7261862290403139,0.9964102145712654
0.7262294107153475,0.9964102145712654
0.7262725975261656,0.9964102145712654
0.7263157894736842,0.9964102145712654
0.72635898655882,0.9964102145712654
0.7264021887824897,0.9964102145712654
0.7264453961456103,0.9964102145712654
0.7264886086490988,0.9964102145712654
0.7265318262938727,0.9964102145712654
0.7265750490808496,0.9964102145712654
0.7266182770109472,0.9964102145712654
0.7266615100850836,0.9964102145712654
0.7267047483041771,0.9964102145712654
0.726747991669146,0.9964102145712654
0.7267912401809093,0.9964102145712654
0.7268344938403857,0.9964102145712654
0.7268777526484942,0.9964102145712654
0.7269210166061544,0.9964102145712654
0.7269642857142857,0.9964102145712654
0.727007559973808,0.9964102145712654
0.7270508393856412,0.9964102145712654
0.7270941239507055,0.9964102145712654
0.7271374136699215,0.9964102145712654
0.7271807085442096,0.9964102145712654
0.7272240085744909,0.9964102145712654
0.7272673137616864,0.9964102145712654
0.7273106241067174,0.9964102145712654
0.7273539396105057,0.9964102145712654
0.7273972602739726,0.9964102145712654
0.7274405860980404,0.9964102145712654
0.7274839170836311,0.9964102145712654
0.7275272532316673,0.9964102145712654
0.7275705945430716,0.9964102145712654
0.7276139410187668,0.9964102145712654
0.7276572926596759,0.9964102145712654
0.7277006494667223,0.9964102145712654
0.7277440114408295,0.9964102145712654
0.7277873785829212,0.9964102145712654
0.7278307508939214,0.9964102145712654
0.7278741283747542,0.9964102145712654
0.727917511026344,0.9964102145712654
0.7279608988496156,0.9964102145712654
0.7280042918454935,0.9964102145712654
0.7280476900149031,0.9964102145712654
0.7280910933587695,0.9964102145712654
0.7281345018780182,0.9964102145712654
0.728177915573575,0.9964102145712654
0.7282213344463657,0.9964102145712654
0.7282647584973166,0.9964102145712654
0.7283081877273541,0.9964102145712654
0.7283516221374046,0.9964102145712654
0.7283950617283951,0.9964102145712654
0.7284385065012525,0.9964102145712654
0.7284819564569043,0.9964102145712654
0.7285254115962777,0.9964102145712654
0.7285688719203006,0.9964102145712654
0.728612337429901,0.9964102145712654
0.7286558081260068,0.9964102145712654
0.7286396181384248,0.9963286285387941
0.7286830956500985,0.9963286285387941
0.7287265783506385,0.9963286285387941
0.728770066240974,0.9963286285387941
0.7288135593220338,0.9963286285387941
0.7288570575947478,0.9963286285387941
0.7289005610600454,0.9963286285387941
0.7289440697188563,0.9963286285387941
0.7289875835721108,0.9963286285387941
0.7290311026207391,0.9963286285387941
0.7290746268656716,0.9963286285387941
0.7291181563078393,0.9963286285387941
0.729161690948173,0.9963286285387941
0.7292052307876038,0.9963286285387941
0.7292487758270632,0.9963286285387941
0.7292923260674828,0.9963286285387941
0.7293358815097946,0.9963286285387941
0.7293794421549304,0.9963286285387941
0.7294230080038228,0.9963286285387941
0.729466579057404,0.9963286285387941
0.7295101553166069,0.9963286285387941
0.7295537367823646,0.9963286285387941
0.72959732345561,0.9963286285387941
0.7296409153372767,0.9963286285387941
0.7296845124282982,0.9963286285387941
0.7297281147296086,0.9963286285387941
0.7297717222421417,0.9963286285387941
0.729815334966832,0.9963286285387941
0.7298589529046139,0.9963286285387941
0.7299025760564222,0.9963286285387941
0.7299462044231919,0.9963286285387941
0.729989838005858,0.9963286285387941
0.7300334768053562,0.9963286285387941
0.7300771208226221,0.9963286285387941
0.7301207700585914,0.9963286285387941
0.7301644245142003,0.9963286285387941
0.7302080841903851,0.9963286285387941
0.7302517490880823,0.9963286285387941
0.7302954192082287,0.9963286285387941
0.7303390945517613,0.9963286285387941
0.7303827751196172,0.9963286285387941
0.7303666487230097,0.9962470425063229
0.730410336164613,0.9962470425063229
0.7304540288329245,0.9962470425063229
0.7304977267288825,0.9962470425063229
0.7305414298534251,0.9962470425063229
0.7305851382074907,0.9962470425063229
0.7306288517920182,0.9962470425063229
0.7306725706079464,0.9962470425063229
0.7307162946562145,0.9962470425063229
0.7307600239377618,0.9962470425063229
0.7308037584535281,0.9962470425063229
0.7308474982044529,0.9962470425063229
0.7308912431914766,0.9962470425063229
0.7309349934155394,0.9962470425063229
0.7309787488775815,0.9962470425063229
0.7310225095785441,0.9962470425063229
0.7310662755193678,0.9962470425063229
0.7311100467009939,0.9962470425063229
0.7310939464702713,0.9961654564738517
0.7311377245508982,0.9961654564738517
0.731181507874723,0.9961654564738517
0.7312252964426877,0.9961654564738517
0.7312690902557346,0.9961654564738517
0.731312889314806,0.9961654564738517
0.7313566936208445,0.9961654564738517
0.7314005031747933,0.9961654564738517
0.7314443179775953,0.9961654564738517
0.7314881380301941,0.9961654564738517
0.731531963333533,0.9961654564738517
0.731575793888556,0.9961654564738517
0.7316196296962071,0.9961654564738517
0.7316634707574304,0.9961654564738517
0.7317073170731707,0.9961654564738517
0.7317511686443725,0.9961654564738517
0.7317950254719808,0.9961654564738517
0.7318388875569408,0.9961654564738517
0.7318827549001978,0.9961654564738517
0.7319266275026975,0.9961654564738517
0.7319705053653858,0.9961654564738517
0.7320143884892086,0.9961654564738517
0.7320582768751124,0.9961654564738517
0.7321021705240437,0.9961654564738517
0.732146069436949,0.9961654564738517
0.7321899736147758,0.9961654564738517
0.7322338830584708,0.9961654564738517
0.7322777977689816,0.9961654564738517
0.7323217177472561,0.9961654564738517
0.7323656429942419,0.9961654564738517
0.7324095735108872,0.9961654564738517
0.7324535092981403,0.9961654564738517
0.73249745035695,0.9961654564738517
0.7325413966882649,0.9961654564738517
0.7325853482930341,0.9961654564738517
0.7326293051722069,0.9961654564738517
0.7326732673267327,0.9961654564738517
0.7327172347575612,0.9961654564738517
0.7327612074656424,0.9961654564738517
0.7328051854519265,0.9961654564738517
0.7328491687173639,0.9961654564738517
0.7328931572629052,0.9961654564738517
0.7329371510895012,0.9961654564738517
0.7329811501981031,0.9961654564738517
0.733025154589662,0.9961654564738517
0.7330691642651297,0.9961654564738517
0.7331131792254578,0.9961654564738517
0.7331571994715984,0.9961654564738517
0.7332012250045037,0.9961654564738517
0.7332452558251261,0.9961654564738517
0.7332892919344184,0.9961654564738517
0.7333333333333333,0.9961654564738517
0.7333773800228242,0.9961654564738517
0.7334214320038444,0.9961654564738517
0.7334654892773472,0.9961654564738517
0.7335095518442869,0.9961654564738517
0.7335536197056173,0.9961654564738517
0.7335976928622927,0.9961654564738517
0.7336417713152676,0.9961654564738517
0.7336858550654969,0.9961654564738517
0.7337299441139354,0.9961654564738517
0.7337740384615384,0.9961654564738517
0.7338181381092613,0.9961654564738517
0.7338622430580599,0.9961654564738517
0.7339063533088899,0.9961654564738517
0.7339504688627074,0.9961654564738517
0.7339945897204689,0.9961654564738517
0.734038715883131,0.9961654564738517
0.7340828473516503,0.9961654564738517
0.7341269841269841,0.9961654564738517
0.7341711262100896,0.9961654564738517
0.7342152736019242,0.9961654564738517
0.7342594263034458,0.9961654564738517
0.7343035843156123,0.9961654564738517
0.7343477476393817,0.9961654564738517
0.7343919162757128,0.9961654564738517
0.7344360902255639,0.9961654564738517
0.7344802694898941,0.9961654564738517
0.7345244540696625,0.9961654564738517
0.7345686439658284,0.9961654564738517
0.7346128391793514,0.9961654564738517
0.7346570397111913,0.9961654564738517
0.7347012455623082,0.9961654564738517
0.7347454567336623,0.9961654564738517
0.7347896732262141,0.9961654564738517
0.7348338950409244,0.9961654564738517
0.7348781221787541,0.9961654564738517
0.7349223546406645,0.9961654564738517
0.734966592427617,0.9961654564738517
0.7350108355405731,0.9961654564738517
0.7350550839804949,0.9961654564738517
0.7350993377483444,0.9961654564738517
0.735143596845084,0.9961654564738517
0.7351878612716763,0.9961654564738517
0.7352321310290841,0.9961654564738517
0.7352764061182705,0.9961654564738517
0.7353206865401988,0.9961654564738517
0.7353649722958323,0.9961654564738517
0.735409263386135,0.9961654564738517
0.7354535598120708,0.9961654564738517
0.735497861574604,0.9961654564738517
0.7355421686746988,0.9961654564738517
0.73558648111332,0.9961654564738517
0.7356307988914327,0.9961654564738517
0.7356751220100018,0.9961654564738517
0.7357194504699928,0.9961654564738517
0.7357637842723712,0.9961654564738517
0.735808123418103,0.9961654564738517
0.7358524679081541,0.9961654564738517
0.7358968177434908,0.9961654564738517
0.7359411729250799,0.9961654564738517
0.7359855334538878,0.9961654564738517
0.7360298993308819,0.9961654564738517
0.7360742705570292,0.9961654564738517
0.7361186471332971,0.9961654564738517
0.7361630290606536,0.9961654564738517
0.7362074163400664,0.9961654564738517
0.7362518089725036,0.9961654564738517
0.7362962069589338,0.9961654564738517
0.7363406103003256,0.9961654564738517
0.7363850189976479,0.9961654564738517
0.7364294330518697,0.9961654564738517
0.7364738524639605,0.9961654564738517
0.7365182772348896,0.9961654564738517
0.7365627073656271,0.9961654564738517
0.7366071428571429,0.9961654564738517
0.7366515837104073,0.9961654564738517
0.7366960299263907,0.9961654564738517
0.7367404815060641,0.9961654564738517
0.7367849384503983,0.9961654564738517
0.7368294007603645,0.9961654564738517
0.7368738684369343,0.9961654564738517
0.7369183414810792,0.9961654564738517
0.7369628198937711,0.9961654564738517
0.7370073036759823,0.9961654564738517
0.7370517928286853,0.9961654564738517
0.7370962873528524,0.9961654564738517
0.7371407872494566,0.9961654564738517
0.7371852925194711,0.9961654564738517
0.7372298031638691,0.9961654564738517
0.7372743191836242,0.9961654564738517
0.7373188405797102,0.9961654564738517
0.737363367353101,0.9961654564738517
0.7374078995047711,0.9961654564738517
0.7374524370356949,0.9961654564738517
0.737496979946847,0.9961654564738517
0.7375415282392026,0.9961654564738517
0.7375860819137369,0.9961654564738517
0.7376306409714252,0.9961654564738517
0.7376752054132432,0.9961654564738517
0.7377197752401667,0.9961654564738517
0.7377643504531722,0.9961654564738517
0.7378089310532359,0.9961654564738517
0.7378535170413343,0.9961654564738517
0.7378981084184444,0.9961654564738517
0.7379427051855433,0.9961654564738517
0.7379873073436083,0.9961654564738517
0.738031914893617,0.9961654564738517
0.7380765278365472,0.9961654564738517
0.7381211461733769,0.9961654564738517
0.7381657699050843,0.9961654564738517
0.7382103990326482,0.9961654564738517
0.738255033557047,0.9961654564738517
0.7382996734792598,0.9961654564738517
0.7383443188002661,0.9961654564738517
0.738388969521045,0.9961654564738517
0.7384336256425763,0.9961654564738517
0.7384782871658401,0.9961654564738517
0.7385229540918163,0.9961654564738517
0.7385676264214857,0.9961654564738517
0.7386123041558285,0.9961654564738517
0.7386569872958257,0.9961654564738517
0.7387016758424587,0.9961654564738517
0.7387463697967086,0.9961654564738517
0.7387910691595571,0.9961654564738517
0.738835773931986,0.9961654564738517
0.7388804841149773,0.9961654564738517
0.7389251997095134,0.9961654564738517
0.7389699207165769,0.9961654564738517
0.7390146471371505,0.9961654564738517
0.7390593789722172,0.9961654564738517
0.7391041162227603,0.9961654564738517
0.7391488588897633,0.9961654564738517
0.73919360697421,0.9961654564738517
0.7392383604770842,0.9961654564738517
0.7392831193993703,0.9961654564738517
0.7393278837420527,0.9961654564738517
0.739372653506116,0.9961654564738517
0.7394174286925452,0.9961654564738517
0.7394622093023255,0.9961654564738517
0.7395069953364424,0.9961654564738517
0.7395517867958813,0.9961654564738517
0.7395965836816282,0.9961654564738517
0.7395808093045796,0.9960838704413805
0.7396256133761434,0.9960838704413805
0.7396704228765297,0.9960838704413805
0.7397152378067252,0.9960838704413805
0.739760058167717,0.9960838704413805
0.739804883960492,0.9960838704413805
0.739849715186038,0.9960838704413805
0.7398945518453427,0.9960838704413805
0.7399393939393939,0.9960838704413805
0.73998424146918,0.9960838704413805
0.7400290944356892,0.9960838704413805
0.7400739528399103,0.9960838704413805
0.7401188166828322,0.9960838704413805
0.7401636859654441,0.9960838704413805
0.7402085606887353,0.9960838704413805
0.7402534408536955,0.9960838704413805
0.7402983264613145,0.9960838704413805
0.7403432175125826,0.9960838704413805
0.74038811400849,0.9960838704413805
0.7404330159500273,0.9960838704413805
0.7404779233381853,0.9960838704413805
0.7405228361739552,0.9960838704413805
0.7405677544583282,0.9960838704413805
0.740612678192296,0.9960838704413805
0.7406576073768503,0.9960838704413805
0.740702542012983,0.9960838704413805
0.7407474821016867,0.9960838704413805
0.7407924276439536,0.9960838704413805
0.7408373786407767,0.9960838704413805
0.7408823350931488,0.9960838704413805
0.7409272970020634,0.9960838704413805
0.7409722643685137,0.9960838704413805
0.7410172371934935,0.9960838704413805
0.741062215477997,0.9960838704413805
0.741107199223018,0.9960838704413805
0.7411521884295514,0.9960838704413805
0.7411971830985915,0.9960838704413805
0.7412421832311336,0.9960838704413805
0.7412871888281725,0.9960838704413805
0.741271479749833,0.9960022844089091
0.741316492591693,0.9960022844089091
0.7413615109005891,0.9960022844089091
0.7414065346775173,0.9960022844089091
0.741451563923474,0.9960022844089091
0.7414965986394558,0.9960022844089091
0.7415416388264593,0.9960022844089091
0.7415866844854817,0.9960022844089091
0.7416317356175202,0.9960022844089091
0.7416767922235723,0.9960022844089091
0.7417218543046358,0.9960022844089091
0.7417669218617086,0.9960022844089091
0.741811994895789,0.9960022844089091
0.7418570734078755,0.9960022844089091
0.7419021573989669,0.9960022844089091
0.741947246870062,0.9960022844089091
0.7419923418221601,0.9960022844089091
0.7420374422562607,0.9960022844089091
0.7420825481733633,0.9960022844089091
0.7421276595744681,0.9960022844089091
0.7421727764605751,0.9960022844089091
0.7422178988326849,0.9960022844089091
0.7422630266917979,0.9960022844089091
0.7423081600389152,0.9960022844089091
0.742353298875038,0.9960022844089091
0.7423984432011675,0.9960022844089091
0.7424435930183056,0.9960022844089091
0.742488748327454,0.9960022844089091
0.742533909129615,0.9960022844089091
0.7425790754257907,0.9960022844089091
0.7426242472169841,0.9960022844089091
0.7426694245041976,0.9960022844089091
0.7427146072884346,0.9960022844089091
0.7427597955706985,0.9960022844089091
0.7428049893519927,0.9960022844089091
0.7428501886333212,0.9960022844089091
0.742895393415688,0.9960022844089091
0.7429406037000974,0.9960022844089091
0.742985819487554,0.9960022844089091
0.7430310407790627,0.9960022844089091
0.7430762675756285,0.9960022844089091
0.7431214998782566,0.9960022844089091
0.7431667376879527,0.9960022844089091
0.7432119810057226,0.9960022844089091
0.7432572298325723,0.9960022844089091
0.7433024841695081,0.9960022844089091
0.7433477440175363,0.9960022844089091
0.7433930093776641,0.9960022844089091
0.7434382802508982,0.9960022844089091
0.7434835566382461,0.9960022844089091
0.743528838540715,0.9960022844089091
0.7435741259593129,0.9960022844089091
0.7436194188950478,0.9960022844089091
0.7436647173489279,0.9960022844089091
0.7437100213219616,0.9960022844089091
0.7437553308151578,0.9960022844089091
0.7438006458295254,0.9960022844089091
0.7438459663660736,0.9960022844089091
0.743891292425812,0.9960022844089091
0.7439366240097501,0.9960022844089091
0.7439819611188981,0.9960022844089091
0.7440273037542662,0.9960022844089091
0.7440726519168648,0.9960022844089091
0.7441180056077045,0.9960022844089091
0.7441633648277964,0.9960022844089091
0.7442087295781517,0.9960022844089091
0.7442540998597817,0.9960022844089091
0.7442994756736984,0.9960022844089091
0.7443448570209134,0.9960022844089091
0.744390243902439,0.9960022844089091
0.7444356363192878,0.9960022844089091
0.7444810342724723,0.9960022844089091
0.7445264377630054,0.9960022844089091
0.7445718467919005,0.9960022844089091
0.7446172613601708,0.9960022844089091
0.7446626814688301,0.9960022844089091
0.7447081071188922,0.9960022844089091
0.7447535383113714,0.9960022844089091
0.7447989750472821,0.9960022844089091
0.7448444173276388,0.9960022844089091
0.7448898651534566,0.9960022844089091
0.7449353185257506,0.9960022844089091
0.7449807774455361,0.9960022844089091
0.7450262419138288,0.9960022844089091
0.7450717119316448,0.9960022844089091
0.7451171875,0.9960022844089091
0.7451626686199109,0.9960022844089091
0.745208155292394,0.9960022844089091
0.7452536475184666,0.9960022844089091
0.7452991452991453,0.9960022844089091
0.7453446486354478,0.9960022844089091
0.7453901575283918,0.9960022844089091
0.745435671978995,0.9960022844089091
0.7454811919882756,0.9960022844089091
0.7455267175572519,0.9960022844089091
0.7455722486869427,0.9960022844089091
0.7456177853783669,0.9960022844089091
0.7456633276325434,0.9960022844089091
0.7457088754504917,0.9960022844089091
0.7457544288332315,0.9960022844089091
0.7457999877817827,0.9960022844089091
0.7458455522971652,0.9960022844089091
0.7458911223803996,0.9960022844089091
0.7459366980325064,0.9960022844089091
0.7459822792545066,0.9960022844089091
0.7460278660474212,0.9960022844089091
0.7460734584122716,0.9960022844089091
0.7461190563500795,0.9960022844089091
0.7461646598618666,0.9960022844089091
0.7462102689486553,0.9960022844089091
0.7462558836114677,0.9960022844089091
0.7463015038513265,0.9960022844089091
0.7463471296692548,0.9960022844089091
0.7463927610662754,0.9960022844089091
0.7464383980434118,0.9960022844089091
0.7464840406016877,0.9960022844089091
0.7465296887421268,0.9960022844089091
0.7465753424657534,0.9960022844089091
0.7466210017735918,0.9960022844089091
0.7466666666666667,0.9960022844089091
0.7467123371460028,0.9960022844089091
0.7467580132126254,0.9960022844089091
0.7468036948675598,0.9960022844089091
0.7468493821118316,0.9960022844089091
0.7468950749464668,0.9960022844089091
0.7469407733724914,0.9960022844089091
0.7469864773909319,0.9960022844089091
0.7470321870028148,0.9960022844089091
0.7470779022091671,0.9960022844089091
0.7471236230110159,0.9960022844089091
0.7471693494093886,0.9960022844089091
0.7472150814053128,0.9960022844089091
0.7472608189998163,0.9960022844089091
0.7473065621939275,0.9960022844089091
0.7473523109886746,0.9960022844089091
0.7473980653850864,0.9960022844089091
0.7474438253841915,0.9960022844089091
0.7474895909870194,0.9960022844089091
0.7475353621945993,0.9960022844089091
0.7475811390079609,0.9960022844089091
0.747626921428134,0.9960022844089091
0.7476727094561489,0.9960022844089091
0.7477185030930361,0.9960022844089091
0.747764302339826,0.9960022844089091
0.7478101071975498,0.9960022844089091
0.7478559176672385,0.9960022844089091
0.7479017337499234,0.9960022844089091
0.7479475554466365,0.9960022844089091
0.7479933827584094,0.9960022844089091
0.7480392156862745,0.9960022844089091
0.7480850542312641,0.9960022844089091
0.748130898394411,0.9960022844089091
0.7481767481767482,0.9960022844089091
0.7482226035793087,0.9960022844089091
0.7482684646031259,0.9960022844089091
0.7483143312492337,0.9960022844089091
0.7483602035186661,0.9960022844089091
0.7484060814124571,0.9960022844089091
0.7484519649316412,0.9960022844089091
0.7484978540772532,0.9960022844089091
0.748543748850328,0.9960022844089091
0.7485896492519009,0.9960022844089091
0.7486355552830073,0.9960022844089091
0.748681466944683,0.9960022844089091
0.7487273842379638,0.9960022844089091
0.7487733071638861,0.9960022844089091
0.7488192357234865,0.9960022844089091
0.7488651699178015,0.9960022844089091
0.7489111097478682,0.9960022844089091
0.7489570552147239,0.9960022844089091
0.7490030063194061,0.9960022844089091
0.7490489630629525,0.9960022844089091
0.7490949254464012,0.9960022844089091
0.7491408934707904,0.9960022844089091
0.7491868671371587,0.9960022844089091
0.7492328464465448,0.9960022844089091
0.7492788313999877,0.9960022844089091
0.7493248219985269,0.9960022844089091
0.7493708182432017,0.9960022844089091
0.7494168201350522,0.9960022844089091
0.7494628276751182,0.9960022844089091
0.74950884086444,0.9960022844089091
0.7495548597040584,0.9960022844089091
0.7496008841950141,0.9960022844089091
0.7496469143383482,0.9960022844089091
0.749692950135102,0.9960022844089091
0.7497389915863171,0.9960022844089091
0.7497850386930353,0.9960022844089091
0.7498310914562988,0.9960022844089091
0.7498771498771499,0.9960022844089091
0.7499232139566312,0.9960022844089091
0.7499692836957857,0.9960022844089091
0.7500153590956564,0.9960022844089091
0.7500614401572868,0.9960022844089091
0.7501075268817204,0.9960022844089091
0.7501536192700012,0.9960022844089091
0.7501997173231734,0.9960022844089091
0.7502458210422812,0.9960022844089091
0.7502919304283695,0.9960022844089091
0.7503380454824831,0.9960022844089091
0.7503841662056672,0.9960022844089091
0.7504302925989673,0.9960022844089091
0.750476424663429,0.9960022844089091
0.7505225624000984,0.9960022844089091
0.7505687058100216,0.9960022844089091
0.750614854894245,0.9960022844089091
0.7506610096538154,0.9960022844089091
0.7507071700897798,0.9960022844089091
0.7507533362031855,0.9960022844089091
0.75079950799508,0.9960022844089091
0.7508456854665109,0.9960022844089091
0.7508918686185263,0.9960022844089091
0.7509380574521745,0.9960022844089091
0.7509842519685039,0.9960022844089091
0.7510304521685636,0.9960022844089091
0.7510766580534023,0.9960022844089091
0.7511228696240694,0.9960022844089091
0.7511690868816145,0.9960022844089091
0.7512153098270876,0.9960022844089091
0.7512615384615384,0.9960022844089091
0.7513077727860176,0.9960022844089091
0.7513540128015755,0.9960022844089091
0.7514002585092633,0.9960022844089091
0.7514465099101317,0.9960022844089091
0.7514927670052324,0.9960022844089091
0.7515390297956168,0.9960022844089091
0.751585298282337,0.9960022844089091
0.751631572466445,0.9960022844089091
0.7516778523489933,0.9960022844089091
0.7517241379310344,0.9960022844089091
0.7517704292136216,0.9960022844089091
0.7518167261978076,0.9960022844089091
0.7518630288846462,0.9960022844089091
0.7519093372751909,0.9960022844089091
0.7519556513704958,0.9960022844089091
0.7520019711716152,0.9960022844089091
0.7520482966796033,0.9960022844089091
0.7520946278955151,0.9960022844089091
0.7521409648204054,0.9960022844089091
0.7521873074553297,0.9960022844089091
0.7522336558013433,0.9960022844089091
0.752280009859502,0.9960022844089091
0.7523263696308622,0.9960022844089091
0.7523727351164797,0.9960022844089091
0.7524191063174114,0.9960022844089091
0.752465483234714,0.9960022844089091
0.7525118658694446,0.9960022844089091
0.7525582542226605,0.9960022844089091
0.7526046482954195,0.9960022844089091
0.7526510480887793,0.9960022844089091
0.752697453603798,0.9960022844089091
0.7527438648415341,0.9960022844089091
0.7527902818030462,0.9960022844089091
0.7528367044893932,0.9960022844089091
0.7528831329016343,0.9960022844089091
0.7529295670408289,0.9960022844089091
0.7529760069080368,0.9960022844089091
0.7530224525043178,0.9960022844089091
0.7530689038307322,0.9960022844089091
0.7531153608883405,0.9960022844089091
0.7531618236782035,0.9960022844089091
0.7532082922013821,0.9960022844089091
0.7532547664589375,0.9960022844089091
0.7533012464519314,0.9960022844089091
0.7533477321814255,0.9960022844089091
0.7533942236484819,0.9960022844089091
0.7534407208541628,0.9960022844089091
0.7534872237995309,0.9960022844089091
0.753533732485649,0.9960022844089091
0.7535802469135803,0.9960022844089091
0.7536267670843879,0.9960022844089091
0.7536732929991357,0.9960022844089091
0.7537198246588874,0.9960022844089091
0.7537663620647074,0.9960022844089091
0.7538129052176598,0.9960022844089091
0.7538594541188094,0.9960022844089091
0.7539060087692213,0.9960022844089091
0.7539525691699605,0.9960022844089091
0.7539991353220925,0.9960022844089091
0.7540457072266832,0.9960022844089091
0.7540922848847983,0.9960022844089091
0.7541388682975043,0.9960022844089091
0.7541854574658676,0.9960022844089091
0.7542320523909551,0.9960022844089091
0.7542786530738338,0.9960022844089091
0.754325259515571,0.9960022844089091
0.7543718717172342,0.9960022844089091
0.7544184896798912,0.9960022844089091
0.7544651134046103,0.9960022844089091
0.7545117428924598,0.9960022844089091
0.7545583781445083,0.9960022844089091
0.7546050191618247,0.9960022844089091
0.7546516659454782,0.9960022844089091
0.7546983184965381,0.9960022844089091
0.7547449768160742,0.9960022844089091
0.7547916409051564,0.9960022844089091
0.754838310764855,0.9960022844089091
0.7548849863962405,0.9960022844089091
0.7549316678003835,0.9960022844089091
0.754978354978355,0.9960022844089091
0.7550250479312264,0.9960022844089091
0.7550717466600693,0.9960022844089091
0.7551184511659553,0.9960022844089091
0.7551651614499567,0.9960022844089091
0.7552118775131457,0.9960022844089091
0.7552585993565949,0.9960022844089091
0.7553053269813772,0.9960022844089091
0.7553520603885657,0.9960022844089091
0.7553369222201597,0.9959206983764379
0.7553836633663367,0.9959206983764379
0.7554304102976669,0.9959206983764379
0.7554771630152246,0.9959206983764379
0.7555239215200842,0.9959206983764379
0.7555706858133201,0.9959206983764379
0.7556174558960074,0.9959206983764379
0.7556642317692213,0.9959206983764379
0.755711013434037,0.9959206983764379
0.7557578008915304,0.9959206983764379
0.7558045941427776,0.9959206983764379
0.7558513931888545,0.9959206983764379
0.7558362746919314,0.9958391123439667
0.7558830814961606,0.9958391123439667
0.7559298940979748,0.9958391123439667
0.7559767124984517,0.9958391123439667
0.7560235366986683,0.9958391123439667
0.7560703666997026,0.9958391123439667
0.7561172025026327,0.9958391123439667
0.7561640441085368,0.9958391123439667
0.7562108915184933,0.9958391123439667
0.7562577447335812,0.9958391123439667
0.7563046037548795,0.9958391123439667
0.7563514685834676,0.9958391123439667
0.7563983392204251,0.9958391123439667
0.756445215666832,0.9958391123439667
0.7564920979237683,0.9958391123439667
0.7565389859923144,0.9958391123439667
0.7565858798735511,0.9958391123439667
0.7566327795685593,0.9958391123439667
0.7566796850784204,0.9958391123439667
0.7567265964042158,0.9958391123439667
0.756773513547027,0.9958391123439667
0.7568204365079365,0.9958391123439667
0.7568673652880263,0.9958391123439667
0.756914299888379,0.9958391123439667
0.7569612403100775,0.9958391123439667
0.7570081865542049,0.9958391123439667
0.7570551386218446,0.9958391123439667
0.7571020965140801,0.9958391123439667
0.7571490602319956,0.9958391123439667
0.7571960297766749,0.9958391123439667
0.7572430051492028,0.9958391123439667
0.7572899863506638,0.9958391123439667
0.7573369733821431,0.9958391123439667
0.7573839662447257,0.9958391123439667
0.7574309649394974,0.9958391123439667
0.7574779694675438,0.9958391123439667
0.7575249798299509,0.9958391123439667
0.7575719960278053,0.9958391123439667
0.7576190180621936,0.9958391123439667
0.7576660459342024,0.9958391123439667
0.757713079644919,0.9958391123439667
0.7577601191954308,0.9958391123439667
0.7578071645868256,0.9958391123439667
0.7578542158201912,0.9958391123439667
0.7579012728966159,0.9958391123439667
0.7579483358171882,0.9958391123439667
0.757995404582997,0.9958391123439667
0.758042479195131,0.9958391123439667
0.7580895596546798,0.9958391123439667
0.7581366459627329,0.9958391123439667
0.7581837381203802,0.9958391123439667
0.7582308361287117,0.9958391123439667
0.7582779399888178,0.9958391123439667
0.7583250497017893,0.9958391123439667
0.758372165268717,0.9958391123439667
0.7584192866906921,0.9958391123439667
0.7584664139688063,0.9958391123439667
0.7585135471041511,0.9958391123439667
0.7585606860978187,0.9958391123439667
0.7586078309509012,0.9958391123439667
0.7586549816644913,0.9958391123439667
0.7587021382396818,0.9958391123439667
0.7587493006775657,0.9958391123439667
0.7587964689792366,0.9958391123439667
0.758843643145788,0.9958391123439667
0.7588908231783138,0.9958391123439667
0.7589380090779083,0.9958391123439667
0.758985200845666,0.9958391123439667
0.7590323984826814,0.9958391123439667
0.7590796019900498,0.9958391123439667
0.7591268113688662,0.9958391123439667
0.7591740266202264,0.9958391123439667
0.7592212477452261,0.9958391123439667
0.7592684747449614,0.9958391123439667
0.7593157076205288,0.9958391123439667
0.7593629463730247,0.9958391123439667
0.7594574415131906,0.9958391123439667
0.7595046979030552,0.9958391123439667
0.7595519601742378,0.9958391123439667
0.7595992283278362,0.9958391123439667
0.759646502364949,0.9958391123439667
0.7596937822866745,0.9958391123439667
0.7597410680941118,0.9958391123439667
0.7597883597883598,0.9958391123439667
0.759835657370518,0.9958391123439667
0.7598829608416858,0.9958391123439667
0.7599302702029636,0.9958391123439667
0.7599775854554511,0.9958391123439667
0.760024906600249,0.9958391123439667
0.7600722336384582,0.9958391123439667
0.7601195665711795,0.9958391123439667
0.7601669053995143,0.9958391123439667
0.760214250124564,0.9958391123439667
0.7602616007474307,0.9958391123439667
0.7603089572692164,0.9958391123439667
0.7603563196910235,0.9958391123439667
0.7604036880139546,0.9958391123439667
0.7604510622391129,0.9958391123439667
0.7604984423676012,0.9958391123439667
0.7605458284005234,0.9958391123439667
0.760593220338983,0.9958391123439667
0.7606406181840842,0.9958391123439667
0.7606880219369313,0.9958391123439667
0.7607354315986289,0.9958391123439667
0.7607828471702818,0.9958391123439667
0.7608302686529951,0.9958391123439667
0.7608776960478744,0.9958391123439667
0.7609251293560252,0.9958391123439667
0.7609725685785537,0.9958391123439667
0.7610200137165659,0.9958391123439667
0.7610674647711685,0.9958391123439667
0.7611149217434682,0.9958391123439667
0.7611623846345722,0.9958391123439667
0.7612098534455878,0.9958391123439667
0.7612573281776226,0.9958391123439667
0.7613048088317844,0.9958391123439667
0.7613522954091816,0.9958391123439667
0.7613997879109226,0.9958391123439667
0.761447286338116,0.9958391123439667
0.761494790691871,0.9958391123439667
0.7615423009732968,0.9958391123439667
0.7615898171835028,0.9958391123439667
0.7616373393235991,0.9958391123439667
0.7616848673946958,0.9958391123439667
0.7617324013979031,0.9958391123439667
0.7617799413343319,0.9958391123439667
0.761827487205093,0.9958391123439667
0.7618750390112977,0.9958391123439667
0.7619225967540574,0.9958391123439667
0.7619701604344841,0.9958391123439667
0.7620177300536896,0.9958391123439667
0.7620653056127864,0.9958391123439667
0.7621128871128872,0.9958391123439667
0.7621604745551046,0.9958391123439667
0.7622080679405521,0.9958391123439667
0.7622556672703429,0.9958391123439667
0.7623032725455908,0.9958391123439667
0.7623508837674099,0.9958391123439667
0.7623985009369144,0.9958391123439667
0.7624461240552189,0.9958391123439667
0.762431284357821,0.9957575263114955
0.7624789154744799,0.9957575263114955
0.7625265525427964,0.9957575263114955
0.7625741955638863,0.9957575263114955
0.7626218445388653,0.9957575263114955
0.7626694994688495,0.9957575263114955
0.7627171603549556,0.9957575263114955
0.7627648271983001,0.9957575263114955
0.7628125,0.9957575263114955
0.7628601787611726,0.9957575263114955
0.7629078634829354,0.9957575263114955
0.7629555541664061,0.9957575263114955
0.7630032508127031,0.9957575263114955
0.7630509534229447,0.9957575263114955
0.7630986619982494,0.9957575263114955
0.7631463765397362,0.9957575263114955
0.7631940970485243,0.9957575263114955
0.7632418235257332,0.9957575263114955
0.7632895559724828,0.9957575263114955
0.7633372943898931,0.9957575263114955
0.7633850387790844,0.9957575263114955
0.7634327891411772,0.9957575263114955
0.7634805454772926,0.9957575263114955
0.7635283077885517,0.9957575263114955
0.763576076076076,0.9957575263114955
0.7636238503409873,0.9957575263114955
0.7636716305844075,0.9957575263114955
0.7637194168074588,0.9957575263114955
0.763767209011264,0.9957575263114955
0.763815007196946,0.9957575263114955
0.7638628113656277,0.9957575263114955
0.7639106215184327,0.9957575263114955
0.7639584376564847,0.9957575263114955
0.7640062597809076,0.9957575263114955
0.7640540878928258,0.9957575263114955
0.7641019219933638,0.9957575263114955
0.7641497620836464,0.9957575263114955
0.7641976081647986,0.9957575263114955
0.7642454602379462,0.9957575263114955
0.7642933183042144,0.9957575263114955
0.7642785571142284,0.9956759402790243
0.7643264232479489,0.9956759402790243
0.7643742953776775,0.9956759402790243
0.7644221735045412,0.9956759402790243
0.7644700576296668,0.9956759402790243
0.7645179477541816,0.9956759402790243
0.7645658438792131,0.9956759402790243
0.7646137460058894,0.9956759402790243
0.7646616541353384,0.9956759402790243
0.7647095682686885,0.9956759402790243
0.7647574884070686,0.9956759402790243
0.7648054145516074,0.9956759402790243
0.7648533467034344,0.9956759402790243
0.7649012848636791,0.9956759402790243
0.7649492290334712,0.9956759402790243
0.764997179213941,0.9956759402790243
0.7650451354062187,0.9956759402790243
0.7650930976114351,0.9956759402790243
0.7651410658307211,0.9956759402790243
0.7651890400652078,0.9956759402790243
0.7652370203160271,0.9956759402790243
0.7652850065843105,0.9956759402790243
0.7653329988711902,0.9956759402790243
0.7653809971777987,0.9956759402790243
0.7654290015052685,0.9956759402790243
0.7654770118547325,0.9956759402790243
0.765525028227324,0.9956759402790243
0.7655730506241767,0.9956759402790243
0.7656210790464241,0.9956759402790243
0.7656691134952005,0.9956759402790243
0.7657171539716401,0.9956759402790243
0.7657652004768777,0.9956759402790243
0.7658132530120482,0.9956759402790243
0.7658613115782867,0.9956759402790243
0.765909376176729,0.9956759402790243
0.7659574468085106,0.9956759402790243
0.7660055234747678,0.9956759402790243
0.7660536061766368,0.9956759402790243
0.7661016949152543,0.9956759402790243
0.7661497896917572,0.9956759402790243
0.7661978905072828,0.9956759402790243
0.7662459973629685,0.9956759402790243
0.7662941102599523,0.9956759402790243
0.766342229199372,0.9956759402790243
0.7663903541823662,0.9956759402790243
0.7664384852100735,0.9956759402790243
0.7664866222836327,0.9956759402790243
0.7665347654041832,0.9956759402790243
0.7665829145728643,0.9956759402790243
0.766631069790816,0.9956759402790243
0.7666792310591782,0.9956759402790243
0.7667273983790915,0.9956759402790243
0.7667755717516964,0.9956759402790243
0.7668237511781338,0.9956759402790243
0.766871936659545,0.9956759402790243
0.7669201281970716,0.9956759402790243
0.7669683257918553,0.9956759402790243
0.7670165294450381,0.9956759402790243
0.7670647391577624,0.9956759402790243
0.767112954931171,0.9956759402790243
0.7671611767664068,0.9956759402790243
0.7672094046646131,0.9956759402790243
0.7672576386269332,0.9956759402790243
0.7673058786545112,0.9956759402790243
0.767354124748491,0.9956759402790243
0.767402376910017,0.9956759402790243
0.7674506351402339,0.9956759402790243
0.7674988994402868,0.9956759402790243
0.7675471698113208,0.9956759402790243
0.7675954462544814,0.9956759402790243
0.7676437287709146,0.9956759402790243
0.7676920173617664,0.9956759402790243
0.7677403120281832,0.9956759402790243
0.7677886127713117,0.9956759402790243
0.7678369195922989,0.9956759402790243
0.7678852324922922,0.9956759402790243
0.7679335514724389,0.9956759402790243
0.767981876533887,0.9956759402790243
0.7680302076777847,0.9956759402790243
0.7680785449052804,0.9956759402790243
0.7681268882175226,0.9956759402790243
0.7681752376156606,0.9956759402790243
0.7682235931008435,0.9956759402790243
0.7682719546742209,0.9956759402790243
0.7683203223369428,0.9956759402790243
0.7683686960901593,0.9956759402790243
0.7684170759350207,0.9956759402790243
0.7684654618726781,0.9956759402790243
0.7685138539042821,0.9956759402790243
0.7685622520309843,0.9956759402790243
0.7686106562539362,0.9956759402790243
0.7686590665742898,0.9956759402790243
0.7687074829931972,0.9956759402790243
0.768755905511811,0.9956759402790243
0.7688043341312839,0.9956759402790243
0.7688527688527689,0.9956759402790243
0.7689012096774194,0.9956759402790243
0.768949656606389,0.9956759402790243
0.7689981096408317,0.9956759402790243
0.7690465687819018,0.9956759402790243
0.7690950340307537,0.9956759402790243
0.7691435053885423,0.9956759402790243
0.7691919828564225,0.9956759402790243
0.76924046643555,0.9956759402790243
0.7692889561270801,0.9956759402790243
0.7693374519321692,0.9956759402790243
0.7693859538519733,0.9956759402790243
0.769434461887649,0.9956759402790243
0.7694829760403531,0.9956759402790243
0.7695314963112428,0.9956759402790243
0.7695800227014756,0.9956759402790243
0.7696285552122091,0.9956759402790243
0.7696770938446014,0.9956759402790243
0.7697256385998108,0.9956759402790243
0.7697741894789958,0.9956759402790243
0.7698227464833155,0.9956759402790243
0.7698713096139288,0.9956759402790243
0.7699198788719954,0.9956759402790243
0.7699684542586751,0.9956759402790243
0.7700170357751278,0.9956759402790243
0.7700656234225138,0.9956759402790243
0.770114217201994,0.9956759402790243
0.7701628171147292,0.9956759402790243
0.7701483117702745,0.995594354246553
0.7701969199697046,0.995594354246553
0.7702455343053715,0.995594354246553
0.7702941547784371,0.995594354246553
0.7703427813900637,0.995594354246553
0.7703914141414141,0.995594354246553
0.7704400530336512,0.995594354246553
0.7704886980679378,0.995594354246553
0.7705373492454379,0.995594354246553
0.770586006567315,0.995594354246553
0.7706346700347332,0.995594354246553
0.7706833396488569,0.995594354246553
0.7707320154108508,0.995594354246553
0.7707806973218797,0.995594354246553
0.7708293853831091,0.995594354246553
0.7708780795957043,0.995594354246553
0.7709267799608314,0.995594354246553
0.7709754864796563,0.995594354246553
0.7710241991533455,0.995594354246553
0.7710729179830659,0.995594354246553
0.7711216429699842,0.995594354246553
0.7711703741152679,0.995594354246553
0.7712191114200847,0.995594354246553
0.7712678548856023,0.995594354246553
0.7713166045129891,0.995594354246553
0.7713653603034134,0.995594354246553
0.7714141222580442,0.995594354246553
0.7714628903780503,0.995594354246553
0.7715116646646014,0.995594354246553
0.771560445118867,0.995594354246553
0.7716092317420171,0.995594354246553
0.7716580245352219,0.995594354246553
0.7717068234996521,0.995594354246553
0.7717556286364786,0.995594354246553
0.7718044399468724,0.995594354246553
0.7717900063251107,0.9955127682140817
0.7718388259851983,0.9955127682140817
0.7718876518218624,0.9955127682140817
0.7719364838362751,0.9955127682140817
0.771985322029609,0.9955127682140817
0.772034166403037,0.9955127682140817
0.7720830169577322,0.9955127682140817
0.772131873694868,0.9955127682140817
0.7721807366156183,0.9955127682140817
0.7722296057211568,0.9955127682140817
0.7722784810126583,0.9955127682140817
0.772327362491297,0.9955127682140817
0.7723762501582478,0.9955127682140817
0.7724251440146863,0.9955127682140817
0.7724740440617878,0.9955127682140817
0.772522950300728,0.9955127682140817
0.7725718627326833,0.9955127682140817
0.7726207813588298,0.9955127682140817
0.7726697061803445,0.9955127682140817
0.7727186371984042,0.9955127682140817
0.7727675744141862,0.9955127682140817
0.7728165178288682,0.9955127682140817
0.772865467443628,0.9955127682140817
0.772914423259644,0.9955127682140817
0.7729633852780945,0.9955127682140817
0.7730123535001584,0.9955127682140817
0.7730613279270147,0.9955127682140817
0.7731103085598429,0.9955127682140817
0.7731592953998225,0.9955127682140817
0.7732082884481338,0.9955127682140817
0.7732572877059569,0.9955127682140817
0.7733062931744724,0.9955127682140817
0.7733553048548611,0.9955127682140817
0.7734043227483045,0.9955127682140817
0.7734533468559838,0.9955127682140817
0.7735023771790808,0.9955127682140817
0.7735514137187778,0.9955127682140817
0.7736004564762569,0.9955127682140817
0.773649505452701,0.9955127682140817
0.773698560649293,0.9955127682140817
0.7737476220672163,0.9955127682140817
0.7737966897076543,0.9955127682140817
0.773845763571791,0.9955127682140817
0.7738948436608105,0.9955127682140817
0.7739439299758974,0.9955127682140817
0.7739930225182367,0.9955127682140817
0.774042121289013,0.9955127682140817
0.774091226289412,0.9955127682140817
0.7741403375206192,0.9955127682140817
0.7741894549838209,0.9955127682140817
0.7742385786802031,0.9955127682140817
0.7742877086109524,0.9955127682140817
0.774336844777256,0.9955127682140817
0.7743859871803008,0.9955127682140817
0.7744351358212744,0.9955127682140817
0.7744842907013646,0.9955127682140817
0.7745334518217596,0.9955127682140817
0.7745826191836476,0.9955127682140817
0.7746317927882174,0.9955127682140817
0.774680972636658,0.9955127682140817
0.7746666666666666,0.9954311821816105
0.774715854974919,0.9954311821816105
0.7747650495300991,0.9954311821816105
0.7747507461738744,0.9953495961491393
0.774799949193446,0.9953495961491393
0.7748491584630042,0.9953495961491393
0.7748983739837398,0.9953495961491393
0.7749475957568444,0.9953495961491393
0.7749968237835091,0.9953495961491393
0.775046058064926,0.9953495961491393
0.7750952986022872,0.9953495961491393
0.775144545396785,0.9953495961491393
0.7751937984496124,0.9953495961491393
0.7752430577619622,0.9953495961491393
0.775292323335028,0.9953495961491393
0.7753415951700032,0.9953495961491393
0.7753908732680819,0.9953495961491393
0.7754401576304583,0.9953495961491393
0.775489448258327,0.9953495961491393
0.7755387451528828,0.9953495961491393
0.775588048315321,0.9953495961491393
0.7756373577468371,0.9953495961491393
0.7756866734486266,0.9953495961491393
0.775735995421886,0.9953495961491393
0.7757853236678113,0.9953495961491393
0.7758346581875993,0.9953495961491393
0.7758839989824472,0.9953495961491393
0.7759333460535521,0.9953495961491393
0.7759826994021117,0.9953495961491393
0.7760320590293238,0.9953495961491393
0.7760814249363868,0.9953495961491393
0.7761307971244991,0.9953495961491393
0.7761801755948594,0.9953495961491393
0.7762295603486671,0.9953495961491393
0.7762789513871214,0.9953495961491393
0.7763283487114222,0.9953495961491393
0.7763777523227695,0.9953495961491393
0.7764271622223636,0.9953495961491393
0.7764765784114053,0.9953495961491393
0.7765260008910954,0.9953495961491393
0.7765754296626353,0.9953495961491393
0.7766248647272265,0.9953495961491393
0.7766743060860708,0.9953495961491393
0.7767237537403705,0.9953495961491393
0.7767732076913282,0.9953495961491393
0.7768226679401464,0.9953495961491393
0.7768721344880285,0.9953495961491393
0.7769216073361778,0.9953495961491393
0.7769710864857979,0.9953495961491393
0.7770205719380932,0.9953495961491393
0.7770700636942676,0.9953495961491393
0.7771195617555259,0.9953495961491393
0.777169066123073,0.9953495961491393
0.7772185767981142,0.9953495961491393
0.7772680937818552,0.9953495961491393
0.7773176170755017,0.9953495961491393
0.77736714668026,0.9953495961491393
0.7774166825973364,0.9953495961491393
0.7774662248279378,0.9953495961491393
0.7775157733732713,0.9953495961491393
0.7775653282345443,0.9953495961491393
0.7776148894129645,0.9953495961491393
0.77766445690974,0.9953495961491393
0.7777140307260789,0.9953495961491393
0.7777636108631901,0.9953495961491393
0.7778131973222825,0.9953495961491393
0.7778627901045652,0.9953495961491393
0.7779123892112478,0.9953495961491393
0.7779619946435403,0.9953495961491393
0.7780116064026529,0.9953495961491393
0.7780612244897959,0.9953495961491393
0.7781108489061802,0.9953495961491393
0.7781604796530169,0.9953495961491393
0.7782101167315175,0.9953495961491393
0.7782597601428936,0.9953495961491393
0.7783094098883573,0.9953495961491393
0.7783590659691209,0.9953495961491393
0.778408728386397,0.9953495961491393
0.7784583971413986,0.9953495961491393
0.7785080722353391,0.9953495961491393
0.778557753669432,0.9953495961491393
0.7786074414448911,0.9953495961491393
0.7786571355629308,0.9953495961491393
0.7787068360247654,0.9953495961491393
0.7787565428316099,0.9953495961491393
0.7788062559846792,0.9953495961491393
0.7788559754851889,0.9953495961491393
0.7789057013343549,0.9953495961491393
0.7789554335333929,0.9953495961491393
0.7790051720835196,0.9953495961491393
0.7790549169859514,0.9953495961491393
0.7791046682419056,0.9953495961491393
0.7791544258525993,0.9953495961491393
0.7792041898192502,0.9953495961491393
0.7792539601430761,0.9953495961491393
0.7793037368252954,0.9953495961491393
0.7793535198671266,0.9953495961491393
0.7794033092697885,0.9953495961491393
0.7794531050345004,0.9953495961491393
0.7795029071624816,0.9953495961491393
0.7795527156549521,0.9953495961491393
0.7796025305131318,0.9953495961491393
0.7796523517382413,0.9953495961491393
0.7797021793315012,0.9953495961491393
0.7797520132941327,0.9953495961491393
0.779801853627357,0.9953495961491393
0.7798517003323958,0.9953495961491393
0.7799015534104712,0.9953495961491393
0.7799514128628052,0.9953495961491393
0.7800012786906209,0.9953495961491393
0.7800511508951407,0.9953495961491393
0.7801010294775881,0.9953495961491393
0.7801509144391866,0.9953495961491393
0.78020080578116,0.9953495961491393
0.7802507035047327,0.9953495961491393
0.7803006076111288,0.9953495961491393
0.7803505181015735,0.9953495961491393
0.7804004349772916,0.9953495961491393
0.7804503582395087,0.9953495961491393
0.7805002878894505,0.9953495961491393
0.780550223928343,0.9953495961491393
0.7806001663574125,0.9953495961491393
0.7806501151778859,0.9953495961491393
0.78070007039099,0.9953495961491393
0.7807500319979521,0.9953495961491393
0.7808,0.9953495961491393
0.7808499743983615,0.9953495961491393
0.7808999551942649,0.9953495961491393
0.7809499423889387,0.9953495961491393
0.7809999359836118,0.9953495961491393
0.7810499359795134,0.9953495961491393
0.7810999423778731,0.9953495961491393
0.7811499551799206,0.9953495961491393
0.781199974386886,0.9953495961491393
0.78125,0.9953495961491393
0.7813000320204931,0.9953495961491393
0.7813500704495965,0.9953495961491393
0.7814001152885416,0.9953495961491393
0.78145016653856,0.9953495961491393
0.7815002242008839,0.9953495961491393
0.7815502882767457,0.9953495961491393
0.7816003587673778,0.9953495961491393
0.7816504356740134,0.9953495961491393
0.7817005189978856,0.9953495961491393
0.7817506087402282,0.9953495961491393
0.7818007049022749,0.9953495961491393
0.7818508074852601,0.9953495961491393
0.7819009164904185,0.9953495961491393
0.7819510319189847,0.9953495961491393
0.782001153772194,0.9953495961491393
0.782051282051282,0.9953495961491393
0.7821014167574845,0.9953495961491393
0.7821515578920374,0.9953495961491393
0.7822017054561775,0.9953495961491393
0.7822518594511413,0.9953495961491393
0.782302019878166,0.9953495961491393
0.7823521867384892,0.9953495961491393
0.7824023600333483,0.9953495961491393
0.7824525397639815,0.9953495961491393
0.7825027259316272,0.9953495961491393
0.7825529185375241,0.9953495961491393
0.7825389697863878,0.995268010116668
0.7825891711573005,0.995268010116668
0.7826393789696542,0.995268010116668
0.7826895932246888,0.995268010116668
0.7827398139236446,0.995268010116668
0.7827900410677618,0.995268010116668
0.7828402746582814,0.995268010116668
0.7828905146964447,0.995268010116668
0.7829407611834928,0.995268010116668
0.7829910141206675,0.995268010116668
0.7830412735092112,0.995268010116668
0.7830915393503659,0.995268010116668
0.7831418116453746,0.995268010116668
0.7831920903954802,0.995268010116668
0.7832423756019261,0.995268010116668
0.783292667265956,0.995268010116668
0.783342965388814,0.995268010116668
0.7833932699717442,0.995268010116668
0.7834435810159913,0.995268010116668
0.7834938985228003,0.995268010116668
0.7835442224934164,0.995268010116668
0.7835945529290853,0.995268010116668
0.7836448898310528,0.995268010116668
0.7836952332005653,0.995268010116668
0.7837455830388692,0.995268010116668
0.7837959393472115,0.995268010116668
0.7837820471631434,0.9951864240841968
0.7838324122863385,0.9951864240841968
0.783818520660626,0.9951048380517256
0.7838688946015424,0.9951048380517256
0.7839192750176747,0.9951048380517256
0.7839696619102713,0.9951048380517256
0.784020055280581,0.9951048380517256
0.7840704551298534,0.9951048380517256
0.7841208614593378,0.9951048380517256
0.7841712742702842,0.9951048380517256
0.7842216935639427,0.9951048380517256
0.7842721193415638,0.9951048380517256
0.7843225516043985,0.9951048380517256
0.7843729903536978,0.9951048380517256
0.7844234355907133,0.9951048380517256
0.7844738873166966,0.9951048380517256
0.7845243455329003,0.9951048380517256
0.7845748102405764,0.9951048380517256
0.7846252814409778,0.9951048380517256
0.7846757591353577,0.9951048380517256
0.7847262433249694,0.9951048380517256
0.7847767340110667,0.9951048380517256
0.7847628852712181,0.9950232520192543
0.7848133848133848,0.9950232520192543
0.7848638908552674,0.9950232520192543
0.7849144033981207,0.9950232520192543
0.7849649224432002,0.9950232520192543
0.785015447991761,0.9950232520192543
0.7850659800450596,0.9950232520192543
0.7851165186043517,0.9950232520192543
0.7851670636708942,0.9950232520192543
0.7852176152459439,0.9950232520192543
0.7852681733307578,0.9950232520192543
0.7853187379265937,0.9950232520192543
0.7853693090347093,0.9950232520192543
0.7854198866563628,0.9950232520192543
0.7854704707928125,0.9950232520192543
0.7855210614453175,0.9950232520192543
0.7855716586151369,0.9950232520192543
0.78562226230353,0.9950232520192543
0.7856728725117568,0.9950232520192543
0.7857234892410772,0.9950232520192543
0.7857741124927518,0.9950232520192543
0.7858247422680412,0.9950232520192543
0.7858753785682067,0.9950232520192543
0.7859260213945096,0.9950232520192543
0.7859766707482116,0.9950232520192543
0.7860273266305748,0.9950232520192543
0.7860779890428617,0.9950232520192543
0.7861286579863349,0.9950232520192543
0.7861793334622574,0.9950232520192543
0.7862300154718928,0.9950232520192543
0.7862807040165044,0.9950232520192543
0.7863313990973565,0.9950232520192543
0.7863821007157135,0.9950232520192543
0.7864328088728398,0.9950232520192543
0.7864835235700006,0.9950232520192543
0.7865342448084612,0.9950232520192543
0.7865849725894872,0.9950232520192543
0.7866357069143447,0.9950232520192543
0.7866864477842999,0.9950232520192543
0.7867371952006192,0.9950232520192543
0.7867879491645701,0.9950232520192543
0.7868387096774193,0.9950232520192543
0.7868894767404349,0.9950232520192543
0.7869402503548845,0.9950232520192543
0.7869910305220366,0.9950232520192543
0.7870418172431596,0.9950232520192543
0.78702807357212,0.994941665986783
0.7870788692397057,0.994941665986783
0.7871296714645324,0.994941665986783
0.7871804802478699,0.994941665986783
0.7872312955909884,0.994941665986783
0.7872821174951582,0.994941665986783
0.7873329459616502,0.994941665986783
0.7873837809917356,0.994941665986783
0.7874346225866856,0.994941665986783
0.7874854707477722,0.994941665986783
0.7875363254762674,0.994941665986783
0.7875871867734435,0.994941665986783
0.7876380546405736,0.994941665986783
0.7876889290789304,0.994941665986783
0.7877398100897874,0.994941665986783
0.7877906976744186,0.994941665986783
0.7878415918340979,0.994941665986783
0.7878924925700995,0.994941665986783
0.7879433998836984,0.994941665986783
0.7879943137761696,0.994941665986783
0.7880452342487884,0.994941665986783
0.7880961613028306,0.994941665986783
0.7881470949395721,0.994941665986783
0.7881980351602895,0.994941665986783
0.7882489819662595,0.994941665986783
0.7882999353587589,0.994941665986783
0.7883508953390652,0.994941665986783
0.7884018619084562,0.994941665986783
0.7884528350682097,0.994941665986783
0.7885038148196043,0.994941665986783
0.7885548011639185,0.994941665986783
0.7886057941024315,0.994941665986783
0.7886567936364224,0.994941665986783
0.7887077997671711,0.994941665986783
0.7887588124959576,0.994941665986783
0.7888098318240621,0.994941665986783
0.7888608577527654,0.994941665986783
0.7889118902833484,0.994941665986783
0.7889629294170926,0.994941665986783
0.7890139751552795,0.994941665986783
0.7890650274991912,0.994941665986783
0.7890513782839395,0.9948600799543118
0.7891024396557302,0.9948600799543118
0.7891535076365519,0.9948600799543118
0.7892045822276875,0.9948600799543118
0.7892556634304208,0.9948600799543118
0.7893067512460353,0.9948600799543118
0.7893578456758157,0.9948600799543118
0.7894089467210461,0.9948600799543118
0.7894600543830118,0.9948600799543118
0.7895111686629978,0.9948600799543118
0.7895622895622896,0.9948600799543118
0.7896134170821731,0.9948600799543118
0.7896645512239348,0.9948600799543118
0.7897156919888608,0.9948600799543118
0.7897668393782383,0.9948600799543118
0.7898179933933545,0.9948600799543118
0.7898691540354968,0.9948600799543118
0.7899203213059532,0.9948600799543118
0.789971495206012,0.9948600799543118
0.7900226757369615,0.9948600799543118
0.7900738629000907,0.9948600799543118
0.7901250566966889,0.9948600799543118
0.7901762571280456,0.9948600799543118
0.7902274641954508,0.9948600799543118
0.7902786779001945,0.9948600799543118
0.7903298982435674,0.9948600799543118
0.7903811252268602,0.9948600799543118
0.7904323588513645,0.9948600799543118
0.7904835991183716,0.9948600799543118
0.7905348460291735,0.9948600799543118
0.7905860995850622,0.9948600799543118
0.7906373597873306,0.9948600799543118
0.7906886266372715,0.9948600799543118
0.7907399001361779,0.9948600799543118
0.7907911802853437,0.9948600799543118
0.7908424670860627,0.9948600799543118
0.790893760539629,0.9948600799543118
0.7909450606473374,0.9948600799543118
0.7909963674104826,0.9948600799543118
0.79104768083036,0.9948600799543118
0.7910990009082652,0.9948600799543118
0.7911503276454941,0.9948600799543118
0.7912016610433429,0.9948600799543118
0.7912530011031081,0.9948600799543118
0.7913043478260869,0.9948600799543118
0.7913557012135765,0.9948600799543118
0.7914070612668743,0.9948600799543118
0.7914584279872785,0.9948600799543118
0.7915098013760873,0.9948600799543118
0.7915611814345992,0.9948600799543118
0.7916125681641132,0.9948600799543118
0.7916639615659287,0.9948600799543118
0.7917667683916629,0.9948600799543118
0.7918181818181819,0.9948600799543118
0.7918696019222028,0.9948600799543118
0.7919210287050267,0.9948600799543118
0.7919724621679548,0.9948600799543118
0.7920239023122889,0.9948600799543118
0.792075349139331,0.9948600799543118
0.7921268026503833,0.9948600799543118
0.7921782628467485,0.9948600799543118
0.7922297297297297,0.9948600799543118
0.7922812033006302,0.9948600799543118
0.7923326835607537,0.9948600799543118
0.7923841705114042,0.9948600799543118
0.7924356641538861,0.9948600799543118
0.7924871644895042,0.9948600799543118
0.7925386715195633,0.9948600799543118
0.7925901852453688,0.9948600799543118
0.7926417056682268,0.9948600799543118
0.7926932327894429,0.9948600799543118
0.7927447666103238,0.9948600799543118
0.7927963071321761,0.9948600799543118
0.7928478543563069,0.9948600799543118
0.7928994082840237,0.9948600799543118
0.7929509689166342,0.9948600799543118
0.7930025362554465,0.9948600799543118
0.793054110301769,0.9948600799543118
0.7931056910569105,0.9948600799543118
0.7931572785221803,0.9948600799543118
0.7932088726988876,0.9948600799543118
0.7932604735883424,0.9948600799543118
0.7933120811918548,0.9948600799543118
0.7933636955107352,0.9948600799543118
0.7934153165462945,0.9948600799543118
0.7934669442998439,0.9948600799543118
0.7935185787726947,0.9948600799543118
0.7935702199661591,0.9948600799543118
0.793621867881549,0.9948600799543118
0.7936735225201771,0.9948600799543118
0.7937251838833561,0.9948600799543118
0.7937768519723994,0.9948600799543118
0.7938285267886205,0.9948600799543118
0.7938802083333333,0.9948600799543118
0.7939318966078521,0.9948600799543118
0.7939835916134913,0.9948600799543118
0.7940352933515661,0.9948600799543118
0.7940870018233915,0.9948600799543118
0.7941387170302833,0.9948600799543118
0.7941904389735573,0.9948600799543118
0.79424216765453,0.9948600799543118
0.794293903074518,0.9948600799543118
0.7943456452348381,0.9948600799543118
0.7943322475570033,0.9947784939218406
0.7943839989575868,0.9947784939218406
0.7944357571019025,0.9947784939218406
0.7944875219912686,0.9947784939218406
0.7945392936270038,0.9947784939218406
0.7945259042033236,0.9946969078893694
0.794577685088634,0.9946969078893694
0.7946294727237176,0.9946969078893694
0.7946812671098944,0.9946969078893694
0.7947330682484844,0.9946969078893694
0.7947848761408084,0.9946969078893694
0.794771497490058,0.994615321856898
0.7948233146433694,0.994615321856898
0.7948751385538241,0.994615321856898
0.7949269692227439,0.994615321856898
0.7949788066514509,0.994615321856898
0.7950306508412678,0.994615321856898
0.7950825017935172,0.994615321856898
0.7951343595095226,0.994615321856898
0.7951862239906072,0.994615321856898
0.7952380952380952,0.994615321856898
0.7952899732533107,0.994615321856898
0.7953418580375783,0.994615321856898
0.7953937495922229,0.994615321856898
0.7954456479185698,0.994615321856898
0.7954975530179446,0.994615321856898
0.7955494648916732,0.994615321856898
0.795601383541082,0.994615321856898
0.7956533089674978,0.994615321856898
0.7957052411722473,0.994615321856898
0.795757180156658,0.994615321856898
0.7958091259220575,0.994615321856898
0.7958610784697742,0.994615321856898
0.795913037801136,0.994615321856898
0.7959650039174719,0.994615321856898
0.796016976820111,0.994615321856898
0.7960689565103827,0.994615321856898
0.7961209429896167,0.994615321856898
0.7961729362591432,0.994615321856898
0.7962249363202926,0.994615321856898
0.7962769431743958,0.994615321856898
0.7963289568227839,0.994615321856898
0.7963809772667886,0.994615321856898
0.7964330045077416,0.994615321856898
0.796485038546975,0.994615321856898
0.7965370793858216,0.994615321856898
0.7965891270256142,0.994615321856898
0.796641181467686,0.994615321856898
0.7966932427133708,0.994615321856898
0.7967453107640023,0.994615321856898
0.7967973856209151,0.994615321856898
0.7968494672854435,0.994615321856898
0.7969015557589227,0.994615321856898
0.7969536510426881,0.994615321856898
0.7970057531380753,0.994615321856898
0.7970578620464204,0.994615321856898
0.7971099777690598,0.994615321856898
0.7971621003073301,0.994615321856898
0.7972142296625687,0.994615321856898
0.7972663658361128,0.994615321856898
0.7973185088293002,0.994615321856898
0.7973706586434691,0.994615321856898
0.7974228152799582,0.994615321856898
0.797474978740106,0.994615321856898
0.7975271490252519,0.994615321856898
0.7975793261367353,0.994615321856898
0.7976315100758964,0.994615321856898
0.7976182686645292,0.9945337358244268
0.797670461981416,0.9945337358244268
0.7977226621294418,0.9945337358244268
0.7977748691099477,0.9945337358244268
0.7978270829242752,0.9945337358244268
0.7978793035737662,0.9945337358244268
0.797931531059763,0.9945337358244268
0.7979837653836083,0.9945337358244268
0.7980360065466449,0.9945337358244268
0.798088254550216,0.9945337358244268
0.7981405093956655,0.9945337358244268
0.7981927710843374,0.9945337358244268
0.7982450396175758,0.9945337358244268
0.7982973149967256,0.9945337358244268
0.7983495972231318,0.9945337358244268
0.7984018862981399,0.9945337358244268
0.7984541822230956,0.9945337358244268
0.798506484999345,0.9945337358244268
0.7985587946282345,0.9945337358244268
0.7986111111111112,0.9945337358244268
0.7986634344493219,0.9945337358244268
0.7986502424321845,0.9944521497919556
0.798702575191665,0.9944521497919556
0.7987549148099606,0.9944521497919556
0.79880726128842,0.9944521497919556
0.7988596146283916,0.9944521497919556
0.798911974831225,0.9944521497919556
0.7989643418982695,0.9944521497919556
0.7990167158308751,0.9944521497919556
0.799069096630392,0.9944521497919556
0.7991214842981709,0.9944521497919556
0.7991738788355626,0.9944521497919556
0.7992262802439184,0.9944521497919556
0.7992786885245902,0.9944521497919556
0.7993311036789298,0.9944521497919556
0.7993835257082896,0.9944521497919556
0.7994359546140224,0.9944521497919556
0.7994883903974813,0.9944521497919556
0.7995408330600197,0.9944521497919556
0.7995932826029913,0.9944521497919556
0.7996457390277505,0.9944521497919556
0.7996982023356515,0.9944521497919556
0.7997506725280493,0.9944521497919556
0.7998031496062992,0.9944521497919556
0.7998556335717567,0.9944521497919556
0.7999081244257776,0.9944521497919556
0.7999606221697184,0.9944521497919556
0.8000131268049356,0.9944521497919556
0.8000656383327863,0.9944521497919556
0.8001181567546278,0.9944521497919556
0.8001706820718177,0.9944521497919556
0.8002232142857143,0.9944521497919556
0.8002757533976758,0.9944521497919556
0.800328299409061,0.9944521497919556
0.8003808523212292,0.9944521497919556
0.8004334121355398,0.9944521497919556
0.8004859788533526,0.9944521497919556
0.8005385524760279,0.9944521497919556
0.8005911330049261,0.9944521497919556
0.8006437204414083,0.9944521497919556
0.8006963147868357,0.9944521497919556
0.8007489160425699,0.9944521497919556
0.8008015242099731,0.9944521497919556
0.8008541392904074,0.9944521497919556
0.8009067612852355,0.9944521497919556
0.8009593901958207,0.9944521497919556
0.8010120260235263,0.9944521497919556
0.801064668769716,0.9944521497919556
0.8011173184357542,0.9944521497919556
0.8011699750230051,0.9944521497919556
0.8012226385328337,0.9944521497919556
0.8012753089666053,0.9944521497919556
0.8013279863256854,0.9944521497919556
0.8013806706114398,0.9944521497919556
0.8014333618252351,0.9944521497919556
0.8015387650424147,0.9944521497919556
0.8015914770485335,0.9944521497919556
0.8016441959881618,0.9944521497919556
0.8016969218626677,0.9944521497919556
0.8017496546734197,0.9944521497919556
0.8018023944217866,0.9944521497919556
0.8018551411091376,0.9944521497919556
0.8019078947368421,0.9944521497919556
0.8019606553062701,0.9944521497919556
0.802013422818792,0.9944521497919556
0.8020661972757781,0.9944521497919556
0.8021189786785996,0.9944521497919556
0.8021717670286278,0.9944521497919556
0.8022245623272344,0.9944521497919556
0.8022773645757915,0.9944521497919556
0.8023301737756714,0.9944521497919556
0.802382989928247,0.9944521497919556
0.8024358130348914,0.9944521497919556
0.8024886430969781,0.9944521497919556
0.802541480115881,0.9944521497919556
0.8025943240929743,0.9944521497919556
0.8026471750296326,0.9944521497919556
0.8027000329272308,0.9944521497919556
0.8027528977871443,0.9944521497919556
0.8028057696107489,0.9944521497919556
0.8028586483994203,0.9944521497919556
0.8028456623410842,0.9943705637594844
0.8028985507246377,0.9943705637594844
0.8029514460768167,0.9943705637594844
0.8030043483989986,0.9943705637594844
0.8030572576925611,0.9943705637594844
0.8031101739588824,0.9943705637594844
0.803163097199341,0.9943705637594844
0.8032160274153157,0.9943705637594844
0.8032689646081856,0.9943705637594844
0.8033219087793303,0.9943705637594844
0.8033748599301298,0.9943705637594844
0.8034278180619644,0.9943705637594844
0.8034807831762146,0.9943705637594844
0.8035337552742616,0.9943705637594844
0.8035867343574866,0.9943705637594844
0.8036397204272715,0.9943705637594844
0.8036267721727662,0.9942889777270132
0.803679767871274,0.9942889777270132
0.8037327705599155,0.9942889777270132
0.8037857802400739,0.9942889777270132
0.8038387969131324,0.9942889777270132
0.8038918205804749,0.9942889777270132
0.8039448512434857,0.9942889777270132
0.8039978889035493,0.9942889777270132
0.8040509335620505,0.9942889777270132
0.8041039852203747,0.9942889777270132
0.8041570438799076,0.9942889777270132
0.8042101095420351,0.9942889777270132
0.8042631822081436,0.9942889777270132
0.8043162618796198,0.9942889777270132
0.8043693485578509,0.9942889777270132
0.8044224422442244,0.9942889777270132
0.804475542940128,0.9942889777270132
0.8045286506469501,0.9942889777270132
0.8045817653660791,0.9942889777270132
0.804568863066156,0.9942073916945419
0.8046219874546054,0.9942073916945419
0.804675118858954,0.9942073916945419
0.8047282572805917,0.9942073916945419
0.8047814027209087,0.9942073916945419
0.8048345551812959,0.9942073916945419
0.804887714663144,0.9942073916945419
0.8049408811678447,0.9942073916945419
0.8049940546967895,0.9942073916945419
0.8050472352513708,0.9942073916945419
0.805100422832981,0.9942073916945419
0.8051536174430128,0.9942073916945419
0.8052068190828597,0.9942073916945419
0.8052600277539153,0.9942073916945419
0.8053132434575734,0.9942073916945419
0.8053664661952283,0.9942073916945419
0.8054196959682749,0.9942073916945419
0.8054729327781083,0.9942073916945419
0.8055261766261237,0.9942073916945419
0.8055794275137171,0.9942073916945419
0.8056326854422848,0.9942073916945419
0.8056859504132231,0.9942073916945419
0.8056731023538747,0.9941258056620706
0.8057263770415922,0.9941258056620706
0.8057796587752942,0.9941258056620706
0.8058329475563786,0.9941258056620706
0.8058862433862434,0.9941258056620706
0.8059395462662875,0.9941258056620706
0.8059928561979097,0.9941258056620706
0.8060461731825097,0.9941258056620706
0.8060994972214872,0.9941258056620706
0.8061528283162421,0.9941258056620706
0.8062061664681752,0.9941258056620706
0.8062595116786873,0.9941258056620706
0.8063128639491794,0.9941258056620706
0.8063662232810536,0.9941258056620706
0.8064195896757115,0.9941258056620706
0.8064729631345555,0.9941258056620706
0.8065263436589886,0.9941258056620706
0.8065797312504137,0.9941258056620706
0.8066331259102344,0.9941258056620706
0.8066865276398544,0.9941258056620706
0.806739936440678,0.9941258056620706
0.8067933523141098,0.9941258056620706
0.8068467752615548,0.9941258056620706
0.8069002052844183,0.9941258056620706
0.8069536423841059,0.9941258056620706
0.807007086562024,0.9941258056620706
0.8070605378195788,0.9941258056620706
0.8071139961581771,0.9941258056620706
0.8071674615792263,0.9941258056620706
0.8072209340841339,0.9941258056620706
0.8072744136743076,0.9941258056620706
0.8073279003511562,0.9941258056620706
0.807381394116088,0.9941258056620706
0.8074348949705122,0.9941258056620706
0.8074221338634857,0.9940442196295994
0.8074756445092451,0.9940442196295994
0.8075291622481442,0.9940442196295994
0.8075826870815934,0.9940442196295994
0.8076362190110036,0.9940442196295994
0.8076897580377859,0.9940442196295994
0.8077433041633519,0.9940442196295994
0.8077968573891136,0.9940442196295994
0.8078504177164832,0.9940442196295994
0.8079039851468736,0.9940442196295994
0.8079575596816976,0.9940442196295994
0.8080111413223688,0.9940442196295994
0.8080647300703011,0.9940442196295994
0.8081183259269086,0.9940442196295994
0.8081719288936058,0.9940442196295994
0.8082255389718076,0.9940442196295994
0.8082791561629296,0.9940442196295994
0.8083327804683872,0.9940442196295994
0.8083864118895966,0.9940442196295994
0.8084400504279743,0.9940442196295994
0.8084936960849369,0.9940442196295994
0.8085473488619019,0.9940442196295994
0.8086010087602867,0.9940442196295994
0.8086546757815093,0.9940442196295994
0.8087083499269879,0.9940442196295994
0.8087620311981414,0.9940442196295994
0.8088157195963888,0.9940442196295994
0.8088694151231495,0.9940442196295994
0.8089231177798433,0.9940442196295994
0.8089768275678906,0.9940442196295994
0.8090305444887118,0.9940442196295994
0.8090842685437281,0.9940442196295994
0.8091379997343605,0.9940442196295994
0.8091917380620309,0.9940442196295994
0.8092454835281615,0.9940442196295994
0.8092992361341746,0.9940442196295994
0.8092865683539259,0.9939626335971282
0.8093403308310636,0.9939626335971282
0.8093941004517672,0.9939626335971282
0.8094478772174606,0.9939626335971282
0.8095016611295681,0.9939626335971282
0.8095554521895143,0.9939626335971282
0.8096092503987241,0.9939626335971282
0.809663055758623,0.9939626335971282
0.8097168682706367,0.9939626335971282
0.8097706879361914,0.9939626335971282
0.8098245147567137,0.9939626335971282
0.8098783487336303,0.9939626335971282
0.8099321898683686,0.9939626335971282
0.8099860381623563,0.9939626335971282
0.8100398936170212,0.9939626335971282
0.8100937562337921,0.9939626335971282
0.8101476260140976,0.9939626335971282
0.8102015029593669,0.9939626335971282
0.8102553870710295,0.9939626335971282
0.8103092783505155,0.9939626335971282
0.8103631767992551,0.9939626335971282
0.8104170824186789,0.9939626335971282
0.8104709952102181,0.9939626335971282
0.8105249151753043,0.9939626335971282
0.8105788423153693,0.9939626335971282
0.8106327766318451,0.9939626335971282
0.8106867181261644,0.9939626335971282
0.8106741199174818,0.9938810475646569
0.8107280713430055,0.9938810475646569
0.8107820299500832,0.9938810475646569
0.8108359957401491,0.9938810475646569
0.8108899687146376,0.9938810475646569
0.8109439488749833,0.9938810475646569
0.8109979362226216,0.9938810475646569
0.8110519307589881,0.9938810475646569
0.8111059324855183,0.9938810475646569
0.811159941403649,0.9938810475646569
0.8112139575148165,0.9938810475646569
0.8112679808204581,0.9938810475646569
0.8113220113220113,0.9938810475646569
0.8113760490209138,0.9938810475646569
0.8114300939186039,0.9938810475646569
0.8114841460165201,0.9938810475646569
0.8115382053161015,0.9938810475646569
0.8115922718187875,0.9938810475646569
0.8116463455260178,0.9938810475646569
0.8117004264392325,0.9938810475646569
0.811754514559872,0.9938810475646569
0.8118086098893775,0.9938810475646569
0.8118627124291903,0.9938810475646569
0.8119168221807518,0.9938810475646569
0.8119709391455042,0.9938810475646569
0.81202506332489,0.9938810475646569
0.812079194720352,0.9938810475646569
0.8121333333333334,0.9938810475646569
0.8121874791652777,0.9938810475646569
0.812241632217629,0.9938810475646569
0.8122957924918317,0.9938810475646569
0.8123499599893305,0.9938810475646569
0.8124041347115705,0.9938810475646569
0.8124583166599973,0.9938810475646569
0.8125125058360568,0.9938810475646569
0.8125,0.9937994615321857
0.8125541991861783,0.9937994615321857
0.8126084056037358,0.9937994615321857
0.8126626192541196,0.9937994615321857
0.8127168401387777,0.9937994615321857
0.8127710682591579,0.9937994615321857
0.8128253036167089,0.9937994615321857
0.8128795462128795,0.9937994615321857
0.8129337960491191,0.9937994615321857
0.8129880531268772,0.9937994615321857
0.8130423174476038,0.9937994615321857
0.8130298377945397,0.9937178754997145
0.8130841121495327,0.9937178754997145
0.8131383937512517,0.9937178754997145
0.8131926826011483,0.9937178754997145
0.8132469787006744,0.9937178754997145
0.813301282051282,0.9937178754997145
0.813355592654424,0.9937178754997145
0.8134099105115533,0.9937178754997145
0.8134642356241234,0.9937178754997145
0.813518567993588,0.9937178754997145
0.8135729076214013,0.9937178754997145
0.8136272545090181,0.9937178754997145
0.813681608657893,0.9937178754997145
0.8137359700694815,0.9937178754997145
0.8137903387452395,0.9937178754997145
0.813844714686623,0.9937178754997145
0.8138990978950885,0.9937178754997145
0.813953488372093,0.9937178754997145
0.8140078861190938,0.9937178754997145
0.8140622911375485,0.9937178754997145
0.8141167034289152,0.9937178754997145
0.8141711229946524,0.9937178754997145
0.814225549836219,0.9937178754997145
0.8142799839550742,0.9937178754997145
0.8143344253526776,0.9937178754997145
0.8143888740304894,0.9937178754997145
0.8144433299899699,0.9937178754997145
0.8144977932325799,0.9937178754997145
0.8145522637597806,0.9937178754997145
0.8146067415730337,0.9937178754997145
0.814661226673801,0.9937178754997145
0.8147157190635451,0.9937178754997145
0.8147702187437287,0.9937178754997145
0.8148247257158149,0.9937178754997145
0.8148792399812671,0.9937178754997145
0.8149337615415496,0.9937178754997145
0.8149882903981265,0.9937178754997145
0.8150428265524625,0.9937178754997145
0.8150973700060229,0.9937178754997145
0.8151519207602731,0.9937178754997145
0.815206478816679,0.9937178754997145
0.8152610441767069,0.9937178754997145
0.8153156168418234,0.9937178754997145
0.8153701968134958,0.9937178754997145
0.8154247840931914,0.9937178754997145
0.8154793786823782,0.9937178754997145
0.8155339805825242,0.9937178754997145
0.8155885897950984,0.9937178754997145
0.8156432063215697,0.9937178754997145
0.8156978301634075,0.9937178754997145
0.8157524613220816,0.9937178754997145
0.8158070997990623,0.9937178754997145
0.8158617455958203,0.9937178754997145
0.8159163987138264,0.9937178754997145
0.8159710591545521,0.9937178754997145
0.8160257269194694,0.9937178754997145
0.8160804020100503,0.9937178754997145
0.8161350844277674,0.9937178754997145
0.8161897741740937,0.9937178754997145
0.8162444712505026,0.9937178754997145
0.8162991756584679,0.9937178754997145
0.8163538873994638,0.9937178754997145
0.8164086064749648,0.9937178754997145
0.8164633328864459,0.9937178754997145
0.8165180666353824,0.9937178754997145
0.8165728077232502,0.9937178754997145
0.8166275561515253,0.9937178754997145
0.8166823119216843,0.9937178754997145
0.8167370750352042,0.9937178754997145
0.8167918454935622,0.9937178754997145
0.8168466232982362,0.9937178754997145
0.8169014084507042,0.9937178754997145
0.8169562009524448,0.9937178754997145
0.8170110008049369,0.9937178754997145
0.8170658080096599,0.9937178754997145
0.8171206225680934,0.9937178754997145
0.8171754444817175,0.9937178754997145
0.8172302737520128,0.9937178754997145
0.8172851103804603,0.9937178754997145
0.8173399543685411,0.9937178754997145
0.817394805717737,0.9937178754997145
0.8174496644295302,0.9937178754997145
0.8175045305054031,0.9937178754997145
0.8175594039468385,0.9937178754997145
0.8176142847553198,0.9937178754997145
0.8176691729323309,0.9937178754997145
0.8177240684793555,0.9937178754997145
0.8177789713978784,0.9937178754997145
0.8178338816893843,0.9937178754997145
0.8178887993553586,0.9937178754997145
0.8179437243972869,0.9937178754997145
0.8179986568166555,0.9937178754997145
0.8180535966149506,0.9937178754997145
0.8181085437936593,0.9937178754997145
0.8181634983542688,0.9937178754997145
0.8182184602982668,0.9937178754997145
0.8182734296271414,0.9937178754997145
0.8183284063423811,0.9937178754997145
0.8183833904454747,0.9937178754997145
0.8184383819379115,0.9937178754997145
0.8184261810362207,0.9936362894672432
0.8184811827956989,0.9936362894672432
0.8185361919483837,0.9936362894672432
0.8185912084957656,0.9936362894672432
0.8186462324393359,0.9936362894672432
0.8187012637805862,0.9936362894672432
0.8187563025210084,0.9936362894672432
0.8188113486620949,0.9936362894672432
0.8188664022053386,0.9936362894672432
0.8189214631522324,0.9936362894672432
0.8189092865308318,0.9935547034347719
0.8189643577673168,0.9935547034347719
0.8190194364113256,0.9935547034347719
0.819074522464353,0.9935547034347719
0.819129615927894,0.9935547034347719
0.8191847168034441,0.9935547034347719
0.8192398250924992,0.9935547034347719
0.8192949407965554,0.9935547034347719
0.8193500639171096,0.9935547034347719
0.8194051944556587,0.9935547034347719
0.8194603324137003,0.9935547034347719
0.8195154777927321,0.9935547034347719
0.8195706305942526,0.9935547034347719
0.8196257908197604,0.9935547034347719
0.8196809584707545,0.9935547034347719
0.8197361335487345,0.9935547034347719
0.8197913160552003,0.9935547034347719
0.8198465059916521,0.9935547034347719
0.8199017033595907,0.9935547034347719
0.8199569081605171,0.9935547034347719
0.820012120395933,0.9935547034347719
0.8200673400673401,0.9935547034347719
0.8201225671762409,0.9935547034347719
0.8201778017241379,0.9935547034347719
0.8202330437125345,0.9935547034347719
0.8202882931429342,0.9935547034347719
0.8203435500168407,0.9935547034347719
0.8203988143357586,0.9935547034347719
0.8204540861011925,0.9935547034347719
0.8205093653146476,0.9935547034347719
0.8205646519776295,0.9935547034347719
0.8206199460916442,0.9935547034347719
0.820675247658198,0.9935547034347719
0.8207305566787977,0.9935547034347719
0.8207858731549504,0.9935547034347719
0.8208411970881639,0.9935547034347719
0.8208965284799461,0.9935547034347719
0.8209518673318054,0.9935547034347719
0.8210072136452504,0.9935547034347719
0.8210625674217907,0.9935547034347719
0.8211179286629358,0.9935547034347719
0.8211732973701955,0.9935547034347719
0.8212286735450806,0.9935547034347719
0.8212840571891017,0.9935547034347719
0.8213394483037701,0.9935547034347719
0.8213948468905976,0.9935547034347719
0.8214502529510961,0.9935547034347719
0.8215056664867783,0.9935547034347719
0.8215610874991567,0.9935547034347719
0.8216165159897449,0.9935547034347719
0.8216719519600567,0.9935547034347719
0.8217273954116059,0.9935547034347719
0.8217828463459073,0.9935547034347719
0.8218383047644756,0.9935547034347719
0.8218937706688263,0.9935547034347719
0.8219492440604752,0.9935547034347719
0.8220047249409382,0.9935547034347719
0.8220602133117322,0.9935547034347719
0.8221157091743738,0.9935547034347719
0.8221712125303807,0.9935547034347719
0.8222267233812707,0.9935547034347719
0.8222822417285618,0.9935547034347719
0.8223377675737727,0.9935547034347719
0.8223933009184224,0.9935547034347719
0.8224488417640305,0.9935547034347719
0.8225043901121167,0.9935547034347719
0.8225599459642012,0.9935547034347719
0.8226155093218049,0.9935547034347719
0.8226710801864487,0.9935547034347719
0.8227266585596541,0.9935547034347719
0.822782244442943,0.9935547034347719
0.8228378378378378,0.9935547034347719
0.8228934387458612,0.9935547034347719
0.8229490471685363,0.9935547034347719
0.8230046631073866,0.9935547034347719
0.8230602865639361,0.9935547034347719
0.8231159175397094,0.9935547034347719
0.8231715560362309,0.9935547034347719
0.823227202055026,0.9935547034347719
0.8232828555976204,0.9935547034347719
0.8233385166655398,0.9935547034347719
0.823394185260311,0.9935547034347719
0.8234498613834607,0.9935547034347719
0.8235055450365161,0.9935547034347719
0.823561236221005,0.9935547034347719
0.8236169349384553,0.9935547034347719
0.8236726411903956,0.9935547034347719
0.823728354978355,0.9935547034347719
0.8237840763038625,0.9935547034347719
0.8238398051684481,0.9935547034347719
0.8238955415736419,0.9935547034347719
0.8239512855209743,0.9935547034347719
0.8240070370119764,0.9935547034347719
0.8240627960481798,0.9935547034347719
0.8241185626311159,0.9935547034347719
0.8241743367623172,0.9935547034347719
0.8242301184433164,0.9935547034347719
0.8242859076756464,0.9935547034347719
0.8243417044608408,0.9935547034347719
0.8243975088004333,0.9935547034347719
0.8244533206959583,0.9935547034347719
0.8245091401489506,0.9935547034347719
0.8245649671609452,0.9935547034347719
0.8246208017334777,0.9935547034347719
0.8246766438680843,0.9935547034347719
0.824732493566301,0.9935547034347719
0.8247883508296647,0.9935547034347719
0.8248442156597128,0.9935547034347719
0.8249000880579828,0.9935547034347719
0.8249559680260128,0.9935547034347719
0.8250118555653411,0.9935547034347719
0.8250677506775068,0.9935547034347719
0.825123653364049,0.9935547034347719
0.8251795636265077,0.9935547034347719
0.8252354814664227,0.9935547034347719
0.8252914068853348,0.9935547034347719
0.8253473398847848,0.9935547034347719
0.8254032804663142,0.9935547034347719
0.8254592286314648,0.9935547034347719
0.8255151843817787,0.9935547034347719
0.8255711477187987,0.9935547034347719
0.8256271186440678,0.9935547034347719
0.8256830971591295,0.9935547034347719
0.8257390832655275,0.9935547034347719
0.8257950769648064,0.9935547034347719
0.8258510782585108,0.9935547034347719
0.8259070871481858,0.9935547034347719
0.8259631036353771,0.9935547034347719
0.8260191277216306,0.9935547034347719
0.8260751594084927,0.9935547034347719
0.8261311986975104,0.9935547034347719
0.8261872455902307,0.9935547034347719
0.8262433000882013,0.9935547034347719
0.8262993621929705,0.9935547034347719
0.8263554319060867,0.9935547034347719
0.8264115092290988,0.9935547034347719
0.8264675941635562,0.9935547034347719
0.8265236867110085,0.9935547034347719
0.8265797868730062,0.9935547034347719
0.8266358946510997,0.9935547034347719
0.82669201004684,0.9935547034347719
0.8267481330617786,0.9935547034347719
0.8268042636974676,0.9935547034347719
0.826860401955459,0.9935547034347719
0.8269165478373056,0.9935547034347719
0.8269727013445607,0.9935547034347719
0.8270288624787776,0.9935547034347719
0.8270850312415104,0.9935547034347719
0.8271412076343136,0.9935547034347719
0.8271973916587421,0.9935547034347719
0.8272535833163508,0.9935547034347719
0.8273097826086957,0.9935547034347719
0.8273659895373326,0.9935547034347719
0.8274222041038185,0.9935547034347719
0.8274784263097099,0.9935547034347719
0.8275346561565643,0.9935547034347719
0.8275908936459395,0.9935547034347719
0.8276471387793938,0.9935547034347719
0.8277033915584857,0.9935547034347719
0.8277596519847743,0.9935547034347719
0.8278159200598192,0.9935547034347719
0.8278721957851801,0.9935547034347719
0.8279284791624175,0.9935547034347719
0.8279847701930922,0.9935547034347719
0.8280410688787652,0.9935547034347719
0.8280973752209982,0.9935547034347719
0.8281536892213532,0.9935547034347719
0.8282100108813928,0.9935547034347719
0.8282663402026798,0.9935547034347719
0.8283226771867773,0.9935547034347719
0.8283790218352493,0.9935547034347719
0.8284353741496598,0.9935547034347719
0.8284917341315736,0.9935547034347719
0.8285481017825554,0.9935547034347719
0.828604477104171,0.9935547034347719
0.8286608600979859,0.9935547034347719
0.8287172507655666,0.9935547034347719
0.8287736491084796,0.9935547034347719
0.8288300551282923,0.9935547034347719
0.8288864688265722,0.9935547034347719
0.8289428902048873,0.9935547034347719
0.828999319264806,0.9935547034347719
0.829055756007897,0.9935547034347719
0.8291122004357299,0.9935547034347719
0.829168652549874,0.9935547034347719
0.8292251123518998,0.9935547034347719
0.8292815798433776,0.9935547034347719
0.8293380550258785,0.9935547034347719
0.829394537900974,0.9935547034347719
0.8294510284702357,0.9935547034347719
0.829507526735236,0.9935547034347719
0.8295640326975476,0.9935547034347719
0.8296205463587438,0.9935547034347719
0.8296770677203978,0.9935547034347719
0.829733596784084,0.9935547034347719
0.8297901335513764,0.9935547034347719
0.82984667802385,0.9935547034347719
0.8299032302030803,0.9935547034347719
0.8299597900906427,0.9935547034347719
0.8300163576881134,0.9935547034347719
0.8300729329970691,0.9935547034347719
0.8301295160190866,0.9935547034347719
0.8301861067557434,0.9935547034347719
0.8302427052086174,0.9935547034347719
0.8302311311106566,0.9934731174023007
0.8302877403518342,0.9934731174023007
0.830344357313331,0.9934731174023007
0.8304009819967266,0.9934731174023007
0.8304576144036009,0.9934731174023007
0.8305142545355341,0.9934731174023007
0.8305709023941068,0.9934731174023007
0.8306275579809004,0.9934731174023007
0.8306842212974964,0.9934731174023007
0.8307408923454769,0.9934731174023007
0.8307975711264243,0.9934731174023007
0.8308542576419214,0.9934731174023007
0.8309109518935517,0.9934731174023007
0.8309676538828988,0.9934731174023007
0.8310243636115471,0.9934731174023007
0.831081081081081,0.9934731174023007
0.8311378062930858,0.9934731174023007
0.8311945392491468,0.9934731174023007
0.8312512799508499,0.9934731174023007
0.8313080283997816,0.9934731174023007
0.8313647845975285,0.9934731174023007
0.831421548545678,0.9934731174023007
0.8314783202458177,0.9934731174023007
0.8315350996995357,0.9934731174023007
0.8315918869084205,0.9934731174023007
0.8316486818740609,0.9934731174023007
0.8317054845980466,0.9934731174023007
0.8317622950819672,0.9934731174023007
0.8318191133274131,0.9934731174023007
0.8318759393359748,0.9934731174023007
0.8318644530983125,0.9933915313698295
0.8319212899699372,0.9933915313698295
0.8319781346088145,0.9933915313698295
0.8320349870165369,0.9933915313698295
0.8320918471946969,0.9933915313698295
0.8321487151448879,0.9933915313698295
0.8322055908687035,0.9933915313698295
0.8322624743677375,0.9933915313698295
0.8323193656435847,0.9933915313698295
0.8323762646978398,0.9933915313698295
0.8324331715320982,0.9933915313698295
0.8324900861479557,0.9933915313698295
0.8325470085470086,0.9933915313698295
0.8326039387308534,0.9933915313698295
0.8326608767010873,0.9933915313698295
0.8327178224593079,0.9933915313698295
0.832774776007113,0.9933915313698295
0.8328317373461013,0.9933915313698295
0.8328887064778713,0.9933915313698295
0.8329456834040224,0.9933915313698295
0.8330026681261545,0.9933915313698295
0.8330596606458676,0.9933915313698295
0.8331166609647622,0.9933915313698295
0.8331736690844396,0.9933915313698295
0.8332306850065011,0.9933915313698295
0.8332877087325485,0.9933915313698295
0.8333447402641845,0.9933915313698295
0.8334017796030116,0.9933915313698295
0.8334588267506332,0.9933915313698295
0.8335158817086528,0.9933915313698295
0.8335729444786746,0.9933915313698295
0.8336300150623032,0.9933915313698295
0.8336870934611434,0.9933915313698295
0.8337441796768009,0.9933915313698295
0.8338012737108813,0.9933915313698295
0.8338583755649911,0.9933915313698295
0.8339154852407369,0.9933915313698295
0.8339726027397261,0.9933915313698295
0.834029728063566,0.9933915313698295
0.8340868612138649,0.9933915313698295
0.8341440021922313,0.9933915313698295
0.834201151000274,0.9933915313698295
0.8342583076396026,0.9933915313698295
0.8343154721118268,0.9933915313698295
0.8343726444185569,0.9933915313698295
0.8344298245614035,0.9933915313698295
0.8344870125419779,0.9933915313698295
0.8345442083618917,0.9933915313698295
0.8346014120227568,0.9933915313698295
0.8346586235261859,0.9933915313698295
0.8347158428737917,0.9933915313698295
0.8347730700671877,0.9933915313698295
0.8348303051079876,0.9933915313698295
0.8348875479978058,0.9933915313698295
0.8349447987382569,0.9933915313698295
0.835002057330956,0.9933915313698295
0.8350593237775187,0.9933915313698295
0.8351165980795611,0.9933915313698295
0.8351738802386995,0.9933915313698295
0.8352311702565509,0.9933915313698295
0.8352884681347328,0.9933915313698295
0.8353457738748628,0.9933915313698295
0.8353344768439108,0.9933099453373583
0.8353917936050501,0.9933099453373583
0.8354491182323475,0.9933099453373583
0.8355064507274225,0.9933099453373583
0.8355637910918948,0.9933099453373583
0.835621139327385,0.9933099453373583
0.8356098565447182,0.993228359304887
0.835667215815486,0.993228359304887
0.8357245829614883,0.993228359304887
0.8357819579843471,0.993228359304887
0.8358393408856849,0.993228359304887
0.8358967316671244,0.993228359304887
0.8359541303302891,0.993228359304887
0.8360115368768026,0.993228359304887
0.8360689513082893,0.993228359304887
0.8361263736263737,0.993228359304887
0.8361838038326808,0.993228359304887
0.8362412419288364,0.993228359304887
0.8362986879164663,0.993228359304887
0.8363561417971971,0.993228359304887
0.8364136035726555,0.993228359304887
0.8364710732444689,0.993228359304887
0.8365285508142651,0.993228359304887
0.8365860362836723,0.993228359304887
0.8366435296543193,0.993228359304887
0.8367010309278351,0.993228359304887
0.8367585401058492,0.993228359304887
0.8368160571899917,0.993228359304887
0.8368735821818932,0.993228359304887
0.8369311150831844,0.993228359304887
0.8369886558954968,0.993228359304887
0.8370462046204621,0.993228359304887
0.8371037612597125,0.993228359304887
0.837161325814881,0.993228359304887
0.8372188982876005,0.993228359304887
0.8372764786795048,0.993228359304887
0.8373340669922278,0.993228359304887
0.837391663227404,0.993228359304887
0.8374492673866685,0.993228359304887
0.8375068794716566,0.993228359304887
0.8375644994840041,0.993228359304887
0.8376221274253475,0.993228359304887
0.8376797632973233,0.993228359304887
0.837737407101569,0.993228359304887
0.8377950588397219,0.993228359304887
0.8378527185134205,0.993228359304887
0.8379103861243031,0.993228359304887
0.8379680616740088,0.993228359304887
0.838025745164177,0.993228359304887
0.8380834365964478,0.993228359304887
0.8381411359724613,0.993228359304887
0.8381988432938584,0.993228359304887
0.8382565585622805,0.993228359304887
0.8382454207409448,0.9931467732724157
0.8383031471661732,0.9931467732724157
0.8383608815426997,0.9931467732724157
0.8384186238721675,0.9931467732724157
0.8384763741562199,0.9931467732724157
0.8385341323965007,0.9931467732724157
0.8385918985946542,0.9931467732724157
0.8386496727523252,0.9931467732724157
0.8387074548711588,0.9931467732724157
0.8387652449528009,0.9931467732724157
0.8388230429988974,0.9931467732724157
0.838880849011095,0.9931467732724157
0.8389386629910407,0.9931467732724157
0.8389964849403818,0.9931467732724157
0.8390543148607664,0.9931467732724157
0.839112152753843,0.9931467732724157
0.8391699986212602,0.9931467732724157
0.8392278524646674,0.9931467732724157
0.8392857142857143,0.9931467732724157
0.8393435840860511,0.9931467732724157
0.8394014618673287,0.9931467732724157
0.8394593476311979,0.9931467732724157
0.8395172413793104,0.9931467732724157
0.8395751431133182,0.9931467732724157
0.8396330528348738,0.9931467732724157
0.8396909705456301,0.9931467732724157
0.8397488962472406,0.9931467732724157
0.8398068299413591,0.9931467732724157
0.8398647716296399,0.9931467732724157
0.8399227213137377,0.9931467732724157
0.8399806789953077,0.9931467732724157
0.8400386446760058,0.9931467732724157
0.840096618357488,0.9931467732724157
0.8401546000414107,0.9931467732724157
0.8402125897294312,0.9931467732724157
0.8402015600193277,0.9930651872399445
0.8402595609554052,0.9930651872399445
0.8403175698998965,0.9930651872399445
0.8403755868544601,0.9930651872399445
0.8404336118207554,0.9930651872399445
0.8404916448004419,0.9930651872399445
0.8405496857951799,0.9930651872399445
0.8406077348066299,0.9930651872399445
0.8406657918364528,0.9930651872399445
0.8407238568863102,0.9930651872399445
0.8407819299578642,0.9930651872399445
0.8407709311964631,0.9929836012074733
0.8408290155440414,0.9929836012074733
0.8408871079176454,0.9929836012074733
0.8409452083189387,0.9929836012074733
0.8410033167495854,0.9929836012074733
0.84106143321125,0.9929836012074733
0.8411195577055978,0.9929836012074733
0.841177690234294,0.9929836012074733
0.8412358307990047,0.9929836012074733
0.8412939794013963,0.9929836012074733
0.8413521360431356,0.9929836012074733
0.8414103007258901,0.9929836012074733
0.8414684734513275,0.9929836012074733
0.8415266542211159,0.9929836012074733
0.8415848430369244,0.9929836012074733
0.8416430399004218,0.9929836012074733
0.841701244813278,0.9929836012074733
0.841759457777163,0.9929836012074733
0.8418176787937474,0.9929836012074733
0.8418759078647022,0.9929836012074733
0.8418649695628113,0.9929020151750021
0.8419232099619509,0.9929020151750021
0.8419814584198145,0.9929020151750021
0.8420397149380752,0.9929020151750021
0.8420979795184057,0.9929020151750021
0.8421562521624801,0.9929020151750021
0.8422145328719723,0.9929020151750021
0.842272821648557,0.9929020151750021
0.8423311184939092,0.9929020151750021
0.8423894234097045,0.9929020151750021
0.8424477363976187,0.9929020151750021
0.8425060574593285,0.9929020151750021
0.8425643865965107,0.9929020151750021
0.8426227238108426,0.9929020151750021
0.8426810691040022,0.9929020151750021
0.8427394224776678,0.9929020151750021
0.842797783933518,0.9929020151750021
0.8428561534732322,0.9929020151750021
0.8429145310984901,0.9929020151750021
0.8429729168109719,0.9929020151750021
0.843031310612358,0.9929020151750021
0.8430897125043297,0.9929020151750021
0.8431481224885686,0.9929020151750021
0.8432065405667567,0.9929020151750021
0.8432649667405765,0.9929020151750021
0.8433234010117109,0.9929020151750021
0.8433818433818434,0.9929020151750021
0.8434402938526578,0.9929020151750021
0.8434987524258386,0.9929020151750021
0.8435572191030706,0.9929020151750021
0.8436156938860391,0.9929020151750021
0.8436741767764299,0.9929020151750021
0.843732667775929,0.9929020151750021
0.8437911668862234,0.9929020151750021
0.8438496741090001,0.9929020151750021
0.8439081894459469,0.9929020151750021
0.8439667128987517,0.9929020151750021
0.8440252444691033,0.9929020151750021
0.8440837841586906,0.9929020151750021
0.8441423319692031,0.9929020151750021
0.8442008879023307,0.9929020151750021
0.8442594519597642,0.9929020151750021
0.8443180241431941,0.9929020151750021
0.8443766044543121,0.9929020151750021
0.8444351928948098,0.9929020151750021
0.8444937894663799,0.9929020151750021
0.8445523941707148,0.9929020151750021
0.844611007009508,0.9929020151750021
0.8446696279844531,0.9929020151750021
0.8447282570972444,0.9929020151750021
0.8447868943495765,0.9929020151750021
0.8448455397431447,0.9929020151750021
0.8449041932796445,0.9929020151750021
0.8449628549607721,0.9929020151750021
0.8450215247882239,0.9929020151750021
0.845080202763697,0.9929020151750021
0.8451388888888889,0.9929020151750021
0.8451975831654976,0.9929020151750021
0.8452562855952216,0.9929020151750021
0.8453149961797597,0.9929020151750021
0.8453737149208114,0.9929020151750021
0.8454324418200764,0.9929020151750021
0.8454911768792552,0.9929020151750021
0.8455499201000486,0.9929020151750021
0.8456086714841579,0.9929020151750021
0.8456674310332847,0.9929020151750021
0.8457261987491314,0.9929020151750021
0.8457849746334005,0.9929020151750021
0.8458437586877954,0.9929020151750021
0.8459025509140196,0.9929020151750021
0.8459613513137773,0.9929020151750021
0.846020159888773,0.9929020151750021
0.8460789766407119,0.9929020151750021
0.8461378015712995,0.9929020151750021
0.846127103323599,0.9928204291425308
0.8461859397816563,0.9928204291425308
0.8462447844228095,0.9928204291425308
0.8463036372487656,0.9928204291425308
0.8462929475587704,0.9927388431100596
0.8463518119218195,0.9927388431100596
0.8464106844741235,0.9927388431100596
0.8464695652173913,0.9927388431100596
0.8465284541533324,0.9927388431100596
0.8465873512836568,0.9927388431100596
0.8466462566100752,0.9927388431100596
0.8467051701342982,0.9927388431100596
0.8467640918580376,0.9927388431100596
0.8468230217830051,0.9927388431100596
0.8468819599109132,0.9927388431100596
0.8469409062434746,0.9927388431100596
0.8469998607824029,0.9927388431100596
0.8470588235294118,0.9927388431100596
0.8471177944862155,0.9927388431100596
0.847176773654529,0.9927388431100596
0.8472357610360673,0.9927388431100596
0.8472947566325465,0.9927388431100596
0.8473537604456824,0.9927388431100596
0.847412772477192,0.9927388431100596
0.8474717927287924,0.9927388431100596
0.847530821202201,0.9927388431100596
0.8475898578991362,0.9927388431100596
0.8476489028213167,0.9927388431100596
0.8477079559704612,0.9927388431100596
0.8477670173482895,0.9927388431100596
0.8478260869565217,0.9927388431100596
0.8478851647968783,0.9927388431100596
0.8479442508710802,0.9927388431100596
0.8480033451808489,0.9927388431100596
0.8480624477279063,0.9927388431100596
0.8481215585139751,0.9927388431100596
0.848180677540778,0.9927388431100596
0.8482398048100384,0.9927388431100596
0.8482989403234802,0.9927388431100596
0.8483580840828279,0.9927388431100596
0.8484172360898061,0.9927388431100596
0.8484763963461405,0.9927388431100596
0.8485355648535565,0.9927388431100596
0.8485947416137806,0.9927388431100596
0.8486539266285396,0.9927388431100596
0.8487131198995606,0.9927388431100596
0.8487723214285714,0.9927388431100596
0.8488315312173003,0.9927388431100596
0.848890749267476,0.9927388431100596
0.8489499755808274,0.9927388431100596
0.8490092101590846,0.9927388431100596
0.8490684530039774,0.9927388431100596
0.8491277041172366,0.9927388431100596
0.8491869635005932,0.9927388431100596
0.8492462311557789,0.9927388431100596
0.8493055070845257,0.9927388431100596
0.8493647912885662,0.9927388431100596
0.8494240837696335,0.9927388431100596
0.849483384529461,0.9927388431100596
0.8495426935697828,0.9927388431100596
0.8496020108923334,0.9927388431100596
0.8496613364988479,0.9927388431100596
0.8497206703910615,0.9927388431100596
0.8497800125707102,0.9927388431100596
0.8498393630395307,0.9927388431100596
0.8498987217992596,0.9927388431100596
0.8499580888516345,0.9927388431100596
0.8500174641983933,0.9927388431100596
0.8500768478412742,0.9927388431100596
0.8501362397820164,0.9927388431100596
0.8501956400223588,0.9927388431100596
0.8502550485640417,0.9927388431100596
0.8503144654088051,0.9927388431100596
0.8503738905583899,0.9927388431100596
0.8504333240145373,0.9927388431100596
0.8504927657789894,0.9927388431100596
0.8505522158534881,0.9927388431100596
0.8506116742397763,0.9927388431100596
0.8506711409395973,0.9927388431100596
0.8507306159546948,0.9927388431100596
0.850790099286813,0.9927388431100596
0.8508495909376966,0.9927388431100596
0.850909090909091,0.9927388431100596
0.8509685992027415,0.9927388431100596
0.8510281158203945,0.9927388431100596
0.8510876407637966,0.9927388431100596
0.851147174034695,0.9927388431100596
0.8512067156348374,0.9927388431100596
0.8512662655659717,0.9927388431100596
0.8513258238298468,0.9927388431100596
0.8513853904282116,0.9927388431100596
0.8514449653628158,0.9927388431100596
0.8515045486354094,0.9927388431100596
0.8515641402477431,0.9927388431100596
0.8516237402015677,0.9927388431100596
0.8516833484986351,0.9927388431100596
0.8517429651406971,0.9927388431100596
0.8518025901295064,0.9927388431100596
0.8518622234668161,0.9927388431100596
0.8519218651543793,0.9927388431100596
0.8519815151939504,0.9927388431100596
0.8520411735872838,0.9927388431100596
0.8521008403361344,0.9927388431100596
0.8521605154422579,0.9927388431100596
0.85222019890741,0.9927388431100596
0.8522798907333473,0.9927388431100596
0.8523395909218269,0.9927388431100596
0.8523992994746059,0.9927388431100596
0.8524590163934426,0.9927388431100596
0.8525187416800953,0.9927388431100596
0.8525784753363229,0.9927388431100596
0.8526382173638848,0.9927388431100596
0.852697967764541,0.9927388431100596
0.8527577265400519,0.9927388431100596
0.8528174936921783,0.9927388431100596
0.8528772692226817,0.9927388431100596
0.852937053133324,0.9927388431100596
0.8529968454258675,0.9927388431100596
0.8530566461020751,0.9927388431100596
0.8531164551637103,0.9927388431100596
0.8531762726125368,0.9927388431100596
0.853236098450319,0.9927388431100596
0.8532959326788219,0.9927388431100596
0.8533557752998107,0.9927388431100596
0.8534156263150512,0.9927388431100596
0.8534754857263099,0.9927388431100596
0.8535353535353535,0.9927388431100596
0.8535952297439495,0.9927388431100596
0.8536551143538655,0.9927388431100596
0.8537150073668701,0.9927388431100596
0.8537047431939377,0.9926572570775883
0.8537646480948705,0.9926572570775883
0.8538245614035088,0.9926572570775883
0.8538844831216226,0.9926572570775883
0.8539444132509826,0.9926572570775883
0.85400435179336,0.9926572570775883
0.8540642987505265,0.9926572570775883
0.8541242541242541,0.9926572570775883
0.8541842179163156,0.9926572570775883
0.8542441901284842,0.9926572570775883
0.8543041707625334,0.9926572570775883
0.8543641598202374,0.9926572570775883
0.8544241573033707,0.9926572570775883
0.8544841632137088,0.9926572570775883
0.8545441775530271,0.9926572570775883
0.8546042003231018,0.9926572570775883
0.8546642315257095,0.9926572570775883
0.8547242711626273,0.9926572570775883
0.854784319235633,0.9926572570775883
0.8548443757465046,0.9926572570775883
0.8549044406970208,0.9926572570775883
0.8549645140889607,0.9926572570775883
0.855024595924104,0.9926572570775883
0.8550846862042308,0.9926572570775883
0.8551447849311218,0.9926572570775883
0.8552048921065579,0.9926572570775883
0.8552650077323211,0.9926572570775883
0.8553251318101933,0.9926572570775883
0.8553852643419573,0.9926572570775883
0.8554454053293961,0.9926572570775883
0.8555055547742934,0.9926572570775883
0.8555657126784333,0.9926572570775883
0.8556258790436005,0.9926572570775883
0.8556860538715803,0.9926572570775883
0.8557462371641581,0.9926572570775883
0.8558064289231202,0.9926572570775883
0.8557962858750704,0.9925756710451171
0.855856489623637,0.9925756710451171
0.8559167018432531,0.9925756710451171
0.8559769225357068,0.9925756710451171
0.8560371517027864,0.9925756710451171
0.8560973893462811,0.9925756710451171
0.8560872624912034,0.9924940850126458
0.8561475121401928,0.9924940850126458
0.8562077702702703,0.9924940850126458
0.8562680368832266,0.9924940850126458
0.8563283119808531,0.9924940850126458
0.856388595564942,0.9924940850126458
0.8564488876372852,0.9924940850126458
0.8565091881996761,0.9924940850126458
0.8565694972539079,0.9924940850126458
0.8566298148017745,0.9924940850126458
0.8566901408450704,0.9924940850126458
0.8567504753855906,0.9924940850126458
0.8568108184251303,0.9924940850126458
0.8568711699654856,0.9924940850126458
0.8569315300084531,0.9924940850126458
0.8569918985558295,0.9924940850126458
0.8570522756094124,0.9924940850126458
0.8571126611709998,0.9924940850126458
0.8571730552423901,0.9924940850126458
0.8572334578253823,0.9924940850126458
0.857293868921776,0.9924940850126458
0.8573542885333709,0.9924940850126458
0.8573442345644207,0.9924124989801746
0.8574046662437442,0.9924124989801746
0.8574651064429719,0.9924124989801746
0.8575255551639055,0.9924124989801746
0.8575860124083474,0.9924124989801746
0.8576464781781006,0.9924124989801746
0.8577069524749683,0.9924124989801746
0.8577674353007545,0.9924124989801746
0.8578279266572637,0.9924124989801746
0.8578884265463008,0.9924124989801746
0.8579489349696713,0.9924124989801746
0.8580094519291811,0.9924124989801746
0.8580699774266366,0.9924124989801746
0.8581305114638448,0.9924124989801746
0.8581910540426132,0.9924124989801746
0.8582516051647499,0.9924124989801746
0.8583121648320632,0.9924124989801746
0.8583727330463623,0.9924124989801746
0.8584333098094566,0.9924124989801746
0.8585544889892716,0.9924124989801746
0.8586150914096139,0.9924124989801746
0.8586757023859947,0.9924124989801746
0.8587363219202259,0.9924124989801746
0.8587969500141203,0.9924124989801746
0.858857586669491,0.9924124989801746
0.8589182318881514,0.9924124989801746
0.8589788856719158,0.9924124989801746
0.8590395480225989,0.9924124989801746
0.8591002189420157,0.9924124989801746
0.859160898431982,0.9924124989801746
0.8592215864943138,0.9924124989801746
0.8592822831308279,0.9924124989801746
0.8593429883433416,0.9924124989801746
0.8594037021336725,0.9924124989801746
0.8594644245036388,0.9924124989801746
0.8595251554550594,0.9924124989801746
0.8595858949897534,0.9924124989801746
0.8596466431095406,0.9924124989801746
0.8597073998162414,0.9924124989801746
0.8597681651116765,0.9924124989801746
0.8598289389976673,0.9924124989801746
0.8598897214760356,0.9924124989801746
0.8599505125486038,0.9924124989801746
0.8600113122171946,0.9924124989801746
0.8600721204836315,0.9924124989801746
0.8601329373497384,0.9924124989801746
0.8601937628173396,0.9924124989801746
0.8602545968882602,0.9924124989801746
0.8603154395643257,0.9924124989801746
0.8603762908473617,0.9924124989801746
0.860437150739195,0.9924124989801746
0.8604980192416525,0.9924124989801746
0.8605588963565617,0.9924124989801746
0.8606197820857506,0.9924124989801746
0.860680676431048,0.9924124989801746
0.8607415793942825,0.9924124989801746
0.860802490977284,0.9924124989801746
0.8608634111818825,0.9924124989801746
0.8609243400099087,0.9924124989801746
0.8609852774631936,0.9924124989801746
0.8610462235435691,0.9924124989801746
0.8611071782528671,0.9924124989801746
0.8611681415929203,0.9924124989801746
0.8612291135655622,0.9924124989801746
0.8612900941726263,0.9924124989801746
0.8613510834159468,0.9924124989801746
0.8614120812973586,0.9924124989801746
0.8614730878186969,0.9924124989801746
0.8615341029817976,0.9924124989801746
0.8615951267884969,0.9924124989801746
0.8616561592406319,0.9924124989801746
0.8617172003400396,0.9924124989801746
0.8617782500885582,0.9924124989801746
0.861839308488026,0.9924124989801746
0.861900375540282,0.9924124989801746
0.8619614512471655,0.9924124989801746
0.8620225356105167,0.9924124989801746
0.8620836286321758,0.9924124989801746
0.862144730313984,0.9924124989801746
0.8622058406577828,0.9924124989801746
0.8622669596654143,0.9924124989801746
0.8623280873387211,0.9924124989801746
0.8623892236795463,0.9924124989801746
0.8624503686897335,0.9924124989801746
0.8625115223711267,0.9924124989801746
0.8625726847255708,0.9924124989801746
0.862633855754911,0.9924124989801746
0.8626950354609929,0.9924124989801746
0.8627562238456629,0.9924124989801746
0.8628174209107675,0.9924124989801746
0.8628786266581542,0.9924124989801746
0.8629398410896708,0.9924124989801746
0.8630010642071657,0.9924124989801746
0.8630622960124876,0.9924124989801746
0.863123536507486,0.9924124989801746
0.8631138234459268,0.9923309129477034
0.8631750762898304,0.9923309129477034
0.8632363378282469,0.9923309129477034
0.8632976080630279,0.9923309129477034
0.863358886996025,0.9923309129477034
0.8634201746290906,0.9923309129477034
0.8634814709640778,0.9923309129477034
0.8635427760028399,0.9923309129477034
0.8636040897472309,0.9923309129477034
0.8636654121991053,0.9923309129477034
0.8636557307200682,0.9922493269152322
0.8637170655493218,0.9922493269152322
0.8637784090909091,0.9922493269152322
0.8638397613466866,0.9922493269152322
0.8639011223185111,0.9922493269152322
0.8639624920082404,0.9922493269152322
0.8640238704177323,0.9922493269152322
0.8640852575488455,0.9922493269152322
0.864146653403439,0.9922493269152322
0.8642080579833724,0.9922493269152322
0.864269471290506,0.9922493269152322
0.8643308933267003,0.9922493269152322
0.8643923240938166,0.9922493269152322
0.8644537635937167,0.9922493269152322
0.8645152118282627,0.9922493269152322
0.8645766687993176,0.9922493269152322
0.8645670410919949,0.9921677408827608
0.8646285104870245,0.9921677408827608
0.8646899886234357,0.9921677408827608
0.8647514755030932,0.9921677408827608
0.8648129711278624,0.9921677408827608
0.8648744754996088,0.9921677408827608
0.8649359886201992,0.9921677408827608
0.8649975104915001,0.9921677408827608
0.8650590411153791,0.9921677408827608
0.8651205804937042,0.9921677408827608
0.8651821286283438,0.9921677408827608
0.8652436855211668,0.9921677408827608
0.865305251174043,0.9921677408827608
0.8653668255888423,0.9921677408827608
0.8654284087674352,0.9921677408827608
0.8654900007116931,0.9921677408827608
0.8655516014234875,0.9921677408827608
0.8656132109046907,0.9921677408827608
0.8656748291571754,0.9921677408827608
0.8657364561828148,0.9921677408827608
0.8657980919834828,0.9921677408827608
0.8658597365610537,0.9921677408827608
0.8659213899174024,0.9921677408827608
0.8659830520544043,0.9921677408827608
0.8660447229739353,0.9921677408827608
0.866106402677872,0.9921677408827608
0.8661680911680911,0.9921677408827608
0.8662297884464706,0.9921677408827608
0.8662914945148882,0.9921677408827608
0.8663532093752226,0.9921677408827608
0.8664149330293531,0.9921677408827608
0.8664766654791592,0.9921677408827608
0.8665384067265213,0.9921677408827608
0.86660015677332,0.9921677408827608
0.8666619156214367,0.9921677408827608
0.8667236832727532,0.9921677408827608
0.8667854597291518,0.9921677408827608
0.8668472449925155,0.9921677408827608
0.8669090390647277,0.9921677408827608
0.8669708419476724,0.9921677408827608
0.867032653643234,0.9921677408827608
0.8670944741532977,0.9921677408827608
0.867156303479749,0.9921677408827608
0.8672181416244741,0.9921677408827608
0.8672799885893596,0.9921677408827608
0.8673418443762927,0.9921677408827608
0.8674037089871612,0.9921677408827608
0.8674655824238533,0.9921677408827608
0.8675274646882579,0.9921677408827608
0.8675893557822644,0.9921677408827608
0.8676512557077626,0.9921677408827608
0.8677131644666429,0.9921677408827608
0.8677750820607963,0.9921677408827608
0.8678370084921144,0.9921677408827608
0.8678989437624893,0.9921677408827608
0.8678895153807723,0.9920861548502896
0.8679514632405425,0.9920861548502896
0.8680134199443215,0.9920861548502896
0.8680753854940034,0.9920861548502896
0.8681373598914829,0.9920861548502896
0.8681993431386549,0.9920861548502896
0.8682613352374152,0.9920861548502896
0.8683233361896601,0.9920861548502896
0.8683853459972863,0.9920861548502896
0.8684473646621911,0.9920861548502896
0.8685093921862724,0.9920861548502896
0.8685714285714285,0.9920861548502896
0.8686334738195586,0.9920861548502896
0.8686955279325618,0.9920861548502896
0.8686861470315067,0.9920045688178184
0.8687482137753644,0.9920045688178184
0.8688102893890676,0.9920045688178184
0.8688723738745177,0.9920045688178184
0.8689344672336168,0.9920045688178184
0.8689965694682675,0.9920045688178184
0.869058680580373,0.9920045688178184
0.869120800571837,0.9920045688178184
0.8691829294445635,0.9920045688178184
0.8692450672004576,0.9920045688178184
0.8693072138414242,0.9920045688178184
0.8693693693693694,0.9920045688178184
0.8694315337861995,0.9920045688178184
0.8694937070938215,0.9920045688178184
0.8695558892941428,0.9920045688178184
0.8696180803890716,0.9920045688178184
0.8696802803805164,0.9920045688178184
0.8697424892703862,0.9920045688178184
0.8698047070605909,0.9920045688178184
0.8698669337530405,0.9920045688178184
0.8699291693496458,0.9920045688178184
0.8699198626216371,0.9919229827853472
0.8699821109123435,0.9919229827853472
0.8700443681122084,0.9919229827853472
0.8701066342231446,0.9919229827853472
0.8701689092470656,0.9919229827853472
0.870231193185885,0.9919229827853472
0.8702934860415176,0.9919229827853472
0.870355787815878,0.9919229827853472
0.870418098510882,0.9919229827853472
0.8704804181284457,0.9919229827853472
0.8705427466704855,0.9919229827853472
0.8706050841389187,0.9919229827853472
0.8706674305356631,0.9919229827853472
0.8707297858626369,0.9919229827853472
0.870792150121759,0.9919229827853472
0.8708545233149488,0.9919229827853472
0.870916905444126,0.9919229827853472
0.8709792965112114,0.9919229827853472
0.8710416965181258,0.9919229827853472
0.8711041054667908,0.9919229827853472
0.8711665233591287,0.9919229827853472
0.871228950197062,0.9919229827853472
0.871291385982514,0.9919229827853472
0.8713538307174085,0.9919229827853472
0.8714162844036697,0.9919229827853472
0.8714787470432227,0.9919229827853472
0.8715412186379928,0.9919229827853472
0.8716036991899061,0.9919229827853472
0.871666188700889,0.9919229827853472
0.8717286871728687,0.9919229827853472
0.8717911946077729,0.9919229827853472
0.8718537110075296,0.9919229827853472
0.8718445209409065,0.9918413967528759
0.8719070501326831,0.9918413967528759
0.8719695882943623,0.9918413967528759
0.8720321354278746,0.9918413967528759
0.8720946915351506,0.9918413967528759
0.8721572566181218,0.9918413967528759
0.87221983067872,0.9918413967528759
0.8722824137188778,0.9918413967528759
0.8722732491389208,0.9917598107204046
0.8723358449946179,0.9917598107204046
0.8723984498349361,0.9917598107204046
0.8724610636618101,0.9917598107204046
0.8725236864771748,0.9917598107204046
0.8725863182829661,0.9917598107204046
0.8726489590811198,0.9917598107204046
0.8727116088735731,0.9917598107204046
0.8727742676622631,0.9917598107204046
0.8728369354491275,0.9917598107204046
0.8728996122361051,0.9917598107204046
0.8729622980251347,0.9917598107204046
0.8730249928181557,0.9917598107204046
0.8730876966171084,0.9917598107204046
0.8731504094239333,0.9917598107204046
0.8732131312405718,0.9917598107204046
0.8732758620689656,0.9917598107204046
0.8733386019110568,0.9917598107204046
0.8734013507687887,0.9917598107204046
0.8734641086441043,0.9917598107204046
0.8735268755389479,0.9917598107204046
0.8735896514552641,0.9917598107204046
0.8736524363949978,0.9917598107204046
0.8737152303600949,0.9917598107204046
0.8737780333525015,0.9917598107204046
0.8738408453741643,0.9917598107204046
0.8739036664270309,0.9917598107204046
0.8738946006183047,0.9916782246879334
0.8739574345700316,0.9916782246879334
0.8740202775580643,0.9916782246879334
0.8740831295843521,0.9916782246879334
0.874145990650845,0.9916782246879334
0.8742088607594937,0.9916782246879334
0.8741998129900022,0.9915966386554622
0.8742626960149619,0.9915966386554622
0.874325588087188,0.9915966386554622
0.8743884892086331,0.9915966386554622
0.8744513993812505,0.9915966386554622
0.8745143186069938,0.9915966386554622
0.8745772468878175,0.9915966386554622
0.8746401842256765,0.9915966386554622
0.8746311622885931,0.9915150526229909
0.8746941125665755,0.9915150526229909
0.8747570719067156,0.9915150526229909
0.8748200403109704,0.9915150526229909
0.8748830177812973,0.9915150526229909
0.8749460043196544,0.9915150526229909
0.8750089999280006,0.9915150526229909
0.875,0.9914334665905197
0.8750630085691654,0.9914334665905197
0.8751260262134524,0.9914334665905197
0.8751890529348217,0.9914334665905197
0.8752520887352349,0.9914334665905197
0.8753151336166535,0.9914334665905197
0.8753781875810402,0.9914334665905197
0.875441250630358,0.9914334665905197
0.8755043227665706,0.9914334665905197
0.875567403991642,0.9914334665905197
0.8756304943075371,0.9914334665905197
0.8756215320314189,0.9913518805580485
0.875684635341597,0.9913518805580485
0.8757477477477478,0.9913518805580485
0.8758108692518379,0.9913518805580485
0.875873999855835,0.9913518805580485
0.875937139561707,0.9913518805580485
0.8759281955158243,0.9912702945255772
0.8759913482335977,0.9912702945255772
0.8760545100584036,0.9912702945255772
0.8761176809922123,0.9912702945255772
0.8761808610369943,0.9912702945255772
0.8762440501947208,0.9912702945255772
0.8763072484673639,0.9912702945255772
0.8762983266012695,0.991188708493106
0.876361537906658,0.991188708493106
0.876424758332131,0.991188708493106
0.8764879878796623,0.991188708493106
0.8765512265512265,0.991188708493106
0.8766144743487986,0.991188708493106
0.8766777312743541,0.991188708493106
0.8767409973298694,0.991188708493106
0.8768042725173211,0.991188708493106
0.8768675568386864,0.991188708493106
0.8769308502959434,0.991188708493106
0.8769941528910705,0.991188708493106
0.8770574646260468,0.991188708493106
0.8771207855028518,0.991188708493106
0.8771841155234658,0.991188708493106
0.8772474546898693,0.991188708493106
0.877310803004044,0.991188708493106
0.8773741604679715,0.991188708493106
0.8774375270836343,0.991188708493106
0.8775009028530155,0.991188708493106
0.8775642877780988,0.991188708493106
0.8776276818608683,0.991188708493106
0.8776910851033087,0.991188708493106
0.8777544975074055,0.991188708493106
0.8778179190751445,0.991188708493106
0.8778813498085122,0.991188708493106
0.8779447897094956,0.991188708493106
0.8780082387800824,0.991188708493106
0.8780716970222607,0.991188708493106
0.8780628839898807,0.9911071224606347
0.8781263553563684,0.9911071224606347
0.8781898358996603,0.9911071224606347
0.8782533256217466,0.9911071224606347
0.8783168245246186,0.9911071224606347
0.8783803326102675,0.9911071224606347
0.8784438498806855,0.9911071224606347
0.8785073763378652,0.9911071224606347
0.8785709119837998,0.9911071224606347
0.8786344568204831,0.9911071224606347
0.878625678119349,0.9910255364281635
0.8786892361111112,0.9910255364281635
0.8786804601027274,0.9909439503956923
0.8787440312545218,0.9909439503956923
0.8788076116055278,0.9909439503956923
0.8788712011577424,0.9909439503956923
0.878934799913163,0.9909439503956923
0.8789984078737878,0.9909439503956923
0.8790620250416153,0.9909439503956923
0.8791256514186451,0.9909439503956923
0.8791892870068766,0.9909439503956923
0.8792529318083104,0.9909439503956923
0.8793165858249475,0.9909439503956923
0.8793802490587894,0.9909439503956923
0.8794439215118384,0.9909439503956923
0.879507603186097,0.9909439503956923
0.8795712940835687,0.9909439503956923
0.8796349942062572,0.9909439503956923
0.8796987035561672,0.9909439503956923
0.8797624221353035,0.9909439503956923
0.8798261499456719,0.9909439503956923
0.8798898869892785,0.9909439503956923
0.8799536332681301,0.9909439503956923
0.8800173887842342,0.9909439503956923
0.8800811535395986,0.9909439503956923
0.8801449275362319,0.9909439503956923
0.8802087107761432,0.9909439503956923
0.8802725032613422,0.9909439503956923
0.8803363049938392,0.9909439503956923
0.8804001159756452,0.9909439503956923
0.8804639362087713,0.9909439503956923
0.8805277656952298,0.9909439503956923
0.8805916044370333,0.9909439503956923
0.8806554524361949,0.9909439503956923
0.8807193096947284,0.9909439503956923
0.8807831762146483,0.9909439503956923
0.8808470519979694,0.9909439503956923
0.8809109370467073,0.9909439503956923
0.880974831362878,0.9909439503956923
0.8810387349484985,0.9909439503956923
0.8811026478055858,0.9909439503956923
0.8811665699361578,0.9909439503956923
0.8811579481970544,0.9908623643632211
0.8812218836163112,0.9908623643632211
0.8812858283143459,0.9908623643632211
0.8813497822931785,0.9908623643632211
0.8814137455548298,0.9908623643632211
0.8814777181013209,0.9908623643632211
0.8815416999346737,0.9908623643632211
0.8816056910569106,0.9908623643632211
0.8816696914700545,0.9908623643632211
0.8817337011761289,0.9908623643632211
0.8817977201771582,0.9908623643632211
0.881861748475167,0.9908623643632211
0.8819257860721806,0.9908623643632211
0.8819898329702252,0.9908623643632211
0.8820538891713269,0.9908623643632211
0.8821179546775131,0.9908623643632211
0.8821093920244062,0.9907807783307497
0.8821734708702601,0.9907807783307497
0.8821649110061751,0.9906991922982785
0.8822290031967451,0.9906991922982785
0.8822204461236649,0.9906176062658073
0.8822845516640023,0.9906176062658073
0.8823486665213284,0.9906176062658073
0.8824127906976744,0.9906176062658073
0.8824769241950723,0.9906176062658073
0.8825410670155546,0.9906176062658073
0.8826052191611543,0.9906176062658073
0.8825966850828729,0.9905360202333361
0.8826608505997819,0.9905360202333361
0.8827250254471426,0.9905360202333361
0.8827892096269905,0.9905360202333361
0.8828534031413613,0.9905360202333361
0.8829176059922915,0.9905360202333361
0.8829818181818182,0.9905360202333361
0.883046039711979,0.9905360202333361
0.8831102705848123,0.9905360202333361
0.8831745108023569,0.9905360202333361
0.8832387603666522,0.9905360202333361
0.8833030192797381,0.9905360202333361
0.8833672875436555,0.9905360202333361
0.8834315651604453,0.9905360202333361
0.8834958521321497,0.9905360202333361
0.8835601484608107,0.9905360202333361
0.8836244541484716,0.9905360202333361
0.8836887691971759,0.9905360202333361
0.8837530936089678,0.9905360202333361
0.8838174273858921,0.9905360202333361
0.8838817705299942,0.9905360202333361
0.88394612304332,0.9905360202333361
0.8840104849279161,0.9905360202333361
0.8840748561858297,0.9905360202333361
0.8841392368191087,0.9905360202333361
0.8842036268298011,0.9905360202333361
0.8842680262199563,0.9905360202333361
0.8843324349916236,0.9905360202333361
0.8843968531468531,0.9905360202333361
0.8844612806876958,0.9905360202333361
0.8845257176162028,0.9905360202333361
0.8845901639344262,0.9905360202333361
0.8846546196444185,0.9905360202333361
0.8847190847482329,0.9905360202333361
0.8847835592479231,0.9905360202333361
0.8848480431455433,0.9905360202333361
0.8848396501457726,0.9904544342008648
0.884904147532619,0.9904544342008648
0.8849686543227876,0.9904544342008648
0.885033170518335,0.9904544342008648
0.8850976961213182,0.9904544342008648
0.8851622311337951,0.9904544342008648
0.8852267755578241,0.9904544342008648
0.8852913293954642,0.9904544342008648
0.8853558926487748,0.9904544342008648
0.8854204653198162,0.9904544342008648
0.8854850474106492,0.9904544342008648
0.885549638923335,0.9904544342008648
0.8856142398599358,0.9904544342008648
0.885678850222514,0.9904544342008648
0.8857434700131329,0.9904544342008648
0.8858080992338563,0.9904544342008648
0.8857997664915354,0.9903728481683935
0.8858644092534481,0.9903728481683935
0.8859290614508831,0.9903728481683935
0.8859937230859062,0.9903728481683935
0.886058394160584,0.9903728481683935
0.8861230746769837,0.9903728481683935
0.8861147612790188,0.9902912621359223
0.8861794553551873,0.9902912621359223
0.8862441588785047,0.9902912621359223
0.8863088718510406,0.9902912621359223
0.886373594274865,0.9902912621359223
0.8864383261520485,0.9902912621359223
0.8865030674846626,0.9902912621359223
0.886567818274779,0.9902912621359223
0.8866325785244704,0.9902912621359223
0.8866973482358098,0.9902912621359223
0.8867621274108708,0.9902912621359223
0.8868269160517279,0.9902912621359223
0.886891714160456,0.9902912621359223
0.8869565217391304,0.9902912621359223
0.8870213387898276,0.9902912621359223
0.887086165314624,0.9902912621359223
0.8871510013155971,0.9902912621359223
0.8872158467948249,0.9902912621359223
0.887280701754386,0.9902912621359223
0.8873455661963594,0.9902912621359223
0.887410440122825,0.9902912621359223
0.8874753235358631,0.9902912621359223
0.8874670956420005,0.9902096761034511
0.8875319926873857,0.9902096761034511
0.8875968992248062,0.9902096761034511
0.8876618152563446,0.9902096761034511
0.8877267407840843,0.9902096761034511
0.887791675810109,0.9902096761034511
0.8878566203365033,0.9902096761034511
0.8879215743653522,0.9902096761034511
0.8879865378987416,0.9902096761034511
0.8880515109387576,0.9902096761034511
0.8881164934874872,0.9902096761034511
0.8881814855470179,0.9902096761034511
0.888246487119438,0.9902096761034511
0.888311498206836,0.9902096761034511
0.8883765188113014,0.9902096761034511
0.8884415489349242,0.9902096761034511
0.888506588579795,0.9902096761034511
0.888571637748005,0.9902096761034511
0.8886366964416459,0.9902096761034511
0.8887017646628103,0.9902096761034511
0.888766842413591,0.9902096761034511
0.888831929696082,0.9902096761034511
0.8888970265123773,0.9902096761034511
0.8889621328645719,0.9902096761034511
0.8890272487547612,0.9902096761034511
0.8890191194784265,0.9901280900709798
0.8890842490842491,0.9901280900709798
0.8891493882335703,0.9901280900709798
0.8892145369284877,0.9901280900709798
0.8892796951710998,0.9901280900709798
0.8893448629635058,0.9901280900709798
0.889410040307805,0.9901280900709798
0.8894019349164468,0.9900465040385086
0.8894671259986806,0.9900465040385086
0.8895323266383228,0.9900465040385086
0.8895242284290008,0.9899649180060374
0.8895894428152493,0.9899649180060374
0.8896546667644255,0.9899649180060374
0.8897199002786332,0.9899649180060374
0.8897851433599765,0.9899649180060374
0.8898503960105603,0.9899649180060374
0.88991565823249,0.9899649180060374
0.8899075839812234,0.9898833319735661
0.8899728599721265,0.9898833319735661
0.8900381455399061,0.9898833319735661
0.8901034406866701,0.9898833319735661
0.8901687454145267,0.9898833319735661
0.8902340597255851,0.9898833319735661
0.8902260052832404,0.9898017459410949
0.8902179496587657,0.9897201599086236
0.890283281960957,0.9897201599086236
0.890348623853211,0.9897201599086236
0.8904139753376394,0.9897201599086236
0.8904793364163547,0.9897201599086236
0.8905447070914697,0.9897201599086236
0.8906100873650981,0.9897201599086236
0.8906754772393539,0.9897201599086236
0.8907408767163522,0.9897201599086236
0.8908062857982083,0.9897201599086236
0.8908717044870382,0.9897201599086236
0.8909371327849589,0.9897201599086236
0.8910025706940874,0.9897201599086236
0.8910680182165418,0.9897201599086236
0.8911334753544407,0.9897201599086236
0.891198942109903,0.9897201599086236
0.8912644184850489,0.9897201599086236
0.8913299044819986,0.9897201599086236
0.8913954001028731,0.9897201599086236
0.8913874191651969,0.9896385738761524
0.8914529286396707,0.9896385738761524
0.8915184477436425,0.9896385738761524
0.8915839764792356,0.9896385738761524
0.8916495148485739,0.9896385738761524
0.8917150628537822,0.9896385738761524
0.8917806204969857,0.9896385738761524
0.8918461877803102,0.9896385738761524
0.8919117647058824,0.9896385738761524
0.8919773512758291,0.9896385738761524
0.8920429474922783,0.9896385738761524
0.8921085533573583,0.9896385738761524
0.892174168873198,0.9896385738761524
0.8922397940419272,0.9896385738761524
0.892305428865676,0.9896385738761524
0.8923710733465754,0.9896385738761524
0.892436727486757,0.9896385738761524
0.8925023912883526,0.9896385738761524
0.8925680647534953,0.9896385738761524
0.8926337478843182,0.9896385738761524
0.8926994406829556,0.9896385738761524
0.8927651431515419,0.9896385738761524
0.8928308552922126,0.9896385738761524
0.8928965771071035,0.9896385738761524
0.892962308598351,0.9896385738761524
0.8930280497680925,0.9896385738761524
0.8930938006184657,0.9896385738761524
0.8930859288712172,0.9895569878436812
0.8931516936671576,0.9895569878436812
0.8932174681493482,0.9895569878436812
0.8932832523199293,0.9895569878436812
0.8933490461810415,0.9895569878436812
0.8934148497348262,0.9895569878436812
0.8934806629834254,0.9895569878436812
0.8935464859289819,0.9895569878436812
0.8936123185736389,0.9895569878436812
0.8936781609195402,0.9895569878436812
0.8937440129688305,0.9895569878436812
0.8938098747236551,0.9895569878436812
0.8938757461861596,0.9895569878436812
0.8939416273584906,0.9895569878436812
0.8939338099800987,0.98947540181121
0.893999705145216,0.98947540181121
0.8939918908956874,0.9893938157787386
0.8940578000589796,0.9893938157787386
0.8941237189412372,0.9893938157787386
0.89418964754461,0.9893938157787386
0.8942555858712484,0.9893938157787386
0.8943215339233038,0.9893938157787386
0.894387491702928,0.9893938157787386
0.8944534592122731,0.9893938157787386
0.8945194364534926,0.9893938157787386
0.89458542342874,0.9893938157787386
0.8946514201401696,0.9893938157787386
0.8947174265899366,0.9893938157787386
0.8947834427801963,0.9893938157787386
0.8948494687131051,0.9893938157787386
0.8949155043908199,0.9893938157787386
0.8949815498154982,0.9893938157787386
0.8950476049892981,0.9893938157787386
0.8951136699143785,0.9893938157787386
0.8951797445928988,0.9893938157787386
0.895245829027019,0.9893938157787386
0.8953119232189,0.9893938157787386
0.8953780271707029,0.9893938157787386
0.8954441408845898,0.9893938157787386
0.8955102643627234,0.9893938157787386
0.8955763976072668,0.9893938157787386
0.8956425406203841,0.9893938157787386
0.8957086934042396,0.9893938157787386
0.8957748559609987,0.9893938157787386
0.8958410282928271,0.9893938157787386
0.8959072104018913,0.9893938157787386
0.8959734022903584,0.9893938157787386
0.8960396039603961,0.9893938157787386
0.8961058154141728,0.9893938157787386
0.8961720366538575,0.9893938157787386
0.89623826768162,0.9893938157787386
0.8963045084996305,0.9893938157787386
0.8963707591100599,0.9893938157787386
0.8964370195150798,0.9893938157787386
0.8965032897168626,0.9893938157787386
0.896569569717581,0.9893938157787386
0.8966358595194085,0.9893938157787386
0.8967021591245193,0.9893938157787386
0.8967684685350884,0.9893938157787386
0.896834787753291,0.9893938157787386
0.8969011167813031,0.9893938157787386
0.8969674556213018,0.9893938157787386
0.8970338042754642,0.9893938157787386
0.8971001627459684,0.9893938157787386
0.897166531034993,0.9893938157787386
0.8972329091447173,0.9893938157787386
0.8972992970773215,0.9893938157787386
0.897365694834986,0.9893938157787386
0.8973580996077851,0.9893122297462674
0.8974245115452931,0.9893122297462674
0.8974909333135963,0.9893122297462674
0.8975573649148779,0.9893122297462674
0.8976238063513213,0.9893122297462674
0.897690257625111,0.9893122297462674
0.8977567187384319,0.9893122297462674
0.8978231896934695,0.9893122297462674
0.8978896704924102,0.9893122297462674
0.8979561611374408,0.9893122297462674
0.8980226616307487,0.9893122297462674
0.8980891719745223,0.9893122297462674
0.8980816235834382,0.9892306437137962
0.8981481481481481,0.9892306437137962
0.8982146825690792,0.9892306437137962
0.898281226848422,0.9892306437137962
0.8983477809883678,0.9892306437137962
0.8984143449911085,0.9892306437137962
0.8984809188588366,0.9892306437137962
0.8985475025937454,0.9892306437137962
0.8986140961980286,0.9892306437137962
0.8986806996738809,0.9892306437137962
0.8987473130234972,0.9892306437137962
0.8988139362490734,0.9892306437137962
0.898880569352806,0.9892306437137962
0.898947212336892,0.9892306437137962
0.8990138652035293,0.9892306437137962
0.8990805279549162,0.9892306437137962
0.8991472005932518,0.9892306437137962
0.8992138831207357,0.9892306437137962
0.8992805755395683,0.9892306437137962
0.8993472778519508,0.9892306437137962
0.8994139900600846,0.9892306437137962
0.8994807121661721,0.9892306437137962
0.8995474441724164,0.9892306437137962
0.899614186081021,0.9892306437137962
0.8996809378941901,0.9892306437137962
0.8997476996141288,0.9892306437137962
0.8997402597402597,0.989149057681325
0.8998070357725991,0.989149057681325
0.8997995991983968,0.9890674716488537
0.8998663895486936,0.9890674716488537
0.8999331898151585,0.9890674716488537
0.9,0.9890674716488537
0.9000668201054273,0.9890674716488537
0.9001336501336501,0.9890674716488537
0.9002004900868791,0.9890674716488537
0.9002673399673251,0.9890674716488537
0.9003341997772002,0.9890674716488537
0.9004010695187166,0.9890674716488537
0.9004679491940875,0.9890674716488537
0.9005348388055266,0.9890674716488537
0.9006017383552485,0.9890674716488537
0.9006686478454681,0.9890674716488537
0.9007355672784011,0.9890674716488537
0.9008024966562639,0.9890674716488537
0.9008694359812737,0.9890674716488537
0.900936385255648,0.9890674716488537
0.9010033444816054,0.9890674716488537
0.9010703136613647,0.9890674716488537
0.9011372927971456,0.9890674716488537
0.9012042818911686,0.9890674716488537
0.9012712809456546,0.9890674716488537
0.9013382899628253,0.9890674716488537
0.901405308944903,0.9890674716488537
0.9014723378941106,0.9890674716488537
0.9014650107830743,0.9889858856163825
0.9015320541424959,0.9889858856163825
0.9015991074748977,0.9889858856163825
0.9016661707825052,0.9889858856163825
0.9017332440675444,0.9889858856163825
0.9017259336408272,0.9889042995839112
0.9017930213525779,0.9889042995839112
0.9018601190476191,0.9889042995839112
0.9018528164297939,0.98882271355144
0.9019199285607977,0.98882271355144
0.9019870506809555,0.98882271355144
0.9020541827924977,0.98882271355144
0.9021213248976554,0.98882271355144
0.9021884769986601,0.98882271355144
0.9022556390977443,0.98882271355144
0.9023228111971412,0.98882271355144
0.9023899932990842,0.98882271355144
0.9024571854058079,0.98882271355144
0.9025243875195472,0.98882271355144
0.902591599642538,0.98882271355144
0.9026588217770165,0.98882271355144
0.9027260539252198,0.98882271355144
0.9027932960893855,0.98882271355144
0.9028605482717521,0.98882271355144
0.9029278104745586,0.98882271355144
0.9029950827000447,0.98882271355144
0.9030623649504508,0.98882271355144
0.9031296572280179,0.98882271355144
0.9031969595349877,0.98882271355144
0.9032642718736026,0.98882271355144
0.9033315942461057,0.98882271355144
0.9033989266547406,0.98882271355144
0.9034662691017518,0.98882271355144
0.9035336215893842,0.98882271355144
0.9036009841198837,0.98882271355144
0.9035937966000597,0.9887411275189687
0.9036611736634106,0.9887411275189687
0.9037285607755406,0.9887411275189687
0.9037959579386979,0.9887411275189687
0.9038633651551312,0.9887411275189687
0.9039307824270904,0.9887411275189687
0.9039982097568253,0.9887411275189687
0.9040656471465871,0.9887411275189687
0.9041330945986272,0.9887411275189687
0.9042005521151981,0.9887411275189687
0.9042680196985524,0.9887411275189687
0.904335497350944,0.9887411275189687
0.9044029850746269,0.9887411275189687
0.9044704828718562,0.9887411275189687
0.9045379907448873,0.9887411275189687
0.9046055086959767,0.9887411275189687
0.9045983875783816,0.9886595414864975
0.9045912653975364,0.9885779554540263
0.9046588024488577,0.9885779554540263
0.9047263495856044,0.9885779554540263
0.9047939068100358,0.9885779554540263
0.9048614741244119,0.9885779554540263
0.9049290515309932,0.9885779554540263
0.9049966390320412,0.9885779554540263
0.9050642366298177,0.9885779554540263
0.9051318443265854,0.9885779554540263
0.9051994621246078,0.9885779554540263
0.9052670900261487,0.9885779554540263
0.9053347280334728,0.9885779554540263
0.9054023761488456,0.9885779554540263
0.905470034374533,0.9885779554540263
0.9055377027128018,0.9885779554540263
0.9056053811659193,0.9885779554540263
0.9056730697361537,0.9885779554540263
0.9057407684257737,0.9885779554540263
0.9057337220602527,0.988496369421555
0.9058014354066986,0.988496369421555
0.9058691588785047,0.988496369421555
0.9059368924779423,0.988496369421555
0.9060046362072833,0.988496369421555
0.9060723900688005,0.988496369421555
0.906140154064767,0.988496369421555
0.906207928197457,0.988496369421555
0.9062757124691451,0.988496369421555
0.9063435068821065,0.988496369421555
0.9064113114386175,0.988496369421555
0.9064791261409547,0.988496369421555
0.9065469509913955,0.988496369421555
0.9065399580963783,0.9884147833890838
0.9066077976502283,0.9884147833890838
0.9066008082622362,0.9883331973566125
0.9066686625252601,0.9883331973566125
0.9067365269461077,0.9883331973566125
0.9068044015270604,0.9883331973566125
0.9067974247641862,0.9882516113241413
0.9068653140675301,0.9882516113241413
0.9069332135369871,0.9882516113241413
0.9070011231748408,0.9882516113241413
0.9070690429833758,0.9882516113241413
0.9071369729648768,0.9882516113241413
0.9072049131216298,0.9882516113241413
0.907272863455921,0.9882516113241413
0.9073408239700375,0.9882516113241413
0.9073338826878418,0.9881700252916701
0.9074018579562482,0.9881700252916701
0.9074698434105042,0.9881700252916701
0.9075378390528998,0.9881700252916701
0.907605844885725,0.9881700252916701
0.907673860911271,0.9881700252916701
0.9077418871318295,0.9881700252916701
0.9078099235496927,0.9881700252916701
0.9078779701671539,0.9881700252916701
0.9079460269865067,0.9881700252916701
0.9080140940100457,0.9881700252916701
0.908082171240066,0.9881700252916701
0.9081502586788633,0.9881700252916701
0.9082183563287343,0.9881700252916701
0.908286464191976,0.9881700252916701
0.9083545822708865,0.9881700252916701
0.9084227105677642,0.9881700252916701
0.9084908490849085,0.9881700252916701
0.9085589978246194,0.9881700252916701
0.9086271567891973,0.9881700252916701
0.9086953259809438,0.9881700252916701
0.9087635054021609,0.9881700252916701
0.9088316950551512,0.9881700252916701
0.9088248536695183,0.9880884392591989
0.9088930581613508,0.9880884392591989
0.9089612728910237,0.9880884392591989
0.9090294978608422,0.9880884392591989
0.9090226692688785,0.9880068532267275
0.9090909090909091,0.9880068532267275
0.9091591591591591,0.9880068532267275
0.9092274194759367,0.9880068532267275
0.9092206036942484,0.9879252671942563
0.909213786888939,0.9878436811617851
0.9092820666866926,0.9878436811617851
0.9093503567405182,0.9878436811617851
0.9094186570527264,0.9878436811617851
0.9094118530759409,0.9877620951293139
0.9094801682692307,0.9877620951293139
0.9095484937269928,0.9877620951293139
0.9096168294515402,0.9877620951293139
0.9096100383199339,0.9876805090968426
0.9096783889389841,0.9876805090968426
0.9097467498309161,0.9876805090968426
0.909815120998046,0.9876805090968426
0.9098083427282976,0.9875989230643714
0.9098767288033675,0.9875989230643714
0.9099451251597384,0.9875989230643714
0.9099383551345662,0.9875173370319001
0.9100067664085407,0.9875173370319001
0.9100751879699248,0.9875173370319001
0.9101436198210392,0.9875173370319001
0.9102120619642051,0.9875173370319001
0.9102805144017447,0.9875173370319001
0.9103489771359807,0.9875173370319001
0.9104174501692366,0.9875173370319001
0.9104859335038363,0.9875173370319001
0.9105544271421049,0.9875173370319001
0.9106229310863677,0.9875173370319001
0.9106914453389512,0.9875173370319001
0.9107599699021821,0.9875173370319001
0.9108285047783882,0.9875173370319001
0.9108970499698976,0.9875173370319001
0.9109656054790397,0.9875173370319001
0.9110341713081439,0.9875173370319001
0.9111027474595408,0.9875173370319001
0.9111713339355616,0.9875173370319001
0.9112399307385379,0.9875173370319001
0.9113085378708026,0.9875173370319001
0.9113771553346887,0.9875173370319001
0.9114457831325301,0.9875173370319001
0.9115144212666616,0.9875173370319001
0.9115830697394186,0.9875173370319001
0.911651728553137,0.9875173370319001
0.9116450738174149,0.9874357509994289
0.911713747645951,0.9874357509994289
0.9117824318216061,0.9874357509994289
0.9118511263467189,0.9874357509994289
0.9118444846292948,0.9873541649669576
0.9119131941828046,0.9873541649669576
0.9119819140919367,0.9873541649669576
0.9120506443590324,0.9873541649669576
0.9121193849864335,0.9873541649669576
0.912188135976483,0.9873541649669576
0.9122568973315242,0.9873541649669576
0.9123256690539012,0.9873541649669576
0.912394451145959,0.9873541649669576
0.9124632436100429,0.9873541649669576
0.9124566430402654,0.9872725789344864
0.9125254505693386,0.9872725789344864
0.9125942684766214,0.9872725789344864
0.9126630967644619,0.9872725789344864
0.9127319354352089,0.9872725789344864
0.9128007844912122,0.9872725789344864
0.9127942063971032,0.9871909929020152
0.9128630705394191,0.9871909929020152
0.9129319450731854,0.9871909929020152
0.9130008300007545,0.9871909929020152
0.9130697253244793,0.9871909929020152
0.9131386310467134,0.9871909929020152
0.9132075471698113,0.9871909929020152
0.9132009963016077,0.987109406869544
0.9132699275362319,0.987109406869544
0.9133388691779271,0.987109406869544
0.9134078212290503,0.987109406869544
0.9134767836919593,0.987109406869544
0.9135457565690124,0.987109406869544
0.9136147398625689,0.987109406869544
0.9136837335749887,0.987109406869544
0.9137527377086323,0.987109406869544
0.9137462235649547,0.9870278208370727
0.9137397084371931,0.9869462348046014
0.913808732436924,0.9869462348046014
0.913877766865604,0.9869462348046014
0.9139468117255969,0.9869462348046014
0.9140158670192671,0.9869462348046014
0.91408493274898,0.9869462348046014
0.9141540089171012,0.9869462348046014
0.9142230955259976,0.9869462348046014
0.9142921925780364,0.9869462348046014
0.9143613000755858,0.9869462348046014
0.9144304180210144,0.9869462348046014
0.9144995464166918,0.9869462348046014
0.9145686852649882,0.9869462348046014
0.9146378345682746,0.9869462348046014
0.9147069943289224,0.9869462348046014
0.9147761645493043,0.9869462348046014
0.9148453452317931,0.9869462348046014
0.9149145363787626,0.9869462348046014
0.9149837379925876,0.9869462348046014
0.9150529500756429,0.9869462348046014
0.9151221726303048,0.9869462348046014
0.91519140565895,0.9869462348046014
0.9152606491639556,0.9869462348046014
0.9153299031476998,0.9869462348046014
0.9153991676125615,0.9869462348046014
0.9154684425609202,0.9869462348046014
0.9155377279951563,0.9869462348046014
0.9156070239176506,0.9869462348046014
0.915676330330785,0.9869462348046014
0.9157456472369417,0.9869462348046014
0.915814974638504,0.9869462348046014
0.9158843125378558,0.9869462348046014
0.9159536609373817,0.9869462348046014
0.9160230198394669,0.9869462348046014
0.9160923892464975,0.9869462348046014
0.9161617691608603,0.9869462348046014
0.9162311595849428,0.9869462348046014
0.9163005605211332,0.9869462348046014
0.9163699719718204,0.9869462348046014
0.9164393939393939,0.9869462348046014
0.9164330631108417,0.9868646487721302
0.9165025003788453,0.9868646487721302
0.9164961733727363,0.986783062739659
0.9165656259472568,0.986783062739659
0.9165593027661993,0.9867014767071878
0.9166287706533273,0.9867014767071878
0.9166224512999318,0.9866198906747164
0.916691934505761,0.9866198906747164
0.9167614282465317,0.9866198906747164
0.9168309325246399,0.9866198906747164
0.9169004473424823,0.9866198906747164
0.9169699727024567,0.9866198906747164
0.9170395086069614,0.9866198906747164
0.9171090550583952,0.9866198906747164
0.9171786120591582,0.9866198906747164
0.9172481796116505,0.9866198906747164
0.9173177577182735,0.9866198906747164
0.9173873463814293,0.9866198906747164
0.9174569456035202,0.9866198906747164
0.9175265553869499,0.9866198906747164
0.9175961757341224,0.9866198906747164
0.9176658066474427,0.9866198906747164
0.9177354481293162,0.9866198906747164
0.9177292046144505,0.9865383046422452
0.917798861480076,0.9865383046422452
0.9178685289206012,0.9865383046422452
0.9178622940863889,0.986456718609774
0.9179319769207409,0.986456718609774
0.9179257459570268,0.9863751325773028
0.9179954441913439,0.9863751325773028
0.9180651530108588,0.9863751325773028
0.918134872417983,0.9863751325773028
0.9182046024151287,0.9863751325773028
0.9182743430047091,0.9863751325773028
0.9183440941891379,0.9863751325773028
0.9184138559708296,0.9863751325773028
0.9184836283521993,0.9863751325773028
0.9185534113356633,0.9863751325773028
0.918623204923638,0.9863751325773028
0.918693009118541,0.9863751325773028
0.9187628239227905,0.9863751325773028
0.9188326493388053,0.9863751325773028
0.9188264802006536,0.9862935465448315
0.9188963210702341,0.9862935465448315
0.9189661725579628,0.9862935465448315
0.9190360346662612,0.9862935465448315
0.9191059073975519,0.9862935465448315
0.9191757907542579,0.9862935465448315
0.9192456847388031,0.9862935465448315
0.9193155893536121,0.9862935465448315
0.9193855046011103,0.9862935465448315
0.9194554304837238,0.9862935465448315
0.9195253670038792,0.9862935465448315
0.9195953141640043,0.9862935465448315
0.9196652719665271,0.9862935465448315
0.9196591600730372,0.9862119605123603
0.919729133378985,0.9862119605123603
0.9197991173337392,0.9862119605123603
0.9198691119397306,0.9862119605123603
0.9199391171993911,0.9862119605123603
0.9200091331151533,0.9862119605123603
0.9200791596894504,0.9862119605123603
0.9201491969247164,0.9862119605123603
0.9202192448233861,0.9862119605123603
0.9202893033878949,0.9862119605123603
0.9203593726206791,0.9862119605123603
0.9204294525241757,0.9862119605123603
0.9204995431008224,0.9862119605123603
0.9205696443530577,0.9862119605123603
0.9206397562833206,0.9862119605123603
0.9207098788940513,0.9862119605123603
0.9207800121876905,0.9862119605123603
0.9208501561666793,0.9862119605123603
0.9209203108334603,0.9862119605123603
0.9209904761904761,0.9862119605123603
0.9210606522401706,0.9862119605123603
0.9211308389849882,0.9862119605123603
0.9212010364273738,0.9862119605123603
0.9211950308665499,0.986130374479889
0.921265243902439,0.986130374479889
0.9213354676423507,0.986130374479889
0.9214057020887331,0.986130374479889
0.9214759472440345,0.986130374479889
0.9215462031107045,0.986130374479889
0.9216164696911933,0.986130374479889
0.9216867469879518,0.986130374479889
0.9217570350034318,0.986130374479889
0.9218273337400854,0.986130374479889
0.9218976432003662,0.986130374479889
0.9218916857360794,0.9860487884474178
0.9219620108322526,0.9860487884474178
0.9220323466585292,0.9860487884474178
0.9221026932173648,0.9860487884474178
0.9221730505112162,0.9860487884474178
0.922243418542541,0.9860487884474178
0.9223137973137974,0.9860487884474178
0.922384186827444,0.9860487884474178
0.9224545870859411,0.9860487884474178
0.9225249980917487,0.9860487884474178
0.9225954198473283,0.9860487884474178
0.9226658523551416,0.9860487884474178
0.9227362956176516,0.9860487884474178
0.9228067496373216,0.9860487884474178
0.9228772144166157,0.9860487884474178
0.9229476899579993,0.9860487884474178
0.9230181762639377,0.9860487884474178
0.9230886733368976,0.9860487884474178
0.9231591811793461,0.9860487884474178
0.9232296997937515,0.9860487884474178
0.9233002291825821,0.9860487884474178
0.9233707693483078,0.9860487884474178
0.9233649144254279,0.9859672024149465
0.9234354703140522,0.9859672024149465
0.923506036986092,0.9859672024149465
0.9235766144440198,0.9859672024149465
0.9236472026903088,0.9859672024149465
0.9237178017274326,0.9859672024149465
0.9237884115578657,0.9859672024149465
0.9238590321840838,0.9859672024149465
0.9239296636085627,0.9859672024149465
0.9239238473889441,0.9858856163824753
0.9239944945710353,0.9858856163824753
0.9239886824195152,0.9858040303500041
0.9240593453655552,0.9858040303500041
0.9241300191204589,0.9858040303500041
0.9242007036867065,0.9858040303500041
0.9242713990667789,0.9858040303500041
0.9243421052631579,0.9858040303500041
0.9244128222783261,0.9858040303500041
0.9244835501147667,0.9858040303500041
0.9244777718264595,0.9857224443175329
0.9245485154576064,0.9857224443175329
0.9246192699165837,0.9857224443175329
0.9246900352058779,0.9857224443175329
0.9246842709529277,0.9856408582850616
0.924755052051439,0.9856408582850616
0.924825843986833,0.9856408582850616
0.9248966467615986,0.9856408582850616
0.9249674603782253,0.9856408582850616
0.9250382848392037,0.9856408582850616
0.9250325446052531,0.9855592722525903
0.9251033848981467,0.9855592722525903
0.9251742360419698,0.9855592722525903
0.9252450980392157,0.9855592722525903
0.9253159708923784,0.9855592722525903
0.9253868546039528,0.9855592722525903
0.9254577491764345,0.9855592722525903
0.9255286546123199,0.9855592722525903
0.9255995709141062,0.9855592722525903
0.9255938697318008,0.9854776862201191
0.9256648019005288,0.9854776862201191
0.9256591048436542,0.9853961001876479
0.9257300528857209,0.9853961001876479
0.9258010118043845,0.9853961001876479
0.9258719816021465,0.9853961001876479
0.9259429622815087,0.9853961001876479
0.9260139538449743,0.9853961001876479
0.9260849562950467,0.9853961001876479
0.9261559696342305,0.9853961001876479
0.9262269938650307,0.9853961001876479
0.9262980289899532,0.9853961001876479
0.9263690750115048,0.9853961001876479
0.926440131932193,0.9853961001876479
0.9265111997545259,0.9853961001876479
0.9265822784810127,0.9853961001876479
0.926653368114163,0.9853961001876479
0.9266477403514156,0.9853145141551767
0.9267188459177409,0.9853145141551767
0.9267899623973601,0.9853145141551767
0.9268610897927859,0.9853145141551767
0.9269322281065315,0.9853145141551767
0.9270033773411115,0.9853145141551767
0.9269977738543026,0.9852329281227054
0.927068939044987,0.9852329281227054
0.9271401151631478,0.9852329281227054
0.9272113022113022,0.9852329281227054
0.927282500191968,0.9852329281227054
0.9272769159883274,0.9851513420902341
0.9273481299439367,0.9851513420902341
0.9274193548387096,0.9851513420902341
0.927490590675167,0.9851513420902341
0.9275618374558304,0.9851513420902341
0.9276330951832219,0.9851513420902341
0.9277043638598648,0.9851513420902341
0.9277756434882828,0.9851513420902341
0.9278469340710005,0.9851513420902341
0.9279182356105433,0.9851513420902341
0.9279895481094375,0.9851513420902341
0.9279840135270156,0.9850697560577629
0.9280553420445811,0.9850697560577629
0.9280498116688446,0.9849881700252917
0.9281211562115621,0.9849881700252917
0.9281156300453602,0.9849065839928204
0.928186990619714,0.9849065839928204
0.9282583621683967,0.9849065839928204
0.9282528452783759,0.9848249979603492
0.9283242328693379,0.9848249979603492
0.9283956314413168,0.9848249979603492
0.9284670409968464,0.9848249979603492
0.9285384615384615,0.9848249979603492
0.9286098930686976,0.9848249979603492
0.9286044006770272,0.984743411927878
0.9285989074401785,0.9846618258954067
0.9286703601108033,0.9846618258954067
0.9287418237783763,0.9846618258954067
0.9288132984454364,0.9846618258954067
0.9288078195951667,0.9845802398629354
0.9288793103448276,0.9845802398629354
0.9289508121006851,0.9845802398629354
0.929022324865281,0.9845802398629354
0.9290938486411578,0.9845802398629354
0.9291653834308593,0.9845802398629354
0.9292369292369292,0.9845802398629354
0.9292314800554443,0.9844986538304642
0.9293030419715056,0.9844986538304642
0.9293746149106593,0.9844986538304642
0.9293691750750982,0.984417067797993
0.9294407641349561,0.984417067797993
0.929512364224636,0.984417067797993
0.9295839753466872,0.984417067797993
0.9296555975036598,0.984417067797993
0.9297272306981045,0.984417067797993
0.929798874932573,0.984417067797993
0.9298705302096177,0.984417067797993
0.9299421965317919,0.984417067797993
0.9300138739016495,0.984417067797993
0.9300855623217452,0.984417067797993
0.9300801726796176,0.9843354817655218
0.9300747822064606,0.9842538957330506
0.9301464919043948,0.9842538957330506
0.9302182126609607,0.9842538957330506
0.9302899444787168,0.9842538957330506
0.9303616873602221,0.9842538957330506
0.9304334413080364,0.9842538957330506
0.9305052063247204,0.9842538957330506
0.9305769824128356,0.9842538957330506
0.9305716269382087,0.9841723097005792
0.9306434192254281,0.9841723097005792
0.9307152225908495,0.9841723097005792
0.930787037037037,0.9841723097005792
0.930858862566556,0.9841723097005792
0.9309306991819726,0.9841723097005792
0.9310025468858532,0.9841723097005792
0.9309972213646187,0.984090723668108
0.9310690852952528,0.984090723668108
0.9310637640883125,0.9840091376356368
0.9311356442522968,0.9840091376356368
0.9312075355157504,0.9840091376356368
0.9312794378812447,0.9840091376356368
0.9313513513513514,0.9840091376356368
0.9314232759286432,0.9840091376356368
0.9314952116156936,0.9840091376356368
0.9315671584150769,0.9840091376356368
0.9316391163293681,0.9840091376356368
0.9317110853611433,0.9840091376356368
0.931783065512979,0.9840091376356368
0.9318550567874527,0.9840091376356368
0.9319270591871426,0.9840091376356368
0.9319217989336218,0.9839275516031656
0.9319165378670788,0.9838459655706943
0.9319112759873251,0.983764379538223
0.9319833049930437,0.983764379538223
0.9319780474607714,0.9836827935057518
0.9320500927643784,0.9836827935057518
0.9321221492075763,0.9836827935057518
0.9321942167929488,0.9836827935057518
0.9322662955230805,0.9836827935057518
0.9323383854005568,0.9836827935057518
0.9324104864279638,0.9836827935057518
0.9324825986078886,0.9836827935057518
0.932554721942919,0.9836827935057518
0.9326268564356436,0.9836827935057518
0.9326990020886516,0.9836827935057518
0.9327711589045335,0.9836827935057518
0.9328433268858801,0.9836827935057518
0.9329155060352832,0.9836827935057518
0.9329103149423509,0.9836012074732806
0.9329825104472992,0.9836012074732806
0.9330547171271574,0.9836012074732806
0.9331269349845202,0.9836012074732806
0.9331217586500503,0.9835196214408093
0.9331939928781545,0.9835196214408093
0.9332662382906247,0.9835196214408093
0.9333384948900588,0.9835196214408093
0.9334107626790553,0.9835196214408093
0.9334830416602137,0.9835196214408093
0.9335553318361342,0.9835196214408093
0.9336276332094176,0.9835196214408093
0.9336999457826659,0.9835196214408093
0.9337722695584818,0.9835196214408093
0.9338446045394686,0.9835196214408093
0.9339169507282306,0.9835196214408093
0.9339893081273728,0.9835196214408093
0.934061676739501,0.9835196214408093
0.934056567222007,0.9834380354083381
0.9341289522628642,0.9834380354083381
0.9342013485235992,0.9834380354083381
0.9342737560068206,0.9834380354083381
0.9343461747151384,0.9834380354083381
0.9344186046511628,0.9834380354083381
0.9344910458175052,0.9834380354083381
0.9344859668165607,0.9833564493758669
0.9345584244397922,0.9833564493758669
0.9346308933002482,0.9833564493758669
0.9347033734005429,0.9833564493758669
0.9347758647432914,0.9833564493758669
0.9348483673311099,0.9833564493758669
0.934920881166615,0.9833564493758669
0.9349934062524242,0.9833564493758669
0.9350659425911559,0.9833564493758669
0.9351384901854294,0.9833564493758669
0.9352110490378647,0.9833564493758669
0.9352836191510825,0.9833564493758669
0.9352785969268974,0.9832748633433956
0.9353511835467598,0.9832748633433956
0.9354237814343371,0.9832748633433956
0.9354963905922533,0.9832748633433956
0.9355690110231331,0.9832748633433956
0.935564009005512,0.9831932773109243
0.9356366459627329,0.9831932773109243
0.9357092941998603,0.9831932773109243
0.9357043019102345,0.9831116912784531
0.9357769666847868,0.9831116912784531
0.9358496427461944,0.9831116912784531
0.9359223300970874,0.9831116912784531
0.9359950287400963,0.9831116912784531
0.9359900567078381,0.9830301052459819
0.9360627719080175,0.9830301052459819
0.9361354984072722,0.9830301052459819
0.9362082362082362,0.9830301052459819
0.9362032791980729,0.9829485192135107
0.9362760335716506,0.9829485192135107
0.9363487992539054,0.9829485192135107
0.9364215762474739,0.9829485192135107
0.9364943645549941,0.9829485192135107
0.9365671641791045,0.9829485192135107
0.9366399751224442,0.9829485192135107
0.9367127973876536,0.9829485192135107
0.9367856309773734,0.9829485192135107
0.9368584758942458,0.9829485192135107
0.9368535655960806,0.9828669331810395
0.9369264271270804,0.9828669331810395
0.9369992999922221,0.9828669331810395
0.9370721841941506,0.9828669331810395
0.9370672889926098,0.9827853471485681
0.9370623930294072,0.9827037611160969
0.9371352991519489,0.9827037611160969
0.9372082166199813,0.9827037611160969
0.9372811454361528,0.9827037611160969
0.9373540856031128,0.9827037611160969
0.9374270371235116,0.9827037611160969
0.9375,0.9827037611160969
0.93757297423523,0.9827037611160969
0.9376459598318543,0.9827037611160969
0.9377189567925263,0.9827037611160969
0.9377919651199004,0.9827037611160969
0.9378649848166316,0.9827037611160969
0.9379380158853761,0.9827037611160969
0.9380110583287906,0.9827037611160969
0.9380841121495327,0.9827037611160969
0.9381571773502609,0.9827037611160969
0.9382302539336346,0.9827037611160969
0.9383033419023136,0.9827037611160969
0.9382985353692739,0.9826221750836257
0.9383716400467472,0.9826221750836257
0.9384447561165654,0.9826221750836257
0.938439959479467,0.9825405890511545
0.9385130922693267,0.9825405890511545
0.9385862364585769,0.9825405890511545
0.9386593920498831,0.9825405890511545
0.9387325590459116,0.9825405890511545
0.9388057374493296,0.9825405890511545
0.938878927262805,0.9825405890511545
0.9389521284890067,0.9825405890511545
0.9390253411306043,0.9825405890511545
0.9390985651902682,0.9825405890511545
0.9391718006706699,0.9825405890511545
0.9392450475744814,0.9825405890511545
0.9393183059043756,0.9825405890511545
0.9393915756630266,0.9825405890511545
0.9394648568531087,0.9825405890511545
0.9395381494772975,0.9825405890511545
0.939533432160412,0.9824590030186832
0.9396067415730337,0.9824590030186832
0.9396800624268435,0.9824590030186832
0.93975339472452,0.9824590030186832
0.9398267384687427,0.9824590030186832
0.9399000936621917,0.9824590030186832
0.9399734603075482,0.9824590030186832
0.9400468384074941,0.9824590030186832
0.9401202279647123,0.9824590030186832
0.9401155527795128,0.982377416986212
0.9401889591629577,0.982377416986212
0.9402623770107762,0.982377416986212
0.9403358063256541,0.982377416986212
0.9403311465167136,0.9822958309537407
0.9404045926735921,0.9822958309537407
0.9404780503046399,0.9822958309537407
0.9405515194125459,0.9822958309537407
0.940546875,0.9822142449212695
0.9406203609657005,0.9822142449212695
0.9406938584153774,0.9822142449212695
0.9406892240368836,0.9821326588887982
0.9407627383557362,0.9821326588887982
0.940758108636186,0.982051072856327
0.9408316398311709,0.982051072856327
0.9409051825216915,0.982051072856327
0.9409787367104441,0.982051072856327
0.941052302400125,0.982051072856327
0.9411258795934324,0.982051072856327
0.9411994682930643,0.982051072856327
0.9412730685017203,0.982051072856327
0.94126847579573,0.9819694868238558
0.9412638823713436,0.9818879007913845
0.9413375048885413,0.9818879007913845
0.9414111389236546,0.9818879007913845
0.9414847844793867,0.9818879007913845
0.9415584415584416,0.9818879007913845
0.941632110163524,0.9818879007913845
0.9417057902973396,0.9818879007913845
0.9417794819625949,0.9818879007913845
0.9418531851619972,0.9818879007913845
0.9419268998982546,0.9818879007913845
0.9420006261740764,0.9818879007913845
0.9420743639921723,0.9818879007913845
0.9421481133552528,0.9818879007913845
0.9422218742660299,0.9818879007913845
0.9422956467272158,0.9818879007913845
0.9423694307415238,0.9818879007913845
0.942443226311668,0.9818879007913845
0.9425170334403634,0.9818879007913845
0.9425908521303258,0.9818879007913845
0.9425863554476385,0.9818063147589132
0.9425818580604731,0.981724728726442
0.9426556991774383,0.981724728726442
0.9427295518646193,0.981724728726442
0.9428034161247356,0.981724728726442
0.9428772919605077,0.981724728726442
0.9428728156100619,0.9816431426939708
0.9428683385579937,0.9815615566614996
0.9428638608041383,0.9814799706290284
0.9429377645398965,0.9814799706290284
0.9429332915262209,0.981398384596557
0.9429288178112261,0.9813167985640858
0.9430027440219522,0.9813167985640858
0.9429982750509645,0.9812352125316146
0.9430722183015761,0.9812352125316146
0.9431461731493099,0.9812352125316146
0.9432201395968943,0.9812352125316146
0.9432941176470588,0.9812352125316146
0.9432896697780218,0.9811536264991434
0.9432852212111704,0.9810720404666721
0.9433592217776732,0.9810720404666721
0.9434332339557508,0.9810720404666721
0.9435072577481365,0.9810720404666721
0.9435812931575643,0.9810720404666721
0.9436553401867692,0.9810720404666721
0.9437293988384869,0.9810720404666721
0.9438034691154541,0.9810720404666721
0.9438775510204082,0.9810720404666721
0.9439516445560876,0.9810720404666721
0.9440257497252316,0.9810720404666721
0.9440998665305802,0.9810720404666721
0.9441739949748744,0.9810720404666721
0.9442481350608559,0.9810720404666721
0.9443222867912675,0.9810720404666721
0.9443964501688525,0.9810720404666721
0.9444706251963556,0.9810720404666721
0.9445448118765218,0.9810720404666721
0.9445404556166536,0.9809904544342009
0.9446146594390761,0.9809904544342009
0.944688874921433,0.9809904544342009
0.9447631020664728,0.9809904544342009
0.9448373408769448,0.9809904544342009
0.9449115913555992,0.9809904544342009
0.944985853505187,0.9809904544342009
0.9450601273284602,0.9809904544342009
0.9451344128281717,0.9809904544342009
0.9451300998349187,0.9809088684017296
0.9452044025157232,0.9809088684017296
0.9452787168802579,0.9809088684017296
0.9453530429312785,0.9809088684017296
0.9453487457733742,0.9808272823692584
0.9454230890217049,0.9808272823692584
0.9454974439638223,0.9808272823692584
0.9454931571495989,0.9807456963367871
0.9455675293007157,0.9807456963367871
0.9456419131529263,0.9807456963367871
0.9457163087089923,0.9807456963367871
0.9457120377655389,0.9806641103043159
0.9457864505468565,0.9806641103043159
0.9458608750393452,0.9806641103043159
0.94593531124577,0.9806641103043159
0.9460097591688966,0.9806641103043159
0.9460055096418732,0.9805825242718447
0.9460799748110831,0.9805825242718447
0.9461544517043218,0.9805825242718447
0.9462289403243583,0.9805825242718447
0.9463034406739627,0.9805825242718447
0.9463779527559055,0.9805825242718447
0.9463737302149775,0.9805009382393735
0.9463695070089778,0.9804193522069021
0.9464440418996614,0.9804193522069021
0.9464398235664776,0.9803377661744309
0.9465143757384797,0.9803377661744309
0.9465889396565307,0.9803377661744309
0.9465847317419049,0.9802561801419597
0.9466593129530413,0.9802561801419597
0.9467339059175793,0.9802561801419597
0.9467297084318361,0.9801745941094885
0.9468043187012373,0.9801745941094885
0.9468789407313998,0.9801745941094885
0.9468747536848743,0.9800930080770173
0.9469493930316885,0.9800930080770173
0.9470240441466299,0.9800930080770173
0.9470987070324819,0.9800930080770173
0.9471733816920287,0.9800930080770173
0.9472480681280555,0.9800930080770173
0.9473227663433483,0.9800930080770173
0.947397476340694,0.9800930080770173
0.9474721981228803,0.9800930080770173
0.947546931692696,0.9800930080770173
0.9476216770529305,0.9800930080770173
0.9476964342063743,0.9800930080770173
0.9476923076923077,0.9800114220445459
0.9476881805270633,0.9799298360120747
0.9477629606249507,0.9799298360120747
0.9477588383838383,0.9798482499796035
0.9478336358614158,0.9798482499796035
0.9479084451460142,0.9798482499796035
0.9479832662404294,0.9798482499796035
0.9480580991474582,0.9798482499796035
0.9481329438698982,0.9798482499796035
0.948207800410548,0.9798482499796035
0.9482826687722069,0.9798482499796035
0.9483575489576753,0.9798482499796035
0.9483534707415304,0.9797666639471323
0.9484283683462328,0.9797666639471323
0.9485032777821657,0.9797666639471323
0.9485781990521327,0.9797666639471323
0.9485741369776444,0.979685077914661
0.9486490756833623,0.979685077914661
0.9487240262305444,0.979685077914661
0.9487199747155499,0.9796034918821898
0.9487159225602528,0.9795219058497185
0.9487118697645014,0.9794403198172473
0.9487868489686241,0.9794403198172473
0.9487828011381599,0.979358733784776
0.9488577978025452,0.979358733784776
0.9489328063241107,0.979358733784776
0.948928769072654,0.9792771477523048
0.9490037950664136,0.9792771477523048
0.9490788329248043,0.9792771477523048
0.9491538826506405,0.9792771477523048
0.9492289442467379,0.9792771477523048
0.9493040177159127,0.9792771477523048
0.9493791030609824,0.9792771477523048
0.949454200284765,0.9792771477523048
0.9495293093900798,0.9792771477523048
0.9495253164556962,0.9791955617198336
0.9496004430730279,0.9791955617198336
0.9496755815793638,0.9791955617198336
0.9497507319775264,0.9791955617198336
0.9498258942703387,0.9791955617198336
0.9499010684606253,0.9791955617198336
0.949976254551211,0.9791955617198336
0.9500514525449221,0.9791955617198336
0.9501266624445852,0.9791955617198336
0.9501227139577231,0.9791139756873624
0.9501187648456056,0.979032389654891
0.9501939979412464,0.979032389654891
0.9502692429521697,0.979032389654891
0.950344499881207,0.979032389654891
0.9504197687311896,0.979032389654891
0.9504950495049505,0.979032389654891
0.9505703422053232,0.979032389654891
0.9505664263645726,0.9789508036224198
0.9505625099033433,0.9788692175899486
0.9506378258458126,0.9788692175899486
0.9507131537242473,0.9788692175899486
0.9507884935414851,0.9788692175899486
0.9507845934379457,0.9787876315574774
0.9507806927161766,0.9787060455250062
0.950856055802156,0.9787060455250062
0.9508521601268332,0.9786244594925348
0.9509275408276519,0.9786244594925348
0.9510029334813288,0.9786244594925348
0.9509990485252141,0.9785428734600636
0.9510744588058044,0.9785428734600636
0.9510705789056304,0.9784612874275924
0.9510666983900389,0.9783797013951212
0.9510628172588832,0.9782981153626499
0.9510589355120171,0.9782165293301787
0.9511343804537522,0.9782165293301787
0.9512098373661245,0.9782165293301787
0.9512059663598857,0.9781349432977074
0.9512814409267635,0.9781349432977074
0.9512775749880972,0.9780533572652362
0.9513530672168875,0.9780533572652362
0.9513492063492064,0.9779717712327649
0.9514247162473212,0.9779717712327649
0.951500238133037,0.9779717712327649
0.9515757720092085,0.9779717712327649
0.9516513178786916,0.9779717712327649
0.951726875744343,0.9779717712327649
0.9518024456090202,0.9779717712327649
0.9518780274755817,0.9779717712327649
0.9519536213468869,0.9779717712327649
0.9520292272257962,0.9779717712327649
0.9521048451151708,0.9779717712327649
0.9521804750178727,0.9779717712327649
0.9522561169367652,0.9779717712327649
0.952331770874712,0.9779717712327649
0.9524074368345781,0.9779717712327649
0.9524831148192292,0.9779717712327649
0.9524793388429752,0.9778901852002937
0.9524755622665501,0.9778085991678225
0.952551263710062,0.9778085991678225
0.9525474922502186,0.9777270131353513
0.9526232114467409,0.9777270131353513
0.9526989426822482,0.9777270131353513
0.952774685959612,0.9777270131353513
0.9528504412817047,0.9777270131353513
0.9529262086513995,0.9777270131353513
0.9530019880715705,0.9777270131353513
0.9529982503578813,0.9776454271028799
0.9530740475622366,0.9776454271028799
0.9531498568246898,0.9776454271028799
0.9532256781481186,0.9776454271028799
0.9533015115354018,0.9776454271028799
0.9533773569894184,0.9776454271028799
0.953453214513049,0.9776454271028799
0.9535290841091748,0.9776454271028799
0.953604965780678,0.9776454271028799
0.9536808595304417,0.9776454271028799
0.9537567653613499,0.9776454271028799
0.9538326832762876,0.9776454271028799
0.9538290081197262,0.9775638410704087
0.9538253323779954,0.9774822550379375
0.9539012738853503,0.9774822550379375
0.9539772274862648,0.9774822550379375
0.9540531931836279,0.9774822550379375
0.9541291709803297,0.9774822550379375
0.9542051608792609,0.9774822550379375
0.9542811628833134,0.9774822550379375
0.9543571769953799,0.9774822550379375
0.9544332032183542,0.9774822550379375
0.9545092415551306,0.9774822550379375
0.9545852920086049,0.9774822550379375
0.9546613545816733,0.9774822550379375
0.9546577416527213,0.9774006690054663
0.9547338221230475,0.9774006690054663
0.9548099147206504,0.9774006690054663
0.9548860194484298,0.9774006690054663
0.9549621363092866,0.9774006690054663
0.9550382653061225,0.9774006690054663
0.9550346806983975,0.977319082972995
0.9551108276191995,0.977319082972995
0.9551869866836775,0.977319082972995
0.9552631578947368,0.977319082972995
0.9553393412552835,0.977319082972995
0.9554155367682245,0.977319082972995
0.955491744436468,0.977319082972995
0.9555679642629228,0.977319082972995
0.9556441962504986,0.977319082972995
0.9556406574118398,0.9772374969405238
0.9556371180084576,0.9771559109080525
0.9556335780402171,0.9770743248755813
0.9556300375069827,0.9769927388431101
0.9557063048683161,0.9769927388431101
0.9557825844041823,0.9769927388431101
0.955779054916986,0.9769111528106388
0.9558553524387323,0.9769111528106388
0.955931662142743,0.9769111528106388
0.9560079840319361,0.9769111528106388
0.9560044714148834,0.9768295667781676
0.9560808113071948,0.9768295667781676
0.9561571633924293,0.9768295667781676
0.9562335276735086,0.9768295667781676
0.9562300319488818,0.9767479807456964
0.9563064142503395,0.9767479807456964
0.9563828087553923,0.9767479807456964
0.9564592154669649,0.9767479807456964
0.9565356343879834,0.9767479807456964
0.9566120655213743,0.9767479807456964
0.9566885088700655,0.9767479807456964
0.9566850475505474,0.9766663947132251
0.9566815856777494,0.9765848086807538
0.9567580529134362,0.9765848086807538
0.9568345323741008,0.9765848086807538
0.9569110240626749,0.9765848086807538
0.9569075791493444,0.9765032226482826
0.9569840889102103,0.9765032226482826
0.9570606109067648,0.9765032226482826
0.9570571771291484,0.9764216366158114
0.9571337172104927,0.9764216366158114
0.9572102695353115,0.9764216366158114
0.9572068469044953,0.9763400505833402
0.9572834173266138,0.9763400505833402
0.95736,0.9763400505833402
0.9574365949275943,0.9763400505833402
0.9575132021123379,0.9763400505833402
0.9575898215571738,0.9763400505833402
0.9575864276568502,0.9762584645508688
0.9575830332132853,0.9761768785183976
0.9575796382263486,0.9760952924859264
0.9576562875210117,0.9760952924859264
0.9576528978546269,0.9760137064534552
0.9577295652870066,0.9760137064534552
0.9577261809447558,0.9759321204209839
0.9578028665225399,0.9759321204209839
0.9578795643818065,0.9759321204209839
0.9578761912388885,0.9758505343885127
0.9579529072561268,0.9758505343885127
0.9580296355626752,0.9758505343885127
0.9581063761614868,0.9758505343885127
0.9581831290555155,0.9758505343885127
0.9582598942477167,0.9758505343885127
0.9583366717410464,0.9758505343885127
0.9584134615384615,0.9758505343885127
0.9584902636429201,0.9758505343885127
0.9584869370091361,0.9757689483560414
0.9585637573134568,0.9757689483560414
0.9586405899326708,0.9757689483560414
0.9586372745490982,0.9756873623235702
0.958714125380792,0.9756873623235702
0.9587909885352361,0.9756873623235702
0.9588678640153945,0.9756873623235702
0.9588645657926389,0.975605776291099
0.9588612670408981,0.9755241902586277
0.9589381666533002,0.9755241902586277
0.9589348732755855,0.9754426042261565
0.9590117911285795,0.9754426042261565
0.9590085031285095,0.9753610181936853
0.9590052146008825,0.975279432161214
0.9590821566110398,0.975279432161214
0.9591591109684666,0.975279432161214
0.959155833734553,0.9751978461287427
0.9592328063558302,0.9751978461287427
0.9593097913322632,0.9751978461287427
0.959306525403323,0.9751162600962715
0.9593835286562851,0.9751162600962715
0.9593802681223409,0.9750346740638003
0.9594572896596018,0.9750346740638003
0.9595343235648334,0.9750346740638003
0.9596113698410149,0.9750346740638003
0.9596884284911267,0.9750346740638003
0.9597654995181497,0.9750346740638003
0.9598425829250663,0.9750346740638003
0.9599196787148594,0.9750346740638003
0.9599164591533457,0.9749530880313291
0.9599935732647815,0.9749530880313291
0.9600706997670121,0.9749530880313291
0.9600674915635545,0.9748715019988577
0.9600642828445158,0.9747899159663865
0.9600610736097718,0.9747083299339153
0.9600578638591979,0.9746267439014441
0.960135026523067,0.9746267439014441
0.9601318222007877,0.9745451578689728
0.9602090032154341,0.9745451578689728
0.9602861966396012,0.9745451578689728
0.9603634024762824,0.9745451578689728
0.9604406207284715,0.9745451578689728
0.9604374396912191,0.9744635718365016
0.9604342581423402,0.9743819858040303
0.9605115007238217,0.9743819858040303
0.960508324619963,0.9743003997715591
0.960505148005148,0.9742188137390879
0.9605019708792535,0.9741372277066166
0.9605792437650845,0.9741372277066166
0.9605760720894682,0.9740556416741454
0.9606533633730286,0.9740556416741454
0.9607306670958397,0.9740556416741454
0.9608079832609046,0.9740556416741454
0.9608853118712274,0.9740556416741454
0.9608821635544108,0.9739740556416742
0.9609595105852049,0.9739740556416742
0.961036870069232,0.9739740556416742
0.9611142420095,0.9739740556416742
0.9611916264090177,0.9739740556416742
0.9612690232707948,0.9739740556416742
0.9613464325978418,0.9739740556416742
0.9613433196424257,0.973892469609203
0.9614207474226805,0.973892469609203
0.9614981876761981,0.973892469609203
0.9615756404059932,0.973892469609203
0.961653105615081,0.973892469609203
0.9617305833064776,0.973892469609203
0.9617274997985658,0.9738108835767316
0.9617244157937147,0.9737292975442604
0.9617213312918044,0.9736477115117892
0.9617182462927144,0.973566125479318
0.9617957604578061,0.973566125479318
0.9618732871191359,0.973566125479318
0.961950826279726,0.973566125479318
0.9620283779425992,0.973566125479318
0.9620253164556962,0.9734845394468467
0.9621028866311885,0.9734845394468467
0.9621804693169905,0.9734845394468467
0.9621774193548387,0.9734029534143754
0.9622550205661747,0.9734029534143754
0.9622519761251814,0.9733213673819042
0.9623295958699686,0.9733213673819042
0.9624072281381091,0.9733213673819042
0.9624848729326341,0.9733213673819042
0.9625625302565758,0.9733213673819042
0.962640200112967,0.9733213673819042
0.9626371852808263,0.973239781349433
0.9626341699620693,0.9731581953169617
0.9626311541565779,0.9730766092844905
0.9627088546291065,0.9730766092844905
0.9627865676461091,0.9730766092844905
0.9628642932106241,0.9730766092844905
0.9629420313256903,0.9730766092844905
0.963019781994348,0.9730766092844905
0.963016795865633,0.9729950232520193
0.9630138092546233,0.972913437219548
0.9630915845582297,0.972913437219548
0.9630886035053712,0.9728318511870768
0.9630826399547621,0.9726686791221343
0.9630796574567781,0.9725870930896631
0.9631574694998788,0.9725870930896631
0.9631544925662573,0.9725055070571919
0.9631515151515152,0.9724239210247205
0.9632293518668176,0.9724239210247205
0.9633072011638245,0.9724239210247205
0.9633042353701907,0.9723423349922493
0.9633821033061192,0.9723423349922493
0.9634599838318513,0.9723423349922493
0.9634570296709516,0.9722607489597781
0.9634540750323415,0.9721791629273069
0.9634511199159053,0.9720975768948356
0.9634481643215268,0.9720159908623643
0.9635260816821674,0.9720159908623643
0.9636040116467163,0.9720159908623643
0.9636819542182318,0.9720159908623643
0.9637599093997735,0.9720159908623643
0.9638378771944017,0.9720159908623643
0.963915857605178,0.9720159908623643
0.9639938506351646,0.9720159908623643
0.9640718562874252,0.9720159908623643
0.9641498745650239,0.9720159908623643
0.9642279054710262,0.9720159908623643
0.9642250101173614,0.9719344048298931
0.9643030597377368,0.9719344048298931
0.9643811219946572,0.9719344048298931
0.9643782383419689,0.9718528187974219
0.9644563193263703,0.9718528187974219
0.9644534412955466,0.9717712327649506
0.9645315410154668,0.9717712327649506
0.9646096533851636,0.9717712327649506
0.9646067870737831,0.9716896467324794
0.9646039202980723,0.9716080607000082
0.9646820575131633,0.9716080607000082
0.9647602073882048,0.9716080607000082
0.964838369926274,0.9716080607000082
0.9649165451304489,0.9716080607000082
0.9649947330038084,0.9716080607000082
0.9650729335494327,0.9716080607000082
0.9650701029256828,0.9715264746675369
0.9650672718430864,0.9714448886350657
0.9650644403015319,0.9713633026025944
0.9651426718547341,0.9713633026025944
0.9652209160924199,0.9713633026025944
0.9652991730176748,0.9713633026025944
0.9653774426335847,0.9713633026025944
0.965374635095686,0.9712817165701232
0.9653718271024248,0.971200130537652
0.9654501216545012,0.971200130537652
0.9655284289074539,0.971200130537652
0.9655256327060351,0.9711185445051808
0.9656039587896488,0.9711185445051808
0.96560116826221,0.9710369584727094
0.9656795131845842,0.9710369584727094
0.9657578708211619,0.9710369584727094
0.9658362411750385,0.9710369584727094
0.9658334685927609,0.9709553724402382
0.9659118578037497,0.9709553724402382
0.9659902597402598,0.9709553724402382
0.96606867440539,0.9709553724402382
0.966065919792174,0.970873786407767
0.9660631647316716,0.9707922003752958
0.9661416044170185,0.9707922003752958
0.9661388550548112,0.9707106143428245
0.9661361052460614,0.9706290283103532
0.9662145699667019,0.9706290283103532
0.9662930474333983,0.9706290283103532
0.9662903094793275,0.970547442277882
0.9662875710804224,0.9704658562454108
0.9663660736046795,0.9704658562454108
0.9664445888852778,0.9704658562454108
0.966523116925327,0.9704658562454108
0.9666016577279376,0.9704658562454108
0.9666802112962211,0.9704658562454108
0.9666775032509753,0.9703842702129395
0.9667560757538811,0.9703842702129395
0.9667533734352138,0.9703026841804683
0.966831964880904,0.9703026841804683
0.9669105691056911,0.9703026841804683
0.9669891861126921,0.9703026841804683
0.9670678159050252,0.9703026841804683
0.9670651378384972,0.9702210981479971
0.9671437865972674,0.9702210981479971
0.9672224481496543,0.9702210981479971
0.9672197820074834,0.9701395121155258
0.9672984625396567,0.9701395121155258
0.9673771558737391,0.9701395121155258
0.9673745016678871,0.9700579260830546
0.9673718470301058,0.9699763400505833
0.9673691919602897,0.9698947540181121
0.9673665364583334,0.9698131679856409
0.9674452673557419,0.9698131679856409
0.96752401106951,0.9698131679856409
0.9675213675213675,0.9697315819531697
0.9676001302507327,0.9697315819531697
0.9676789058047708,0.9697315819531697
0.9676762742224393,0.9696499959206983
0.9676736422115463,0.9695684098882271
0.967671009771987,0.9694868238557559
0.9676683769036567,0.9694052378232847
0.9677471900961069,0.9694052378232847
0.9677445630039913,0.9693236517908134
0.967741935483871,0.9692420657583422
0.9678207739307536,0.9692420657583422
0.9678181521916246,0.9691604797258709
0.9678970096960808,0.9691604797258709
0.9679758800521513,0.9691604797258709
0.9680547632629778,0.9691604797258709
0.9681336593317034,0.9691604797258709
0.968212568261472,0.9691604797258709
0.9682914900554288,0.9691604797258709
0.9683704247167196,0.9691604797258709
0.9684493722484918,0.9691604797258709
0.9684467998369344,0.9690788936933997
0.9684442270058709,0.9689973076609284
0.9685231998695262,0.9689973076609284
0.9686021856140923,0.9689973076609284
0.9686811842427209,0.9689973076609284
0.9686786296900489,0.9689157216284572
0.9687576474426952,0.9689157216284572
0.9688366780877794,0.9689157216284572
0.968834135595986,0.968834135595986
0.9689131853785901,0.968834135595986
0.9689106487148103,0.9687525495635148
0.9689897176432185,0.9687525495635148
0.969068799477679,0.9687525495635148
0.9690662748938949,0.9686709635310435
0.9690637498979675,0.9685893774985722
0.9691428571428572,0.9685893774985722
0.9692219773042697,0.9685893774985722
0.9692194644023514,0.968507791466101
0.9692986037396913,0.968507791466101
0.9692960966846317,0.9684262054336298
0.9693752552062066,0.9684262054336298
0.9694544266579549,0.9684262054336298
0.969533611043045,0.9684262054336298
0.9696128083646463,0.9684262054336298
0.969610325953762,0.9683446194011586
0.9696895424836601,0.9683446194011586
0.9697687719584933,0.9683446194011586
0.9697663016832816,0.9682630333686872
0.9698455503799951,0.9682630333686872
0.969843085975809,0.968181447336216
0.9698406211687781,0.9680998613037448
0.9698381559588033,0.9680182752712736
0.9699174364424099,0.9680182752712736
0.9699967298888162,0.9680182752712736
0.9699942768375439,0.9679366892388023
0.970073589533933,0.9679366892388023
0.9700711423665058,0.9678551032063311
0.9701504743212299,0.9678551032063311
0.970229819252474,0.9678551032063311
0.970227384263046,0.9677735171738598
0.9702249488752557,0.9676919311413886
0.9702225130890052,0.9676103451089173
0.970301889879735,0.9676103451089173
0.9702994599901816,0.9675287590764461
0.9703788560674249,0.9675287590764461
0.9704582651391161,0.9675287590764461
0.9704558474506916,0.9674471730439749
0.9705352758225568,0.9674471730439749
0.9706147171973479,0.9674471730439749
0.970694171578258,0.9674471730439749
0.9707736389684813,0.9674471730439749
0.9707712461110202,0.9673655870115037
0.9707688528617048,0.9672840009790324
0.9707664592204389,0.9672024149465611
0.9707640651871263,0.9671208289140899
0.9708435708435709,0.9671208289140899
0.9709230895241215,0.9671208289140899
0.971002621231979,0.9671208289140899
0.9710002457606292,0.9670392428816187
0.9709978699000491,0.9669576568491475
0.9709954936501434,0.9668760708166761
0.9709931170108161,0.9667944847842049
0.9710726870441695,0.9667944847842049
0.9710703163415834,0.9667128987517337
0.9710679452503893,0.9666313127192625
0.9711475409836066,0.9666313127192625
0.9711451758340848,0.9665497266867912
0.97114281029677,0.96646814065432
0.9711404443715668,0.9663865546218487
0.9711380780583798,0.9663049685893775
0.9711357113571135,0.9662233825569062
0.9712153518123667,0.9662233825569062
0.9712129910604446,0.966141796524435
0.9712926509186351,0.966141796524435
0.9713723238454598,0.966141796524435
0.9714520098441345,0.966141796524435
0.9714496677332021,0.9660602104919638
0.971447325237939,0.9659786244594926
0.9714449823582506,0.9658970384270213
0.9714426390940424,0.96581545239455
0.9715223635617563,0.96581545239455
0.9715200262639527,0.9657338663620788
0.9715176885824509,0.9656522803296076
0.9715974388441964,0.9656522803296076
0.9715951071340613,0.9655706942971364
0.9716748768472906,0.9655706942971364
0.9717546596600706,0.9655706942971364
0.9718344555756282,0.9655706942971364
0.9718321425638499,0.965489108264665
0.9718298291721419,0.9654075222321938
0.9719096509240246,0.9654075222321938
0.9719073435189749,0.9653259361997226
0.9719871847531422,0.9653259361997226
0.9719848833388104,0.9652443501672514
0.9720647440637581,0.9652443501672514
0.9721446179129005,0.9652443501672514
0.9722245048894732,0.9652443501672514
0.9723044049967127,0.9652443501672514
0.9723843182378565,0.9652443501672514
0.9724642446161433,0.9652443501672514
0.972544184134813,0.9652443501672514
0.9725419269976981,0.9651627641347801
0.9725396694894352,0.9650811781023089
0.9725374116099326,0.9649995920698377
0.972617383438862,0.9649995920698377
0.9726973684210526,0.9649995920698377
0.97277736655975,0.9649995920698377
0.9728573778582004,0.9649995920698377
0.9729374023196512,0.9649995920698377
0.9730174399473511,0.9649995920698377
0.9730974907445495,0.9649995920698377
0.9731775547144973,0.9649995920698377
0.9731753476507858,0.9649180060373664
0.9731731402238315,0.9648364200048951
0.9732532301868159,0.9648364200048951
0.9732510288065843,0.9647548339724239
0.9732488270639559,0.9646732479399527
0.973246624958841,0.9645916619074815
0.9733267473450234,0.9645916619074815
0.9733245512926066,0.9645100758750103
0.9734046932894195,0.9645100758750103
0.9734025032938076,0.9644284898425389
0.9734826649098246,0.9644284898425389
0.9734804809751276,0.9643469038100677
0.9735606622189276,0.9643469038100677
0.9736408566721582,0.9643469038100677
0.9736386852294259,0.9642653177775965
0.9737188993244357,0.9642653177775965
0.9737991266375546,0.9642653177775965
0.9738793671720501,0.9642653177775965
0.9739596209311908,0.9642653177775965
0.9739574748640185,0.9641837317451253
0.9739553284430891,0.964102145712654
0.9739531816683152,0.9640205596801827
0.9739510345396093,0.9639389736477115
0.9740313272877164,0.9639389736477115
0.9741116332756204,0.9639389736477115
0.9741094986807388,0.9638573876152403
0.9741073637338171,0.963775801582769
0.9741052284347682,0.9636942155502978
0.9741855670103092,0.9636942155502978
0.9741834378093038,0.9636126295178266
0.9741813082570321,0.9635310434853553
0.9742616729912555,0.9635310434853553
0.9743420509858922,0.9635310434853553
0.9744224422442245,0.9635310434853553
0.9745028467695355,0.9635310434853553
0.9745832645651098,0.9635310434853553
0.974581166955517,0.963449457452884
0.9745790689996698,0.9633678714204128
0.9745769706974825,0.9632862853879416
0.9745748720488691,0.9632046993554704
0.9746553289853876,0.9632046993554704
0.9747357992073976,0.9632046993554704
0.9748162827181901,0.9632046993554704
0.9748142031379026,0.963123113322999
0.9748121232141382,0.9630415272905278
0.9748926329699372,0.9630415272905278
0.9749731560254399,0.9630415272905278
0.9750536923839418,0.9630415272905278
0.9751342420487402,0.9630415272905278
0.9752148050231328,0.9630415272905278
0.9752953813104189,0.9630415272905278
0.975293339943811,0.9629599412580566
0.975373936038344,0.9629599412580566
0.9754545454545455,0.9629599412580566
0.9755351681957186,0.9629599412580566
0.9756158042651678,0.9629599412580566
0.9756137885426138,0.9628783552255854
0.9756944444444444,0.9628783552255854
0.9756924348904505,0.9627967691931142
0.9757731106333719,0.9627967691931142
0.9758537997188456,0.9627967691931142
0.9758518028448561,0.9627151831606429
0.9758498056405591,0.9626335971281716
0.9759305210918114,0.9626335971281716
0.9760112498966003,0.9626335971281716
0.9760092653871608,0.9625520110957004
0.9760072805493505,0.9624704250632292
0.9760052953830879,0.9623888390307579
0.9760033098882913,0.9623072529982867
0.9760840781198279,0.9623072529982867
0.9761648597202681,0.9623072529982867
0.9762456546929317,0.9623072529982867
0.976326463041139,0.9623072529982867
0.9764072847682119,0.9623072529982867
0.9764881198774733,0.9623072529982867
0.9764861732074847,0.9622256669658155
0.9765670282354889,0.9622256669658155
0.9765650877774097,0.9621440809333442
0.9766459627329193,0.9621440809333442
0.9766440284909723,0.9620624949008729
0.976642093928601,0.9619809088684017
0.9767229953611664,0.9619809088684017
0.9768039101979952,0.9619809088684017
0.9768019884009942,0.9618993228359305
0.9768000662855248,0.9618177368034593
0.976881007623467,0.9618177368034593
0.9768790917377973,0.961736150770988
0.9768771755345599,0.9616545647385167
0.9768752590136759,0.9615729787060455
0.9768733421750663,0.9614913926735743
0.9768714250186521,0.9614098066411031
0.9769524125352346,0.9614098066411031
0.9770334134814692,0.9614098066411031
0.9770315091210614,0.9613282206086318
0.977029604444813,0.9612466345761606
0.9770276994526456,0.9611650485436893
0.9770257941444804,0.9610834625112181
0.9771068347710683,0.9610834625112181
0.9771049357113231,0.9610018764787468
0.9771030363364858,0.9609202904462756
0.9771841035426865,0.9609202904462756
0.9771822104215068,0.9608387044138044
0.9772632976516472,0.9608387044138044
0.9772614107883817,0.9607571183813332
0.977259523611918,0.9606755323488618
0.977257636122178,0.9605939463163906
0.9773387565368972,0.9605939463163906
0.9774198904200565,0.9605939463163906
0.9774180157741802,0.9605123602839194
0.9774161408170043,0.9604307742514482
0.9774973013368762,0.9604307742514482
0.9774954326523834,0.9603491882189769
0.9775766132381032,0.9603491882189769
0.9775747508305648,0.9602676021865056
0.9776559514909876,0.9602676021865056
0.9776540953646785,0.9601860161540344
0.9776522389299659,0.9601044301215632
0.9777334662678631,0.9601044301215632
0.9778147071042792,0.9601044301215632
0.9778128635532658,0.960022844089092
0.9778110196958365,0.9599412580566207
0.9778091755319149,0.9598596720241495
0.9778073310614247,0.9597780859916782
0.9778886118038238,0.9597780859916782
0.9778867736303932,0.959696499959207
0.9779680744928501,0.959696499959207
0.9780493888750312,0.959696499959207
0.9780475636121736,0.9596149139267357
0.978045738045738,0.9595333278942645
0.9781270791749833,0.9595333278942645
0.9782084338351493,0.9595333278942645
0.9782898020296124,0.9595333278942645
0.9783711837617503,0.9595333278942645
0.978369384359401,0.9594517418617933
0.9783675846576254,0.9593701558293221
0.9783657846563488,0.9592885697968507
0.9783639843554964,0.9592069837643795
0.9783621837549934,0.9591253977319083
0.9783603828547649,0.9590438116994371
0.978441817879141,0.9590438116994371
0.9784400233080829,0.9589622256669658
0.9784382284382285,0.9588806396344945
0.9785196902839064,0.9588806396344945
0.9786011656952539,0.9588806396344945
0.9785993837954867,0.9587990536020233
0.978597601598934,0.9587174675695521
0.9785958191055217,0.9586358815370809
0.9785940363151757,0.9585542955046096
0.9785922532278217,0.9584727094721384
0.9785904698433855,0.9583911234396671
0.9785886861617928,0.9583095374071959
0.9785869021829695,0.9582279513747246
0.9786684442963086,0.9582279513747246
0.9786666666666667,0.9581463653422534
0.9786648887407284,0.9580647793097822
0.9786631105184197,0.957983193277311
0.9787446861715429,0.957983193277311
0.9788262754251417,0.957983193277311
0.9789078782826177,0.957983193277311
0.97890611972653,0.9579016072448396
0.9789877428499958,0.9579016072448396
0.9789859906604403,0.9578200212123684
0.978984238178634,0.9577384351798972
0.9790658882402001,0.9577384351798972
0.9790641421302861,0.957656849147426
0.9790623957290624,0.9575752631149547
0.9790606490364562,0.9574936770824835
0.9790589020523944,0.9574120910500122
0.9790571547768043,0.957330505017541
0.9790554072096128,0.9572489189850698
0.9790536593507468,0.9571673329525985
0.9791353697212486,0.9571673329525985
0.9792170937317419,0.9571673329525985
0.9792988313856428,0.9571673329525985
0.9792971032640454,0.9570857469201273
0.979378861245617,0.9570857469201273
0.9793771395174083,0.957004160887656
0.97937541750167,0.9569225748551848
0.9794572025052192,0.9569225748551848
0.9795390011691999,0.9569225748551848
0.9795372922408753,0.9568409888227135
0.9795355830270631,0.9567594027902423
0.979533873527692,0.9566778167577711
0.97953216374269,0.9565962307252999
0.9796140028406717,0.9565962307252999
0.9796958556149733,0.9565962307252999
0.9797777220690231,0.9565962307252999
0.979859602206251,0.9565962307252999
0.9798579189302131,0.9565146446928285
0.979856235372785,0.9564330586603573
0.9798545515338962,0.9563514726278861
0.979852867413476,0.9562698865954149
0.9798511830114539,0.9561883005629436
0.9798494983277592,0.9561067145304724
0.9798478133623213,0.9560251284980011
0.9798461281150694,0.9559435424655299
0.9799280756042485,0.9559435424655299
0.9799263967882235,0.9558619564330587
0.9799247176913425,0.9557803704005874
0.9800066923205621,0.9557803704005874
0.9800050196603363,0.9556987843681162
0.9800870147255689,0.9556987843681162
0.9800853485064012,0.955617198335645
0.9801673640167364,0.955617198335645
0.9801657042430328,0.9555356123031737
0.9801640441914965,0.9554540262707024
0.9801623838620575,0.9553724402382312
0.9802444332831073,0.9553724402382312
0.980242779405609,0.95529085420576
0.980324849296718,0.95529085420576
0.9803232018755756,0.9552092681732888
0.9803215541785295,0.9551276821408174
0.9803199062055105,0.9550460961083462
0.9804020100502513,0.9550460961083462
0.9804003685400787,0.954964510075875
0.9803987267549004,0.9548829240434038
0.9803970846946469,0.9548013380109325
0.9803954423592494,0.9547197519784613
0.9803937997486385,0.95463816594599
0.9804759510641864,0.95463816594599
0.9804743149249979,0.9545565799135188
0.980556486758297,0.9545565799135188
0.9805548570949627,0.9544749938810476
0.9805532271584242,0.9543934078485763
0.98063542627211,0.9543934078485763
0.9806338028169014,0.9543118218161051
0.980716022470026,0.9543118218161051
0.980798255911454,0.9543118218161051
0.9807966457023061,0.9542302357836339
0.9808788996980878,0.9542302357836339
0.9809611674914032,0.9542302357836339
0.9809595705418553,0.9541486497511626
0.9809579733243855,0.9540670637186913
0.9810402684563758,0.9540670637186913
0.9811225773974327,0.9540670637186913
0.9811209934552777,0.9539854776862201
0.9811194092472938,0.9539038916537489
0.9811178247734139,0.9538223056212777
0.9811162400335711,0.9537407195888064
0.9811146550276985,0.9536591335563351
0.9811970116679258,0.9536591335563351
0.9811954331766286,0.9535775475238639
0.9811938544202837,0.9534959614913927
0.9812762384550797,0.9534959614913927
0.9812746662188261,0.9534143754589214
0.9812730937185086,0.9533327894264502
0.9812715209540607,0.953251203393979
0.9812699479254158,0.9531696173615077
0.981352372952541,0.9531696173615077
0.9813508064516129,0.9530880313290365
0.9813492396874738,0.9530064452965652
0.9813476726600572,0.952924859264094
0.9813461053692967,0.9528432732316228
0.9813445378151261,0.9527616871991516
0.9813429699974788,0.9526801011666802
0.9813414019162885,0.952598515134209
0.9813398335714886,0.9525169291017378
0.9814223268325487,0.9525169291017378
0.9814207650273225,0.9524353430692666
0.9814192029594754,0.9523537570367953
0.9815017237030186,0.9523537570367953
0.9815842583249244,0.9523537570367953
0.9815827096123119,0.952272171004324
0.9815811606391927,0.9521905849718528
0.9815796114055009,0.9521089989393816
0.9815780619111709,0.9520274129069103
0.981576512156137,0.9519458268744391
0.9816590947332997,0.9519458268744391
0.9817416912074043,0.9519458268744391
0.9817401548300235,0.9518642408419679
0.9817386181940587,0.9517826548094966
0.9817370812994446,0.9517010687770254
0.9818197121454423,0.9517010687770254
0.9818181818181818,0.9516194827445541
0.9819008334034851,0.9516194827445541
0.9818993096480889,0.9515378967120829
0.9818977856361034,0.9514563106796117
0.9818962613674638,0.9513747246471405
0.9818947368421053,0.9512931386146691
0.9818932120599629,0.9512115525821979
0.981891687020972,0.9511299665497267
0.9818901617250674,0.9510483805172555
0.9818886361721844,0.9509667944847842
0.9819713563605729,0.9509667944847842
0.9820540904878254,0.9509667944847842
0.9820525783619818,0.950885208452313
0.9820510659812927,0.9508036224198417
0.9820495533456935,0.9507220363873705
0.9820480404551201,0.9506404503548992
0.9821308159136884,0.9506404503548992
0.9821293096181405,0.950558864322428
0.9822121058843365,0.950558864322428
0.9822106061883483,0.9504772782899568
0.9822934232715008,0.9504772782899568
0.9822919301796105,0.9503956922574855
0.9823747680890538,0.9503956922574855
0.9823732816058025,0.9503141062250143
0.9823717948717948,0.950232520192543
0.9823703078869676,0.9501509341600718
0.9824531803610596,0.9501509341600718
0.9824516999915633,0.9500693481276006
0.9824502193722578,0.9499877620951294
0.9824487385030799,0.949906176062658
0.9824472573839662,0.9498245900301868
0.9825301713224744,0.9498245900301868
0.9826130992572586,0.9498245900301868
0.9826960411918629,0.9498245900301868
0.9826945804490967,0.9497430039977156
0.9826931194596876,0.9496614179652444
0.9826916582235731,0.9495798319327731
0.9826901967406907,0.9494982459003019
0.9827731802060463,0.9494982459003019
0.9827717253610337,0.9494166598678306
0.9828547297297298,0.9494166598678306
0.9829377481206183,0.9494166598678306
0.9829363068085826,0.9493350738353594
0.9830193461181043,0.9493350738353594
0.9830179114565731,0.9492534878028881
0.9830164765525983,0.9491719017704169
0.983015041406118,0.9490903157379457
0.9830136060170709,0.9490087297054745
0.9830121703853956,0.9489271436730032
0.9830107345110304,0.9488455576405319
0.9830092983939138,0.9487639716080607
0.9830924000338152,0.9487639716080607
0.9830909705782888,0.9486823855755895
0.983089540881035,0.9486007995431183
0.9830881109419922,0.9485192135106469
0.9830866807610994,0.9484376274781757
0.9831698240866035,0.9484376274781757
0.9832529814767825,0.9484376274781757
0.9832515648790391,0.9483560414457045
0.9833347432535319,0.9483560414457045
0.9833333333333333,0.9482744554132333
0.9833319231745494,0.948192869380762
0.9833305127771197,0.9481112833482908
0.9833291021409833,0.9480296973158195
0.9834123222748815,0.9480296973158195
0.9834109183241642,0.9479481112833483
0.9834095141357712,0.947866525250877
0.9834081097096419,0.9477849392184058
0.9834067050457163,0.9477033531859346
0.9834053001439336,0.9476217671534634
0.9834885690093141,0.9476217671534634
0.9835718519773055,0.9476217671534634
0.9835704607046071,0.947540181120992
0.9835690691962395,0.9474585950885208
0.983567677452143,0.9473770090560496
0.9835662854722576,0.9472954230235784
0.9836496103015927,0.9472954230235784
0.9836482250275354,0.9472138369911072
0.9836468395187257,0.9471322509586358
0.9836454537751038,0.9470506649261646
0.9836440677966102,0.9469690788936934
0.983642681583185,0.9468874928612222
0.9836412951347686,0.9468059068287509
0.9836399084513012,0.9467243207962797
0.9836385215327229,0.9466427347638084
0.9836371343789742,0.9465611487313372
0.9836357469899949,0.9464795626988659
0.9836343593657254,0.9463979766663947
0.9837177747625508,0.9463979766663947
0.9838012043083708,0.9463979766663947
0.9838846480067854,0.9463979766663947
0.9839681058613963,0.9463979766663947
0.9839667458432304,0.9463163906339235
0.9839653855942988,0.9462348046014523
0.9839640251145427,0.9461532185689809
0.9839626644039032,0.9460716325365097
0.9839613034623218,0.9459900465040385
0.9839599422897395,0.9459084604715673
0.9839585808860974,0.9458268744390961
0.983957219251337,0.9457452884066248
0.9840407470288625,0.9457452884066248
0.9840393921385516,0.9456637023741535
0.9840380370181695,0.9455821163416823
0.9840366816676573,0.9455005303092111
0.9841202445652174,0.9455005303092111
0.9841188959660297,0.9454189442767398
0.9841175471377611,0.9453373582442686
0.9841161980803533,0.9452557722117974
0.9841997961264016,0.9452557722117974
0.9841984538272025,0.9451741861793261
0.9842820730671198,0.9451741861793261
0.9843657065171213,0.9451741861793261
0.9843643779741672,0.9450926001468548
0.984363049205405,0.9450110141143836
0.9843617202107768,0.9449294280819124
0.9843603909902252,0.9448478420494412
0.9844440666439986,0.9448478420494412
0.9844427441979087,0.9447662560169698
0.9844414215269512,0.9446846699844986
0.9844400986310687,0.9446030839520274
0.9844387755102041,0.9445214979195562
0.9844374521642997,0.944439911887085
0.9845211770709305,0.944439911887085
0.9846049162201241,0.944439911887085
0.9846886696155155,0.944439911887085
0.9846873670778392,0.9443583258546137
0.9846860643185299,0.9442767398221424
0.9846847613375308,0.9441951537896712
0.9847685500340367,0.9441951537896712
0.9847672538507362,0.9441135677572
0.9847659574468085,0.9440319817247287
0.9847646608221976,0.9439503956922575
0.9848484848484849,0.9439503956922575
0.9848471950285179,0.9438688096597863
0.9848459049889324,0.943787223627315
0.9848446147296722,0.9437056375948437
0.9848433242506812,0.9436240515623725
0.9848420335519033,0.9435424655299013
0.9848407426332823,0.9434608794974301
0.9848394514947619,0.9433792934649587
0.9849233390119251,0.9433792934649587
0.9849220546894966,0.9432977074324875
0.9849207701482365,0.9432161214000163
0.9850046860356139,0.9432161214000163
0.9850034083162917,0.9431345353675451
0.9850021303792075,0.9430529493350739
0.9850008522243054,0.9429713633026026
0.9850848035455553,0.9429713633026026
0.9851687691783158,0.9429713633026026
0.9851675049015429,0.9428897772701313
0.9852514919011083,0.9428897772701313
0.9853354932219286,0.9428897772701313
0.9853342428376535,0.9428081912376601
0.9853329922401296,0.9427266052051889
0.9853317414293024,0.9426450191727176
0.9854157782515991,0.9426450191727176
0.9854145342886387,0.9425634331402464
0.9854985925104496,0.9425634331402464
0.9855826650742194,0.9425634331402464
0.9855814350311407,0.9424818471077752
0.985580204778157,0.942400261075304
0.9855789743152146,0.9423186750428326
0.9855777436422598,0.9422370890103614
0.9855765127592387,0.9421555029778902
0.9855752816660976,0.942073916945419
0.9855740503627828,0.9419923309129477
0.9855728188492402,0.9419107448804764
0.9855715871254163,0.9418291588480052
0.9855703551912568,0.941747572815534
0.9855691230467082,0.9416659867830628
0.9855678906917165,0.9415844007505915
0.9855666581262277,0.9415028147181203
0.9855654253501879,0.941421228685649
0.9855641923635432,0.9413396426531778
0.9856483854433624,0.9413396426531778
0.9856471593336181,0.9412580566207065
0.9856459330143541,0.9411764705882353
0.9856447064855165,0.9410948845557641
0.9856434797470518,0.9410132985232929
0.985642252798906,0.9409317124908215
0.9856410256410256,0.9408501264583503
0.9856397982733567,0.9407685404258791
0.9856385706958455,0.9406869543934079
0.9856373429084381,0.9406053683609366
0.9857216142270862,0.9406053683609366
0.9857203933304831,0.9405237823284653
0.9857191722250727,0.9404421962959941
0.9857179509108014,0.9403606102635229
0.9857167293876155,0.9402790242310517
0.9857155076554615,0.9401974381985804
0.9857142857142858,0.9401158521661092
0.9857130635640345,0.9400342661336379
0.9857118412046544,0.9399526801011667
0.9857961837939591,0.9399526801011667
0.9857949683381825,0.9398710940686954
0.9857937526743689,0.9397895080362242
0.9857925368024649,0.939707922003753
0.9857913207224172,0.9396263359712818
0.9857901044341723,0.9395447499388104
0.9857888879376766,0.9394631639063392
0.9857876712328767,0.939381577873868
0.9857864543197191,0.9392999918413968
0.9857852371981504,0.9392184058089255
0.9857840198681168,0.9391368197764542
0.9858684480986639,0.9391368197764542
0.9858672376873662,0.939055233743983
0.9859516875107076,0.939055233743983
0.9859504840229589,0.9389736477115118
0.9859492803289924,0.9388920616790406
0.985948076428755,0.9388104756465693
0.9859468723221937,0.9387288896140981
0.9859456680092553,0.9386473035816268
0.9859444634898868,0.9385657175491556
0.9859432587640353,0.9384841315166843
0.9859420538316476,0.9384025454842131
0.9859408486926704,0.9383209594517419
0.9859396433470508,0.9382393734192707
0.9859384377947354,0.9381577873867993
0.9859372320356714,0.9380762013543281
0.9859360260698053,0.9379946153218569
0.9859348198970841,0.9379130292893857
0.9860193841667382,0.9379130292893857
0.986018184937382,0.9378314432569144
0.9860169855022733,0.9377498572244432
0.986015785861359,0.9376682711919719
0.9861003861003861,0.9376682711919719
0.986099193409988,0.9375866851595007
0.9860980005148888,0.9375050991270295
0.986096807415036,0.9374235130945582
0.9860956141103768,0.937341927062087
0.9861802575107296,0.937341927062087
0.9861790711649069,0.9372603410296158
0.9861778846153846,0.9371787549971445
0.9861766978621104,0.9370971689646732
0.9861755109050317,0.937015582932202
0.9861743237440962,0.9369339968997308
0.9861731363792511,0.9368524108672596
0.986171948810444,0.9367708248347882
0.9862566569317986,0.9367708248347882
0.986341379606563,0.9367708248347882
0.9863402061855671,0.936689238802317
0.986339032562935,0.9366076527698458
0.9863378587386149,0.9365260667373746
0.9863366847125548,0.9364444807049033
0.9863355104847027,0.9363628946724321
0.9863343360550064,0.9362813086399608
0.9863331614234141,0.9361997226074896
0.9863319865898736,0.9361181365750184
0.9863308115543329,0.9360365505425471
0.9863296363167398,0.9359549645100759
0.9863284608770422,0.9358733784776047
0.9864132771519477,0.9358733784776047
0.9864121087031303,0.9357917924451334
0.9864109400533242,0.9357102064126621
0.9864097712024772,0.9356286203801909
0.9864086021505376,0.9355470343477197
0.9864074328974536,0.9354654483152485
0.9864062634431731,0.9353838622827771
0.9864899750451769,0.9353022762503059
0.9864888123924268,0.9352206902178347
0.9864876495395473,0.9351391041853635
0.9864864864864865,0.9350575181528922
0.9865714039769303,0.9350575181528922
0.9865702479338843,0.934975932120421
0.9865690916917779,0.9348943460879497
0.9865679352505596,0.9348127600554785
0.9865667786101783,0.9347311740230073
0.9865656217705822,0.934649587990536
0.9866505899577986,0.934649587990536
0.9867355727820845,0.934649587990536
0.9867344301834783,0.9345680019580648
0.9867332873880083,0.9344864159255936
0.9867321443956233,0.9344048298931223
0.9867310012062727,0.934323243860651
0.9867298578199052,0.9342416578281798
0.9867287142364701,0.9341600717957086
0.9867275704559165,0.9340784857632374
0.9867264264781934,0.933996899730766
0.9867252823032497,0.9339153136982948
0.9867241379310345,0.9338337276658236
0.9867229933614967,0.9337521416333524
0.9867218485945852,0.9336705556008811
0.9867207036302492,0.9335889695684099
0.9867195584684374,0.9335073835359387
0.9867184131090988,0.9334257975034674
0.9867172675521821,0.9333442114709961
0.9867161217976365,0.9332626254385249
0.9868012422360248,0.9332626254385249
0.9868001035285998,0.9331810394060537
0.9867989646246764,0.9330994533735825
0.986797825524204,0.9330178673411113
0.9867966862271316,0.9329362813086399
0.9868818503495297,0.9329362813086399
0.9868807181080614,0.9328546952761687
0.9868795856711264,0.9327731092436975
0.986878453038674,0.9326915232112263
0.9869636536303203,0.9326915232112263
0.986962528060784,0.932609937178755
0.9869614022968656,0.9325283511462837
0.9870466321243523,0.9325283511462837
0.9871318766732878,0.9325283511462837
0.9871307652444291,0.9324467651138125
0.987129653623564,0.9323651790813413
0.9871285418106427,0.93228359304887
0.9871274298056155,0.9322020070163988
0.9871263176084327,0.9321204209839276
0.9871252052190443,0.9320388349514563
0.9871240926374006,0.931957248918985
0.9871229798634518,0.9318756628865138
0.9871218668971478,0.9317940768540426
0.9871207537384389,0.9317124908215714
0.9871196403872753,0.9316309047891002
0.9871185268436068,0.9315493187566288
0.9871174131073837,0.9314677327241576
0.987116299178556,0.9313861466916864
0.9871151850570736,0.9313045606592152
0.9872005534895788,0.9313045606592152
0.9871994464625498,0.9312229746267439
0.98719833924401,0.9311413885942726
0.9871972318339101,0.9310598025618014
0.9871961242322,0.9309782165293302
0.9871950164388302,0.9308966304968589
0.9872804360993337,0.9308966304968589
0.9872793354101765,0.9308150444643877
0.9873647771527477,0.9308150444643877
0.9873636835727887,0.9307334584319165
0.9873625898035142,0.9306518723994452
0.9873614958448753,0.9305702863669739
0.9873604016968228,0.9304887003345027
0.9874448004156204,0.9304071143020315
0.9874437131970905,0.9303255282695603
0.9875292283710054,0.9303255282695603
0.9875281482764594,0.9302439422370891
0.9875270679948029,0.9301623562046177
0.9875259875259875,0.9300807701721465
0.9875249068699645,0.9299991841396753
0.9875238260266852,0.9299175981072041
0.9875227449961008,0.9298360120747328
0.9875216637781629,0.9297544260422616
0.9875205823728226,0.9296728400097903
0.9875195007800313,0.9295912539773191
0.98751841899974,0.9295096679448478
0.9875173370319001,0.9294280819123766
0.9875162548764629,0.9293464958799054
0.98760187272412,0.9293464958799054
0.9876007977109165,0.9292649098474342
0.9875997225112729,0.9291833238149628
0.9875986471251409,0.9291017377824916
0.9875975715524719,0.9290201517500204
0.987683233584873,0.9290201517500204
0.9877689104788342,0.9290201517500204
0.9877678493970677,0.9289385657175492
0.9877667881311817,0.928856979685078
0.9877657266811279,0.9287753936526066
0.9877646650468588,0.9286938076201354
0.9877636032283259,0.9286122215876642
0.9877625412254817,0.928530635555193
0.9877614790382779,0.9284490495227217
0.9877604166666667,0.9283674634902505
0.9877593541105999,0.9282858774577792
0.9877582913700296,0.928204291425308
0.9877572284449075,0.9281227053928367
0.9877561653351858,0.9280411193603655
0.9877551020408163,0.9279595333278943
0.9877540385617509,0.9278779472954231
0.9877529748979414,0.9277963612629517
0.9877519110493398,0.9277147752304805
0.9877508470158979,0.9276331891980093
0.9877497827975673,0.9275516031655381
0.9877487183943001,0.9274700171330669
0.987747653806048,0.9273884311005955
0.9877465890327627,0.9273068450681243
0.987745524074396,0.9272252590356531
0.9877444589308996,0.9271436730031819
0.9877433936022253,0.9270620869707106
0.9877423280883247,0.9269805009382394
0.9877412623891497,0.9268989149057681
0.9877401965046517,0.9268173288732969
0.9877391304347826,0.9267357428408256
0.9877380641794938,0.9266541568083544
0.9877369977387371,0.9265725707758832
0.9877359311124642,0.926490984743412
0.9877348643006263,0.9264093987109406
0.9878207916485429,0.9264093987109406
0.9878197320341048,0.9263278126784694
0.9878186722352736,0.9262462266459982
0.9879046293073442,0.9262462266459982
0.9879906013401792,0.9262462266459982
0.9879895561357702,0.926164640613527
0.9879885107494125,0.9260830545810558
0.9880745125348189,0.9260830545810558
0.9880734743623226,0.9260014685485844
0.9880724360090545,0.9259198825161132
0.9880713974749673,0.925838296483642
0.9880703587600139,0.9257567104511708
0.9881564051206131,0.9257567104511708
0.9881553736282878,0.9256751244186995
0.9881543419562756,0.9255935383862283
0.9881533101045297,0.925511952353757
0.9881522780730029,0.9254303663212858
0.9882383690538421,0.9254303663212858
0.9882373442537249,0.9253487802888145
0.9882352941176471,0.9251856082238721
0.9883214223461739,0.9251856082238721
0.9884075655887736,0.9251856082238721
0.9884065550906556,0.9251040221914009
0.9884055444163543,0.9250224361589295
0.9884045335658239,0.9249408501264583
0.9884035225390182,0.9248592640939871
0.9884897104987792,0.9248592640939871
0.9884887067236418,0.9247776780615159
0.988487702773417,0.9246960920290447
0.988572923935799,0.9246145059965734
0.9886591642676438,0.9246145059965734
0.9886581748385971,0.9245329199641021
0.9886571852368903,0.9244513339316309
0.9887434554973822,0.9244513339316309
0.9887424731651977,0.9243697478991597
0.9887414906615465,0.9242881618666884
0.9887405079863839,0.9242065758342172
0.9887395251396648,0.924124989801746
0.9887385421213444,0.9240434037692747
0.9888248646760956,0.9240434037692747
0.9888238889373964,0.9239618177368034
0.988822913028292,0.9238802317043322
0.9889092655663261,0.9238802317043322
0.9889082969432315,0.923798645671861
0.9889073281509302,0.9237170596393898
0.9889937106918238,0.9237170596393898
0.988992749191928,0.9236354736069184
0.9889917875240258,0.9235538875744472
0.9889908256880734,0.923472301541976
0.9889898636840265,0.9233907155095048
0.9889889015118413,0.9233091294770336
0.9889879391714735,0.9232275434445623
0.9889869766628792,0.923145957412091
0.9890734265734266,0.923145957412091
0.989159891598916,0.923145957412091
0.9891589438713062,0.9230643713796198
0.9891579959779663,0.9229827853471486
0.9891570479188527,0.9229011993146773
0.989155151303131,0.9227380272497349
0.9891542027464357,0.9226564412172636
0.9891532540237928,0.9225748551847923
0.9892397865453592,0.9225748551847923
0.989238845144357,0.9224932691523211
0.9892379035786159,0.9224116831198499
0.9892369618480924,0.9223300970873787
0.9892360199527435,0.9222485110549073
0.9892350778925258,0.9221669250224361
0.989234135667396,0.9220853389899649
0.989233193277311,0.9220037529574937
0.9892322507222271,0.9219221669250225
0.9892313080021012,0.9218405808925512
0.9892303651168899,0.92175899486008
0.98922942206655,0.9216774088276087
0.9892284788510377,0.9215958227951375
0.9893151164827465,0.9215958227951375
0.9893141806078655,0.9215142367626662
0.9894008409250176,0.9215142367626662
0.9893999123959702,0.921432650730195
0.9894865954091466,0.921432650730195
0.98948567423114,0.9213510646977238
0.9894847528916929,0.9212694786652526
0.9894838313907633,0.9211878926327812
0.9894829097283085,0.92110630660031
0.9894819879042861,0.9210247205678388
0.9894810659186536,0.9209431345353676
0.9895678092399404,0.9209431345353676
0.9896545677713484,0.9209431345353676
0.9896536606751425,0.9208615485028963
0.989740441950193,0.9208615485028963
0.98973954222573,0.920779962470425
0.9897386423434485,0.9206983764379538
0.9898254539075519,0.9206983764379538
0.9898245614035087,0.9206167904054826
0.9898236687428722,0.9205352043730114
0.989822775925601,0.9204536183405401
0.9899096253400017,0.9204536183405401
0.98990873990874,0.9203720323080689
0.9899078543220711,0.9202904462755976
0.9899060826823488,0.9201272742106551
0.9899051966292135,0.9200456881781839
0.9899043104205074,0.9199641021457127
0.9899034240561896,0.9198825161132415
0.9899025375362192,0.9198009300807701
0.9899894625922023,0.9198009300807701
0.9899885834723808,0.9197193440482989
0.9899877041981381,0.9196377580158277
0.9899868247694334,0.9195561719833565
0.990073787772312,0.9195561719833565
0.9901607660546429,0.9195561719833565
0.990159901599016,0.9194745859508852
0.990159036991477,0.919392999918414
0.990158172231986,0.9193114138859427
0.9901555770413993,0.919066655788529
0.9901547116736991,0.9189850697560578
0.9901538461538462,0.9189034837235865
0.9901529804818006,0.9188218976911153
0.9901512486809708,0.9186587256261728
0.9901503825521062,0.9185771395937016
0.9901495162708883,0.9184955535612304
0.9901486498372768,0.918413967528759
0.9901477832512315,0.9183323814962878
0.9901469165127122,0.9182507954638166
0.9901460496216787,0.9181692094313454
0.9901451825780906,0.9180876233988741
0.9901443153819077,0.9180060373664028
0.9901434480330898,0.9179244513339316
0.9901425805315965,0.9178428653014604
0.9901417128773875,0.9177612792689891
0.9901408450704225,0.9176796932365179
0.990228013029316,0.9176796932365179
0.9902271526677232,0.9175981072040467
0.9902262921546183,0.9175165211715754
0.9902254314899612,0.9174349351391042
0.9902245706737121,0.9173533491066329
0.9902237097058305,0.9172717630741617
0.9902228485862767,0.9171901770416905
0.9902219873150105,0.9171085910092193
0.9902211258919918,0.9170270049767479
0.9902202643171806,0.9169454189442767
0.990307516080712,0.9169454189442767
0.990393936723363,0.9168638329118055
0.9903930900757977,0.9167822468793343
0.9903922432789776,0.916700660846863
0.9903913963328632,0.9166190748143918
0.9903905492374151,0.9165374887819205
0.9903897019925939,0.9164559027494493
0.9904770302442465,0.9164559027494493
0.9904761904761905,0.916374316716978
0.9904753505600141,0.9162927306845068
0.9905627094725701,0.9162927306845068
0.9906500837964188,0.9162927306845068
0.9907374735356387,0.9162927306845068
0.9907366563740626,0.9162111446520356
0.9907358390682901,0.9161295586195644
0.9907350216182829,0.9160479725870931
0.9907342040240028,0.9159663865546218
0.9908216397493602,0.9159663865546218
0.9908208296557811,0.9158848005221506
0.9908200194191897,0.9158032144896794
0.9908183985168182,0.9156400424247368
0.9908175878509624,0.9155584563922656
0.9908167770419426,0.9154768703597944
0.990815966089721,0.9153952843273232
0.9908151549942594,0.9153136982948519
0.9908143437555202,0.9152321122623807
0.9908135323734653,0.9151505262299094
0.9908127208480565,0.9150689401974382
0.9908119091792561,0.9149873541649669
0.990811097367026,0.9149057681324957
0.9908102854113281,0.9148241821000245
0.9908094733121244,0.9147425960675533
0.9908078486830475,0.9145794240026107
0.9908070361530982,0.9144978379701395
0.9908946251768034,0.9144978379701395
0.9908938201750508,0.9144162519376683
0.9909814323607427,0.9144162519376683
0.9909806348925635,0.9143346659051971
0.9909798372833393,0.9142530798727257
0.9910674803219245,0.9142530798727257
0.9910659000442282,0.9140899078077833
0.991065109695683,0.9140083217753121
0.9910643192072901,0.9139267357428408
0.9910635285790126,0.9138451497103696
0.9910627378108132,0.9137635636778983
0.9910619469026549,0.9136819776454271
0.9910611558545004,0.9136003916129558
0.9910603646663126,0.9135188055804846
0.9910595733380544,0.9134372195480134
0.9910587818696884,0.9133556335155422
0.9910579902611775,0.913274047483071
0.9910571985124845,0.9131924614505996
0.9910564066235721,0.9131108754181284
0.9911441728657456,0.9131108754181284
0.9911433885395448,0.9130292893856572
0.9911426040744021,0.912947703353186
0.9911418194702808,0.9128661173207147
0.9911402498449544,0.9127029452557722
0.9911394648236753,0.912621359223301
0.9911378943637008,0.9124581871583585
0.9911371089249313,0.9123766011258873
0.9911363233469243,0.912295015093416
0.9911355376296428,0.9122134290609447
0.9911347517730497,0.9121318430284735
0.9911339657771079,0.9120502569960023
0.9912218478453626,0.9120502569960023
0.99122106943336,0.9119686709635311
0.991220290883292,0.9118870849310599
0.9912195121951219,0.9118054988985885
0.9912187333688132,0.9117239128661173
0.9912179544043289,0.9116423268336461
0.9912171753016323,0.9115607408011749
0.9912163960606867,0.9114791547687036
0.9912156166814552,0.9113975687362323
0.9912140575079872,0.9112343966712899
0.9912132777136771,0.9111528106388186
0.9912124977809338,0.9110712246063474
0.9912117177097204,0.9109896385738762
0.9912109375,0.910908052541405
0.9912101571517358,0.9108264665089336
0.9912093766648907,0.9107448804764624
0.9912085960394281,0.9106632944439912
0.991207034372502,0.9105001223790488
0.9912062533309647,0.9104185363465774
0.9912054721506618,0.9103369503141062
0.9912046908315565,0.910255364281635
0.9912039093736117,0.9101737782491638
0.9912031277767904,0.9100921922166925
0.9912912112325603,0.9100921922166925
0.9912896631410542,0.90992902015175
0.9912888888888889,0.9098474341192788
0.9912873399715505,0.9096842620543363
0.9912865653063039,0.9096026760218651
0.99128579050329,0.9095210899893938
0.9912842404838136,0.9093579179244513
0.991372409499244,0.9093579179244513
0.9914605942003202,0.9093579179244513
0.9914598345342941,0.9092763318919801
0.9915480427046264,0.9092763318919801
0.9915472906842245,0.9091947458595089
0.9915465385299875,0.9091131598270377
0.9915457862418795,0.9090315737945663
0.9915442812639075,0.9088684017296239
0.9915435285739719,0.9087868156971527
0.9915427757500223,0.9087052296646814
0.9915420227920227,0.9086236436322102
0.9916303089662541,0.9086236436322102
0.9916295636687444,0.9085420575997389
0.9916288182384896,0.9084604715672677
0.9916280726754543,0.9083788855347964
0.9916273269796028,0.9082972995023252
0.9916258351893096,0.9081341274373828
0.9916250890947969,0.9080525414049114
0.991624342867326,0.9079709553724402
0.9916235965068615,0.907889369339969
0.9916228500133678,0.9078077833074978
0.9916221033868092,0.9077261972750266
0.9916213566271503,0.9076446112425552
0.9917090131051083,0.907563025210084
0.9917082738944365,0.9074814391776128
0.9917075345519394,0.9073998531451416
0.991706055471328,0.9072366810801991
0.991705315733143,0.9071550950477278
0.9917038358608385,0.9069919229827853
0.9917030957266483,0.9069103369503141
0.9917023554603854,0.9068287509178429
0.9917016150620148,0.9067471648853717
0.991700874531501,0.9066655788529003
0.9917001338688086,0.9065839928204291
0.9916993930739022,0.9065024067879579
0.9917879139516201,0.9065024067879579
0.9917871808605606,0.9064208207554867
0.9918757253816624,0.9064208207554867
0.991875,0.9063392347230155
0.99196356817573,0.9063392347230155
0.9919628505090194,0.9062576486905441
0.9919614147909968,0.9060944766256017
0.991960696739616,0.9060128905931305
0.9919585418155825,0.9057681324957167
0.9920471807702618,0.9057681324957167
0.992045759227813,0.9056049604307742
0.9920450482659993,0.905523374398303
0.9920436259610227,0.9053602023333606
0.9920429146177917,0.9052786163008892
0.9920422031473534,0.905197030268418
0.9920414915496736,0.9051154442359468
0.9920407798247183,0.9050338582034756
0.9920400679724533,0.9049522721710044
0.9920386438858574,0.9047891001060618
0.9920379316514583,0.9047075140735906
0.9920372192896126,0.9046259280411194
0.9920365068002863,0.9045443420086481
0.9920357941834452,0.9044627559761769
0.9920343685670814,0.9042995839112344
0.9920336555674901,0.9042179978787631
0.9920322291853179,0.9040548258138207
0.9920308022922636,0.9038916537488781
0.9921196382197547,0.9038916537488781
0.9921189324735805,0.9038100677164069
0.9921182266009853,0.9037284816839357
0.9921175206019348,0.9036468956514645
0.9921161082243326,0.903483723586522
0.9921154018457128,0.9034021375540507
0.9921146953405018,0.9033205515215795
0.9921139887086656,0.9032389654891083
0.9921132819501702,0.903157379456637
0.9921125750649816,0.9030757934241658
0.992201505916099,0.9030757934241658
0.9922008068130883,0.9029942073916946
0.992200107584723,0.9029126213592233
0.9921994082309692,0.902831035326752
0.9921980091471617,0.9026678632618096
0.9921973094170403,0.9025862772293384
0.9921966095613957,0.902504691196867
0.9921959095801938,0.9024231051643958
0.9921945092409833,0.9022599330994534
0.9921938088829071,0.9021783470669821
0.9921931083991385,0.9020967610345109
0.9921924077896437,0.9020151750020396
0.9921917070543887,0.9019335889695684
0.9922786855808943,0.9016888308721547
0.9922779922779923,0.9016072448396835
0.9923670977011494,0.9016072448396835
0.9923664122137404,0.9015256588072122
0.9923657266031974,0.9014440727747409
0.9923650408694871,0.9013624867422697
0.9923643550125764,0.9012809007097985
0.9923636690324319,0.9011993146773273
0.9923629829290207,0.901117728644856
0.9923622967023092,0.9010361426123847
0.9923616103522646,0.9009545565799135
0.9923609238788532,0.9008729705474423
0.992360237282042,0.900791384514971
0.9923595505617977,0.9007097984824998
0.992358863718087,0.9006282124500286
0.9923581767508766,0.9005466264175573
0.992357489660133,0.9004650403850861
0.9923568024458232,0.9003834543526148
0.9923561151079137,0.9003018683201436
0.9923554276463711,0.9002202822876724
0.9923540523522533,0.9000571102227298
0.9923533645196114,0.8999755241902586
0.9924419650890769,0.8998939381577874
0.9924412849815532,0.8998123521253162
0.9924406047516199,0.8997307660928449
0.992439924399244,0.8996491800603736
0.9925292529252925,0.8996491800603736
0.9925285804302818,0.8995675940279024
0.992527907814188,0.8994860079954312
0.9925272350769785,0.8994044219629599
0.9925265622186206,0.8993228359304887
0.9925258892390815,0.8992412498980175
0.992524542916329,0.899078077833075
0.9925238695730499,0.8989964918006037
0.9925231961084587,0.8989149057681325
0.9925225225225225,0.8988333197356613
0.9925218488152086,0.8987517337031901
0.9925205010363162,0.8985885616382475
0.992519826964672,0.8985069756057763
0.9925191527715187,0.8984253895733051
0.9925178040205535,0.8982622175083625
0.9925164547831575,0.8980990454434201
0.9925157799819657,0.8980174594109488
0.9926948051948052,0.8980174594109488
0.9926941462974656,0.8979358733784776
0.9926928281461435,0.8977727013135351
0.9926921688920968,0.8976911152810639
0.9926915095190832,0.8976095292485926
0.9926901904160275,0.8974463571836502
0.9926895306859206,0.897364771151179
0.9926888708367181,0.8972831851187076
0.9927784798700127,0.8972831851187076
0.9927778279317505,0.8972015990862364
0.9927771758757674,0.8971200130537652
0.9927758714105112,0.8969568409888227
0.992775219001174,0.8968752549563515
0.9927745664739884,0.8967936689238802
0.992773261065944,0.8966304968589377
0.9927719551861222,0.8964673247939953
0.9927713020692148,0.896385738761524
0.9929501084598699,0.8963041527290528
0.9929494712103408,0.8962225666965815
0.9929481963656089,0.8960593946316391
0.9930373451487476,0.8959778085991679
0.9930367155000904,0.8958962225666965
0.9930360857375419,0.8958146365342253
0.9930348258706467,0.8956514644692829
0.9930341957662384,0.8955698784368116
0.9930335655478151,0.8954882924043404
0.9930329352153456,0.8954067063718691
0.9930323047687992,0.8953251203393979
0.9930316742081448,0.8952435343069266
0.9930304127443881,0.8950803622419842
0.9930297818412238,0.894998776209513
0.9930291508238276,0.8949171901770417
0.9930285196921684,0.8948356041445704
0.9931171889150516,0.894672432079628
0.9931165655284847,0.8945908460471568
0.9931146946910672,0.894346087949743
0.9931134469010511,0.8941829158848005
0.9931115743678057,0.8939381577873868
0.9931109499637418,0.8938565717549155
0.993110325446469,0.8937749857224443
0.9931097008159565,0.8936933996899731
0.9931084512150888,0.8935302276250306
0.9931078262446722,0.8934486415925593
0.9931072011608925,0.8933670555600881
0.9931065759637189,0.8932854695276169
0.9931053252290665,0.8931222974626744
0.993104699691526,0.8930407114302031
0.993103448275862,0.8928775393652607
0.9931028223976768,0.8927959533327894
0.9931021964058813,0.8927143673003182
0.9931009440813362,0.8925511952353757
0.9931003177485247,0.8924696092029044
0.9930996913019793,0.8923880231704332
0.9930984380675627,0.8922248511054908
0.9931880108991825,0.8921432650730196
0.9931855351626385,0.8918169209431346
0.9932739501908744,0.8915721628457208
0.993273338787383,0.8914905768132496
0.9932727272727273,0.8914089907807783
0.9933618259525325,0.8912458187158359
0.993361222262641,0.8911642326833646
0.9933594105339761,0.8909194745859509
0.993358202165408,0.8907563025210085
0.9933575978161966,0.8906747164885371
0.9933563887877684,0.8905115444235947
0.9933557841084919,0.8904299583911235
0.9933551793191334,0.8903483723586522
0.9933545744196631,0.890266786326181
0.9933539694100509,0.8901852002937097
0.9933533642902668,0.8901036142612385
0.9934438171553451,0.8901036142612385
0.9934414283111678,0.8897772701313535
0.9934402332361516,0.889614098066411
0.9935289828654758,0.8893693399689973
0.9935283930361863,0.889287753936526
0.993527803099362,0.8892061679040548
0.9935266229029905,0.8890429958391124
0.9935260326433847,0.8889614098066411
0.993706676395476,0.8888798237741699
0.9937049539275613,0.8886350656767561
0.9937043795620438,0.8885534796442849
0.9937038050917054,0.8884718936118137
0.9937944880452637,0.8884718936118137
0.993885187551337,0.8884718936118137
0.9939748037246667,0.8883087215468711
0.9939742536291427,0.8882271355143999
0.9939737034331629,0.8881455494819287
0.993972602739726,0.8879823774169862
0.9939720522422139,0.8879007913845149
0.993971501644136,0.8878192053520437
0.9939698492462311,0.88757444725463
0.994059586912813,0.8874112751896875
0.9940574145181934,0.8870849310598026
0.9940568711712535,0.8870033450273314
0.994055784179241,0.8868401729623888
0.9940552405341138,0.8867585869299176
0.9940541529454812,0.8865954148649751
0.994053064958829,0.8864322428000326
0.9940525208161771,0.8863506567675614
0.9940514322320857,0.8861874847026189
0.9941418764302059,0.8861058986701477
0.9941413401684365,0.8860243126376764
0.9941402673503021,0.8858611405727339
0.9941391941391942,0.8856979685077915
0.9941386573862075,0.8856163824753203
0.9941370465371931,0.8853716243779065
0.9941365093907467,0.8852900383454353
0.9941354348025291,0.8851268662804928
0.9941338221814848,0.8848821081830791
0.994133284444037,0.8848005221506078
0.9941327466079941,0.8847189361181366
0.9941311325080239,0.8844741780207228
0.9941305942773294,0.8843925919882516
0.9941300559479043,0.8843110059557804
0.9941279016423525,0.8839846618258954
0.9941268238964853,0.8838214897609529
0.9941262848751835,0.8837399037284817
0.9941257457549335,0.8836583176960104
0.9941252065357077,0.8835767316635392
0.9942148760330578,0.8833319735661255
0.9942143447515842,0.8832503875336543
0.9942132818958391,0.8830872154687117
0.9942127503215139,0.8830056294362405
0.9942111550124046,0.8827608713388267
0.9942100909842845,0.8825976992738843
0.9942095588235295,0.8825161132414131
0.9942988505747127,0.8821897691115281
0.9942978018946013,0.8820265970465856
0.9942972774098602,0.8819450110141144
0.9942962281508739,0.881781838949172
0.9942941284741396,0.881455494819287
0.9942925527018319,0.8812107367218732
0.9942920272509667,0.881129150689402
0.9942915017033422,0.8810475646569307
0.9942909760589319,0.8809659786244595
0.9942904503177088,0.8808843925919883
0.9942899244796464,0.880802806559517
0.9942888725128961,0.8806396344945745
0.9942883463841548,0.8805580484621033
0.9942872938358057,0.8803948763971609
0.9943778801843318,0.8802317043322183
0.9943773619688451,0.8801501182997471
0.9943747694577647,0.8797421881373909
0.9943726937269373,0.8794158440075059
0.9943721745548483,0.8793342579750347
0.9943695772567842,0.8789263278126784
0.9943690575094618,0.8788447417802072
0.9943685376661743,0.878763155747736
0.9944577868095326,0.8783552255853798
0.9944562505774739,0.8781104674879661
0.9945476388503836,0.8780288814554948
0.994547134935305,0.8779472954230236
0.9945456226310437,0.8777025373256099
0.9945446139620897,0.8775393652606673
0.9945441094877011,0.8774577792281961
0.9945431002589715,0.8772946071632537
0.9945425955045787,0.8772130211307824
0.9946336047372317,0.8770498490658399
0.9947256407883779,0.8770498490658399
0.9947246645071726,0.8768866770008974
0.9947231994075171,0.8766419189034838
0.9947222222222222,0.8764787468385412
0.9947212446749398,0.8763155747735988
0.9947192884936076,0.8759892306437138
0.9947173308619092,0.8756628865138288
0.9947163515016685,0.8754997144488863
0.994715861685362,0.8754181284164151
0.9947139015116387,0.8750917842865301
0.9948032665181886,0.8746022680917027
0.9948027842227378,0.8745206820592315
0.9948018193632229,0.874357509994289
0.9947994056463596,0.8739495798319328
0.9948917990155104,0.8739495798319328
0.9948908499767766,0.8737864077669902
0.9948894257572942,0.8735416496695766
0.9948884758364313,0.873378477604634
0.9948870502928325,0.8731337195072204
0.9948846726190477,0.8727257893448641
0.9948832449530188,0.8724810312474505
0.9948818164898567,0.8722362731500367
0.9948803872288933,0.871991515052623
0.9949720670391061,0.8718283429876805
0.9949715988453302,0.8717467569552093
0.9951564828614009,0.871665170922738
0.9951542260739913,0.8712572407603818
0.9952460850111857,0.8710940686954394
0.9952456418383518,0.871012482662968
0.9952443118239462,0.8707677245655544
0.9952429810651992,0.8705229664681406
0.9952412055612578,0.8701966223382557
0.9952389843166543,0.8697886921758995
0.9952372058274187,0.8694623480460145
0.9952358710882765,0.8692175899486008
0.9952340902719372,0.8688912458187158
0.9952336448598131,0.8688096597862446
0.9952318623784593,0.8684833156563596
0.9952305246422893,0.8682385575589459
0.995230078563412,0.8681569715264746
0.995229632401085,0.8680753854940034
0.9952282934131736,0.8678306273965897
0.9952256131810522,0.8673411112017623
0.9952233773531891,0.8669331810394061
0.9952193475815523,0.8661989067471649
0.9952171058801463,0.8657909765848086
0.9952144130618373,0.8653014603899812
0.9952135147817925,0.8651382883250388
0.9952108179171754,0.8646487721302113
0.9952067669172933,0.8639144978379701
0.9952063163831187,0.8638329118054989
0.9952054150606374,0.8636697397405564
0.9952036113984765,0.8633433956106714
0.99529544599172,0.8630170514807864
0.9952941176470588,0.8627722933833728
0.9952892406255889,0.8618748470261891
0.9952856873467848,0.8612221587664192
0.9952843534848628,0.8609774006690055
0.995282128703529,0.8605694705066492
0.9952799018219579,0.860161540344293
0.9952776728371742,0.8597536101819369
0.995275888133031,0.8594272660520519
0.9952723146747352,0.858774577792282
0.9952709732337085,0.8585298196948682
0.9953616054524801,0.8578771314350984
0.9953598484848485,0.8575507873052134
0.9955471340596873,0.8573060292077996
0.9956389836935912,0.8568165130129721
0.9956348453216929,0.8560006526882598
0.9957264957264957,0.855429550460961
0.9957236529506794,0.8548584482336624
0.99581589958159,0.8543689320388349
0.9958131125701779,0.8537978298115363
0.9958071278825996,0.8525740393244676
0.9958953799159985,0.8511870767724565
0.9958934199216884,0.8507791466101003
0.9958918505780071,0.8504528024802154
0.9959835516878646,0.8497185281879742
0.9959797070929454,0.8489026678632619
0.995975469528555,0.8480052215060782
0.9959712230215827,0.8471077751488945
0.9961590167082773,0.8463735008566533
0.9961549553013553,0.8454760544994697
0.9962467519969204,0.844578608142286
0.996339818917357,0.8439259198825161
0.9965281126434564,0.8430284735253325
0.9966199903428296,0.8419678551032064
0.9966134494436382,0.8403361344537815
0.9967054263565891,0.8391939299991842
0.9966977466977467,0.8372358652198744
0.996691319579603,0.8356041445704495
0.9966855137453695,0.8341355959859672
0.996677091477717,0.832014359141715
0.9967640713865464,0.829322020070164
0.9967532467532467,0.8265480949661418
0.9968398182895517,0.8235294117647058
0.9969282600079271,0.820837072693155
0.9970152223659338,0.8175736313943053
0.997,0.813412743738272
0.9969837120450432,0.809007097984825
0.997166278716729,0.8038671779391369
0.9975480179812015,0.7966060210491964
0.9976244577566619,0.7880394876397161
0.9978984974256594,0.7748225503793751
0.9980258828690503,0.7424328954882924
1.0,0.0
