precision,recall
0.3903700756068444,1.0
0.3903959673675134,1.0
0.3904218625630141,1.0
0.39044776119402985,1.0
0.39047366326124455,1.0
0.390499568765342,1.0
0.39052547770700635,1.0
0.3905513900869219,1.0
0.39057730590577305,1.0
0.39060322516424445,1.0
0.390629147863021,1.0
0.39065507400278754,1.0
0.3906810035842294,1.0
0.39070693660803185,1.0
0.3907328730748805,1.0
0.39075881298546106,1.0
0.39078475634045945,1.0
0.3908107031405617,1.0
0.3908366533864542,1.0
0.3908626070788233,1.0
0.3908885642183557,1.0
0.3909145248057382,1.0
0.39094048884165783,1.0
0.3909664563268017,1.0
0.3909924272618573,1.0
0.3910184016475121,1.0
0.3910443794844539,1.0
0.39107036077337054,1.0
0.39109634551495015,1.0
0.39112233370988103,1.0
0.3911483253588517,1.0
0.3911743204625507,1.0
0.3912003190216669,1.0
0.3912263210368893,1.0
0.3912523265089072,1.0
0.3912783354384099,1.0
0.391304347826087,1.0
0.39133036367262813,1.0
0.3913563829787234,1.0
0.39138240574506283,1.0
0.39140843197233677,1.0
0.39143446166123563,1.0
0.3914604948124501,1.0
0.3914865314266711,1.0
0.3915125715045896,1.0
0.39153861504689685,1.0
0.3915646620542842,1.0
0.39159071252744326,1.0
0.3916167664670659,1.0
0.3916428238738439,1.0
0.3916688847484695,1.0
0.39169494909163505,1.0
0.391721016904033,1.0
0.39174708818635606,1.0
0.39177316293929715,1.0
0.39179924116354925,1.0
0.3918253228598056,1.0
0.39185140802875973,1.0
0.3918774966711052,1.0
0.3919035887875358,1.0
0.3919296843787455,1.0
0.39195578344542853,1.0
0.39198188598827916,1.0
0.392007992007992,1.0
0.39203410150526175,1.0
0.3920602144807833,1.0
0.3920863309352518,1.0
0.39211245086936247,1.0
0.39213857428381077,1.0
0.3921647011792924,1.0
0.3921908315565032,1.0
0.39221696541613915,1.0
0.39224310275889646,1.0
0.3922692435854715,1.0
0.39229538789656093,1.0
0.39232153569286143,1.0
0.39234768697507,1.0
0.39237384174388373,1.0
0.3924,1.0
0.39242616174411626,1.0
0.3924523269769303,1.0
0.39247849569913984,1.0
0.39250466791144306,1.0
0.39253084361453816,1.0
0.39255702280912363,1.0
0.3925832054958981,1.0
0.3926093916755603,1.0
0.39263558134880927,1.0
0.3926617745163442,1.0
0.3926879711788645,1.0
0.39271417133706965,1.0
0.3927403749916594,1.0
0.39276658214333376,1.0
0.3927927927927928,1.0
0.3928190069407368,1.0
0.39284522458786625,1.0
0.39287144573488186,1.0
0.39289767038248447,1.0
0.39292389853137516,1.0
0.39295013018225516,1.0
0.39297636533582586,1.0
0.39300260399278897,1.0
0.39302884615384615,1.0
0.3930550918196995,1.0
0.39308134099105113,1.0
0.3931075936686035,1.0
0.39313384985305905,1.0
0.39316010954512054,1.0
0.393186372745491,1.0
0.3932126394548734,1.0
0.3932389096739711,1.0
0.39326518340348765,1.0
0.3932914606441267,1.0
0.39331774139659204,1.0
0.3933440256615878,1.0
0.3933703134398182,1.0
0.3933966047319877,1.0
0.3934228995388009,1.0
0.39344919786096255,1.0
0.3934754996991778,1.0
0.3935018050541516,1.0
0.39352811392658954,1.0
0.3935544263171971,1.0
0.39358074222668005,1.0
0.3936070616557443,1.0
0.39363338460509595,1.0
0.3936597110754414,1.0
0.3936860410674871,1.0
0.3937123745819398,1.0
0.3937387116195063,1.0
0.39376505218089375,1.0
0.39379139626680937,1.0
0.39381774387796065,1.0
0.3938440950150552,1.0
0.39387044967880086,1.0
0.39389680786990566,1.0
0.39392316958907775,1.0
0.39394953483702566,1.0
0.39397590361445783,1.0
0.39400227592208314,1.0
0.3940286517606105,1.0
0.39405503113074913,1.0
0.39408141403320834,1.0
0.3941078004686977,1.0
0.39413419043792686,1.0
0.39416058394160586,1.0
0.3941869809804447,1.0
0.39421338155515373,1.0
0.3942397856664434,1.0
0.39426619331502444,1.0
0.3942926045016077,1.0
0.39431901922690427,1.0
0.3943454374916254,1.0
0.3943718592964824,1.0
0.39439828464218707,1.0
0.3944247135294512,1.0
0.3944511459589867,1.0
0.39447758193150595,1.0
0.3945040214477212,1.0
0.39453046450834506,1.0
0.39455691111409036,1.0
0.39458336126567006,1.0
0.39460981496379727,1.0
0.3946362722091854,1.0
0.39466273300254795,1.0
0.3946891973445987,1.0
0.3947156652360515,1.0
0.39474213667762054,1.0
0.39476861167002014,1.0
0.3947950902139647,1.0
0.394821572310169,1.0
0.39484805795934796,1.0
0.39487454716221654,1.0
0.3949010399194901,1.0
0.39492753623188404,1.0
0.3949540361001141,1.0
0.394980539524896,1.0
0.39500704650694585,1.0
0.39503355704697984,1.0
0.39506007114571445,1.0
0.39508658880386627,1.0
0.3951131100221521,1.0
0.39513963480128894,1.0
0.39516616314199393,1.0
0.39519269504498455,1.0
0.3952192305109783,1.0
0.395245769540693,1.0
0.39527231213484654,1.0
0.3952988582941572,1.0
0.3953254080193431,1.0
0.39535196131112305,1.0
0.39537851817021563,1.0
0.3954050785973398,1.0
0.39543164259321467,1.0
0.39545821015855953,1.0
0.3954847812940939,1.0
0.39551135600053755,1.0
0.3955379342786103,1.0
0.39556451612903226,1.0
0.3955911015525237,1.0
0.39561769054980506,1.0
0.3956442831215971,1.0
0.3956708792686206,1.0
0.39569747899159663,1.0
0.39572408229124645,1.0
0.39575068916829154,1.0
0.3957772996234535,1.0
0.3958039136574541,1.0
0.3958305312710155,1.0
0.39585715246485975,1.0
0.39588377723970947,1.0
0.3959104055962871,1.0
0.3959370375353155,1.0
0.3959636730575177,1.0
0.3959903121636168,1.0
0.39601695485433624,1.0
0.39604360113039966,1.0
0.3960702509925308,1.0
0.39609690444145357,1.0
0.3961235614778922,1.0
0.396150222102571,1.0
0.39617688631621456,1.0
0.39620355411954766,1.0
0.3962302255132952,1.0
0.3962569004981823,1.0
0.39628357907493433,1.0
0.3963102612442769,1.0
0.39633694700693556,1.0
0.39636363636363636,1.0
0.39639032931510537,1.0
0.39641702586206895,1.0
0.39644372600525357,1.0
0.396470429745386,1.0
0.396497137083193,1.0
0.39652384801940177,1.0
0.3965505625547396,1.0
0.396577280689934,1.0
0.39660400242571253,1.0
0.3966307277628032,1.0
0.3966574567019341,1.0
0.3966841892438334,1.0
0.39671092538922964,1.0
0.39673766513885145,1.0
0.3967644084934277,1.0
0.3967911554536875,1.0
0.39681790602036,1.0
0.39684466019417475,1.0
0.3968714179758614,1.0
0.3968981793661497,1.0
0.39692494436576975,1.0
0.39695171297545184,1.0
0.3969784851959264,1.0
0.39700526102792394,1.0
0.3970320404721754,1.0
0.39705882352941174,1.0
0.3970856102003643,1.0
0.3971124004857644,1.0
0.3971391943863437,1.0
0.397165991902834,1.0
0.39719279303596733,1.0
0.3972195977864759,1.0
0.3972464061550921,1.0
0.3972732181425486,1.0
0.3973000337495781,1.0
0.3973268529769137,1.0
0.3973536758252886,1.0
0.39738050229543614,1.0
0.39740733238808995,1.0
0.3974341661039838,1.0
0.3974610034438517,1.0
0.3974878444084279,1.0
0.39751468899844666,1.0
0.3975415372146427,1.0
0.39756838905775077,1.0
0.3975952445285058,1.0
0.39762210362764305,1.0
0.39764896635589786,1.0
0.3976758327140058,1.0
0.3977027027027027,1.0
0.3977295763227245,1.0
0.39775645357480743,1.0
0.3977833344596878,1.0
0.3978102189781022,1.0
0.3978371071307874,1.0
0.39786399891848045,1.0
0.3978908943419185,1.0
0.3979177934018388,1.0
0.3979446960989791,1.0
0.3979716024340771,1.0
0.3979985124078707,1.0
0.3980254260210982,1.0
0.39805234327449784,1.0
0.39807926416880834,1.0
0.3981061887047683,1.0
0.39813311688311687,1.0
0.3981600487045931,1.0
0.3981869841699364,1.0
0.39821392327988636,1.0
0.39824086603518266,1.0
0.3982678124365654,1.0
0.3982947624847747,1.0
0.39832171618055084,1.0
0.39834867352463454,1.0
0.3983756345177665,1.0
0.3984025991606877,1.0
0.3984295674541393,1.0
0.3984565393988627,1.0
0.3984835149955995,1.0
0.3985104942450914,1.0
0.39853747714808047,1.0
0.3985644637053088,1.0
0.39859145391751877,1.0
0.3986184477854531,1.0
0.3986454453098544,1.0
0.3986724464914657,1.0
0.3986994513310303,1.0
0.39872645982929145,1.0
0.39875347198699274,1.0
0.39878048780487807,1.0
0.3988075072836913,1.0
0.3988345304241767,1.0
0.39886155722707867,1.0
0.3988885876931418,1.0
0.3989156218231108,1.0
0.3989426596177308,1.0
0.3989697010777469,1.0
0.3989967462039046,1.0
0.39902379499694934,1.0
0.39905084745762714,1.0
0.3990779035866838,1.0
0.39910496338486573,1.0
0.39913202685291926,1.0
0.39915909399159094,1.0
0.39918616480162766,1.0
0.39921323928377644,1.0
0.3992403174387845,1.0
0.3992673992673993,1.0
0.3992944847703684,1.0
0.39932157394843965,1.0
0.3993486668023611,1.0
0.399375763332881,1.0
0.3994028635407478,1.0
0.3994299674267101,1.0
0.3994570749915168,1.0
0.3994841862359169,1.0
0.39951130116065975,1.0
0.3995384197664947,1.0
0.3995655420541715,1.0
0.39959266802443993,1.0
0.3996197976780501,1.0
0.3996469310157523,1.0
0.399674068038297,1.0
0.3997012087464349,1.0
0.3997283531409168,1.0
0.39975550122249387,1.0
0.3997826529919174,1.0
0.39980980844993885,1.0
0.39983696759730997,1.0
0.3998641304347826,1.0
0.39989129696310893,1.0
0.3999184671830412,1.0
0.3999456410953319,1.0
0.39997281870073387,1.0
0.4,1.0
0.4000271849938834,1.0
0.40005437368313734,1.0
0.40008156606851547,1.0
0.4001087621507715,1.0
0.4001359619306594,1.0
0.4001631654089333,1.0
0.40019037258634754,1.0
0.40021758346365677,1.0
0.40024479804161567,1.0
0.40027201632097925,1.0
0.40029923830250275,1.0
0.40032646398694144,1.0
0.400353693375051,1.0
0.4003809264675872,1.0
0.40040816326530615,1.0
0.40043540376896386,1.0
0.4004626479793169,1.0
0.40048989589712186,1.0
0.40051714752313555,1.0
0.400544402858115,1.0
0.40057166190281746,1.0
0.4005989246580004,1.0
0.40062619112442144,1.0
0.40065346130283847,1.0
0.40068073519400954,1.0
0.4007080127986929,1.0
0.4007352941176471,1.0
0.4007625791516307,1.0
0.4007898679014027,1.0
0.4008171603677222,1.0
0.4008444565513484,1.0
0.4008717564530409,1.0
0.40089906007355947,1.0
0.40092636741366394,1.0
0.40095367847411445,1.0
0.4009809932556714,1.0
0.40100831175909524,1.0
0.40103563398514686,1.0
0.40106295993458707,1.0
0.40109028960817716,1.0
0.40111762300667847,1.0
0.4011449601308526,1.0
0.4011723009814613,1.0
0.40119964555926657,1.0
0.4012269938650307,1.0
0.401254345899516,1.0
0.40128170166348515,1.0
0.401309061157701,1.0
0.4013364243829265,1.0
0.401363791339925,1.0
0.4013911620294599,1.0
0.4014185364522949,1.0
0.4014459146091938,1.0
0.4014732965009208,1.0
0.4015006821282401,1.0
0.4015280714919162,1.0
0.40155546459271385,1.0
0.401582861431398,1.0
0.4016102620087336,1.0
0.4016376663254862,1.0
0.40166507438242116,1.0
0.4016924861803044,1.0
0.40171990171990174,1.0
0.4017473210019794,1.0
0.40177474402730373,1.0
0.40180217079664143,1.0
0.4018296013107591,1.0
0.40185703557042396,1.0
0.4018844735764031,1.0
0.40191191532946396,1.0
0.40193936083037424,1.0
0.40196681007990165,1.0
0.40199426307881436,1.0
0.4020217198278806,1.0
0.40204918032786885,1.0
0.4020766445795478,1.0
0.4021041125836863,1.0
0.4021315843410535,1.0
0.4021590598524187,1.0
0.4021865391185514,1.0
0.4022140221402214,1.0
0.4022415089181986,1.0
0.4022689994532531,1.0
0.40229649374615545,1.0
0.40232399179767603,1.0
0.4023514936085857,1.0
0.40237899917965547,1.0
0.40240650851165655,1.0
0.4024340216053603,1.0
0.4024615384615385,1.0
0.4024890590809628,1.0
0.4025165834644054,1.0
0.4025441116126385,1.0
0.4025716435264346,1.0
0.40259917920656635,1.0
0.40262671865380667,1.0
0.4026542618689287,1.0
0.40268180885270577,1.0
0.4027093596059113,1.0
0.40273691412931917,1.0
0.4027644724237033,1.0
0.4027920344898378,1.0
0.4028196003284971,1.0
0.40284716994045583,1.0
0.4028747433264887,1.0
0.4029023204873708,1.0
0.4029299014238773,1.0
0.4029574861367837,1.0
0.40298507462686567,1.0
0.403012666894899,1.0
0.40304026294165984,1.0
0.4030678627679244,1.0
0.40309546637446925,1.0
0.40312307376207107,1.0
0.40315068493150685,1.0
0.4031782998835537,1.0
0.4032059186189889,1.0
0.4032335411385901,1.0
0.4032611674431351,1.0
0.40328879753340185,1.0
0.40331643141016854,1.0
0.40334406907421366,1.0
0.40337171052631576,1.0
0.4033993557672538,1.0
0.40342700479780674,1.0
0.4034546576187539,1.0
0.4034823142308747,1.0
0.4035099746349489,1.0
0.4035376388317565,1.0
0.4035653068220775,1.0
0.40359297860669224,1.0
0.4036206541863814,1.0
0.40364833356192564,1.0
0.403676016734106,1.0
0.40370370370370373,1.0
0.4037313944715001,1.0
0.40375908903827684,1.0
0.40378678740481583,1.0
0.403814489571899,1.0
0.40384219554030876,1.0
0.4038699053108275,1.0
0.403897618884238,1.0
0.4039253362613231,1.0
0.40395305744286597,1.0
0.40398078242964996,1.0
0.4040085112224586,1.0
0.40403624382207576,1.0
0.40406398022928536,1.0
0.4040917204448716,1.0
0.40411946446961894,1.0
0.404147212304312,1.0
0.4041749639497356,1.0
0.4042027194066749,1.0
0.4042304786759151,1.0
0.40425824175824177,1.0
0.40428600865444053,1.0
0.40431377936529744,1.0
0.40434155389159854,1.0
0.40436933223413024,1.0
0.40439711439367915,1.0
0.404424900371032,1.0
0.4044526901669759,1.0
0.40448048378229795,1.0
0.4045082812177857,1.0
0.4045360824742268,1.0
0.4045638875524091,1.0
0.4045916964531207,1.0
0.40461950917714995,1.0
0.4046473257252853,1.0
0.40467514609831556,1.0
0.40470297029702973,1.0
0.40473079832221687,1.0
0.40475863017466646,1.0
0.40478646585516814,1.0
0.4048143053645117,1.0
0.40484214870348717,1.0
0.40486999587288486,1.0
0.4048978468734952,1.0
0.404925701706109,1.0
0.40495356037151703,1.0
0.40498142287051053,1.0
0.4050092892038808,1.0
0.40503715937241946,1.0
0.4050650333769183,1.0
0.4050929112181693,1.0
0.4051207928969647,1.0
0.4051486784140969,1.0
0.40517656777035865,1.0
0.4052044609665427,1.0
0.4052323580034423,1.0
0.40526025888185074,1.0
0.4052881636025615,1.0
0.4053160721663683,1.0
0.4053439845740651,1.0
0.4053719008264463,1.0
0.4053998209243061,1.0
0.4054277448684392,1.0
0.40545567265964044,1.0
0.4054836042987049,1.0
0.40551153978642784,1.0
0.4055394791236048,1.0
0.4055674223110315,1.0
0.40559536934950385,1.0
0.40562332023981806,1.0
0.4056512749827705,1.0
0.40567923357915775,1.0
0.4057071960297767,1.0
0.4057351623354243,1.0
0.4057631324968978,1.0
0.40579110651499484,1.0
0.40581908439051295,1.0
0.40584706612425014,1.0
0.40587505171700455,1.0
0.4059030411695745,1.0
0.40593103448275863,1.0
0.4059590316573557,1.0
0.4059870326941647,1.0
0.40601503759398494,1.0
0.4060430463576159,1.0
0.4060710589858572,1.0
0.40609907547950874,1.0
0.40612709583937073,1.0
0.40615512006624344,1.0
0.4061831481609275,1.0
0.4062111801242236,1.0
0.40623921595693285,1.0
0.40626725565985644,1.0
0.4062952992337958,1.0
0.40632334667955267,1.0
0.4063513979979289,1.0
0.40637945318972657,1.0
0.4064075122557481,1.0
0.406435575196796,1.0
0.4064636420136731,1.0
0.4064917127071823,1.0
0.40651978727812693,1.0
0.4065478657273104,1.0
0.4065759480555364,1.0
0.40660403426360875,1.0
0.4066321243523316,1.0
0.4066602183225093,1.0
0.40668831617494644,1.0
0.40671641791044777,1.0
0.40674452352981827,1.0
0.4067726330338632,1.0
0.4068007464233879,1.0
0.40682886369919824,1.0
0.4068569848620999,1.0
0.4068851099128992,1.0
0.4069132388524023,1.0
0.4069413716814159,1.0
0.40696950840074675,1.0
0.4069976490112018,1.0
0.40702579351358825,1.0
0.4070539419087137,1.0
0.4070820941973857,1.0
0.4071102503804122,1.0
0.4071384104586014,1.0
0.4071665744327615,1.0
0.4071947423037011,1.0
0.40722291407222916,1.0
0.4072510897391545,1.0
0.40727926930528646,1.0
0.4073074527714345,1.0
0.4073356401384083,1.0
0.40736383140701776,1.0
0.4073920265780731,1.0
0.40742022565238456,1.0
0.40744842863076286,1.0
0.4074766355140187,1.0
0.4075048463029632,1.0
0.4075330609984075,1.0
0.4075612796011633,1.0
0.4075895021120421,1.0
0.40761772853185596,1.0
0.40764595886141697,1.0
0.40767419310153763,1.0
0.4077024312530304,1.0
0.4077306733167082,1.0
0.40775891929338415,1.0
0.4077871691838714,1.0
0.4078154229889836,1.0
0.40784368070953436,1.0
0.4078719423463377,1.0
0.4079002079002079,1.0
0.40792847737195925,1.0
0.40795675076240645,1.0
0.4079850280723643,1.0
0.408013309302648,1.0
0.4080415944540728,1.0
0.40806988352745427,1.0
0.40809817652360814,1.0
0.40812647344335046,1.0
0.4081547742874974,1.0
0.40818307905686546,1.0
0.4082113877522713,1.0
0.40823970037453183,1.0
0.4082680169244642,1.0
0.4082963374028857,1.0
0.40832466181061394,1.0
0.40835299014846677,1.0
0.4083813224172622,1.0
0.40840965861781847,1.0
0.40843799875095416,1.0
0.40846634281748784,1.0
0.4084946908182386,1.0
0.40852304275402557,1.0
0.4085513986256681,1.0
0.40857975843398586,1.0
0.4086081221797987,1.0
0.4086364898639267,1.0
0.40866486148719017,1.0
0.40869323705040966,1.0
0.4087216165544059,1.0
0.40875,1.0
0.40877838738801303,1.0
0.4088067787192666,1.0
0.4088351739945822,1.0
0.4088635732147819,1.0
0.40889197638068775,1.0
0.40892038349312215,1.0
0.40894879455290767,1.0
0.40897720956086714,1.0
0.4090056285178236,1.0
0.4090340514246004,1.0
0.40906247828202097,1.0
0.4090909090909091,1.0
0.4091193438520887,1.0
0.409147782566384,1.0
0.4091762252346194,1.0
0.40920467185761955,1.0
0.4092331224362094,1.0
0.409261576971214,1.0
0.4092900354634587,1.0
0.4093184979137691,1.0
0.409346964322971,1.0
0.40937543469189036,1.0
0.40940390902135354,1.0
0.40943238731218695,1.0
0.4094608695652174,1.0
0.4094893557812717,1.0
0.4095178459611772,1.0
0.4095463401057612,1.0
0.4095748382158514,1.0
0.4096033402922756,1.0
0.4096318463358619,1.0
0.40966035634743875,1.0
0.40968887032783463,1.0
0.40971738827787835,1.0
0.4097459101983989,1.0
0.40977443609022557,1.0
0.40980296595418786,1.0
0.40983149979111544,1.0
0.4098600376018383,1.0
0.40988857938718665,1.0
0.4099171251479908,1.0
0.4099456748850815,1.0
0.40997422859928956,1.0
0.4100027862914461,1.0
0.41003134796238244,1.0
0.4100599136129302,1.0
0.4100884832439211,1.0
0.41011705685618727,1.0
0.41014563445056096,1.0
0.41017421602787457,1.0
0.4102028015889609,1.0
0.4102313911346529,1.0
0.4102599846657838,1.0
0.410288582183187,1.0
0.41031718368769604,1.0
0.410345789180145,1.0
0.41037439866136793,1.0
0.41040301213219915,1.0
0.41043162959347324,1.0
0.4104602510460251,1.0
0.4104888764906897,1.0
0.41051750592830244,1.0
0.4105461393596987,1.0
0.4105747767857143,1.0
0.4106034182071852,1.0
0.4106320636249477,1.0
0.41066071303983814,1.0
0.41068936645269327,1.0
0.41071802386435,1.0
0.4107466852756455,1.0
0.4107753506874171,1.0
0.4108040201005025,1.0
0.41083269351573953,1.0
0.41086137093396624,1.0
0.41089005235602094,1.0
0.41091873778274224,1.0
0.4109474272149689,1.0
0.41097612065354,1.0
0.41100481809929473,1.0
0.4110335195530726,1.0
0.4110622250157134,1.0
0.411090934488057,1.0
0.41111964797094364,1.0
0.41114836546521377,1.0
0.411177086971708,1.0
0.4112058124912673,1.0
0.41123454202473275,1.0
0.4112632755729458,1.0
0.41129201313674796,1.0
0.41132075471698115,1.0
0.41134950031448736,1.0
0.411378249930109,1.0
0.4114070035646886,1.0
0.41143576121906894,1.0
0.41146452289409297,1.0
0.411493288590604,1.0
0.41152205830944555,1.0
0.4115508320514613,1.0
0.4115796098174953,1.0
0.41160839160839163,1.0
0.4116371774249948,1.0
0.4116659672681494,1.0
0.4116947611387004,1.0
0.411723559037493,1.0
0.4117523609653725,1.0
0.41178116692318456,1.0
0.411809976911775,1.0
0.41183879093198994,1.0
0.41186760898467567,1.0
0.4118964310706788,1.0
0.4119252571908461,1.0
0.4119540873460246,1.0
0.4119829215370617,1.0
0.4120117597648047,1.0
0.4120406020301015,1.0
0.41206944833380005,1.0
0.4120982986767486,1.0
0.4121271530597955,1.0
0.41215601148378966,1.0
0.4121848739495798,1.0
0.4122137404580153,1.0
0.41224261100994536,1.0
0.4122714856062198,1.0
0.41230036424768846,1.0
0.4123292469352014,1.0
0.4123581336696091,1.0
0.41238702445176206,1.0
0.4124159192825112,1.0
0.4124448181627076,1.0
0.4124737210932025,1.0
0.41250262807484755,1.0
0.41253153910849455,1.0
0.41256045419499543,1.0
0.41258937333520257,1.0
0.41261829652996845,1.0
0.41264722378014584,1.0
0.41267615508658767,1.0
0.41270509045014725,1.0
0.412734029871678,1.0
0.41276297335203366,1.0
0.4127919208920682,1.0
0.4128208724926357,1.0
0.4128498281545907,1.0
0.4128787878787879,1.0
0.41290775166608207,1.0
0.41293671951732847,1.0
0.41296569143338246,1.0
0.41299466741509966,1.0
0.4130236474633359,1.0
0.4130526315789474,1.0
0.4130816197627904,1.0
0.4131106120157215,1.0
0.4131396083385976,1.0
0.41316860873227573,1.0
0.4131976131976132,1.0
0.4132266217354676,1.0
0.4132556343466966,1.0
0.4132846510321584,1.0
0.41331367179271117,1.0
0.41334269662921347,1.0
0.41337172554252405,1.0
0.4134007585335019,1.0
0.41342979560300624,1.0
0.4134588367518966,1.0
0.41348788198103265,1.0
0.4135169312912744,1.0
0.413545984683482,1.0
0.41357504215851604,1.0
0.413604103717237,1.0
0.413633169360506,1.0
0.41366223908918404,1.0
0.4136913129041327,1.0
0.41372039080621353,1.0
0.4137494727962885,1.0
0.4137785588752197,1.0
0.4138076490438695,1.0
0.4138367433031006,1.0
0.4138658416537758,1.0
0.4138949440967583,1.0
0.4139240506329114,1.0
0.41395316126309867,1.0
0.413982275988184,1.0
0.41401139480903143,1.0
0.41404051772650535,1.0
0.4140696447414703,1.0
0.41409877585479105,1.0
0.4141279110673327,1.0
0.4141570503799606,1.0
0.4141861937935402,1.0
0.4142153413089374,1.0
0.4142444929270181,1.0
0.41427364864864863,1.0
0.4143028084746956,1.0
0.41433197240602565,1.0
0.4143611404435058,1.0
0.4143903125880034,1.0
0.4144194888403858,1.0
0.4144486692015209,1.0
0.4144778536722766,1.0
0.41450704225352114,1.0
0.41453623494612296,1.0
0.41456543175095084,1.0
0.4145946326688737,1.0
0.4146238377007608,1.0
0.4146530468474815,1.0
0.4146822601099056,1.0
0.41471147748890297,1.0
0.4147406989853439,1.0
0.41476992460009865,1.0
0.4147991543340381,1.0
0.41482838818803297,1.0
0.41485762616295463,1.0
0.41488686825967436,1.0
0.41491611447906385,1.0
0.41494536482199507,1.0
0.4149746192893401,1.0
0.41500387788197135,1.0
0.4150331406007615,1.0
0.41506240744658346,1.0
0.4150916784203103,1.0
0.4151209535228154,1.0
0.4151502327549725,1.0
0.41517951611765536,1.0
0.4152088036117382,1.0
0.41523809523809524,1.0
0.41526739099760124,1.0
0.415296690891131,1.0
0.4153259949195597,1.0
0.4153553030837626,1.0
0.4153846153846154,1.0
0.41541393182299385,1.0
0.41544325239977414,1.0
0.4154725771158326,1.0
0.4155019059720457,1.0
0.4155312389692905,1.0
0.41556057610844394,1.0
0.41558991739038337,1.0
0.41561926281598643,1.0
0.41564861238613093,1.0
0.41567796610169494,1.0
0.41570732396355675,1.0
0.415736685972595,1.0
0.4157660521296885,1.0
0.4157954224357163,1.0
0.41582479689155777,1.0
0.4158541754980924,1.0
0.4158835582562001,1.0
0.41591294516676086,1.0
0.4159423362306551,1.0
0.41597173144876326,1.0
0.4160011308219662,1.0
0.41603053435114506,1.0
0.41605994203718105,1.0
0.41608935388095575,1.0
0.416118769883351,1.0
0.4161481900452489,1.0
0.41617761436753165,1.0
0.4162070428510819,1.0
0.4162364754967824,1.0
0.41626591230551624,1.0
0.41629535327816675,1.0
0.4163247984156175,1.0
0.41635424771875224,1.0
0.416383701188455,1.0
0.4164131588256102,1.0
0.4164426206311023,1.0
0.4164720866058162,1.0
0.4165015567506368,1.0
0.4165310310664497,1.0
0.41656050955414015,1.0
0.4165899922145941,1.0
0.4166194790486976,1.0
0.41664897005733703,1.0
0.41667846524139884,1.0
0.4167079646017699,1.0
0.4167374681393373,1.0
0.41676697585498834,1.0
0.41679648774961053,1.0
0.4168260038240918,1.0
0.41685552407932014,1.0
0.41688504851618385,1.0
0.4169145771355716,1.0
0.41694410993837216,1.0
0.4169736469254746,1.0
0.4170031880977683,1.0
0.41703273345614283,1.0
0.417062283001488,1.0
0.41709183673469385,1.0
0.4171213946566508,1.0
0.4171509567682495,1.0
0.4171805230703806,1.0
0.41721009356393535,1.0
0.4172396682498051,1.0
0.4172692471288813,1.0
0.417298830202056,1.0
0.4173284174702212,1.0
0.41735800893426933,1.0
0.4173876045950929,1.0
0.4174172044535849,1.0
0.4174468085106383,1.0
0.4174764167671466,1.0
0.4175060292240034,1.0
0.41753564588210257,1.0
0.41756526674233824,1.0
0.41759489180560483,1.0
0.41762452107279696,1.0
0.4176541545448095,1.0
0.4176837922225376,1.0
0.4177134341068767,1.0
0.41774308019872247,1.0
0.41777273049897085,1.0
0.4178023850085179,1.0
0.4178320437282601,1.0
0.4178617066590941,1.0
0.41789137380191693,1.0
0.4179210451576257,1.0
0.4179507207271178,1.0
0.417980400511291,1.0
0.41801008451104327,1.0
0.4180397727272727,1.0
0.4180694651608779,1.0
0.41809916181275747,1.0
0.4181288626838105,1.0
0.41815856777493604,1.0
0.41818827708703377,1.0
0.4182179906210033,1.0
0.4182477083777446,1.0
0.41827743035815806,1.0
0.41830715656314404,1.0
0.4183368869936034,1.0
0.41836662165043714,1.0
0.4183963605345465,1.0
0.418426103646833,1.0
0.4184558509881985,1.0
0.418485602559545,1.0
0.4185153583617747,1.0
0.4185451183957904,1.0
0.41857488266249465,1.0
0.4186046511627907,1.0
0.4186344238975818,1.0
0.4186642008677715,1.0
0.4186939820742638,1.0
0.4187237675179626,1.0
0.41875355719977236,1.0
0.41878335112059767,1.0
0.4188131492813434,1.0
0.4188429516829147,1.0
0.4188727583262169,1.0
0.41890256921215574,1.0
0.418932384341637,1.0
0.4189622037155669,1.0
0.4189920273348519,1.0
0.41902185520039864,1.0
0.41905168731311404,1.0
0.41908152367390533,1.0
0.41911136428367984,1.0
0.41914120914334546,1.0
0.41917105825381,1.0
0.4192009116159818,1.0
0.41923076923076924,1.0
0.4192606310990811,1.0
0.4192904972218265,1.0
0.41932036759991453,1.0
0.41935024223425477,1.0
0.419380121125757,1.0
0.4194100042753313,1.0
0.41943989168388796,1.0
0.41946978335233753,1.0
0.41949967928159076,1.0
0.4195295794725588,1.0
0.41955948392615294,1.0
0.4195893926432849,1.0
0.4196193056248663,1.0
0.4196492228718095,1.0
0.41967914438502674,1.0
0.4197090701654307,1.0
0.41973900021393423,1.0
0.4197689345314506,1.0
0.4197988731188931,1.0
0.4198288159771755,1.0
0.41985876310721165,1.0
0.41988871450991583,1.0
0.4199186701862025,1.0
0.4199486301369863,1.0
0.4199785943631823,1.0
0.4200085628657057,1.0
0.42003853564547206,1.0
0.42006851270339707,1.0
0.42009849404039684,1.0
0.4201284796573876,1.0
0.4201584695552859,1.0
0.42018846373500857,1.0
0.4202184621974727,1.0
0.4202484649435956,1.0
0.4202784719742949,1.0
0.4203084832904884,1.0
0.4203384988930943,1.0
0.420368518783031,1.0
0.42039854296121704,1.0
0.42042857142857143,1.0
0.4204586041860133,1.0
0.42048864123446206,1.0
0.4205186825748375,1.0
0.42054872820805944,1.0
0.42057877813504824,1.0
0.4206088323567243,1.0
0.4206388908740084,1.0
0.4206689536878216,1.0
0.4206990207990851,1.0
0.4207290922087205,1.0
0.42075916791764956,1.0
0.4207892479267944,1.0
0.4208193322370773,1.0
0.42084942084942084,1.0
0.42087951376474797,1.0
0.4209096109839817,1.0
0.42093971250804546,1.0
0.42096981833786296,1.0
0.4209999284743581,1.0
0.4210300429184549,1.0
0.42106016167107807,1.0
0.4210902847331521,1.0
0.4211204121056021,1.0
0.4211505437893532,1.0
0.42118067978533097,1.0
0.42121082009446115,1.0
0.4212409647176698,1.0
0.4212711136558832,1.0
0.4213012669100279,1.0
0.4213314244810308,1.0
0.4213615863698189,1.0
0.4213917525773196,1.0
0.4214219231044605,1.0
0.42145209795216954,1.0
0.42148227712137487,1.0
0.42151246061300485,1.0
0.4215426484279883,1.0
0.42157284056725397,1.0
0.42160303703173124,1.0
0.42163323782234957,1.0
0.42166344294003866,1.0
0.4216936523857286,1.0
0.4217238661603496,1.0
0.42175408426483235,1.0
0.42178430670010747,1.0
0.4218145334671062,1.0
0.42184476456675984,1.0
0.421875,1.0
0.42190523976775857,1.0
0.42193548387096774,1.0
0.4219657323105599,1.0
0.4219959850874677,1.0
0.42202624220262425,1.0
0.42205650365696257,1.0
0.42208676945141627,1.0
0.4221170395869191,1.0
0.4221473140644051,1.0
0.4221775928848085,1.0
0.4222078760490639,1.0
0.42223816355810617,1.0
0.42226845541287034,1.0
0.42229875161429187,1.0
0.4223290521633063,1.0
0.4223593570608496,1.0
0.4223896663078579,1.0
0.4224199799052677,1.0
0.42245029785401567,1.0
0.42248062015503873,1.0
0.42251094680927426,1.0
0.4225412778176597,1.0
0.4225716131811329,1.0
0.4226019529006318,1.0
0.42263229697709487,1.0
0.4226626454114606,1.0
0.4226929982046679,1.0
0.42272335535765587,1.0
0.4227537168713639,1.0
0.4227840827467318,1.0
0.4228144529846994,1.0
0.4228448275862069,1.0
0.42287520655219485,1.0
0.42290558988360394,1.0
0.4229359775813753,1.0
0.4229663696464501,1.0
0.42299676607977005,1.0
0.4230271668822768,1.0
0.4230575720549127,1.0
0.4230879815986199,1.0
0.42311839551434116,1.0
0.4231488138030194,1.0
0.4231792364655978,1.0
0.42320966350301986,1.0
0.4232400949162292,1.0
0.42327053070617,1.0
0.42330097087378643,1.0
0.423331415420023,1.0
0.4233618643458246,1.0
0.42339231765213636,1.0
0.4234227753399036,1.0
0.42345323741007196,1.0
0.4234837038635873,1.0
0.4235141747013959,1.0
0.4235446499244441,1.0
0.42357512953367876,1.0
0.4236056135300468,1.0
0.42363610191449547,1.0
0.42366659468797235,1.0
0.4236970918514253,1.0
0.4237275934058023,1.0
0.42375809935205183,1.0
0.4237886096911225,1.0
0.42381912442396313,1.0
0.423849643551523,1.0
0.42388016707475157,1.0
0.4239106949945985,1.0
0.42394122731201384,1.0
0.42397176402794784,1.0
0.4240023051433511,1.0
0.4240328506591744,1.0
0.4240634005763689,1.0
0.42409395489588586,1.0
0.42412451361867703,1.0
0.4241550767456943,1.0
0.4241856442778899,1.0
0.4242162162162162,1.0
0.42424679256162606,1.0
0.4242773733150724,1.0
0.42430795847750863,1.0
0.42433854804988824,1.0
0.4243691420331651,1.0
0.4243997404282933,1.0
0.4244303432362273,1.0
0.4244609504579217,1.0
0.4244915620943315,1.0
0.42452217814641185,1.0
0.4245527986151183,1.0
0.4245834235014066,1.0
0.4246140528062329,1.0
0.4246446865305534,1.0
0.42467532467532465,1.0
0.4247059672415037,1.0
0.4247366142300476,1.0
0.42476726564191386,1.0
0.42479792147806006,1.0
0.42482858173944427,1.0
0.42485924642702466,1.0
0.4248899155417599,1.0
0.4249205890846087,1.0
0.4249512670565302,1.0
0.4249819494584838,1.0
0.425012636291429,1.0
0.42504332755632585,1.0
0.42507402325413446,1.0
0.4251047233858154,1.0
0.42513542795232934,1.0
0.4251661369546374,1.0
0.4251968503937008,1.0
0.42522756827048114,1.0
0.42525829058594034,1.0
0.42528901734104047,1.0
0.425319748536744,1.0
0.4253504841740136,1.0
0.42538122425381225,1.0
0.4254119687771032,1.0
0.42544271774485004,1.0
0.4254734711580165,1.0
0.4255042290175667,1.0
0.425534991324465,1.0
0.4255657580796761,1.0
0.4255242227042661,0.9998301053346925
0.4255549931303782,0.9998301053346925
0.4255857680069424,0.9998301053346925
0.42561654733492443,0.9998301053346925
0.42564733111529,0.9998301053346925
0.4256781193490054,0.9998301053346925
0.42570891203703703,0.9998301053346925
0.4257397091803516,0.9998301053346925
0.42577051077991607,0.9998301053346925
0.42580131683669775,0.9998301053346925
0.42583212735166426,0.9998301053346925
0.42586294232578337,0.9998301053346925
0.42589376176002314,0.9998301053346925
0.42592458565535213,0.9998301053346925
0.42595541401273884,0.9998301053346925
0.4259862468331524,0.9998301053346925
0.4260170841175619,0.9998301053346925
0.42604792586693696,0.9998301053346925
0.4260787720822473,0.9998301053346925
0.4261096227644631,0.9998301053346925
0.42614047791455467,0.9998301053346925
0.4261713375334926,0.9998301053346925
0.426202201622248,0.9998301053346925
0.42623307018179185,0.9998301053346925
0.42626394321309574,0.9998301053346925
0.4262948207171315,0.9998301053346925
0.4263257026948711,0.9998301053346925
0.4263565891472868,0.9998301053346925
0.4263874800753514,0.9998301053346925
0.4264183754800377,0.9998301053346925
0.42644927536231886,0.9998301053346925
0.4264801797231683,0.9998301053346925
0.42651108856355996,0.9998301053346925
0.4265420018844676,0.9998301053346925
0.4265729196868658,0.9998301053346925
0.4266038419717289,0.9998301053346925
0.4266347687400319,0.9998301053346925
0.42666569999274995,0.9998301053346925
0.4266966357308585,0.9998301053346925
0.42672757595533317,0.9998301053346925
0.4267585206671501,0.9998301053346925
0.4267894698672855,0.9998301053346925
0.426820423556716,0.9998301053346925
0.42685138173641834,0.9998301053346925
0.4268823444073698,0.9998301053346925
0.4269133115705477,0.9998301053346925
0.4269442832269298,0.9998301053346925
0.42697525937749403,0.9998301053346925
0.4270062400232187,0.9998301053346925
0.42703722516508236,0.9998301053346925
0.4270682148040639,0.9998301053346925
0.42709920894114234,0.9998301053346925
0.42713020757729714,0.9998301053346925
0.42716121071350804,0.9998301053346925
0.42719221835075494,0.9998301053346925
0.42722323049001815,0.9998301053346925
0.4272542471322782,0.9998301053346925
0.42728526827851593,0.9998301053346925
0.4273162939297125,0.9998301053346925
0.42734732408684917,0.9998301053346925
0.4273783587509078,0.9998301053346925
0.4274093979228702,0.9998301053346925
0.42744044160371875,0.9998301053346925
0.42747148979443594,0.9998301053346925
0.42750254249600467,0.9998301053346925
0.4275335997094079,0.9998301053346925
0.42756466143562916,0.9998301053346925
0.4275957276756521,0.9998301053346925
0.4276267984304607,0.9998301053346925
0.4276578737010392,0.9998301053346925
0.4276889534883721,0.9998301053346925
0.4277200377934443,0.9998301053346925
0.42775112661724085,0.9998301053346925
0.4277822199607473,0.9998301053346925
0.42781331782494914,0.9998301053346925
0.4278444202108324,0.9998301053346925
0.4278755271193834,0.9998301053346925
0.4279066385515887,0.9998301053346925
0.42793775450843513,0.9998301053346925
0.42796887499090974,0.9998301053346925
0.428,0.9998301053346925
0.4280311295366936,0.9998301053346925
0.42806226360197847,0.9998301053346925
0.42809340219684294,0.9998301053346925
0.42812454532227556,0.9998301053346925
0.4281556929792652,0.9998301053346925
0.42818684516880096,0.9998301053346925
0.4282180018918722,0.9998301053346925
0.42824916314946876,0.9998301053346925
0.4282803289425806,0.9998301053346925
0.42831149927219797,0.9998301053346925
0.42834267413931143,0.9998301053346925
0.4283738535449119,0.9998301053346925
0.42840503748999054,0.9998301053346925
0.4284362259755387,0.9998301053346925
0.42846741900254826,0.9998301053346925
0.42849861657201105,0.9998301053346925
0.4285298186849195,0.9998301053346925
0.42856102534226626,0.9998301053346925
0.4285922365450441,0.9998301053346925
0.4286234522942462,0.9998301053346925
0.42865467259086604,0.9998301053346925
0.4286858974358974,0.9998301053346925
0.42871712683033436,0.9998301053346925
0.4287483607751712,0.9998301053346925
0.4287795992714025,0.9998301053346925
0.4288108423200233,0.9998301053346925
0.4288420899220287,0.9998301053346925
0.4288733420784142,0.9998301053346925
0.4289045987901756,0.9998301053346925
0.428935860058309,0.9998301053346925
0.42896712588381075,0.9998301053346925
0.4289983962676775,0.9998301053346925
0.4290296712109062,0.9998301053346925
0.429060950714494,0.9998301053346925
0.4290922347794386,0.9998301053346925
0.42912352340673765,0.9998301053346925
0.42915481659738935,0.9998301053346925
0.42918611435239207,0.9998301053346925
0.4292174166727445,0.9998301053346925
0.42924872355944566,0.9998301053346925
0.42928003501349477,0.9998301053346925
0.42931135103589146,0.9998301053346925
0.4293426716276355,0.9998301053346925
0.42937399678972715,0.9998301053346925
0.4294053265231667,0.9998301053346925
0.42943666082895504,0.9998301053346925
0.42946799970809313,0.9998301053346925
0.4294993431615822,0.9998301053346925
0.42953069119042403,0.9998301053346925
0.42956204379562046,0.9998301053346925
0.4295934009781736,0.9998301053346925
0.429624762739086,0.9998301053346925
0.42965612907936046,0.9998301053346925
0.4296875,0.9998301053346925
0.42971887550200805,0.9998301053346925
0.4297502555863882,0.9998301053346925
0.42978164025414445,0.9998301053346925
0.42981302950628103,0.9998301053346925
0.4298444233438025,0.9998301053346925
0.42987582176771366,0.9998301053346925
0.42990722477901966,0.9998301053346925
0.42993863237872587,0.9998301053346925
0.4299700445678381,0.9998301053346925
0.4300014613473623,0.9998301053346925
0.4300328827183047,0.9998301053346925
0.430064308681672,0.9998301053346925
0.4300957392384711,0.9998301053346925
0.4301271743897091,0.9998301053346925
0.43015861413639356,0.9998301053346925
0.4301900584795322,0.9998301053346925
0.43022150742013304,0.9998301053346925
0.43025296095920457,0.9998301053346925
0.43028441909775533,0.9998301053346925
0.43031588183679437,0.9998301053346925
0.4303473491773309,0.9998301053346925
0.43037882112037446,0.9998301053346925
0.43041029766693484,0.9998301053346925
0.43044177881802226,0.9998301053346925
0.4304732645746471,0.9998301053346925
0.43050475493782003,0.9998301053346925
0.4305362499085522,0.9998301053346925
0.43056774948785487,0.9998301053346925
0.43059925367673957,0.9998301053346925
0.43063076247621834,0.9998301053346925
0.4306622758873033,0.9998301053346925
0.43069379391100704,0.9998301053346925
0.43072531654834223,0.9998301053346925
0.4307568438003221,0.9998301053346925
0.4307883756679599,0.9998301053346925
0.4308199121522694,0.9998301053346925
0.4308514532542646,0.9998301053346925
0.43088299897495974,0.9998301053346925
0.43091454931536943,0.9998301053346925
0.4309461042765085,0.9998301053346925
0.4309776638593922,0.9998301053346925
0.4310092280650359,0.9998301053346925
0.43104079689445546,0.9998301053346925
0.43107237034866686,0.9998301053346925
0.43110394842868655,0.9998301053346925
0.43113553113553116,0.9998301053346925
0.4311671184702176,0.9998301053346925
0.4311987104337632,0.9998301053346925
0.43123030702718546,0.9998301053346925
0.4312619082515023,0.9998301053346925
0.43129351410773176,0.9998301053346925
0.43132512459689243,0.9998301053346925
0.43135673972000294,0.9998301053346925
0.4313883594780824,0.9998301053346925
0.43141998387215014,0.9998301053346925
0.4314516129032258,0.9998301053346925
0.43148324657232934,0.9998301053346925
0.431514884880481,0.9998301053346925
0.43154652782870134,0.9998301053346925
0.43157817541801113,0.9998301053346925
0.4316098276494316,0.9998301053346925
0.43164148452398415,0.9998301053346925
0.4316731460426905,0.9998301053346925
0.43170481220657275,0.9998301053346925
0.43173648301665324,0.9998301053346925
0.4317681584739545,0.9998301053346925
0.4317998385794996,0.9998301053346925
0.4318315233343117,0.9998301053346925
0.4318632127394144,0.9998301053346925
0.4318949067958315,0.9998301053346925
0.43192660550458717,0.9998301053346925
0.43195830886670583,0.9998301053346925
0.4319900168832122,0.9998301053346925
0.4320217295551314,0.9998301053346925
0.43205344688348873,0.9998301053346925
0.43208516886930987,0.9998301053346925
0.4321168955136207,0.9998301053346925
0.4321486268174475,0.9998301053346925
0.4321803627818169,0.9998301053346925
0.43221210340775557,0.9998301053346925
0.43224384869629084,0.9998301053346925
0.4322755986484501,0.9998301053346925
0.43230735326526115,0.9998301053346925
0.432339112547752,0.9998301053346925
0.432370876496951,0.9998301053346925
0.4324026451138869,0.9998301053346925
0.4324344183995885,0.9998301053346925
0.43246619635508526,0.9998301053346925
0.43249797898140663,0.9998301053346925
0.43252976627958256,0.9998301053346925
0.43256155825064313,0.9998301053346925
0.43259335489561895,0.9998301053346925
0.4326251562155407,0.9998301053346925
0.4326569622114395,0.9998301053346925
0.43268877288434676,0.9998301053346925
0.43272058823529413,0.9998301053346925
0.43275240826531364,0.9998301053346925
0.43278423297543755,0.9998301053346925
0.43281606236669856,0.9998301053346925
0.43284789644012944,0.9998301053346925
0.43287973519676354,0.9998301053346925
0.43291157863763424,0.9998301053346925
0.43294342676377545,0.9998301053346925
0.4329752795762213,0.9998301053346925
0.4330071370760062,0.9998301053346925
0.43303899926416484,0.9998301053346925
0.4330708661417323,0.9998301053346925
0.4331027377097439,0.9998301053346925
0.4331346139692353,0.9998301053346925
0.43316649492124243,0.9998301053346925
0.4331983805668016,0.9998301053346925
0.4332302709069494,0.9998301053346925
0.43326216594272254,0.9998301053346925
0.4332940656751583,0.9998301053346925
0.43332597010529417,0.9998301053346925
0.4333578792341679,0.9998301053346925
0.4333897930628176,0.9998301053346925
0.43342171159228166,0.9998301053346925
0.4334536348235987,0.9998301053346925
0.4334855627578079,0.9998301053346925
0.4335174953959484,0.9998301053346925
0.43354943273906,0.9998301053346925
0.4335813747881824,0.9998301053346925
0.433613321544356,0.9998301053346925
0.43357158647115174,0.9996602106693849
0.4336035372144436,0.9996602106693849
0.4336354926671088,0.9996602106693849
0.4336674528301887,0.9996602106693849
0.43362570944202844,0.9994903160040775
0.4336576735957541,0.9994903160040775
0.43368964246221897,0.9994903160040775
0.43372161604246534,0.9994903160040775
0.43375359433753596,0.9994903160040775
0.43378557734847367,0.9994903160040775
0.4338175650763218,0.9994903160040775
0.4338495575221239,0.9994903160040775
0.4338815546869238,0.9994903160040775
0.4339135565717657,0.9994903160040775
0.43394556317769417,0.9994903160040775
0.4339775745057539,0.9994903160040775
0.43400959055699007,0.9994903160040775
0.434041611332448,0.9994903160040775
0.43407363683317346,0.9994903160040775
0.43410566706021253,0.9994903160040775
0.4341377020146115,0.9994903160040775
0.43416974169741696,0.9994903160040775
0.43420178610967597,0.9994903160040775
0.4342338352524358,0.9994903160040775
0.4342658891267439,0.9994903160040775
0.4342979477336483,0.9994903160040775
0.4343300110741971,0.9994903160040775
0.43436207914943886,0.9994903160040775
0.43439415196042236,0.9994903160040775
0.4344262295081967,0.9994903160040775
0.4344583117938114,0.9994903160040775
0.4344903988183161,0.9994903160040775
0.43452249058276093,0.9994903160040775
0.43455458708819616,0.9994903160040775
0.4345866883356726,0.9994903160040775
0.4346187943262411,0.9994903160040775
0.4346509050609531,0.9994903160040775
0.43468302054086005,0.9994903160040775
0.43471514076701395,0.9994903160040775
0.434747265740467,0.9994903160040775
0.43477939546227184,0.9994903160040775
0.43481152993348116,0.9994903160040775
0.4348436691551482,0.9994903160040775
0.43487581312832646,0.9994903160040775
0.43490796185406966,0.9994903160040775
0.4349401153334319,0.9994903160040775
0.43497227356746765,0.9994903160040775
0.4350044365572316,0.9994903160040775
0.4350366043037788,0.9994903160040775
0.43506877680816447,0.9994903160040775
0.43510095407144445,0.9994903160040775
0.4351331360946746,0.9994903160040775
0.4351653228789112,0.9994903160040775
0.4351975144252108,0.9994903160040775
0.43522971073463046,0.9994903160040775
0.43526191180822726,0.9994903160040775
0.43529411764705883,0.9994903160040775
0.4353263282521829,0.9994903160040775
0.43535854362465776,0.9994903160040775
0.43539076376554176,0.9994903160040775
0.43542298867589374,0.9994903160040775
0.43545521835677276,0.9994903160040775
0.4354874528092383,0.9994903160040775
0.43551969203435004,0.9994903160040775
0.435551936033168,0.9994903160040775
0.43558418480675254,0.9994903160040775
0.43561643835616437,0.9994903160040775
0.4356486966824645,0.9994903160040775
0.43568095978671406,0.9994903160040775
0.43571322766997483,0.9994903160040775
0.43574550033330867,0.9994903160040775
0.43577777777777776,0.9994903160040775
0.4358100600044448,0.9994903160040775
0.4358423470143725,0.9994903160040775
0.43587463880862415,0.9994903160040775
0.4359069353882632,0.9994903160040775
0.4359392367543535,0.9994903160040775
0.4359715429079591,0.9994903160040775
0.4360038538501445,0.9994903160040775
0.4360361695819745,0.9994903160040775
0.4360684901045141,0.9994903160040775
0.4361008154188288,0.9994903160040775
0.43613314552598414,0.9994903160040775
0.4361654804270463,0.9994903160040775
0.4361978201230815,0.9994903160040775
0.43623016461515646,0.9994903160040775
0.4362625139043382,0.9994903160040775
0.43629486799169387,0.9994903160040775
0.4363272268782912,0.9994903160040775
0.436359590565198,0.9994903160040775
0.43639195905348266,0.9994903160040775
0.43642433234421363,0.9994903160040775
0.43645671043845985,0.9994903160040775
0.4364890933372904,0.9994903160040775
0.43652148104177485,0.9994903160040775
0.4365538735529831,0.9994903160040775
0.43658627087198515,0.9994903160040775
0.4366186729998516,0.9994903160040775
0.43665107993765306,0.9994903160040775
0.4366834916864608,0.9994903160040775
0.43671590824734613,0.9994903160040775
0.4367483296213808,0.9994903160040775
0.43678075580963693,0.9994903160040775
0.4368131868131868,0.9994903160040775
0.4368456226331031,0.9994903160040775
0.4368780632704589,0.9994903160040775
0.43691050872632753,0.9994903160040775
0.43694295900178254,0.9994903160040775
0.4369754140978979,0.9994903160040775
0.43700787401574803,0.9994903160040775
0.4370403387564074,0.9994903160040775
0.43707280832095097,0.9994903160040775
0.43710528271045396,0.9994903160040775
0.43713776192599196,0.9994903160040775
0.43717024596864085,0.9994903160040775
0.4372027348394768,0.9994903160040775
0.43723522853957636,0.9994903160040775
0.4372677270700164,0.9994903160040775
0.43730023043187394,0.9994903160040775
0.43733273862622657,0.9994903160040775
0.43736525165415213,0.9994903160040775
0.43739776951672865,0.9994903160040775
0.4374302922150346,0.9994903160040775
0.4374628197501487,0.9994903160040775
0.43749535212315016,0.9994903160040775
0.43752788933511827,0.9994903160040775
0.43756043138713274,0.9994903160040775
0.4375929782802737,0.9994903160040775
0.4376255300156215,0.9994903160040775
0.4376580865942568,0.9994903160040775
0.4376906480172606,0.9994903160040775
0.4377232142857143,0.9994903160040775
0.4377557854006995,0.9994903160040775
0.43778836136329813,0.9994903160040775
0.43782094217459255,0.9994903160040775
0.4378535278356654,0.9994903160040775
0.43788611834759955,0.9994903160040775
0.43791871371147834,0.9994903160040775
0.4379513139283853,0.9994903160040775
0.4379839189994044,0.9994903160040775
0.4380165289256198,0.9994903160040775
0.43804914370811615,0.9994903160040775
0.43808176334797827,0.9994903160040775
0.4381143878462913,0.9994903160040775
0.4381470172041409,0.9994903160040775
0.43817965142261284,0.9994903160040775
0.4382122905027933,0.9994903160040775
0.4382449344457688,0.9994903160040775
0.4382775832526261,0.9994903160040775
0.43831023692445237,0.9994903160040775
0.4383428954623351,0.9994903160040775
0.4383755588673621,0.9994903160040775
0.4384082271406215,0.9994903160040775
0.43844090028320165,0.9994903160040775
0.4384735782961914,0.9994903160040775
0.4385062611806798,0.9994903160040775
0.43853894893775625,0.9994903160040775
0.43857164156851053,0.9994903160040775
0.4386043390740327,0.9994903160040775
0.43863704145541305,0.9994903160040775
0.4386697487137424,0.9994903160040775
0.43870246085011183,0.9994903160040775
0.43873517786561267,0.9994903160040775
0.4387678997613365,0.9994903160040775
0.4388006265383755,0.9994903160040775
0.4388333581978219,0.9994903160040775
0.4388660947407684,0.9994903160040775
0.438898836168308,0.9994903160040775
0.43893158248153397,0.9994903160040775
0.4389643336815401,0.9994903160040775
0.4389970897694202,0.9994903160040775
0.43902985074626866,0.9994903160040775
0.4390626166131801,0.9994903160040775
0.4390953873712494,0.9994903160040775
0.439128163021572,0.9994903160040775
0.4391609435652434,0.9994903160040775
0.43919372900335946,0.9994903160040775
0.43922651933701656,0.9994903160040775
0.43925931456731127,0.9994903160040775
0.4392921146953405,0.9994903160040775
0.4393249197222015,0.9994903160040775
0.4393577296489918,0.9994903160040775
0.4393905444768093,0.9994903160040775
0.4394233642067523,0.9994903160040775
0.4394561888399193,0.9994903160040775
0.4394890183774092,0.9994903160040775
0.43952185282032125,0.9994903160040775
0.43955469216975496,0.9994903160040775
0.43958753642681014,0.9994903160040775
0.43962038559258704,0.9994903160040775
0.43965323966818626,0.9994903160040775
0.43968609865470853,0.9994903160040775
0.4397189625532551,0.9994903160040775
0.4397518313649275,0.9994903160040775
0.43978470509082757,0.9994903160040775
0.4398175837320574,0.9994903160040775
0.4398504672897196,0.9994903160040775
0.439883355764917,0.9994903160040775
0.4399162491587527,0.9994903160040775
0.4399491474723302,0.9994903160040775
0.43998205070675345,0.9994903160040775
0.4400149588631264,0.9994903160040775
0.4400478719425537,0.9994903160040775
0.44008078994614,0.9994903160040775
0.4401137128749906,0.9994903160040775
0.440146640730211,0.9994903160040775
0.4401795735129068,0.9994903160040775
0.44021251122418437,0.9994903160040775
0.44024545386515,0.9994903160040775
0.44027840143691066,0.9994903160040775
0.4403113539405733,0.9994903160040775
0.4403443113772455,0.9994903160040775
0.44037727374803504,0.9994903160040775
0.44041024105405,0.9994903160040775
0.4404432132963989,0.9994903160040775
0.44047619047619047,0.9994903160040775
0.44050917259453387,0.9994903160040775
0.44054215965253857,0.9994903160040775
0.44057515165131433,0.9994903160040775
0.4406081485919712,0.9994903160040775
0.4406411504756198,0.9994903160040775
0.4406741573033708,0.9994903160040775
0.4407071690763353,0.9994903160040775
0.4407401857956248,0.9994903160040775
0.4407732074623511,0.9994903160040775
0.44080623407762626,0.9994903160040775
0.44083926564256276,0.9994903160040775
0.4408723021582734,0.9994903160040775
0.44090534362587125,0.9994903160040775
0.4409383900464698,0.9994903160040775
0.44097144142118283,0.9994903160040775
0.44100449775112444,0.9994903160040775
0.4410375590374091,0.9994903160040775
0.4410706252811516,0.9994903160040775
0.44110369648346703,0.9994903160040775
0.4411367726454709,0.9994903160040775
0.44116985376827894,0.9994903160040775
0.44120293985300735,0.9994903160040775
0.4412360309007725,0.9994903160040775
0.44126912691269127,0.9994903160040775
0.4413022278898807,0.9994903160040775
0.44133533383345835,0.9994903160040775
0.44136844474454195,0.9994903160040775
0.4414015606242497,0.9994903160040775
0.4414346814737,0.9994903160040775
0.4414678072940117,0.9994903160040775
0.4415009380863039,0.9994903160040775
0.4415340738516962,0.9994903160040775
0.44156721459130827,0.9994903160040775
0.4416003603062603,0.9994903160040775
0.44163351099767284,0.9994903160040775
0.44166666666666665,0.9994903160040775
0.4416998273143629,0.9994903160040775
0.4417329929418832,0.9994903160040775
0.4417661635503492,0.9994903160040775
0.44179933914088315,0.9994903160040775
0.4418325197146076,0.9994903160040775
0.44186570527264535,0.9994903160040775
0.4418988958161196,0.9994903160040775
0.44193209134615385,0.9994903160040775
0.441965291863872,0.9994903160040775
0.4419984973703982,0.9994903160040775
0.442031707866857,0.9994903160040775
0.4420649233543733,0.9994903160040775
0.4420981438340723,0.9994903160040775
0.4421313693070795,0.9994903160040775
0.4421645997745209,0.9994903160040775
0.44219783523752254,0.9994903160040775
0.44223107569721115,0.9994903160040775
0.4422643211547136,0.9994903160040775
0.44229757161115707,0.9994903160040775
0.4423308270676692,0.9994903160040775
0.44236408752537787,0.9994903160040775
0.44239735298541133,0.9994903160040775
0.4424306234488983,0.9994903160040775
0.4424638989169675,0.9994903160040775
0.4424971793907484,0.9994903160040775
0.44253046487137054,0.9994903160040775
0.4425637553599639,0.9994903160040775
0.44259705085765877,0.9994903160040775
0.44263035136558576,0.9994903160040775
0.44266365688487586,0.9994903160040775
0.44269696741666037,0.9994903160040775
0.44273028296207106,0.9994903160040775
0.44276360352223976,0.9994903160040775
0.442796929098299,0.9994903160040775
0.44283025969138123,0.9994903160040775
0.4428635953026197,0.9994903160040775
0.4428969359331476,0.9994903160040775
0.4429302815840988,0.9994903160040775
0.4429636322566072,0.9994903160040775
0.44299698795180725,0.9994903160040775
0.44303034867083363,0.9994903160040775
0.4430637144148215,0.9994903160040775
0.4430970851849062,0.9994903160040775
0.4431304609822236,0.9994903160040775
0.44316384180790963,0.9994903160040775
0.4431972276631008,0.9994903160040775
0.4432306185489339,0.9994903160040775
0.4432640144665461,0.9994903160040775
0.44329741541707485,0.9994903160040775
0.44333082140165786,0.9994903160040775
0.4433642324214334,0.9994903160040775
0.44339764847753993,0.9994903160040775
0.4434310695711163,0.9994903160040775
0.44346449570330165,0.9994903160040775
0.4434979268752356,0.9994903160040775
0.4435313630880579,0.9994903160040775
0.44356480434290885,0.9994903160040775
0.44359825064092895,0.9994903160040775
0.4436317019832592,0.9994903160040775
0.4436651583710407,0.9994903160040775
0.4436986198054152,0.9994903160040775
0.44373208628752453,0.9994903160040775
0.44376555781851096,0.9994903160040775
0.4437990343995172,0.9994903160040775
0.44383251603168616,0.9994903160040775
0.44386600271616117,0.9994903160040775
0.4438994944540859,0.9994903160040775
0.4439329912466043,0.9994903160040775
0.44396649309486075,0.9994903160040775
0.444,0.9994903160040775
0.44403351196316704,0.9994903160040775
0.44406702898550726,0.9994903160040775
0.44410055106816637,0.9994903160040775
0.4441340782122905,0.9994903160040775
0.444167610419026,0.9994903160040775
0.4442011476895198,0.9994903160040775
0.44423469002491883,0.9994903160040775
0.4442682374263706,0.9994903160040775
0.44430178989502306,0.9994903160040775
0.4443353474320242,0.9994903160040775
0.4443689100385225,0.9994903160040775
0.44440247771566704,0.9994903160040775
0.44443605046460677,0.9994903160040775
0.4444696282864914,0.9994903160040775
0.4445032111824707,0.9994903160040775
0.44453679915369504,0.9994903160040775
0.4445703922013149,0.9994903160040775
0.44460399032648124,0.9994903160040775
0.4446375935303454,0.9994903160040775
0.44467120181405895,0.9994903160040775
0.4447048151787739,0.9994903160040775
0.4447384336256426,0.9994903160040775
0.44477205715581764,0.9994903160040775
0.44480568577045215,0.9994903160040775
0.44483931947069943,0.9994903160040775
0.4448729582577132,0.9994903160040775
0.44490660213264765,0.9994903160040775
0.4449402510966571,0.9994903160040775
0.4449739051508963,0.9994903160040775
0.44500756429652044,0.9994903160040775
0.4450412285346849,0.9994903160040775
0.44507489786654564,0.9994903160040775
0.4451085722932587,0.9994903160040775
0.4451422518159806,0.9994903160040775
0.44517593643586834,0.9994903160040775
0.445209626154079,0.9994903160040775
0.4452433209717702,0.9994903160040775
0.4452770208900999,0.9994903160040775
0.4453107259102263,0.9994903160040775
0.4453444360333081,0.9994903160040775
0.44537815126050423,0.9994903160040775
0.44541187159297396,0.9994903160040775
0.445445597031877,0.9994903160040775
0.44547932757837344,0.9994903160040775
0.4455130632336236,0.9994903160040775
0.44554680399878827,0.9994903160040775
0.4455805498750284,0.9994903160040775
0.4456143008635055,0.9994903160040775
0.4456480569653814,0.9994903160040775
0.4456818181818182,0.9994903160040775
0.44571558451397836,0.9994903160040775
0.4457493559630247,0.9994903160040775
0.4457831325301205,0.9994903160040775
0.4458169142164292,0.9994903160040775
0.4458507010231148,0.9994903160040775
0.4458844929513415,0.9994903160040775
0.44591829000227395,0.9994903160040775
0.44595209217707704,0.9994903160040775
0.4459858994769161,0.9994903160040775
0.4460197119029568,0.9994903160040775
0.44605352945636517,0.9994903160040775
0.4460873521383075,0.9994903160040775
0.4461211799499507,0.9994903160040775
0.4461550128924617,0.9994903160040775
0.44618885096700794,0.9994903160040775
0.4462226941747573,0.9994903160040775
0.4462565425168778,0.9994903160040775
0.446290395994538,0.9994903160040775
0.44632425460890673,0.9994903160040775
0.44635811836115324,0.9994903160040775
0.44639198725244705,0.9994903160040775
0.4464258612839581,0.9994903160040775
0.44645974045685666,0.9994903160040775
0.4464936247723133,0.9994903160040775
0.44652751423149906,0.9994903160040775
0.44656140883558526,0.9994903160040775
0.4465953085857436,0.9994903160040775
0.44662921348314605,0.9994903160040775
0.44666312352896514,0.9994903160040775
0.44669703872437355,0.9994903160040775
0.44673095907054444,0.9994903160040775
0.44676488456865127,0.9994903160040775
0.44679881521986786,0.9994903160040775
0.44683275102536835,0.9994903160040775
0.4468666919863274,0.9994903160040775
0.4469006381039198,0.9994903160040775
0.44693458937932085,0.9994903160040775
0.4469685458137061,0.9994903160040775
0.44700250740825165,0.9994903160040775
0.4470364741641337,0.9994903160040775
0.44707044608252905,0.9994903160040775
0.4471044231646147,0.9994903160040775
0.44713840541156796,0.9994903160040775
0.4471723928245667,0.9994903160040775
0.4472063854047891,0.9994903160040775
0.4472403831534134,0.9994903160040775
0.4472743860716186,0.9994903160040775
0.44730839416058393,0.9994903160040775
0.44734240742148884,0.9994903160040775
0.4473764258555133,0.9994903160040775
0.44741044946383757,0.9994903160040775
0.4474444782476422,0.9994903160040775
0.4474785122081083,0.9994903160040775
0.44751255134641715,0.9994903160040775
0.4475465956637505,0.9994903160040775
0.4475806451612903,0.9994903160040775
0.4476146998402191,0.9994903160040775
0.4476487597017197,0.9994903160040775
0.4476828247469751,0.9994903160040775
0.44771689497716893,0.9994903160040775
0.44775097039348505,0.9994903160040775
0.44778505099710764,0.9994903160040775
0.4478191367892213,0.9994903160040775
0.44785322777101094,0.9994903160040775
0.447887323943662,0.9994903160040775
0.44792142530836,0.9994903160040775
0.447955531866291,0.9994903160040775
0.44798964361864146,0.9994903160040775
0.44802376056659815,0.9994903160040775
0.44805788271134805,0.9994903160040775
0.4480920100540788,0.9994903160040775
0.44812614259597805,0.9994903160040775
0.4481602803382342,0.9994903160040775
0.4481944232820357,0.9994903160040775
0.4482285714285714,0.9994903160040775
0.4482627247790308,0.9994903160040775
0.4482968833346034,0.9994903160040775
0.4483310470964792,0.9994903160040775
0.4483652160658486,0.9994903160040775
0.44839939024390246,0.9994903160040775
0.4484335696318317,0.9994903160040775
0.44846775423082785,0.9994903160040775
0.44850194404208277,0.9994903160040775
0.44853613906678863,0.9994903160040775
0.448570339306138,0.9994903160040775
0.4486045447613238,0.9994903160040775
0.44863875543353926,0.9994903160040775
0.44867297132397804,0.9994903160040775
0.44870719243383417,0.9994903160040775
0.44874141876430207,0.9994903160040775
0.4487756503165764,0.9994903160040775
0.4488098870918523,0.9994903160040775
0.44884412909132526,0.9994903160040775
0.44887837631619104,0.9994903160040775
0.4488363220144983,0.99932042133877
0.4488705738705739,0.99932042133877
0.4489048309547432,0.99932042133877
0.4489390932682033,0.99932042133877
0.4489733608121517,0.99932042133877
0.4490076335877863,0.99932042133877
0.4490419115963051,0.99932042133877
0.4490761948389067,0.99932042133877
0.4491104833167901,0.99932042133877
0.4491447770311546,0.99932042133877
0.44917907598319967,0.99932042133877
0.44921338017412554,0.99932042133877
0.4492476896051325,0.99932042133877
0.4492820042774213,0.99932042133877
0.4493163241921931,0.99932042133877
0.44935064935064933,0.99932042133877
0.4493849797539919,0.99932042133877
0.449419315403423,0.99932042133877
0.44945365630014517,0.99932042133877
0.44948800244536147,0.99932042133877
0.4495223538402751,0.99932042133877
0.44955671048608986,0.99932042133877
0.4495910723840098,0.99932042133877
0.44962543953523926,0.99932042133877
0.4496598119409831,0.99932042133877
0.4496941896024465,0.99932042133877
0.4497285725208349,0.99932042133877
0.44976296069735433,0.99932042133877
0.449797354133211,0.99932042133877
0.4498317528296115,0.99932042133877
0.4498661567877629,0.99932042133877
0.44990056600887257,0.99932042133877
0.44993498049414826,0.99932042133877
0.44996940024479803,0.99932042133877
0.4500038252620305,0.99932042133877
0.4500726911010789,0.99932042133877
0.45010713192531376,0.99932042133877
0.4501415780209689,0.99932042133877
0.45017602938925455,0.99932042133877
0.45021048603138153,0.99932042133877
0.45024494794856096,0.99932042133877
0.45027941514200415,0.99932042133877
0.45031388761292296,0.99932042133877
0.45034836536252965,0.99932042133877
0.45038284839203674,0.99932042133877
0.45041733670265716,0.99932042133877
0.4504518302956042,0.99932042133877
0.4504863291720916,0.99932042133877
0.4505208333333333,0.99932042133877
0.4505553427805439,0.99932042133877
0.45058985751493796,0.99932042133877
0.45062437753773077,0.99932042133877
0.45065890285013793,0.99932042133877
0.4506934334533752,0.99932042133877
0.450727969348659,0.99932042133877
0.4507625105372059,0.99932042133877
0.450797057020233,0.99932042133877
0.4508316087989576,0.99932042133877
0.4508661658745976,0.99932042133877
0.450900728248371,0.99932042133877
0.45093529592149645,0.99932042133877
0.4509698688951928,0.99932042133877
0.45100444717067933,0.99932042133877
0.4510390307491757,0.99932042133877
0.45107361963190185,0.99932042133877
0.4511082138200782,0.99932042133877
0.4511428133149256,0.99932042133877
0.4511774181176651,0.99932042133877
0.4512120282295183,0.99932042133877
0.45124664365170697,0.99932042133877
0.4512812643854534,0.99932042133877
0.45131589043198034,0.99932042133877
0.45135052179251073,0.99932042133877
0.451385158468268,0.99932042133877
0.4514198004604758,0.99932042133877
0.4514544477703584,0.99932042133877
0.4514891003991403,0.99932042133877
0.45152375834804637,0.99932042133877
0.45155842161830184,0.99932042133877
0.4515930902111324,0.99932042133877
0.4516277641277641,0.99932042133877
0.45166244336942335,0.99932042133877
0.4516971279373368,0.99932042133877
0.45173181783273175,0.99932042133877
0.45176651305683563,0.99932042133877
0.4518012136108764,0.99932042133877
0.45183591949608237,0.99932042133877
0.4518706307136821,0.99932042133877
0.4519053472649047,0.99932042133877
0.4519400691509796,0.99932042133877
0.45197479637313664,0.99932042133877
0.4520095289326059,0.99932042133877
0.4520442668306179,0.99932042133877
0.4520790100684037,0.99932042133877
0.45211375864719444,0.99932042133877
0.452148512568222,0.99932042133877
0.45218327183271834,0.99932042133877
0.4522180364419159,0.99932042133877
0.4522528063970475,0.99932042133877
0.4522875816993464,0.99932042133877
0.45232236235004614,0.99932042133877
0.45235714835038066,0.99932042133877
0.45239193970158437,0.99932042133877
0.45242673640489195,0.99932042133877
0.45246153846153847,0.99932042133877
0.45249634587275944,0.99932042133877
0.4525311586397907,0.99932042133877
0.45256597676386856,0.99932042133877
0.4526008002462296,0.99932042133877
0.45263562908811084,0.99932042133877
0.45267046329074956,0.99932042133877
0.4527053028553837,0.99932042133877
0.4527401477832512,0.99932042133877
0.4527749980755908,0.99932042133877
0.45280985373364124,0.99932042133877
0.4528447147586419,0.99932042133877
0.45287958115183247,0.99932042133877
0.4529144529144529,0.99932042133877
0.45294933004774374,0.99932042133877
0.4529842125529457,0.99932042133877
0.45301910043130006,0.99932042133877
0.45305399368404836,0.99932042133877
0.4530888923124326,0.99932042133877
0.4531237963176951,0.99932042133877
0.4531587057010786,0.99932042133877
0.45319362046382616,0.99932042133877
0.45315148713206965,0.9991505266734625
0.45318640671958077,0.9991505266734625
0.4532213316892725,0.9991505266734625
0.4532562620423892,0.9991505266734625
0.45329119778017574,0.9991505266734625
0.4533261389038773,0.9991505266734625
0.45336108541473946,0.9991505266734625
0.4533960373140082,0.9991505266734625
0.45343099460292985,0.9991505266734625
0.4534659572827512,0.9991505266734625
0.4535009253547193,0.9991505266734625
0.4535358988200818,0.9991505266734625
0.45357087768008636,0.9991505266734625
0.4536058619359815,0.9991505266734625
0.45364085158901574,0.9991505266734625
0.4536758466404382,0.9991505266734625
0.4537108470914982,0.9991505266734625
0.4537458529434457,0.9991505266734625
0.4537808641975309,0.9991505266734625
0.45381588085500424,0.9991505266734625
0.4538509029171168,0.9991505266734625
0.45388593038512004,0.9991505266734625
0.4539209632602655,0.9991505266734625
0.4539560015438055,0.9991505266734625
0.4539910452369924,0.9991505266734625
0.45402609434107927,0.9991505266734625
0.45406114885731935,0.9991505266734625
0.45409620878696627,0.9991505266734625
0.45413127413127413,0.9991505266734625
0.45416634489149743,0.9991505266734625
0.45420142106889094,0.9991505266734625
0.45423650266471,0.9991505266734625
0.4542715896802101,0.9991505266734625
0.4543066821166474,0.9991505266734625
0.45434177997527814,0.9991505266734625
0.4543768832573592,0.9991505266734625
0.4544119919641477,0.9991505266734625
0.4544471060969013,0.9991505266734625
0.4544822256568779,0.9991505266734625
0.4545173506453358,0.9991505266734625
0.4545524810635338,0.9991505266734625
0.4545876169127309,0.9991505266734625
0.45462275819418674,0.9991505266734625
0.4546579049091612,0.9991505266734625
0.4546930570589145,0.9991505266734625
0.45472821464470736,0.9991505266734625
0.4547633776678008,0.9991505266734625
0.45479854612945636,0.9991505266734625
0.4548337200309358,0.9991505266734625
0.45486889937350145,0.9991505266734625
0.4549040841584158,0.9991505266734625
0.45493927438694204,0.9991505266734625
0.45497447006034347,0.9991505266734625
0.45500967117988395,0.9991505266734625
0.4550448777468276,0.9991505266734625
0.4550800897624391,0.9991505266734625
0.45511530722798327,0.9991505266734625
0.4551505301447256,0.9991505266734625
0.4551857585139319,0.9991505266734625
0.4552209923368682,0.9991505266734625
0.45525623161480105,0.9991505266734625
0.45529147634899747,0.9991505266734625
0.4553267265407247,0.9991505266734625
0.45536198219125046,0.9991505266734625
0.45539724330184295,0.9991505266734625
0.4554325098737706,0.9991505266734625
0.45546778190830234,0.9991505266734625
0.45550305940670743,0.9991505266734625
0.4555383423702556,0.9991505266734625
0.4555736308002169,0.9991505266734625
0.4556089246978618,0.9991505266734625
0.45564422406446115,0.9991505266734625
0.4556795289012862,0.9991505266734625
0.4557148392096087,0.9991505266734625
0.45575015499070054,0.9991505266734625
0.4557854762458343,0.9991505266734625
0.45582080297628275,0.9991505266734625
0.45585613518331913,0.9991505266734625
0.4558914728682171,0.9991505266734625
0.45592681603225055,0.9991505266734625
0.45596216467669404,0.9991505266734625
0.45599751880282235,0.9991505266734625
0.45603287841191065,0.9991505266734625
0.45606824350523456,0.9991505266734625
0.45610361408407013,0.9991505266734625
0.4561389901496936,0.9991505266734625
0.45617437170338193,0.9991505266734625
0.45620975874641223,0.9991505266734625
0.45624515128006204,0.9991505266734625
0.45628054930560946,0.9991505266734625
0.45631595282433274,0.9991505266734625
0.4563513618375107,0.9991505266734625
0.4563867763464225,0.9991505266734625
0.4564221963523477,0.9991505266734625
0.4564576218565663,0.9991505266734625
0.45649305286035863,0.9991505266734625
0.45652848936500545,0.9991505266734625
0.4565639313717879,0.9991505266734625
0.4565993788819876,0.9991505266734625
0.4566348318968864,0.9991505266734625
0.45667029041776674,0.9991505266734625
0.4567057544459113,0.9991505266734625
0.4567412239826033,0.9991505266734625
0.4567766990291262,0.9991505266734625
0.456812179586764,0.9991505266734625
0.45684766565680107,0.9991505266734625
0.4568831572405221,0.9991505266734625
0.4569186543392122,0.9991505266734625
0.456954156954157,0.9991505266734625
0.4569896650866423,0.9991505266734625
0.4570251787379546,0.9991505266734625
0.4570606979093806,0.9991505266734625
0.4570962226022074,0.9991505266734625
0.4571317528177225,0.9991505266734625
0.45716728855721395,0.9991505266734625
0.45720282982196997,0.9991505266734625
0.45723837661327943,0.9991505266734625
0.4572739289324314,0.9991505266734625
0.4573094867807154,0.9991505266734625
0.4573450501594214,0.9991505266734625
0.4573806190698398,0.9991505266734625
0.45741619351326124,0.9991505266734625
0.457451773490977,0.9991505266734625
0.4574873590042785,0.9991505266734625
0.45752295005445776,0.9991505266734625
0.45755854664280715,0.9991505266734625
0.4575941487706194,0.9991505266734625
0.45762975643918763,0.9991505266734625
0.4576653696498054,0.9991505266734625
0.45770098840376683,0.9991505266734625
0.45773661270236615,0.9991505266734625
0.45777224254689813,0.9991505266734625
0.45780787793865796,0.9991505266734625
0.4578435188789412,0.9991505266734625
0.45787916536904394,0.9991505266734625
0.4579148174102624,0.9991505266734625
0.45795047500389346,0.9991505266734625
0.45798613815123435,0.9991505266734625
0.45802180685358257,0.9991505266734625
0.45805748111223615,0.9991505266734625
0.45809316092849356,0.9991505266734625
0.4581288463036535,0.9991505266734625
0.4581645372390153,0.9991505266734625
0.4582002337358785,0.9991505266734625
0.4582359357955431,0.9991505266734625
0.4582716434193096,0.9991505266734625
0.4583073566084788,0.9991505266734625
0.458343075364352,0.9991505266734625
0.4583787996882307,0.9991505266734625
0.4584145295814171,0.9991505266734625
0.4584502650452136,0.9991505266734625
0.45848600608092305,0.9991505266734625
0.45852175268984874,0.9991505266734625
0.45855750487329433,0.9991505266734625
0.45859326263256395,0.9991505266734625
0.45862902596896205,0.9991505266734625
0.45866479488379347,0.9991505266734625
0.4587005693783636,0.9991505266734625
0.4587363494539782,0.9991505266734625
0.4587721351119432,0.9991505266734625
0.4588079263535653,0.9991505266734625
0.4588437231801514,0.9991505266734625
0.45887952559300876,0.9991505266734625
0.45891533359344516,0.9991505266734625
0.45895114718276886,0.9991505266734625
0.4589869663622883,0.9991505266734625
0.4590227911333125,0.9991505266734625
0.4590586214971509,0.9991505266734625
0.4590944574551132,0.9991505266734625
0.45913029900850966,0.9991505266734625
0.45916614615865087,0.9991505266734625
0.4592019989068478,0.9991505266734625
0.459237857254412,0.9991505266734625
0.4592737212026552,0.9991505266734625
0.45930959075288974,0.9991505266734625
0.45934546590642816,0.9991505266734625
0.45938134666458363,0.9991505266734625
0.45941723302866966,0.9991505266734625
0.459453125,0.9991505266734625
0.45948902257988905,0.9991505266734625
0.4595249257696515,0.9991505266734625
0.4595608345706025,0.9991505266734625
0.4595967489840575,0.9991505266734625
0.45963266901133254,0.9991505266734625
0.45966859465374393,0.9991505266734625
0.45970452591260846,0.9991505266734625
0.4597404627892433,0.9991505266734625
0.459776405284966,0.9991505266734625
0.4598123534010946,0.9991505266734625
0.45984830713894753,0.9991505266734625
0.4598842664998436,0.9991505266734625
0.4599202314851021,0.9991505266734625
0.45995620209604254,0.9991505266734625
0.45999217833398515,0.9991505266734625
0.46002816020025034,0.9991505266734625
0.46006414769615894,0.9991505266734625
0.4601001408230324,0.9991505266734625
0.4601361395821923,0.9991505266734625
0.46017214397496087,0.9991505266734625
0.46020815400266063,0.9991505266734625
0.46024416966661447,0.9991505266734625
0.4602801909681459,0.9991505266734625
0.4603162179085786,0.9991505266734625
0.4603522504892368,0.9991505266734625
0.4603882887114451,0.9991505266734625
0.4604243325765286,0.9991505266734625
0.4604603820858127,0.9991505266734625
0.4604964372406233,0.9991505266734625
0.46053249804228663,0.9991505266734625
0.46056856449212935,0.9991505266734625
0.4606046365914787,0.9991505266734625
0.4606407143416621,0.9991505266734625
0.4606767977440075,0.9991505266734625
0.46071288679984335,0.9991505266734625
0.46074898151049826,0.9991505266734625
0.46078508187730155,0.9991505266734625
0.46082118790158283,0.9991505266734625
0.46085729958467203,0.9991505266734625
0.4608934169278997,0.9991505266734625
0.4609295399325966,0.9991505266734625
0.4609656686000941,0.9991505266734625
0.46100180293172377,0.9991505266734625
0.46103794292881783,0.9991505266734625
0.46107408859270876,0.9991505266734625
0.4611102399247295,0.9991505266734625
0.46114639692621345,0.9991505266734625
0.46118255959849436,0.9991505266734625
0.4612187279429064,0.9991505266734625
0.46125490196078434,0.9991505266734625
0.461291081653463,0.9991505266734625
0.461327267022278,0.9991505266734625
0.46136345806856516,0.9991505266734625
0.46139965479366074,0.9991505266734625
0.4614358571989015,0.9991505266734625
0.4614720652856246,0.9991505266734625
0.46150827905516756,0.9991505266734625
0.4615444985088683,0.9991505266734625
0.4615807236480653,0.9991505266734625
0.46161695447409734,0.9991505266734625
0.46165319098830365,0.9991505266734625
0.4616894331920239,0.9991505266734625
0.4617256810865981,0.9991505266734625
0.46176193467336685,0.9991505266734625
0.461798193953671,0.9991505266734625
0.4618344589288519,0.9991505266734625
0.46187072960025133,0.9991505266734625
0.4619070059692114,0.9991505266734625
0.46194328803707485,0.9991505266734625
0.4619795758051846,0.9991505266734625
0.46201586927488414,0.9991505266734625
0.4620521684475173,0.9991505266734625
0.4620884733244284,0.9991505266734625
0.4621247839069621,0.9991505266734625
0.46216110019646367,0.9991505266734625
0.4621974221942785,0.9991505266734625
0.46223374990175276,0.9991505266734625
0.46227008332023267,0.9991505266734625
0.4623064224510652,0.9991505266734625
0.4623427672955975,0.9991505266734625
0.46237911785517727,0.9991505266734625
0.4624154741311527,0.9991505266734625
0.46245183612487223,0.9991505266734625
0.4624882038376848,0.9991505266734625
0.4625245772709398,0.9991505266734625
0.4625609564259871,0.9991505266734625
0.46259734130417685,0.9991505266734625
0.46263373190685964,0.9991505266734625
0.46267012823538667,0.9991505266734625
0.46270653029110936,0.9991505266734625
0.46274293807537964,0.9991505266734625
0.4627793515895499,0.9991505266734625
0.46281577083497283,0.9991505266734625
0.46285219581300174,0.9991505266734625
0.4628886265249902,0.9991505266734625
0.4629250629722922,0.9991505266734625
0.4629615051562623,0.9991505266734625
0.4629979530782554,0.9991505266734625
0.4630344067396268,0.9991505266734625
0.46307086614173226,0.9991505266734625
0.463107331285928,0.9991505266734625
0.46314380217357065,0.9991505266734625
0.46318027880601714,0.9991505266734625
0.46321676118462507,0.9991505266734625
0.4632532493107523,0.9991505266734625
0.46328974318575705,0.9991505266734625
0.4633262428109982,0.9991505266734625
0.46336274818783485,0.9991505266734625
0.46339925931762666,0.9991505266734625
0.46343577620173365,0.9991505266734625
0.46347229884151625,0.9991505266734625
0.4635088272383354,0.9991505266734625
0.46354536139355246,0.9991505266734625
0.4635819013085291,0.9991505266734625
0.4636184469846275,0.9991505266734625
0.46365499842321034,0.9991505266734625
0.46369155562564063,0.9991505266734625
0.46372811859328184,0.9991505266734625
0.4637646873274978,0.9991505266734625
0.463801261829653,0.9991505266734625
0.46383784210111206,0.9991505266734625
0.46387442814324026,0.9991505266734625
0.4639110199574032,0.9991505266734625
0.4639476175449669,0.9991505266734625
0.46398422090729785,0.9991505266734625
0.464020830045763,0.9991505266734625
0.4640574449617297,0.9991505266734625
0.46409406565656564,0.9991505266734625
0.46413069213163916,0.9991505266734625
0.46416732438831887,0.9991505266734625
0.4642039624279738,0.9991505266734625
0.4642406062519735,0.9991505266734625
0.46427725586168783,0.9991505266734625
0.4643139112584873,0.9991505266734625
0.4643505724437426,0.9991505266734625
0.46438723941882504,0.9991505266734625
0.4644239121851062,0.9991505266734625
0.4644605907439583,0.9991505266734625
0.4644972750967538,0.9991505266734625
0.46453396524486573,0.9991505266734625
0.46457066118966744,0.9991505266734625
0.4646073629325328,0.9991505266734625
0.4646440704748361,0.9991505266734625
0.46468078381795197,0.9991505266734625
0.46471750296325565,0.9991505266734625
0.4647542279121227,0.9991505266734625
0.464790958665929,0.9991505266734625
0.4648276952260512,0.9991505266734625
0.4648644375938661,0.9991505266734625
0.464901185770751,0.9991505266734625
0.4649379397580836,0.9991505266734625
0.46497469955724224,0.9991505266734625
0.46501146516960545,0.9991505266734625
0.46504823659655226,0.9991505266734625
0.4650850138394622,0.9991505266734625
0.4651217968997153,0.9991505266734625
0.4651585857786918,0.9991505266734625
0.4651953804777725,0.9991505266734625
0.46523218099833874,0.9991505266734625
0.46526898734177213,0.9991505266734625
0.4653057995094549,0.9991505266734625
0.46534261750276945,0.9991505266734625
0.46537944132309883,0.9991505266734625
0.46541627097182653,0.9991505266734625
0.4654531064503364,0.9991505266734625
0.4654899477600127,0.9991505266734625
0.46552679490224014,0.9991505266734625
0.46556364787840404,0.9991505266734625
0.46560050668988995,0.9991505266734625
0.4656373713380839,0.9991505266734625
0.4656742418243725,0.9991505266734625
0.46571111815014254,0.9991505266734625
0.4657480003167815,0.9991505266734625
0.46578488832567716,0.9991505266734625
0.46582178217821785,0.9991505266734625
0.46585868187579216,0.9991505266734625
0.46589558741978926,0.9991505266734625
0.4659324988115988,0.9991505266734625
0.4659694160526107,0.9991505266734625
0.4660063391442155,0.9991505266734625
0.4660432680878041,0.9991505266734625
0.4660802028847678,0.9991505266734625
0.46611714353649836,0.9991505266734625
0.46615409004438807,0.9991505266734625
0.46619104240982956,0.9991505266734625
0.46622800063421593,0.9991505266734625
0.4662649647189408,0.9991505266734625
0.46630193466539804,0.9991505266734625
0.46633891047498216,0.9991505266734625
0.46637589214908803,0.9991505266734625
0.46641287968911094,0.9991505266734625
0.4664498730964467,0.9991505266734625
0.4664868723724915,0.9991505266734625
0.46652387751864194,0.9991505266734625
0.4665608885362951,0.9991505266734625
0.46659790542684865,0.9991505266734625
0.4666349281917004,0.9991505266734625
0.4666719568322488,0.9991505266734625
0.46670899134989285,0.9991505266734625
0.46674603174603174,0.9991505266734625
0.46678307802206526,0.9991505266734625
0.46682013017939356,0.9991505266734625
0.4668571882194173,0.9991505266734625
0.46689425214353764,0.9991505266734625
0.466931321953156,0.9991505266734625
0.46696839764967446,0.9991505266734625
0.46700547923449537,0.9991505266734625
0.4670425667090216,0.9991505266734625
0.4670796600746565,0.9991505266734625
0.46711675933280383,0.9991505266734625
0.46715386448486773,0.9991505266734625
0.4671909755322529,0.9991505266734625
0.4672280924763645,0.9991505266734625
0.467265215318608,0.9991505266734625
0.46730234406038934,0.9991505266734625
0.46733947870311504,0.9991505266734625
0.467376619248192,0.9991505266734625
0.4674137656970275,0.9991505266734625
0.46745091805102934,0.9991505266734625
0.4674880763116057,0.9991505266734625
0.46752524048016536,0.9991505266734625
0.46756241055811737,0.9991505266734625
0.4675995865468713,0.9991505266734625
0.46763676844783714,0.9991505266734625
0.46767395626242547,0.9991505266734625
0.4677111499920471,0.9991505266734625
0.4677483496381134,0.9991505266734625
0.4677855552020363,0.9991505266734625
0.46782276668522793,0.9991505266734625
0.467859984089101,0.9991505266734625
0.4678972074150688,0.9991505266734625
0.4679344366645449,0.9991505266734625
0.4679716718389433,0.9991505266734625
0.4680089129396785,0.9991505266734625
0.46804615996816556,0.9991505266734625
0.4680834129258198,0.9991505266734625
0.46812067181405714,0.9991505266734625
0.4681579366342939,0.9991505266734625
0.46819520738794684,0.9991505266734625
0.46823248407643314,0.9991505266734625
0.4682697667011705,0.9991505266734625
0.468307055263577,0.9991505266734625
0.4683443497650713,0.9991505266734625
0.46838165020707234,0.9991505266734625
0.4684189565909996,0.9991505266734625
0.4684562689182731,0.9991505266734625
0.4684935871903131,0.9991505266734625
0.4685309114085405,0.9991505266734625
0.46856824157437654,0.9991505266734625
0.46860557768924305,0.9991505266734625
0.4686429197545621,0.9991505266734625
0.4686802677717565,0.9991505266734625
0.4687176217422491,0.9991505266734625
0.4687549816674637,0.9991505266734625
0.4687923475488242,0.9991505266734625
0.4688297193877551,0.9991505266734625
0.46886709718568126,0.9991505266734625
0.4689044809440281,0.9991505266734625
0.4689418706642213,0.9991505266734625
0.4689792663476874,0.9991505266734625
0.46901666799585295,0.9991505266734625
0.46905407561014517,0.9991505266734625
0.46909148919199173,0.9991505266734625
0.46912890874282065,0.9991505266734625
0.4691663342640606,0.9991505266734625
0.46920376575714057,0.9991505266734625
0.46924120322349,0.9991505266734625
0.4692786466645388,0.9991505266734625
0.4693160960817173,0.9991505266734625
0.4693535514764565,0.9991505266734625
0.4693910128501876,0.9991505266734625
0.46942848020434225,0.9991505266734625
0.46946595354035286,0.9991505266734625
0.4695034328596519,0.9991505266734625
0.46954091816367266,0.9991505266734625
0.4695784094538486,0.9991505266734625
0.46961590673161385,0.9991505266734625
0.4696534099984028,0.9991505266734625
0.4696909192556505,0.9991505266734625
0.46972843450479235,0.9991505266734625
0.46976595574726415,0.9991505266734625
0.4698034829845023,0.9991505266734625
0.4698410162179436,0.9991505266734625
0.46987855544902524,0.9991505266734625
0.469916100679185,0.9991505266734625
0.46995365190986094,0.9991505266734625
0.4699912091424918,0.9991505266734625
0.47002877237851665,0.9991505266734625
0.47006634161937494,0.9991505266734625
0.4701039168665068,0.9991505266734625
0.47014149812135264,0.9991505266734625
0.47017908538535336,0.9991505266734625
0.4702166786599504,0.9991505266734625
0.47025427794658564,0.9991505266734625
0.4702918832467013,0.9991505266734625
0.4703294945617402,0.9991505266734625
0.4703671118931456,0.9991505266734625
0.4704047352423612,0.9991505266734625
0.4704423646108311,0.9991505266734625
0.47048,0.9991505266734625
0.4705176414113129,0.9991505266734625
0.4705552888462154,0.9991505266734625
0.47059294230615345,0.9991505266734625
0.4706306017925736,0.9991505266734625
0.4706682673069228,0.9991505266734625
0.4707059388506483,0.9991505266734625
0.47074361642519813,0.9991505266734625
0.4707813000320205,0.9991505266734625
0.47081898967256425,0.9991505266734625
0.4708566853482786,0.9991505266734625
0.4708943870606133,0.9991505266734625
0.47093209481101855,0.9991505266734625
0.470969808600945,0.9991505266734625
0.47092743873137916,0.9989806320081549
0.4709651581898278,0.9989806320081549
0.47100288369112464,0.9989806320081549
0.4710406152367219,0.9989806320081549
0.4710783528280724,0.9989806320081549
0.4711160964666293,0.9989806320081549
0.47115384615384615,0.9989806320081549
0.4711916018911772,0.9989806320081549
0.47122936368007695,0.9989806320081549
0.4712671315220005,0.9989806320081549
0.4713049054184033,0.9989806320081549
0.4713426853707415,0.9989806320081549
0.4713804713804714,0.9989806320081549
0.47141826344904997,0.9989806320081549
0.47145606157793457,0.9989806320081549
0.4714938657685831,0.9989806320081549
0.4715316760224539,0.9989806320081549
0.4715694923410057,0.9989806320081549
0.4716073147256978,0.9989806320081549
0.4716451431779899,0.9989806320081549
0.4716829776993422,0.9989806320081549
0.4717208182912154,0.9989806320081549
0.47175866495507063,0.9989806320081549
0.4717965176923694,0.9989806320081549
0.4718343765045739,0.9989806320081549
0.4718722413931466,0.9989806320081549
0.47191011235955055,0.9989806320081549
0.47194798940524924,0.9989806320081549
0.47198587253170654,0.9989806320081549
0.4720237617403869,0.9989806320081549
0.4720616570327553,0.9989806320081549
0.472099558410277,0.9989806320081549
0.47213746587441785,0.9989806320081549
0.47217537942664417,0.9989806320081549
0.47221329906842274,0.9989806320081549
0.4722512248012208,0.9989806320081549
0.472289156626506,0.9989806320081549
0.4723270945457467,0.9989806320081549
0.4723650385604113,0.9989806320081549
0.47240298867196917,0.9989806320081549
0.47244094488188976,0.9989806320081549
0.4724789071916432,0.9989806320081549
0.4725168756027001,0.9989806320081549
0.47255485011653137,0.9989806320081549
0.47259283073460856,0.9989806320081549
0.4726308174584037,0.9989806320081549
0.47266881028938906,0.9989806320081549
0.4727068092290377,0.9989806320081549
0.472744814278823,0.9989806320081549
0.4727828254402187,0.9989806320081549
0.47282084271469926,0.9989806320081549
0.47285886610373945,0.9989806320081549
0.47289689560881454,0.9989806320081549
0.4729349312314003,0.9989806320081549
0.47297297297297297,0.9989806320081549
0.47301102083500923,0.9989806320081549
0.47304907481898634,0.9989806320081549
0.4730871349263818,0.9989806320081549
0.47312520115867396,0.9989806320081549
0.4731632735173413,0.9989806320081549
0.4732013520038629,0.9989806320081549
0.4732394366197183,0.9989806320081549
0.4732775273663876,0.9989806320081549
0.47331562424535134,0.9989806320081549
0.4733537272580905,0.9989806320081549
0.47339183640608645,0.9989806320081549
0.47342995169082125,0.9989806320081549
0.47346807311377725,0.9989806320081549
0.47350620067643745,0.9989806320081549
0.4735443343802851,0.9989806320081549
0.4735824742268041,0.9989806320081549
0.47362062021747886,0.9989806320081549
0.4736587723537941,0.9989806320081549
0.47369693063723517,0.9989806320081549
0.4737350950692878,0.9989806320081549
0.47377326565143824,0.9989806320081549
0.47381144238517325,0.9989806320081549
0.47384962527198,0.9989806320081549
0.4738878143133462,0.9989806320081549
0.4739260095107601,0.9989806320081549
0.47396421086571017,0.9989806320081549
0.4740024183796856,0.9989806320081549
0.47404063205417607,0.9989806320081549
0.4740788518906716,0.9989806320081549
0.4741170778906628,0.9989806320081549
0.47415531005564066,0.9989806320081549
0.47419354838709676,0.9989806320081549
0.4742317928865231,0.9989806320081549
0.4742700435554122,0.9989806320081549
0.4743083003952569,0.9989806320081549
0.4743465634075508,0.9989806320081549
0.47438483259378783,0.9989806320081549
0.47442310795546233,0.9989806320081549
0.47446138949406924,0.9989806320081549
0.4744996772111039,0.9989806320081549
0.4744572673714793,0.9988107373428474
0.4744955609362389,0.9988107373428474
0.47453386068286385,0.9988107373428474
0.4745721666128511,0.9988107373428474
0.4746104787276984,0.9988107373428474
0.4746487970289036,0.9988107373428474
0.47468712151796527,0.9988107373428474
0.4747254521963824,0.9988107373428474
0.47476378906565453,0.9988107373428474
0.47480213212728156,0.9988107373428474
0.4748404813827639,0.9988107373428474
0.4748788368336026,0.9988107373428474
0.474917198481299,0.9988107373428474
0.47495556632735497,0.9988107373428474
0.474993940373273,0.9988107373428474
0.4750323206205559,0.9988107373428474
0.4750707070707071,0.9988107373428474
0.4751090997252303,0.9988107373428474
0.47514749858563,0.9988107373428474
0.4751859036534109,0.9988107373428474
0.4752243149300784,0.9988107373428474
0.47526273241713823,0.9988107373428474
0.4753011561160967,0.9988107373428474
0.47533958602846055,0.9988107373428474
0.47537802215573705,0.9988107373428474
0.4754164644994339,0.9988107373428474
0.4754549130610594,0.9988107373428474
0.4754933678421223,0.9988107373428474
0.4755318288441317,0.9988107373428474
0.4755702960685973,0.9988107373428474
0.47560876951702935,0.9988107373428474
0.47564724919093854,0.9988107373428474
0.4756857350918359,0.9988107373428474
0.4757242272212332,0.9988107373428474
0.47576272558064253,0.9988107373428474
0.47580123017157655,0.9988107373428474
0.4758397409955484,0.9988107373428474
0.4758782580540716,0.9988107373428474
0.4759167813486602,0.9988107373428474
0.47595531088082904,0.9988107373428474
0.47599384665209293,0.9988107373428474
0.47603238866396763,0.9988107373428474
0.4760709369179691,0.9988107373428474
0.4761094914156139,0.9988107373428474
0.47614805215841904,0.9988107373428474
0.47618661914790217,0.9988107373428474
0.4762251923855812,0.9988107373428474
0.47626377187297475,0.9988107373428474
0.4763023576116017,0.9988107373428474
0.4763409496029817,0.9988107373428474
0.4763795478486346,0.9988107373428474
0.47641815235008106,0.9988107373428474
0.4764567631088419,0.9988107373428474
0.47649538012643866,0.9988107373428474
0.4765340034043933,0.9988107373428474
0.4765726329442283,0.9988107373428474
0.47661126874746657,0.9988107373428474
0.4766499108156316,0.9988107373428474
0.4766885591502473,0.9988107373428474
0.47672721375283816,0.9988107373428474
0.47676587462492903,0.9988107373428474
0.47680454176804543,0.9988107373428474
0.4768432151837132,0.9988107373428474
0.4768818948734588,0.9988107373428474
0.4769205808388091,0.9988107373428474
0.4769592730812916,0.9988107373428474
0.47699797160243407,0.9988107373428474
0.477036676403765,0.9988107373428474
0.4770753874868133,0.9988107373428474
0.47711410485310823,0.9988107373428474
0.47715282850417984,0.9988107373428474
0.4771915584415584,0.9988107373428474
0.4772302946667749,0.9988107373428474
0.4772690371813606,0.9988107373428474
0.4773077859868474,0.9988107373428474
0.47734654108476776,0.9988107373428474
0.4773853024766545,0.9988107373428474
0.4774240701640409,0.9988107373428474
0.47746284414846096,0.9988107373428474
0.477501624431449,0.9988107373428474
0.47754041101453987,0.9988107373428474
0.4775792038992689,0.9988107373428474
0.477618003087172,0.9988107373428474
0.4776568085797855,0.9988107373428474
0.4776956203786463,0.9988107373428474
0.47773443848529173,0.9988107373428474
0.47777326290125965,0.9988107373428474
0.4778120936280884,0.9988107373428474
0.47785093066731693,0.9988107373428474
0.4778897740204845,0.9988107373428474
0.47792862368913097,0.9988107373428474
0.47796747967479675,0.9988107373428474
0.4780063419790227,0.9988107373428474
0.47804521060335015,0.9988107373428474
0.47808408554932097,0.9988107373428474
0.47812296681847755,0.9988107373428474
0.47816185441236275,0.9988107373428474
0.4782007483325199,0.9988107373428474
0.47823964858049295,0.9988107373428474
0.47827855515782625,0.9988107373428474
0.4783174680660646,0.9988107373428474
0.47835638730675345,0.9988107373428474
0.47839531288143866,0.9988107373428474
0.4784342447916667,0.9988107373428474
0.4784731830389843,0.9988107373428474
0.47851212762493894,0.9988107373428474
0.47855107855107853,0.9988107373428474
0.4785900358189515,0.9988107373428474
0.47862899943010667,0.9988107373428474
0.47866796938609346,0.9988107373428474
0.47870694568846184,0.9988107373428474
0.4787459283387622,0.9988107373428474
0.4787849173385455,0.9988107373428474
0.4788239126893631,0.9988107373428474
0.47886291439276696,0.9988107373428474
0.47890192245030955,0.9988107373428474
0.4789409368635438,0.9988107373428474
0.4789799576340231,0.9988107373428474
0.47901898476330157,0.9988107373428474
0.4790580182529335,0.9988107373428474
0.47909705810447395,0.9988107373428474
0.4791361043194784,0.9988107373428474
0.4791751568995028,0.9988107373428474
0.4792142158461037,0.9988107373428474
0.47925328116083804,0.9988107373428474
0.47929235284526334,0.9988107373428474
0.4793314309009376,0.9988107373428474
0.47937051532941943,0.9988107373428474
0.4794096061322678,0.9988107373428474
0.4794487033110422,0.9988107373428474
0.47948780686730286,0.9988107373428474
0.4795269168026101,0.9988107373428474
0.4795660331185252,0.9988107373428474
0.47960515581660956,0.9988107373428474
0.47964428489842537,0.9988107373428474
0.47968342036553524,0.9988107373428474
0.47972256221950227,0.9988107373428474
0.47976171046189,0.9988107373428474
0.4798008650942626,0.9988107373428474
0.47984002611818477,0.9988107373428474
0.4798791935352216,0.9988107373428474
0.47991836734693877,0.9988107373428474
0.47995754755490244,0.9988107373428474
0.4799967341606793,0.9988107373428474
0.48003592716583654,0.9988107373428474
0.48007512657194185,0.9988107373428474
0.4801143323805635,0.9988107373428474
0.4801535445932702,0.9988107373428474
0.4801927632116311,0.9988107373428474
0.48023198823721613,0.9988107373428474
0.4802712196715955,0.9988107373428474
0.4803104575163399,0.9988107373428474
0.48034970177302067,0.9988107373428474
0.48038895244320967,0.9988107373428474
0.4804282095284792,0.9988107373428474
0.4804674730304021,0.9988107373428474
0.4805067429505517,0.9988107373428474
0.4805460192905019,0.9988107373428474
0.48058530205182703,0.9988107373428474
0.480624591236102,0.9988107373428474
0.4806638868449023,0.9988107373428474
0.4807031888798038,0.9988107373428474
0.48074249734238284,0.9988107373428474
0.48078181223421657,0.9988107373428474
0.48082113355688233,0.9988107373428474
0.48086046131195814,0.9988107373428474
0.4808997955010225,0.9988107373428474
0.4809391361256545,0.9988107373428474
0.4809784831874335,0.9988107373428474
0.4810178366879398,0.9988107373428474
0.4810571966287538,0.9988107373428474
0.48109656301145665,0.9988107373428474
0.4811359358376299,0.9988107373428474
0.4811753151088558,0.9988107373428474
0.48121470082671686,0.9988107373428474
0.4812540929927963,0.9988107373428474
0.48129349160867785,0.9988107373428474
0.48133289667594564,0.9988107373428474
0.4813723081961844,0.9988107373428474
0.4814117261709794,0.9988107373428474
0.4814511506019163,0.9988107373428474
0.4814905814905815,0.9988107373428474
0.4815300188385617,0.9988107373428474
0.4815694626474443,0.9988107373428474
0.4816089129188171,0.9988107373428474
0.4816483696542684,0.9988107373428474
0.48168783285538713,0.9988107373428474
0.4817273025237627,0.9988107373428474
0.481766778660985,0.9988107373428474
0.4818062612686445,0.9988107373428474
0.4818457503483321,0.9988107373428474
0.48188524590163934,0.9988107373428474
0.4819247479301582,0.9988107373428474
0.48196425643548124,0.9988107373428474
0.4820037714192014,0.9988107373428474
0.4820432928829124,0.9988107373428474
0.4820828208282083,0.9988107373428474
0.4821223552566836,0.9988107373428474
0.48216189616993355,0.9988107373428474
0.4822014435695538,0.9988107373428474
0.4822409974571405,0.9988107373428474
0.4822805578342904,0.9988107373428474
0.4823201247026007,0.9988107373428474
0.4823596980636692,0.9988107373428474
0.4823992779190941,0.9988107373428474
0.48243886427047433,0.9988107373428474
0.4824784571194091,0.9988107373428474
0.48251805646749835,0.9988107373428474
0.48255766231634245,0.9988107373428474
0.48259727466754226,0.9988107373428474
0.4826368935226993,0.9988107373428474
0.48267651888341545,0.9988107373428474
0.4827161507512932,0.9988107373428474
0.4827557891279356,0.9988107373428474
0.48279543401494623,0.9988107373428474
0.48283508541392905,0.9988107373428474
0.4828747433264887,0.9988107373428474
0.48291440775423033,0.9988107373428474
0.48295407869875956,0.9988107373428474
0.48299375616168255,0.9988107373428474
0.48303344014460603,0.9988107373428474
0.4830731306491372,0.9988107373428474
0.4831128276768839,0.9988107373428474
0.4831525312294543,0.9988107373428474
0.4831922413084573,0.9988107373428474
0.4832319579155022,0.9988107373428474
0.4832716810521989,0.9988107373428474
0.4833114107201578,0.9988107373428474
0.4833511469209899,0.9988107373428474
0.48339088965630655,0.9988107373428474
0.48343063892771976,0.9988107373428474
0.4834703947368421,0.9988107373428474
0.4835101570852866,0.9988107373428474
0.4835499259746669,0.9988107373428474
0.483589701406597,0.9988107373428474
0.4836294833826917,0.9988107373428474
0.48366927190456604,0.9988107373428474
0.48370906697383576,0.9988107373428474
0.4837488685921172,0.9988107373428474
0.483788676761027,0.9988107373428474
0.48382849148218254,0.9988107373428474
0.48386831275720166,0.9988107373428474
0.4839081405877027,0.9988107373428474
0.48394797497530456,0.9988107373428474
0.48398781592162676,0.9988107373428474
0.4840276634282891,0.9988107373428474
0.4840675174969123,0.9988107373428474
0.48410737812911725,0.9988107373428474
0.4841472453265256,0.9988107373428474
0.48418711909075934,0.9988107373428474
0.4842269994234412,0.9988107373428474
0.4842668863261944,0.9988107373428474
0.4843067798006426,0.9988107373428474
0.48434667984840996,0.9988107373428474
0.48438658647112137,0.9988107373428474
0.48442649967040213,0.9988107373428474
0.48446641944787805,0.9988107373428474
0.48450634580517554,0.9988107373428474
0.48454627874392153,0.9988107373428474
0.4845862182657435,0.9988107373428474
0.4846261643722694,0.9988107373428474
0.4846661170651278,0.9988107373428474
0.48470607634594776,0.9988107373428474
0.48474604221635886,0.9988107373428474
0.48478601467799126,0.9988107373428474
0.48482599373247565,0.9988107373428474
0.4848659793814433,0.9988107373428474
0.4849059716265259,0.9988107373428474
0.4849459704693558,0.9988107373428474
0.4849859759115657,0.9988107373428474
0.4850259879547892,0.9988107373428474
0.48506600660066007,0.9988107373428474
0.48510603185081275,0.9988107373428474
0.48514606370688235,0.9988107373428474
0.48518610217050423,0.9988107373428474
0.48522614724331464,0.9988107373428474
0.48526619892695005,0.9988107373428474
0.4853062572230477,0.9988107373428474
0.4853463221332453,0.9988107373428474
0.48538639365918096,0.9988107373428474
0.4854264718024936,0.9988107373428474
0.48546655656482246,0.9988107373428474
0.4855066479478074,0.9988107373428474
0.4855467459530889,0.9988107373428474
0.48558685058230777,0.9988107373428474
0.4856269618371056,0.9988107373428474
0.4856670797191243,0.9988107373428474
0.48570720423000663,0.9988107373428474
0.4857473353713955,0.9988107373428474
0.4857874731449347,0.9988107373428474
0.4858276175522684,0.9988107373428474
0.4858677685950413,0.9988107373428474
0.48590792627489876,0.9988107373428474
0.48594809059348654,0.9988107373428474
0.485988261552451,0.9988107373428474
0.48602843915343913,0.9988107373428474
0.48606862339809837,0.9988107373428474
0.48610881428807673,0.9988107373428474
0.48614901182502274,0.9988107373428474
0.4861892160105855,0.9988107373428474
0.4862294268464147,0.9988107373428474
0.4862696443341605,0.9988107373428474
0.4863098684754736,0.9988107373428474
0.4863500992720053,0.9988107373428474
0.48639033672540744,0.9988107373428474
0.4864305808373324,0.9988107373428474
0.48647083160943316,0.9988107373428474
0.4865110890433631,0.9988107373428474
0.4865513531407763,0.9988107373428474
0.4865916239033273,0.9988107373428474
0.48663190133267115,0.9988107373428474
0.4866721854304636,0.9988107373428474
0.4867124761983608,0.9988107373428474
0.48675277363801955,0.9988107373428474
0.48679307775109715,0.9988107373428474
0.4868333885392514,0.9988107373428474
0.48687370600414076,0.9988107373428474
0.48691403014742424,0.9988107373428474
0.4869543609707612,0.9988107373428474
0.4869946984758118,0.9988107373428474
0.4870350426642366,0.9988107373428474
0.48707539353769674,0.9988107373428474
0.487115751097854,0.9988107373428474
0.48715611534637054,0.9988107373428474
0.48719648628490925,0.9988107373428474
0.48723686391513343,0.9988107373428474
0.487277248238707,0.9988107373428474
0.48731763925729443,0.9988107373428474
0.48735803697256075,0.9988107373428474
0.48739844138617144,0.9988107373428474
0.48743885249979274,0.9988107373428474
0.4874792703150912,0.9988107373428474
0.48751969483373414,0.9988107373428474
0.4875601260573893,0.9988107373428474
0.487600563987725,0.9988107373428474
0.4876410086264101,0.9988107373428474
0.4876814599751141,0.9988107373428474
0.4877219180355069,0.9988107373428474
0.4877623828092591,0.9988107373428474
0.4878028542980418,0.9988107373428474
0.4878433325035267,0.9988107373428474
0.4878838174273859,0.9988107373428474
0.48792430907129225,0.9988107373428474
0.487964807436919,0.9988107373428474
0.4880053125259401,0.9988107373428474
0.4880458243400299,0.9988107373428474
0.48808634288086344,0.9988107373428474
0.48812686815011624,0.9988107373428474
0.4881674001494644,0.9988107373428474
0.4882079388805846,0.9988107373428474
0.48824848434515405,0.9988107373428474
0.4882890365448505,0.9988107373428474
0.4883295954813523,0.9988107373428474
0.48837016115633824,0.9988107373428474
0.4884107335714879,0.9988107373428474
0.48845131272848125,0.9988107373428474
0.4884918986289988,0.9988107373428474
0.48853249127472165,0.9988107373428474
0.4885730906673315,0.9988107373428474
0.48861369680851063,0.9988107373428474
0.48865430969994184,0.9988107373428474
0.4886949293433084,0.9988107373428474
0.4887355557402943,0.9988107373428474
0.48877618889258395,0.9988107373428474
0.4888168288018625,0.9988107373428474
0.4888574754698154,0.9988107373428474
0.4888981288981289,0.9988107373428474
0.4889387890884897,0.9988107373428474
0.488979456042585,0.9988107373428474
0.4890201297621028,0.9988107373428474
0.4890608102487314,0.9988107373428474
0.4891014975041597,0.9988107373428474
0.4891421915300774,0.9988107373428474
0.4891828923281744,0.9988107373428474
0.48922359990014147,0.9988107373428474
0.48926431424766975,0.9988107373428474
0.4893050353724511,0.9988107373428474
0.4893457632761778,0.9988107373428474
0.48938649796054273,0.9988107373428474
0.4894272394272394,0.9988107373428474
0.48946798767796185,0.9988107373428474
0.48950874271440464,0.9988107373428474
0.48954950453826296,0.9988107373428474
0.4895902731512325,0.9988107373428474
0.48963104855500955,0.9988107373428474
0.489671830751291,0.9988107373428474
0.48971261974177427,0.9988107373428474
0.48975341552815727,0.9988107373428474
0.48979421811213864,0.9988107373428474
0.4898350274954174,0.9988107373428474
0.48987584367969333,0.9988107373428474
0.48991666666666667,0.9988107373428474
0.48995749645803816,0.9988107373428474
0.48999833305550927,0.9988107373428474
0.4900391764607819,0.9988107373428474
0.4900800266755585,0.9988107373428474
0.49012088370154233,0.9988107373428474
0.4901617475404369,0.9988107373428474
0.49020261819394645,0.9988107373428474
0.49024349566377584,0.9988107373428474
0.4902843799516304,0.9988107373428474
0.49032527105921603,0.9988107373428474
0.4903661689882392,0.9988107373428474
0.4904070737404071,0.9988107373428474
0.4904479853174272,0.9988107373428474
0.49048890372100784,0.9988107373428474
0.49052982895285774,0.9988107373428474
0.4905707610146863,0.9988107373428474
0.4906116999082033,0.9988107373428474
0.49065264563511934,0.9988107373428474
0.4906935981971455,0.9988107373428474
0.4907345575959933,0.9988107373428474
0.4907755238333751,0.9988107373428474
0.4908164969110035,0.9988107373428474
0.49085747683059194,0.9988107373428474
0.49089846359385436,0.9988107373428474
0.4909394572025052,0.9988107373428474
0.49098045765825954,0.9988107373428474
0.49102146496283305,0.9988107373428474
0.4910624791179419,0.9988107373428474
0.4911035001253028,0.9988107373428474
0.4911445279866333,0.9988107373428474
0.4911855627036511,0.9988107373428474
0.49122660427807485,0.9988107373428474
0.49126765271162365,0.9988107373428474
0.49130870800601706,0.9988107373428474
0.4913497701629753,0.9988107373428474
0.49139083918421933,0.9988107373428474
0.4914319150714704,0.9988107373428474
0.49147299782645043,0.9988107373428474
0.49151408745088204,0.9988107373428474
0.4915551839464883,0.9988107373428474
0.4915962873149929,0.9988107373428474
0.4916373975581201,0.9988107373428474
0.4916785146775947,0.9988107373428474
0.4917196386751422,0.9988107373428474
0.4917607695524885,0.9988107373428474
0.4918019073113602,0.9988107373428474
0.4918430519534845,0.9988107373428474
0.49188420348058903,0.9988107373428474
0.49192536189440217,0.9988107373428474
0.49196652719665274,0.9988107373428474
0.49200769938907024,0.9988107373428474
0.4920488784733847,0.9988107373428474
0.4920900644513267,0.9988107373428474
0.4921312573246275,0.9988107373428474
0.49217245709501883,0.9988107373428474
0.4922136637642331,0.9988107373428474
0.4922548773340032,0.9988107373428474
0.49229609780606265,0.9988107373428474
0.49233732518214557,0.9988107373428474
0.4923785594639866,0.9988107373428474
0.492419800653321,0.9988107373428474
0.49246104875188473,0.9988107373428474
0.4925023037614141,0.9988107373428474
0.4925435656836461,0.9988107373428474
0.49258483452031837,0.9988107373428474
0.4926261102731691,0.9988107373428474
0.49266739294393697,0.9988107373428474
0.4927086825343614,0.9988107373428474
0.49274997904618223,0.9988107373428474
0.49279128248113996,0.9988107373428474
0.49283259284097575,0.9988107373428474
0.49287391012743126,0.9988107373428474
0.49291523434224865,0.9988107373428474
0.4929565654871709,0.9988107373428474
0.4929979035639413,0.9988107373428474
0.4930392485743039,0.9988107373428474
0.49308060052000335,0.9988107373428474
0.49312195940278475,0.9988107373428474
0.49316332522439393,0.9988107373428474
0.4932046979865772,0.9988107373428474
0.4932460776910815,0.9988107373428474
0.4932874643396543,0.9988107373428474
0.4933288579340438,0.9988107373428474
0.49337025847599864,0.9988107373428474
0.49341166596726815,0.9988107373428474
0.4934530804096022,0.9988107373428474
0.49349450180475113,0.9988107373428474
0.49353593015446606,0.9988107373428474
0.4935773654604987,0.9988107373428474
0.49361880772460115,0.9988107373428474
0.49366025694852633,0.9988107373428474
0.49370171313402755,0.9988107373428474
0.4937431762828588,0.9988107373428474
0.4937846463967747,0.9988107373428474
0.49382612347753047,0.9988107373428474
0.49386760752688175,0.9988107373428474
0.4939090985465849,0.9988107373428474
0.4939505965383969,0.9988107373428474
0.4939921015040753,0.9988107373428474
0.49403361344537816,0.9988107373428474
0.4940751323640642,0.9988107373428474
0.49411665826189277,0.9988107373428474
0.4941581911406237,0.9988107373428474
0.4941997310020175,0.9988107373428474
0.4942412778478352,0.9988107373428474
0.49428283167983855,0.9988107373428474
0.49432439249978977,0.9988107373428474
0.49436596030945174,0.9988107373428474
0.4944075351105878,0.9988107373428474
0.4944491169049621,0.9988107373428474
0.4944907056943393,0.9988107373428474
0.49453230148048455,0.9988107373428474
0.4945739042651636,0.9988107373428474
0.49461551405014303,0.9988107373428474
0.49465713083718976,0.9988107373428474
0.49469875462807134,0.9988107373428474
0.49474038542455606,0.9988107373428474
0.49478202322841275,0.9988107373428474
0.49482366804141065,0.9988107373428474
0.49486531986531984,0.9988107373428474
0.4949069787019109,0.9988107373428474
0.49494864455295506,0.9988107373428474
0.494990317420224,0.9988107373428474
0.4950319973054901,0.9988107373428474
0.49507368421052633,0.9988107373428474
0.49511537813710627,0.9988107373428474
0.4951570790870041,0.9988107373428474
0.4951987870619946,0.9988107373428474
0.49524050206385306,0.9988107373428474
0.4952822240943555,0.9988107373428474
0.49532395315527844,0.9988107373428474
0.4953656892483991,0.9988107373428474
0.49540743237549506,0.9988107373428474
0.49544918253834486,0.9988107373428474
0.4954909397387274,0.9988107373428474
0.49553270397842214,0.9988107373428474
0.4955744752592093,0.9988107373428474
0.49561625358286965,0.9988107373428474
0.49565803895118454,0.9988107373428474
0.49569983136593593,0.9988107373428474
0.4957416308289063,0.9988107373428474
0.4957834373418789,0.9988107373428474
0.4958252509066374,0.9988107373428474
0.4958670715249663,0.9988107373428474
0.49590889919865033,0.9988107373428474
0.4959507339294753,0.9988107373428474
0.4959925757192272,0.9988107373428474
0.4960344245696929,0.9988107373428474
0.49607628048265967,0.9988107373428474
0.4961181434599156,0.9988107373428474
0.49607561819562834,0.9986408426775399
0.4961174881836597,0.9986408426775399
0.4961593652401452,0.9986408426775399
0.4962012493668749,0.9986408426775399
0.4962431405656395,0.9986408426775399
0.49628503883823033,0.9986408426775399
0.49632694418643925,0.9986408426775399
0.49636885661205876,0.9986408426775399
0.496410776116882,0.9986408426775399
0.4964527027027027,0.9986408426775399
0.49649463637131513,0.9986408426775399
0.49653657712451427,0.9986408426775399
0.49657852496409566,0.9986408426775399
0.49662047989185537,0.9986408426775399
0.4966624419095902,0.9986408426775399
0.4967044110190975,0.9986408426775399
0.4967463872221753,0.9986408426775399
0.496788370520622,0.9986408426775399
0.496830360916237,0.9986408426775399
0.49687235841081995,0.9986408426775399
0.49691436300617126,0.9986408426775399
0.496956374704092,0.9986408426775399
0.4969983935063837,0.9986408426775399
0.4970404194148486,0.9986408426775399
0.4970824524312896,0.9986408426775399
0.4971244925575101,0.9986408426775399
0.4971665397953142,0.9986408426775399
0.49720859414650653,0.9986408426775399
0.49725065561289233,0.9986408426775399
0.4972927241962775,0.9986408426775399
0.49733479989846857,0.9986408426775399
0.4973768827212726,0.9986408426775399
0.4974189726664974,0.9986408426775399
0.4974610697359513,0.9986408426775399
0.49750317393144305,0.9986408426775399
0.4975452852547825,0.9986408426775399
0.49758740370777954,0.9986408426775399
0.4976295292922452,0.9986408426775399
0.4976716620099907,0.9986408426775399
0.4977138018628281,0.9986408426775399
0.4977559488525701,0.9986408426775399
0.49779810298102983,0.9986408426775399
0.49784026425002115,0.9986408426775399
0.4978824326613586,0.9986408426775399
0.49792460821685725,0.9986408426775399
0.4979667909183328,0.9986408426775399
0.4980089807676015,0.9986408426775399
0.4980511777664803,0.9986408426775399
0.4980933819167867,0.9986408426775399
0.49813559322033896,0.9986408426775399
0.49817781167895586,0.9986408426775399
0.4982200372944567,0.9986408426775399
0.49826227006866153,0.9986408426775399
0.498304510003391,0.9986408426775399
0.4983467571004663,0.9986408426775399
0.4983890113617093,0.9986408426775399
0.4984312727889426,0.9986408426775399
0.49847354138398914,0.9986408426775399
0.4985158171486727,0.9986408426775399
0.49855810008481766,0.9986408426775399
0.4986003901942489,0.9986408426775399
0.498642687478792,0.9986408426775399
0.49868499194027316,0.9986408426775399
0.49872730358051925,0.9986408426775399
0.49876962240135764,0.9986408426775399
0.49881194840461646,0.9986408426775399
0.49885428159212425,0.9986408426775399
0.4988966219657104,0.9986408426775399
0.49893896952720485,0.9986408426775399
0.49898132427843805,0.9986408426775399
0.4990236862212412,0.9986408426775399
0.4990660553574461,0.9986408426775399
0.49910843168888513,0.9986408426775399
0.4991508152173913,0.9986408426775399
0.4991932059447983,0.9986408426775399
0.49923560387294036,0.9986408426775399
0.49927800900365243,0.9986408426775399
0.49932042133876997,0.9986408426775399
0.4993628408801291,0.9986408426775399
0.4994052676295667,0.9986408426775399
0.49944770158892005,0.9986408426775399
0.4994901427600272,0.9986408426775399
0.49953259114472676,0.9986408426775399
0.4995750467448581,0.9986408426775399
0.4995325116872078,0.9984709480122325
0.4995749744984699,0.9984709480122325
0.4996174445294568,0.9984709480122325
0.49965992178200985,0.9984709480122325
0.49970240625797124,0.9984709480122325
0.4997448979591837,0.9984709480122325
0.4997873968874904,0.9984709480122325
0.4998299030447355,0.9984709480122325
0.4998724164327635,0.9984709480122325
0.49991493705341955,0.9984709480122325
0.49995746490854953,0.9984709480122325
0.5,0.9984709480122325
0.500042542329618,0.9984709480122325
0.5000850918992512,0.9984709480122325
0.500127648710748,0.9984709480122325
0.5001702127659574,0.9984709480122325
0.5002127840667291,0.9984709480122325
0.5002553626149132,0.9984709480122325
0.5002979484123606,0.9984709480122325
0.5003405414609229,0.9984709480122325
0.5003831417624521,0.9984709480122325
0.5004257493188011,0.9984709480122325
0.5004683641318232,0.9984709480122325
0.5005109862033725,0.9984709480122325
0.5005536155353036,0.9984709480122325
0.5005962521294719,0.9984709480122325
0.5006388959877331,0.9984709480122325
0.5006815471119441,0.9984709480122325
0.5007242055039618,0.9984709480122325
0.5007668711656442,0.9984709480122325
0.5008095440988496,0.9984709480122325
0.5008522243054372,0.9984709480122325
0.5008949117872666,0.9984709480122325
0.5009376065461985,0.9984709480122325
0.5009803085840935,0.9984709480122325
0.5010230179028133,0.9984709480122325
0.5010657345042203,0.9984709480122325
0.5011084583901774,0.9984709480122325
0.501151189562548,0.9984709480122325
0.5011939280231963,0.9984709480122325
0.5012366737739872,0.9984709480122325
0.5012794268167861,0.9984709480122325
0.501322187153459,0.9984709480122325
0.5013649547858727,0.9984709480122325
0.5014077297158945,0.9984709480122325
0.5014505119453925,0.9984709480122325
0.5014933014762352,0.9984709480122325
0.5015360983102919,0.9984709480122325
0.5015789024494325,0.9984709480122325
0.5016217138955275,0.9984709480122325
0.5016645326504482,0.9984709480122325
0.5017073587160662,0.9984709480122325
0.5017501920942542,0.9984709480122325
0.5017930327868853,0.9984709480122325
0.501835880795833,0.9984709480122325
0.5018787361229718,0.9984709480122325
0.5019215987701768,0.9984709480122325
0.5019644687393235,0.9984709480122325
0.5020073460322884,0.9984709480122325
0.5020502306509482,0.9984709480122325
0.5020931225971806,0.9984709480122325
0.502136021872864,0.9984709480122325
0.502178928479877,0.9984709480122325
0.5022218424200992,0.9984709480122325
0.5022647636954106,0.9984709480122325
0.5023076923076923,0.9984709480122325
0.5023506282588256,0.9984709480122325
0.5023935715506924,0.9984709480122325
0.5024365221851756,0.9984709480122325
0.5024794801641587,0.9984709480122325
0.5025224454895254,0.9984709480122325
0.5025654181631606,0.9984709480122325
0.5026083981869495,0.9984709480122325
0.502651385562778,0.9984709480122325
0.5026943802925328,0.9984709480122325
0.502737382378101,0.9984709480122325
0.5027803918213705,0.9984709480122325
0.5027378507871321,0.9983010533469249
0.5027808676307007,0.9983010533469249
0.5028238918363854,0.9983010533469249
0.5028669234060762,0.9983010533469249
0.5029099623416639,0.9983010533469249
0.5029530086450398,0.9983010533469249
0.5029960623180962,0.9983010533469249
0.5030391233627258,0.9983010533469249
0.5030821917808219,0.9983010533469249
0.5031252675742787,0.9983010533469249
0.5031683507449906,0.9983010533469249
0.5032114412948532,0.9983010533469249
0.5032545392257622,0.9983010533469249
0.5032976445396146,0.9983010533469249
0.5033407572383074,0.9983010533469249
0.5033838773237386,0.9983010533469249
0.5034270047978067,0.9983010533469249
0.503470139662411,0.9983010533469249
0.5035132819194515,0.9983010533469249
0.5035564315708287,0.9983010533469249
0.5035995886184436,0.9983010533469249
0.5036427530641981,0.9983010533469249
0.5036859249099949,0.9983010533469249
0.5037291041577369,0.9983010533469249
0.5037722908093278,0.9983010533469249
0.5038154848666724,0.9983010533469249
0.5038586863316755,0.9983010533469249
0.5039018952062431,0.9983010533469249
0.5039451114922813,0.9983010533469249
0.5039883351916974,0.9983010533469249
0.504031566306399,0.9983010533469249
0.5040748048382946,0.9983010533469249
0.5041180507892931,0.9983010533469249
0.5041613041613041,0.9983010533469249
0.5042045649562382,0.9983010533469249
0.5042478331760062,0.9983010533469249
0.5042911088225197,0.9983010533469249
0.5043343918976911,0.9983010533469249
0.5043776824034335,0.9983010533469249
0.5044209803416603,0.9983010533469249
0.5044642857142857,0.9983010533469249
0.5045075985232249,0.9983010533469249
0.5045509187703933,0.9983010533469249
0.5045942464577071,0.9983010533469249
0.5046375815870835,0.9983010533469249
0.5046809241604397,0.9983010533469249
0.5047242741796942,0.9983010533469249
0.5047676316467657,0.9983010533469249
0.5048109965635739,0.9983010533469249
0.5048543689320388,0.9983010533469249
0.5048977487540814,0.9983010533469249
0.5049411360316233,0.9983010533469249
0.5049845307665864,0.9983010533469249
0.5050279329608939,0.9983010533469249
0.505071342616469,0.9983010533469249
0.505114759735236,0.9983010533469249
0.5051581843191196,0.9983010533469249
0.5052016163700456,0.9983010533469249
0.5052450558899398,0.9983010533469249
0.5052885028807292,0.9983010533469249
0.5053319573443412,0.9983010533469249
0.505375419282704,0.9983010533469249
0.5054188886977464,0.9983010533469249
0.5054623655913979,0.9983010533469249
0.5055058499655884,0.9983010533469249
0.505549341822249,0.9983010533469249
0.5055928411633109,0.9983010533469249
0.5056363479907064,0.9983010533469249
0.5056798623063683,0.9983010533469249
0.50572338411223,0.9983010533469249
0.5057669134102255,0.9983010533469249
0.5058104502022898,0.9983010533469249
0.5058539944903582,0.9983010533469249
0.5058975462763667,0.9983010533469249
0.5059411055622525,0.9983010533469249
0.5059846723499526,0.9983010533469249
0.5060282466414054,0.9983010533469249
0.5060718284385497,0.9983010533469249
0.5061154177433247,0.9983010533469249
0.5061590145576708,0.9983010533469249
0.5062026188835286,0.9983010533469249
0.5062462307228397,0.9983010533469249
0.5062898500775461,0.9983010533469249
0.5063334769495907,0.9983010533469249
0.5063771113409169,0.9983010533469249
0.5064207532534689,0.9983010533469249
0.5064644026891916,0.9983010533469249
0.5065080596500302,0.9983010533469249
0.506551724137931,0.9983010533469249
0.506595396154841,0.9983010533469249
0.5066390757027074,0.9983010533469249
0.5066827627834785,0.9983010533469249
0.5067264573991032,0.9983010533469249
0.5067701595515308,0.9983010533469249
0.5068138692427118,0.9983010533469249
0.5068575864745968,0.9983010533469249
0.5069013112491373,0.9983010533469249
0.5069450435682857,0.9983010533469249
0.5069887834339948,0.9983010533469249
0.5070325308482181,0.9983010533469249
0.5070762858129099,0.9983010533469249
0.507120048330025,0.9983010533469249
0.507163818401519,0.9983010533469249
0.5072075960293483,0.9983010533469249
0.5072513812154696,0.9983010533469249
0.5072951739618407,0.9983010533469249
0.5073389742704196,0.9983010533469249
0.5073827821431656,0.9983010533469249
0.507426597582038,0.9983010533469249
0.5074704205889973,0.9983010533469249
0.5075142511660045,0.9983010533469249
0.5075580893150211,0.9983010533469249
0.5076019350380097,0.9983010533469249
0.5076457883369331,0.9983010533469249
0.5076896492137549,0.9983010533469249
0.5077335176704398,0.9983010533469249
0.5076909782232976,0.9981311586816174
0.5077348543773226,0.9981311586816174
0.5077787381158168,0.9981311586816174
0.5078226294407469,0.9981311586816174
0.5078665283540802,0.9981311586816174
0.5079104348577851,0.9981311586816174
0.5079543489538302,0.9981311586816174
0.507998270644185,0.9981311586816174
0.5080421999308198,0.9981311586816174
0.5080861368157052,0.9981311586816174
0.508130081300813,0.9981311586816174
0.5081740333881152,0.9981311586816174
0.5082179930795848,0.9981311586816174
0.5082619603771953,0.9981311586816174
0.5083059352829209,0.9981311586816174
0.5083499177987367,0.9981311586816174
0.5083939079266182,0.9981311586816174
0.5084379056685417,0.9981311586816174
0.5084819110264843,0.9981311586816174
0.5085259240024236,0.9981311586816174
0.5085699445983379,0.9981311586816174
0.5086139728162064,0.9981311586816174
0.5086580086580087,0.9981311586816174
0.5087020521257252,0.9981311586816174
0.5087461032213371,0.9981311586816174
0.508790161946826,0.9981311586816174
0.5088342283041746,0.9981311586816174
0.508878302295366,0.9981311586816174
0.5089223839223839,0.9981311586816174
0.508966473187213,0.9981311586816174
0.5090105700918385,0.9981311586816174
0.5090546746382463,0.9981311586816174
0.5090987868284229,0.9981311586816174
0.5091429066643557,0.9981311586816174
0.5091870341480326,0.9981311586816174
0.5092311692814423,0.9981311586816174
0.5092753120665742,0.9981311586816174
0.5093194625054183,0.9981311586816174
0.5093636205999653,0.9981311586816174
0.5094077863522067,0.9981311586816174
0.5094519597641346,0.9981311586816174
0.5094961408377418,0.9981311586816174
0.5095403295750217,0.9981311586816174
0.5095845259779685,0.9981311586816174
0.5096287300485773,0.9981311586816174
0.5096729417888436,0.9981311586816174
0.5097171612007635,0.9981311586816174
0.5097613882863341,0.9981311586816174
0.509805623047553,0.9981311586816174
0.5098498654864184,0.9981311586816174
0.5098941156049297,0.9981311586816174
0.5099383734050864,0.9981311586816174
0.5099826388888888,0.9981311586816174
0.5100269120583384,0.9981311586816174
0.5100711929154367,0.9981311586816174
0.5101154814621863,0.9981311586816174
0.5101597777005905,0.9981311586816174
0.5102040816326531,0.9981311586816174
0.5102483932603786,0.9981311586816174
0.5102927125857726,0.9981311586816174
0.5103370396108409,0.9981311586816174
0.5103813743375901,0.9981311586816174
0.5104257167680278,0.9981311586816174
0.510470066904162,0.9981311586816174
0.5105144247480013,0.9981311586816174
0.5105587903015556,0.9981311586816174
0.5106031635668347,0.9981311586816174
0.5106475445458496,0.9981311586816174
0.5106919332406119,0.9981311586816174
0.510736329653134,0.9981311586816174
0.5107807337854287,0.9981311586816174
0.5108251456395096,0.9981311586816174
0.5108695652173914,0.9981311586816174
0.5109139925210888,0.9981311586816174
0.5109584275526179,0.9981311586816174
0.5110028703139949,0.9981311586816174
0.5110473208072372,0.9981311586816174
0.5110917790343628,0.9981311586816174
0.51113624499739,0.9981311586816174
0.5111807186983381,0.9981311586816174
0.5112252001392273,0.9981311586816174
0.5112696893220782,0.9981311586816174
0.5113141862489121,0.9981311586816174
0.5113586909217512,0.9981311586816174
0.5114032033426184,0.9981311586816174
0.5114477235135371,0.9981311586816174
0.5114922514365314,0.9981311586816174
0.5115367871136265,0.9981311586816174
0.5115813305468477,0.9981311586816174
0.5116258817382218,0.9981311586816174
0.5116704406897753,0.9981311586816174
0.5117150074035363,0.9981311586816174
0.5117595818815331,0.9981311586816174
0.5118041641257949,0.9981311586816174
0.5118487541383516,0.9981311586816174
0.5118933519212338,0.9981311586816174
0.5119379574764726,0.9981311586816174
0.5119825708061002,0.9981311586816174
0.5120271919121492,0.9981311586816174
0.512071820796653,0.9981311586816174
0.5121164574616457,0.9981311586816174
0.5121611019091622,0.9981311586816174
0.512205754141238,0.9981311586816174
0.5122504141599094,0.9981311586816174
0.5122950819672131,0.9981311586816174
0.512339757565187,0.9981311586816174
0.5123844409558695,0.9981311586816174
0.5124291321412996,0.9981311586816174
0.5124738311235171,0.9981311586816174
0.5125185379045625,0.9981311586816174
0.512563252486477,0.9981311586816174
0.5126079748713027,0.9981311586816174
0.5126527050610821,0.9981311586816174
0.5126974430578585,0.9981311586816174
0.5127421888636761,0.9981311586816174
0.5127869424805795,0.9981311586816174
0.5128317039106145,0.9981311586816174
0.5128764731558272,0.9981311586816174
0.5129212502182644,0.9981311586816174
0.5129660350999738,0.9981311586816174
0.5130108278030039,0.9981311586816174
0.5130556283294035,0.9981311586816174
0.5131004366812227,0.9981311586816174
0.5131452528605118,0.9981311586816174
0.5131900768693222,0.9981311586816174
0.5132349087097056,0.9981311586816174
0.5132797483837148,0.9981311586816174
0.5133245958934032,0.9981311586816174
0.5133694512408249,0.9981311586816174
0.5134143144280346,0.9981311586816174
0.5134591854570879,0.9981311586816174
0.513504064330041,0.9981311586816174
0.513548951048951,0.9981311586816174
0.5135938456158755,0.9981311586816174
0.5136387480328729,0.9981311586816174
0.5136836583020022,0.9981311586816174
0.5137285764253235,0.9981311586816174
0.5137735024048973,0.9981311586816174
0.5138184362427847,0.9981311586816174
0.5138633779410479,0.9981311586816174
0.5139083275017495,0.9981311586816174
0.513953284926953,0.9981311586816174
0.5139982502187227,0.9981311586816174
0.5140432233791233,0.9981311586816174
0.5140882044102205,0.9981311586816174
0.5141331933140807,0.9981311586816174
0.5141781900927709,0.9981311586816174
0.5142231947483589,0.9981311586816174
0.5142682072829131,0.9981311586816174
0.5143132276985031,0.9981311586816174
0.5143582559971984,0.9981311586816174
0.51440329218107,0.9981311586816174
0.5144483362521891,0.9981311586816174
0.514493388212628,0.9981311586816174
0.5145384480644596,0.9981311586816174
0.5145835158097574,0.9981311586816174
0.5146285914505957,0.9981311586816174
0.5146736749890495,0.9981311586816174
0.5147187664271947,0.9981311586816174
0.5147638657671076,0.9981311586816174
0.5148089730108657,0.9981311586816174
0.5148540881605468,0.9981311586816174
0.5148992112182296,0.9981311586816174
0.5149443421859935,0.9981311586816174
0.5149894810659187,0.9981311586816174
0.5150346278600859,0.9981311586816174
0.5150797825705768,0.9981311586816174
0.5151249451994739,0.9981311586816174
0.5151701157488601,0.9981311586816174
0.5152152942208191,0.9981311586816174
0.5152604806174356,0.9981311586816174
0.5153056749407947,0.9981311586816174
0.5153508771929824,0.9981311586816174
0.5153960873760857,0.9981311586816174
0.5154413054921916,0.9981311586816174
0.5154865315433886,0.9981311586816174
0.5155317655317655,0.9981311586816174
0.515577007459412,0.9981311586816174
0.5156222573284185,0.9981311586816174
0.5156675151408759,0.9981311586816174
0.5157127808988764,0.9981311586816174
0.5157580546045123,0.9981311586816174
0.5158033362598771,0.9981311586816174
0.5158486258670647,0.9981311586816174
0.51589392342817,0.9981311586816174
0.5159392289452885,0.9981311586816174
0.5159845424205164,0.9981311586816174
0.5160298638559508,0.9981311586816174
0.5160751932536893,0.9981311586816174
0.5161205306158306,0.9981311586816174
0.5161658759444737,0.9981311586816174
0.5162112292417187,0.9981311586816174
0.5162565905096661,0.9981311586816174
0.5163019597504175,0.9981311586816174
0.5163473369660749,0.9981311586816174
0.5163927221587413,0.9981311586816174
0.5164381153305204,0.9981311586816174
0.5164835164835165,0.9981311586816174
0.5165289256198347,0.9981311586816174
0.516574342741581,0.9981311586816174
0.5166197678508617,0.9981311586816174
0.5166652009497845,0.9981311586816174
0.5167106420404574,0.9981311586816174
0.516756091124989,0.9981311586816174
0.5168015482054891,0.9981311586816174
0.5168470132840679,0.9981311586816174
0.5168924863628366,0.9981311586816174
0.5169379674439067,0.9981311586816174
0.516983456529391,0.9981311586816174
0.5170289536214028,0.9981311586816174
0.5170744587220559,0.9981311586816174
0.5171199718334654,0.9981311586816174
0.5171654929577465,0.9981311586816174
0.5172110220970155,0.9981311586816174
0.5172565592533896,0.9981311586816174
0.5173021044289865,0.9981311586816174
0.5173476576259246,0.9981311586816174
0.5173932188463232,0.9981311586816174
0.5174387880923023,0.9981311586816174
0.5174843653659825,0.9981311586816174
0.5175299506694856,0.9981311586816174
0.5175755440049334,0.9981311586816174
0.5176211453744494,0.9981311586816174
0.5176667547801569,0.9981311586816174
0.5177123722241804,0.9981311586816174
0.5177579977086455,0.9981311586816174
0.5178036312356777,0.9981311586816174
0.5178492728074041,0.9981311586816174
0.517894922425952,0.9981311586816174
0.5179405800934497,0.9981311586816174
0.5179862458120261,0.9981311586816174
0.518031919583811,0.9981311586816174
0.5180776014109347,0.9981311586816174
0.5181232912955287,0.9981311586816174
0.5181689892397248,0.9981311586816174
0.5182146952456558,0.9981311586816174
0.5182604093154551,0.9981311586816174
0.5183061314512571,0.9981311586816174
0.5183518616551968,0.9981311586816174
0.5183975999294097,0.9981311586816174
0.5184433462760325,0.9981311586816174
0.5184891006972023,0.9981311586816174
0.5185348631950574,0.9981311586816174
0.5185806337717362,0.9981311586816174
0.5186264124293786,0.9981311586816174
0.5186721991701245,0.9981311586816174
0.5187179939961152,0.9981311586816174
0.5187637969094923,0.9981311586816174
0.5188096079123985,0.9981311586816174
0.518855427006977,0.9981311586816174
0.5189012541953718,0.9981311586816174
0.5189470894797279,0.9981311586816174
0.5189929328621908,0.9981311586816174
0.5190387843449068,0.9981311586816174
0.519084643930023,0.9981311586816174
0.5191305116196872,0.9981311586816174
0.5191763874160481,0.9981311586816174
0.519222271321255,0.9981311586816174
0.5192681633374581,0.9981311586816174
0.5193140634668081,0.9981311586816174
0.5193599717114569,0.9981311586816174
0.5194058880735567,0.9981311586816174
0.5194518125552609,0.9981311586816174
0.5194977451587232,0.9981311586816174
0.5195436858860983,0.9981311586816174
0.5195896347395419,0.9981311586816174
0.51963559172121,0.9981311586816174
0.5196815568332597,0.9981311586816174
0.5197275300778486,0.9981311586816174
0.5197735114571352,0.9981311586816174
0.5198195009732791,0.9981311586816174
0.51986549862844,0.9981311586816174
0.5199115044247787,0.9981311586816174
0.519957518364457,0.9981311586816174
0.5200035404496371,0.9981311586816174
0.520049570682482,0.9981311586816174
0.5200956090651558,0.9981311586816174
0.520141655599823,0.9981311586816174
0.5201877102886489,0.9981311586816174
0.5202337731337997,0.9981311586816174
0.5202798441374424,0.9981311586816174
0.5203259233017448,0.9981311586816174
0.5203720106288751,0.9981311586816174
0.5204181061210027,0.9981311586816174
0.5204642097802976,0.9981311586816174
0.5205103216089306,0.9981311586816174
0.5205564416090732,0.9981311586816174
0.5206025697828977,0.9981311586816174
0.5206487061325771,0.9981311586816174
0.5206948506602854,0.9981311586816174
0.5207410033681972,0.9981311586816174
0.5207871642584877,0.9981311586816174
0.5208333333333334,0.9981311586816174
0.5208795105949109,0.9981311586816174
0.5209256960453981,0.9981311586816174
0.5209718896869735,0.9981311586816174
0.5210180915218162,0.9981311586816174
0.5210643015521065,0.9981311586816174
0.5211105197800249,0.9981311586816174
0.521156746207753,0.9981311586816174
0.5212029808374734,0.9981311586816174
0.521249223671369,0.9981311586816174
0.5212954747116237,0.9981311586816174
0.5213417339604224,0.9981311586816174
0.5213880014199503,0.9981311586816174
0.5214342770923938,0.9981311586816174
0.5214805609799397,0.9981311586816174
0.5215268530847759,0.9981311586816174
0.5215731534090909,0.9981311586816174
0.5216194619550741,0.9981311586816174
0.5216657787249156,0.9981311586816174
0.5217121037208063,0.9981311586816174
0.5217584369449378,0.9981311586816174
0.5218047783995026,0.9981311586816174
0.5218511280866939,0.9981311586816174
0.5218974860087057,0.9981311586816174
0.5219438521677328,0.9981311586816174
0.5219902265659707,0.9981311586816174
0.5220366092056158,0.9981311586816174
0.5220830000888652,0.9981311586816174
0.5221293992179168,0.9981311586816174
0.5221758065949693,0.9981311586816174
0.5222222222222223,0.9981311586816174
0.5222686461018757,0.9981311586816174
0.5223150782361309,0.9981311586816174
0.5223615186271895,0.9981311586816174
0.5224079672772541,0.9981311586816174
0.5224544241885283,0.9981311586816174
0.5225008893632159,0.9981311586816174
0.5225473628035222,0.9981311586816174
0.5225938445116527,0.9981311586816174
0.5226403344898141,0.9981311586816174
0.5226868327402135,0.9981311586816174
0.5227333392650592,0.9981311586816174
0.5227798540665599,0.9981311586816174
0.5228263771469254,0.9981311586816174
0.522872908508366,0.9981311586816174
0.522919448153093,0.9981311586816174
0.5229659960833185,0.9981311586816174
0.5230125523012552,0.9981311586816174
0.5230591168091168,0.9981311586816174
0.5231056896091176,0.9981311586816174
0.5231522707034728,0.9981311586816174
0.5231988600943984,0.9981311586816174
0.5232454577841111,0.9981311586816174
0.5232920637748285,0.9981311586816174
0.5233386780687689,0.9981311586816174
0.5233853006681515,0.9981311586816174
0.523431931575196,0.9981311586816174
0.5234785707921233,0.9981311586816174
0.5235252183211548,0.9981311586816174
0.523571874164513,0.9981311586816174
0.5236185383244206,0.9981311586816174
0.5236652108031019,0.9981311586816174
0.5237118916027812,0.9981311586816174
0.5237585807256843,0.9981311586816174
0.5238052781740371,0.9981311586816174
0.5238519839500668,0.9981311586816174
0.5238986980560014,0.9981311586816174
0.5239454204940693,0.9981311586816174
0.5239921512665002,0.9981311586816174
0.5240388903755241,0.9981311586816174
0.524085637823372,0.9981311586816174
0.5241323936122758,0.9981311586816174
0.5241791577444682,0.9981311586816174
0.5242259302221826,0.9981311586816174
0.524272711047653,0.9981311586816174
0.5243195002231147,0.9981311586816174
0.5243662977508032,0.9981311586816174
0.5244131036329555,0.9981311586816174
0.5244599178718086,0.9981311586816174
0.5245067404696009,0.9981311586816174
0.5245535714285714,0.9981311586816174
0.5246004107509599,0.9981311586816174
0.524647258439007,0.9981311586816174
0.524694114494954,0.9981311586816174
0.5247409789210432,0.9981311586816174
0.5247878517195177,0.9981311586816174
0.5248347328926211,0.9981311586816174
0.5248816224425981,0.9981311586816174
0.524928520371694,0.9981311586816174
0.5249754266821554,0.9981311586816174
0.5250223413762288,0.9981311586816174
0.5250692644561623,0.9981311586816174
0.5251161959242046,0.9981311586816174
0.5251631357826048,0.9981311586816174
0.5252100840336135,0.9981311586816174
0.5252570406794814,0.9981311586816174
0.5253040057224606,0.9981311586816174
0.5253509791648037,0.9981311586816174
0.5253979610087641,0.9981311586816174
0.525444951256596,0.9981311586816174
0.5254919499105546,0.9981311586816174
0.5255389569728957,0.9981311586816174
0.5255859724458758,0.9981311586816174
0.5256329963317528,0.9981311586816174
0.5256800286327845,0.9981311586816174
0.5257270693512305,0.9981311586816174
0.5257741184893503,0.9981311586816174
0.5258211760494048,0.9981311586816174
0.5258682420336556,0.9981311586816174
0.5259153164443648,0.9981311586816174
0.5259623992837958,0.9981311586816174
0.5260094905542125,0.9981311586816174
0.5260565902578797,0.9981311586816174
0.5261036983970627,0.9981311586816174
0.5261508149740283,0.9981311586816174
0.5261979399910435,0.9981311586816174
0.5262450734503762,0.9981311586816174
0.5262922153542955,0.9981311586816174
0.5263393657050708,0.9981311586816174
0.5263865245049727,0.9981311586816174
0.5264336917562724,0.9981311586816174
0.526480867461242,0.9981311586816174
0.5265280516221545,0.9981311586816174
0.5265752442412835,0.9981311586816174
0.5266224453209035,0.9981311586816174
0.52666965486329,0.9981311586816174
0.526716872870719,0.9981311586816174
0.5267640993454676,0.9981311586816174
0.5268113342898135,0.9981311586816174
0.5268585777060353,0.9981311586816174
0.5268161434977578,0.9979612640163099
0.526863395820253,0.9979612640163099
0.5269106566200216,0.9979612640163099
0.5269579258993451,0.9979612640163099
0.527005203660506,0.9979612640163099
0.5270524899057873,0.9979612640163099
0.5270997846374731,0.9979612640163099
0.527147087857848,0.9979612640163099
0.5271943995691977,0.9979612640163099
0.5272417197738084,0.9979612640163099
0.5272890484739677,0.9979612640163099
0.5273363856719634,0.9979612640163099
0.5273837313700844,0.9979612640163099
0.5274310855706205,0.9979612640163099
0.5274784482758621,0.9979612640163099
0.5275258194881006,0.9979612640163099
0.5275731992096282,0.9979612640163099
0.5276205874427378,0.9979612640163099
0.5276679841897233,0.9979612640163099
0.5277153894528793,0.9979612640163099
0.5277628032345013,0.9979612640163099
0.5278102255368856,0.9979612640163099
0.5278576563623293,0.9979612640163099
0.5279050957131303,0.9979612640163099
0.5279525435915873,0.9979612640163099
0.528,0.9979612640163099
0.5280474649406688,0.9979612640163099
0.5280949384158949,0.9979612640163099
0.5281424204279805,0.9979612640163099
0.5281899109792285,0.9979612640163099
0.5282374100719425,0.9979612640163099
0.528284917708427,0.9979612640163099
0.5283324338909876,0.9979612640163099
0.5283799586219303,0.9979612640163099
0.5284274919035624,0.9979612640163099
0.5284750337381916,0.9979612640163099
0.5285225841281267,0.9979612640163099
0.5285701430756772,0.9979612640163099
0.5286177105831533,0.9979612640163099
0.5286652866528665,0.9979612640163099
0.5287128712871287,0.9979612640163099
0.5287604644882528,0.9979612640163099
0.5288080662585524,0.9979612640163099
0.5288556766003422,0.9979612640163099
0.5289032955159373,0.9979612640163099
0.5289509230076542,0.9979612640163099
0.5289985590778098,0.9979612640163099
0.529046203728722,0.9979612640163099
0.5290938569627094,0.9979612640163099
0.5291415187820917,0.9979612640163099
0.5291891891891892,0.9979612640163099
0.5292368681863231,0.9979612640163099
0.5292845557758155,0.9979612640163099
0.5293322519599892,0.9979612640163099
0.529379956741168,0.9979612640163099
0.5294276701216765,0.9979612640163099
0.5294753921038399,0.9979612640163099
0.5295231226899847,0.9979612640163099
0.5295708618824377,0.9979612640163099
0.5296186096835271,0.9979612640163099
0.5296663660955816,0.9979612640163099
0.5297141311209307,0.9979612640163099
0.5297619047619048,0.9979612640163099
0.5298096870208352,0.9979612640163099
0.5298574779000541,0.9979612640163099
0.5299052774018944,0.9979612640163099
0.52995308552869,0.9979612640163099
0.5300009022827754,0.9979612640163099
0.5300487276664861,0.9979612640163099
0.5300965616821587,0.9979612640163099
0.53014440433213,0.9979612640163099
0.5301922556187382,0.9979612640163099
0.530240115544322,0.9979612640163099
0.5302879841112215,0.9979612640163099
0.5303358613217768,0.9979612640163099
0.5303837471783296,0.9979612640163099
0.530431641683222,0.9979612640163099
0.5304795448387971,0.9979612640163099
0.5305274566473989,0.9979612640163099
0.530575377111372,0.9979612640163099
0.5306233062330623,0.9979612640163099
0.5306712440148161,0.9979612640163099
0.5307191904589809,0.9979612640163099
0.5307671455679046,0.9979612640163099
0.5308151093439364,0.9979612640163099
0.5308630817894261,0.9979612640163099
0.5309110629067245,0.9979612640163099
0.5309590526981831,0.9979612640163099
0.5310070511661544,0.9979612640163099
0.5310550583129916,0.9979612640163099
0.5311030741410488,0.9979612640163099
0.5311510986526811,0.9979612640163099
0.5311991318502441,0.9979612640163099
0.5312471737360948,0.9979612640163099
0.5312952243125905,0.9979612640163099
0.5313432835820896,0.9979612640163099
0.5313913515469514,0.9979612640163099
0.5314394282095358,0.9979612640163099
0.5314875135722041,0.9979612640163099
0.5315356076373179,0.9979612640163099
0.5315837104072398,0.9979612640163099
0.5316318218843334,0.9979612640163099
0.531679942070963,0.9979612640163099
0.5317280709694939,0.9979612640163099
0.5317762085822922,0.9979612640163099
0.5318243549117248,0.9979612640163099
0.5318725099601593,0.9979612640163099
0.5319206737299647,0.9979612640163099
0.5319688462235103,0.9979612640163099
0.5320170274431664,0.9979612640163099
0.5320652173913043,0.9979612640163099
0.5321134160702963,0.9979612640163099
0.532161623482515,0.9979612640163099
0.5322098396303343,0.9979612640163099
0.532258064516129,0.9979612640163099
0.5323062981422746,0.9979612640163099
0.5323545405111474,0.9979612640163099
0.5324027916251246,0.9979612640163099
0.5324510514865844,0.9979612640163099
0.5324993200979059,0.9979612640163099
0.5325475974614687,0.9979612640163099
0.5325958835796536,0.9979612640163099
0.5326441784548422,0.9979612640163099
0.5326924820894169,0.9979612640163099
0.532740794485761,0.9979612640163099
0.5327891156462585,0.9979612640163099
0.5328374455732946,0.9979612640163099
0.5328857842692551,0.9979612640163099
0.5329341317365269,0.9979612640163099
0.5329824879774975,0.9979612640163099
0.5330308529945553,0.9979612640163099
0.5330792267900899,0.9979612640163099
0.5331276093664912,0.9979612640163099
0.5331760007261505,0.9979612640163099
0.5332244008714597,0.9979612640163099
0.5332728098048116,0.9979612640163099
0.5333212275286,0.9979612640163099
0.5333696540452193,0.9979612640163099
0.533418089357065,0.9979612640163099
0.5334665334665335,0.9979612640163099
0.5335149863760218,0.9979612640163099
0.5335634480879281,0.9979612640163099
0.5336119186046512,0.9979612640163099
0.5336603979285909,0.9979612640163099
0.533708886062148,0.9979612640163099
0.5337573830077238,0.9979612640163099
0.5338058887677208,0.9979612640163099
0.5338544033445424,0.9979612640163099
0.5339029267405926,0.9979612640163099
0.5339514589582766,0.9979612640163099
0.534,0.9979612640163099
0.5340485498681699,0.9979612640163099
0.5340971085651937,0.9979612640163099
0.5341456760934801,0.9979612640163099
0.5341942524554384,0.9979612640163099
0.5341518872214643,0.9977913693510024
0.5342004729852647,0.9977913693510024
0.5342490675884654,0.9977913693510024
0.5342976710334789,0.9977913693510024
0.5343462833227186,0.9977913693510024
0.5343949044585987,0.9977913693510024
0.5344435344435344,0.9977913693510024
0.5344921732799418,0.9977913693510024
0.5345408209702376,0.9977913693510024
0.5345894775168396,0.9977913693510024
0.5346381429221666,0.9977913693510024
0.534686817188638,0.9977913693510024
0.5347355003186743,0.9977913693510024
0.5347841923146968,0.9977913693510024
0.5348328931791276,0.9977913693510024
0.5348816029143898,0.9977913693510024
0.5349303215229073,0.9977913693510024
0.5349790490071051,0.9977913693510024
0.5350277853694088,0.9977913693510024
0.5350765306122449,0.9977913693510024
0.535125284738041,0.9977913693510024
0.5351740477492254,0.9977913693510024
0.5352228196482275,0.9977913693510024
0.5352716004374772,0.9977913693510024
0.5353203901194057,0.9977913693510024
0.5353691886964449,0.9977913693510024
0.5354179961710275,0.9977913693510024
0.5354668125455871,0.9977913693510024
0.5355156378225586,0.9977913693510024
0.5355644720043772,0.9977913693510024
0.5356133150934792,0.9977913693510024
0.5356621670923021,0.9977913693510024
0.5357110280032837,0.9977913693510024
0.5357598978288634,0.9977913693510024
0.5358087765714807,0.9977913693510024
0.5358576642335766,0.9977913693510024
0.5359065608175928,0.9977913693510024
0.5359554663259719,0.9977913693510024
0.5360043807611573,0.9977913693510024
0.5360533041255933,0.9977913693510024
0.5361022364217253,0.9977913693510024
0.5361511776519993,0.9977913693510024
0.5362001278188624,0.9977913693510024
0.5362490869247626,0.9977913693510024
0.5362980549721487,0.9977913693510024
0.5363470319634703,0.9977913693510024
0.5363960179011782,0.9977913693510024
0.5364450127877238,0.9977913693510024
0.5364940166255595,0.9977913693510024
0.5365430294171387,0.9977913693510024
0.5365920511649155,0.9977913693510024
0.5366410818713451,0.9977913693510024
0.5366901215388833,0.9977913693510024
0.5367391701699872,0.9977913693510024
0.5367882277671145,0.9977913693510024
0.536837294332724,0.9977913693510024
0.5368863698692751,0.9977913693510024
0.5369354543792284,0.9977913693510024
0.5369845478650452,0.9977913693510024
0.537033650329188,0.9977913693510024
0.5370827617741198,0.9977913693510024
0.5371318822023048,0.9977913693510024
0.5371810116162078,0.9977913693510024
0.5372301500182949,0.9977913693510024
0.5372792974110329,0.9977913693510024
0.5373284537968893,0.9977913693510024
0.5373776191783328,0.9977913693510024
0.5374267935578331,0.9977913693510024
0.5374759769378603,0.9977913693510024
0.537525169320886,0.9977913693510024
0.5375743707093822,0.9977913693510024
0.5376235811058221,0.9977913693510024
0.5376728005126796,0.9977913693510024
0.5377220289324299,0.9977913693510024
0.5377712663675488,0.9977913693510024
0.5378205128205128,0.9977913693510024
0.5378697682937998,0.9977913693510024
0.5379190327898883,0.9977913693510024
0.5379683063112577,0.9977913693510024
0.5380175888603884,0.9977913693510024
0.5380668804397618,0.9977913693510024
0.53811618105186,0.9977913693510024
0.5381654906991661,0.9977913693510024
0.5382148093841642,0.9977913693510024
0.5382641371093392,0.9977913693510024
0.5383134738771769,0.9977913693510024
0.5383628196901641,0.9977913693510024
0.5384121745507884,0.9977913693510024
0.5384615384615384,0.9977913693510024
0.5385109114249037,0.9977913693510024
0.5385602934433746,0.9977913693510024
0.5386096845194424,0.9977913693510024
0.5386590846555994,0.9977913693510024
0.5386167675655843,0.9976214746856948
0.5386661774149161,0.9976214746856948
0.5387155963302752,0.9976214746856948
0.5387650243141573,0.9976214746856948
0.5388144613690585,0.9976214746856948
0.5388639074974764,0.9976214746856948
0.5389133627019089,0.9976214746856948
0.5389628269848554,0.9976214746856948
0.5390123003488159,0.9976214746856948
0.5390617827962912,0.9976214746856948
0.5391112743297833,0.9976214746856948
0.539160774951795,0.9976214746856948
0.5392102846648301,0.9976214746856948
0.5392598034713931,0.9976214746856948
0.5393093313739897,0.9976214746856948
0.5393588683751263,0.9976214746856948
0.5394084144773104,0.9976214746856948
0.53945796968305,0.9976214746856948
0.5395075339948548,0.9976214746856948
0.5395571074152348,0.9976214746856948
0.539606689946701,0.9976214746856948
0.5396562815917655,0.9976214746856948
0.5397058823529411,0.9976214746856948
0.539755492232742,0.9976214746856948
0.5398051112336827,0.9976214746856948
0.539854739358279,0.9976214746856948
0.5399043766090474,0.9976214746856948
0.5399540229885057,0.9976214746856948
0.5400036784991723,0.9976214746856948
0.5400533431435667,0.9976214746856948
0.5401030169242089,0.9976214746856948
0.5401526998436207,0.9976214746856948
0.5402023919043238,0.9976214746856948
0.5402520931088417,0.9976214746856948
0.5403018034596982,0.9976214746856948
0.5403515229594185,0.9976214746856948
0.5404012516105282,0.9976214746856948
0.5404509894155546,0.9976214746856948
0.540500736377025,0.9976214746856948
0.5405504924974684,0.9976214746856948
0.5406002577794145,0.9976214746856948
0.5406500322253937,0.9976214746856948
0.5406998158379374,0.9976214746856948
0.5407496086195782,0.9976214746856948
0.5407994105728495,0.9976214746856948
0.5408492217002855,0.9976214746856948
0.5408990420044215,0.9976214746856948
0.5409488714877937,0.9976214746856948
0.540998710152939,0.9976214746856948
0.5410485580023956,0.9976214746856948
0.5410984150387026,0.9976214746856948
0.5411482812643996,0.9976214746856948
0.5411981566820276,0.9976214746856948
0.5412480412941285,0.9976214746856948
0.5412979351032449,0.9976214746856948
0.5413478381119203,0.9976214746856948
0.5413977503226997,0.9976214746856948
0.5414476717381281,0.9976214746856948
0.5414976023607525,0.9976214746856948
0.54154754219312,0.9976214746856948
0.541597491237779,0.9976214746856948
0.5416474494972788,0.9976214746856948
0.5416974169741697,0.9976214746856948
0.5417473936710029,0.9976214746856948
0.5417973795903304,0.9976214746856948
0.5418473747347051,0.9976214746856948
0.5418973791066815,0.9976214746856948
0.541947392708814,0.9976214746856948
0.5419974155436589,0.9976214746856948
0.5420474476137728,0.9976214746856948
0.5420974889217134,0.9976214746856948
0.5421475394700397,0.9976214746856948
0.5421975992613112,0.9976214746856948
0.5422476682980885,0.9976214746856948
0.5422977465829332,0.9976214746856948
0.5423478341184077,0.9976214746856948
0.5423979309070756,0.9976214746856948
0.5424480369515011,0.9976214746856948
0.5424981522542498,0.9976214746856948
0.5425482768178879,0.9976214746856948
0.5425984106449825,0.9976214746856948
0.5426485537381018,0.9976214746856948
0.5426987060998152,0.9976214746856948
0.5427488677326925,0.9976214746856948
0.5427990386393049,0.9976214746856948
0.5428492188222243,0.9976214746856948
0.5428994082840237,0.9976214746856948
0.5429496070272769,0.9976214746856948
0.5429998150545589,0.9976214746856948
0.5430500323684454,0.9976214746856948
0.5431002589715132,0.9976214746856948
0.5431504948663398,0.9976214746856948
0.5432007400555041,0.9976214746856948
0.5432509945415858,0.9976214746856948
0.543301258327165,0.9976214746856948
0.5433515314148237,0.9976214746856948
0.5434018138071441,0.9976214746856948
0.5434521055067099,0.9976214746856948
0.5435024065161052,0.9976214746856948
0.5435527168379154,0.9976214746856948
0.5436030364747269,0.9976214746856948
0.5436533654291269,0.9976214746856948
0.5437037037037037,0.9976214746856948
0.5437540513010464,0.9976214746856948
0.5438044082237451,0.9976214746856948
0.543854774474391,0.9976214746856948
0.5439051500555762,0.9976214746856948
0.5439555349698935,0.9976214746856948
0.544005929219937,0.9976214746856948
0.5440563328083017,0.9976214746856948
0.5441067457375834,0.9976214746856948
0.544157168010379,0.9976214746856948
0.5442075996292863,0.9976214746856948
0.5442580405969043,0.9976214746856948
0.5443084909158324,0.9976214746856948
0.5443589505886716,0.9976214746856948
0.5444094196180234,0.9976214746856948
0.5444598980064905,0.9976214746856948
0.5445103857566765,0.9976214746856948
0.5445608828711861,0.9976214746856948
0.5446113893526248,0.9976214746856948
0.5446619052035989,0.9976214746856948
0.5447124304267161,0.9976214746856948
0.5447629650245849,0.9976214746856948
0.5448135089998144,0.9976214746856948
0.5448640623550153,0.9976214746856948
0.5449146250927989,0.9976214746856948
0.5449651972157773,0.9976214746856948
0.5450157787265639,0.9976214746856948
0.5450663696277731,0.9976214746856948
0.5451169699220201,0.9976214746856948
0.5451675796119209,0.9976214746856948
0.5452181987000928,0.9976214746856948
0.545268827189154,0.9976214746856948
0.5452265973254086,0.9974515800203874
0.5452772359988854,0.9974515800203874
0.5453278840795096,0.9974515800203874
0.5453785415699025,0.9974515800203874
0.5454292084726867,0.9974515800203874
0.5454798847904859,0.9974515800203874
0.5455305705259246,0.9974515800203874
0.5455812656816281,0.9974515800203874
0.545631970260223,0.9974515800203874
0.5456826842643369,0.9974515800203874
0.5457334076965978,0.9974515800203874
0.5457841405596355,0.9974515800203874
0.5458348828560803,0.9974515800203874
0.5458856345885634,0.9974515800203874
0.5459363957597173,0.9974515800203874
0.5459871663721753,0.9974515800203874
0.5460379464285714,0.9974515800203874
0.5460887359315413,0.9974515800203874
0.5461395348837209,0.9974515800203874
0.5461903432877477,0.9974515800203874
0.5462411611462598,0.9974515800203874
0.5462919884618963,0.9974515800203874
0.5463428252372976,0.9974515800203874
0.5463936714751046,0.9974515800203874
0.5464445271779598,0.9974515800203874
0.546495392348506,0.9974515800203874
0.5465462669893875,0.9974515800203874
0.5465971511032492,0.9974515800203874
0.5466480446927374,0.9974515800203874
0.5466989477604991,0.9974515800203874
0.5467498603091824,0.9974515800203874
0.5468007823414361,0.9974515800203874
0.5468517138599106,0.9974515800203874
0.5469026548672566,0.9974515800203874
0.5469536053661264,0.9974515800203874
0.5470045653591726,0.9974515800203874
0.5470555348490496,0.9974515800203874
0.547106513838412,0.9974515800203874
0.5471575023299161,0.9974515800203874
0.5472085003262187,0.9974515800203874
0.5472595078299777,0.9974515800203874
0.547310524843852,0.9974515800203874
0.5473615513705016,0.9974515800203874
0.5474125874125874,0.9974515800203874
0.5474636329727713,0.9974515800203874
0.5475146880537163,0.9974515800203874
0.5475657526580862,0.9974515800203874
0.5476168267885458,0.9974515800203874
0.5476679104477612,0.9974515800203874
0.5477190036383991,0.9974515800203874
0.5477701063631274,0.9974515800203874
0.5478212186246151,0.9974515800203874
0.5478723404255319,0.9974515800203874
0.5479234717685487,0.9974515800203874
0.5479746126563375,0.9974515800203874
0.548025763091571,0.9974515800203874
0.5480769230769231,0.9974515800203874
0.5481280926150687,0.9974515800203874
0.5481792717086835,0.9974515800203874
0.5482304603604445,0.9974515800203874
0.5482816585730295,0.9974515800203874
0.5483328663491174,0.9974515800203874
0.548384083691388,0.9974515800203874
0.5484353106025222,0.9974515800203874
0.5484865470852018,0.9974515800203874
0.5485377931421097,0.9974515800203874
0.5485890487759297,0.9974515800203874
0.5486403139893468,0.9974515800203874
0.5486915887850468,0.9974515800203874
0.5487428731657165,0.9974515800203874
0.5487941671340437,0.9974515800203874
0.5488454706927176,0.9974515800203874
0.5488967838444279,0.9974515800203874
0.5488546049555867,0.9972816853550799
0.54890592855807,0.9972816853550799
0.5489572617600299,0.9972816853550799
0.5490086045641601,0.9972816853550799
0.549059956973155,0.9972816853550799
0.54911131898971,0.9972816853550799
0.5491626906165217,0.9972816853550799
0.5492140718562875,0.9972816853550799
0.5492654627117058,0.9972816853550799
0.5493168631854763,0.9972816853550799
0.5493682732802995,0.9972816853550799
0.5494196929988768,0.9972816853550799
0.5494711223439109,0.9972816853550799
0.5495225613181052,0.9972816853550799
0.5495740099241644,0.9972816853550799
0.549625468164794,0.9972816853550799
0.5496769360427006,0.9972816853550799
0.5497284135605919,0.9972816853550799
0.5497799007211763,0.9972816853550799
0.5498313975271637,0.9972816853550799
0.5498829039812646,0.9972816853550799
0.5499344200861908,0.9972816853550799
0.5499859458446548,0.9972816853550799
0.5500374812593704,0.9972816853550799
0.5500890263330522,0.9972816853550799
0.5501405810684161,0.9972816853550799
0.5501921454681789,0.9972816853550799
0.5502437195350581,0.9972816853550799
0.5502953032717728,0.9972816853550799
0.5503468966810425,0.9972816853550799
0.5503984997655884,0.9972816853550799
0.550450112528132,0.9972816853550799
0.5505017349713964,0.9972816853550799
0.5505533670981054,0.9972816853550799
0.550605008910984,0.9972816853550799
0.550656660412758,0.9972816853550799
0.5507083216061545,0.9972816853550799
0.5507599924939013,0.9972816853550799
0.5508116730787276,0.9972816853550799
0.5508633633633634,0.9972816853550799
0.5509150633505396,0.9972816853550799
0.5509667730429886,0.9972816853550799
0.5510184924434431,0.9972816853550799
0.5510702215546376,0.9972816853550799
0.551121960379307,0.9972816853550799
0.5511737089201878,0.9972816853550799
0.5512254671800169,0.9972816853550799
0.5512772351615327,0.9972816853550799
0.5513290128674744,0.9972816853550799
0.5513808003005823,0.9972816853550799
0.551432597463598,0.9972816853550799
0.5514844043592634,0.9972816853550799
0.5515362209903223,0.9972816853550799
0.5515880473595189,0.9972816853550799
0.5516398834695987,0.9972816853550799
0.5516917293233082,0.9972816853550799
0.551743584923395,0.9972816853550799
0.5517954502726077,0.9972816853550799
0.5518473253736956,0.9972816853550799
0.5518992102294096,0.9972816853550799
0.5519511048425012,0.9972816853550799
0.5520030092157232,0.9972816853550799
0.5520549233518293,0.9972816853550799
0.5521068472535741,0.9972816853550799
0.5521587809237136,0.9972816853550799
0.5522107243650047,0.9972816853550799
0.5522626775802051,0.9972816853550799
0.5523146405720738,0.9972816853550799
0.5523666133433707,0.9972816853550799
0.5524185958968567,0.9972816853550799
0.5524705882352942,0.9972816853550799
0.5525225903614458,0.9972816853550799
0.5525746022780759,0.9972816853550799
0.5526266239879495,0.9972816853550799
0.552678655493833,0.9972816853550799
0.5527306967984934,0.9972816853550799
0.5527827479046992,0.9972816853550799
0.5528348088152194,0.9972816853550799
0.5528868795328247,0.9972816853550799
0.5529389600602863,0.9972816853550799
0.5529910504003768,0.9972816853550799
0.5530431505558696,0.9972816853550799
0.5530952605295393,0.9972816853550799
0.5531473803241613,0.9972816853550799
0.5531995099425124,0.9972816853550799
0.5532516493873704,0.9972816853550799
0.5533037986615138,0.9972816853550799
0.5533559577677225,0.9972816853550799
0.5534081267087773,0.9972816853550799
0.55346030548746,0.9972816853550799
0.5535124941065536,0.9972816853550799
0.553564692568842,0.9972816853550799
0.5536169008771102,0.9972816853550799
0.5536691190341445,0.9972816853550799
0.5537213470427318,0.9972816853550799
0.5537735849056604,0.9972816853550799
0.5538258326257194,0.9972816853550799
0.5538780902056992,0.9972816853550799
0.553930357648391,0.9972816853550799
0.5539826349565874,0.9972816853550799
0.5540349221330817,0.9972816853550799
0.5540872191806683,0.9972816853550799
0.5541395261021429,0.9972816853550799
0.5541918429003021,0.9972816853550799
0.5542441695779435,0.9972816853550799
0.554296506137866,0.9972816853550799
0.554348852582869,0.9972816853550799
0.5544012089157537,0.9972816853550799
0.5544535751393218,0.9972816853550799
0.5545059512563764,0.9972816853550799
0.5545583372697213,0.9972816853550799
0.5546107331821618,0.9972816853550799
0.5546631389965039,0.9972816853550799
0.5547155547155547,0.9972816853550799
0.5547679803421227,0.9972816853550799
0.554820415879017,0.9972816853550799
0.5548728613290481,0.9972816853550799
0.5549253166950274,0.9972816853550799
0.5549777819797674,0.9972816853550799
0.5550302571860817,0.9972816853550799
0.5550827423167849,0.9972816853550799
0.5551352373746926,0.9972816853550799
0.5551877423626218,0.9972816853550799
0.5552402572833901,0.9972816853550799
0.5552927821398165,0.9972816853550799
0.5553453169347209,0.9972816853550799
0.5553978616709244,0.9972816853550799
0.555450416351249,0.9972816853550799
0.555502980978518,0.9972816853550799
0.5555555555555556,0.9972816853550799
0.5556081400851869,0.9972816853550799
0.5556607345702386,0.9972816853550799
0.5557133390135378,0.9972816853550799
0.5557659534179132,0.9972816853550799
0.5558185777861945,0.9972816853550799
0.5558712121212122,0.9972816853550799
0.5559238564257979,0.9972816853550799
0.5559765107027846,0.9972816853550799
0.5560291749550061,0.9972816853550799
0.5560818491852975,0.9972816853550799
0.5561345333964945,0.9972816853550799
0.5561872275914346,0.9972816853550799
0.5562399317729556,0.9972816853550799
0.5562926459438969,0.9972816853550799
0.5563453701070988,0.9972816853550799
0.5563981042654028,0.9972816853550799
0.5564508484216514,0.9972816853550799
0.5565036025786879,0.9972816853550799
0.5565563667393572,0.9972816853550799
0.5566091409065048,0.9972816853550799
0.5566619250829777,0.9972816853550799
0.5567147192716236,0.9972816853550799
0.5567675234752917,0.9972816853550799
0.5568203376968317,0.9972816853550799
0.556873161939095,0.9972816853550799
0.5569259962049335,0.9972816853550799
0.5569788404972009,0.9972816853550799
0.5570316948187511,0.9972816853550799
0.5570845591724399,0.9972816853550799
0.5571374335611238,0.9972816853550799
0.5571903179876602,0.9972816853550799
0.5572432124549079,0.9972816853550799
0.5572961169657268,0.9972816853550799
0.5573490315229775,0.9972816853550799
0.5574019561295224,0.9972816853550799
0.5574548907882241,0.9972816853550799
0.557507835501947,0.9972816853550799
0.5575607902735562,0.9972816853550799
0.5576137551059182,0.9972816853550799
0.5576667300019,0.9972816853550799
0.5577197149643706,0.9972816853550799
0.5577727099961992,0.9972816853550799
0.5578257151002566,0.9972816853550799
0.5578787302794146,0.9972816853550799
0.557931755536546,0.9972816853550799
0.5579847908745247,0.9972816853550799
0.5580378362962258,0.9972816853550799
0.5580908918045255,0.9972816853550799
0.558143957402301,0.9972816853550799
0.5581970330924306,0.9972816853550799
0.5582501188777936,0.9972816853550799
0.5583032147612706,0.9972816853550799
0.5583563207457434,0.9972816853550799
0.5584094368340944,0.9972816853550799
0.5584625630292075,0.9972816853550799
0.5585156993339676,0.9972816853550799
0.5585688457512609,0.9972816853550799
0.5586220022839741,0.9972816853550799
0.5586751689349957,0.9972816853550799
0.558728345707215,0.9972816853550799
0.5587815326035221,0.9972816853550799
0.5588347296268088,0.9972816853550799
0.5588879367799676,0.9972816853550799
0.5589411540658922,0.9972816853550799
0.5589943814874774,0.9972816853550799
0.559047619047619,0.9972816853550799
0.5591008667492142,0.9972816853550799
0.559154124595161,0.9972816853550799
0.5592073925883586,0.9972816853550799
0.5592606707317073,0.9972816853550799
0.5593139590281087,0.9972816853550799
0.559367257480465,0.9972816853550799
0.5594205660916801,0.9972816853550799
0.5594738848646588,0.9972816853550799
0.5595272138023067,0.9972816853550799
0.559580552907531,0.9972816853550799
0.5596339021832396,0.9972816853550799
0.5596872616323417,0.9972816853550799
0.5597406312577476,0.9972816853550799
0.5597940110623689,0.9972816853550799
0.5598474010491178,0.9972816853550799
0.559900801220908,0.9972816853550799
0.5599542115806544,0.9972816853550799
0.5600076321312727,0.9972816853550799
0.5600610628756798,0.9972816853550799
0.5601145038167938,0.9972816853550799
0.5601679549575341,0.9972816853550799
0.5602214163008208,0.9972816853550799
0.5602748878495752,0.9972816853550799
0.5603283696067202,0.9972816853550799
0.560381861575179,0.9972816853550799
0.5604353637578766,0.9972816853550799
0.5604888761577389,0.9972816853550799
0.5605423987776929,0.9972816853550799
0.5605959316206666,0.9972816853550799
0.5606494746895893,0.9972816853550799
0.5607030279873914,0.9972816853550799
0.5607565915170042,0.9972816853550799
0.5608101652813605,0.9972816853550799
0.5608637492833939,0.9972816853550799
0.5609173435260392,0.9972816853550799
0.5609709480122325,0.9972816853550799
0.5610245627449106,0.9972816853550799
0.561078187727012,0.9972816853550799
0.561131822961476,0.9972816853550799
0.5611854684512428,0.9972816853550799
0.5612391241992543,0.9972816853550799
0.5612927902084529,0.9972816853550799
0.5613464664817825,0.9972816853550799
0.5614001530221883,0.9972816853550799
0.5613582018173123,0.9971117906897723
0.5614118997512914,0.9971117906897723
0.5614656079594375,0.9971117906897723
0.5615193264446996,0.9971117906897723
0.5615730552100278,0.9971117906897723
0.5616267942583733,0.9971117906897723
0.5616805435926883,0.9971117906897723
0.5617343032159265,0.9971117906897723
0.5617880731310424,0.9971117906897723
0.5618418533409918,0.9971117906897723
0.5618956438487315,0.9971117906897723
0.5619494446572194,0.9971117906897723
0.5620032557694149,0.9971117906897723
0.5620570771882781,0.9971117906897723
0.5621109089167704,0.9971117906897723
0.5621647509578545,0.9971117906897723
0.5622186033144937,0.9971117906897723
0.5622724659896532,0.9971117906897723
0.5623263389862987,0.9971117906897723
0.5623802223073975,0.9971117906897723
0.5624341159559176,0.9971117906897723
0.5624880199348284,0.9971117906897723
0.5625419342471005,0.9971117906897723
0.5625958588957055,0.9971117906897723
0.5626497938836161,0.9971117906897723
0.5627037392138063,0.9971117906897723
0.5627576948892511,0.9971117906897723
0.5628116609129268,0.9971117906897723
0.5628656372878105,0.9971117906897723
0.5629196240168809,0.9971117906897723
0.5629736211031175,0.9971117906897723
0.5630276285495012,0.9971117906897723
0.5630816463590137,0.9971117906897723
0.5631356745346383,0.9971117906897723
0.563189713079359,0.9971117906897723
0.5632437619961612,0.9971117906897723
0.5632978212880315,0.9971117906897723
0.5633518909579573,0.9971117906897723
0.5634059710089278,0.9971117906897723
0.5634600614439325,0.9971117906897723
0.5635141622659625,0.9971117906897723
0.5635682734780104,0.9971117906897723
0.5636223950830692,0.9971117906897723
0.5636765270841337,0.9971117906897723
0.5637306694841994,0.9971117906897723
0.5637848222862633,0.9971117906897723
0.5638389854933231,0.9971117906897723
0.5638931591083781,0.9971117906897723
0.5639473431344287,0.9971117906897723
0.5640015375744762,0.9971117906897723
0.5640557424315233,0.9971117906897723
0.5641099577085736,0.9971117906897723
0.5641641834086322,0.9971117906897723
0.5642184195347049,0.9971117906897723
0.5642726660897991,0.9971117906897723
0.5643269230769231,0.9971117906897723
0.5643811904990864,0.9971117906897723
0.5644354683592999,0.9971117906897723
0.5644897566605752,0.9971117906897723
0.5645440554059253,0.9971117906897723
0.5645983645983645,0.9971117906897723
0.5646526842409082,0.9971117906897723
0.5647070143365727,0.9971117906897723
0.5647613548883756,0.9971117906897723
0.5648157058993359,0.9971117906897723
0.5648700673724736,0.9971117906897723
0.5649244393108095,0.9971117906897723
0.5649788217173662,0.9971117906897723
0.5650332145951671,0.9971117906897723
0.5650876179472367,0.9971117906897723
0.5651420317766008,0.9971117906897723
0.5651964560862865,0.9971117906897723
0.565250890879322,0.9971117906897723
0.5653053361587362,0.9971117906897723
0.5653597919275599,0.9971117906897723
0.5654142581888246,0.9971117906897723
0.5654687349455632,0.9971117906897723
0.5655232222008094,0.9971117906897723
0.5655777199575985,0.9971117906897723
0.5656322282189669,0.9971117906897723
0.5656867469879518,0.9971117906897723
0.5657412762675921,0.9971117906897723
0.5657958160609274,0.9971117906897723
0.5658503663709988,0.9971117906897723
0.5659049272008485,0.9971117906897723
0.5659594985535198,0.9971117906897723
0.5660140804320571,0.9971117906897723
0.5660686728395061,0.9971117906897723
0.5661232757789139,0.9971117906897723
0.5661778892533282,0.9971117906897723
0.5662325132657984,0.9971117906897723
0.5662871478193747,0.9971117906897723
0.566341792917109,0.9971117906897723
0.5663964485620536,0.9971117906897723
0.5664511147572628,0.9971117906897723
0.5665057915057915,0.9971117906897723
0.566560478810696,0.9971117906897723
0.5666151766750338,0.9971117906897723
0.5666698851018634,0.9971117906897723
0.5667246040942449,0.9971117906897723
0.566779333655239,0.9971117906897723
0.5668340737879081,0.9971117906897723
0.5668888244953154,0.9971117906897723
0.5669435857805255,0.9971117906897723
0.5669983576466042,0.9971117906897723
0.5670531400966183,0.9971117906897723
0.567107933133636,0.9971117906897723
0.5671627367607267,0.9971117906897723
0.5672175509809607,0.9971117906897723
0.5672723757974096,0.9971117906897723
0.5673272112131464,0.9971117906897723
0.5673820572312451,0.9971117906897723
0.567436913854781,0.9971117906897723
0.5674917810868304,0.9971117906897723
0.567546658930471,0.9971117906897723
0.5676015473887814,0.9971117906897723
0.5676564464648418,0.9971117906897723
0.5677113561617334,0.9971117906897723
0.5677662764825384,0.9971117906897723
0.5678212074303406,0.9971117906897723
0.5678761490082245,0.9971117906897723
0.5679311012192761,0.9971117906897723
0.5679860640665828,0.9971117906897723
0.5680410375532327,0.9971117906897723
0.5680960216823153,0.9971117906897723
0.5681510164569216,0.9971117906897723
0.5682060218801432,0.9971117906897723
0.5682610379550735,0.9971117906897723
0.5683160646848068,0.9971117906897723
0.5683711020724385,0.9971117906897723
0.5684261501210653,0.9971117906897723
0.5684812088337854,0.9971117906897723
0.5685362782136976,0.9971117906897723
0.5685913582639024,0.9971117906897723
0.5686464489875012,0.9971117906897723
0.568701550387597,0.9971117906897723
0.5687566624672934,0.9971117906897723
0.5688117852296957,0.9971117906897723
0.5688669186779103,0.9971117906897723
0.5689220628150445,0.9971117906897723
0.5689772176442075,0.9971117906897723
0.5690323831685088,0.9971117906897723
0.5690875593910598,0.9971117906897723
0.5691427463149729,0.9971117906897723
0.5691979439433614,0.9971117906897723
0.5692531522793405,0.9971117906897723
0.5693083713260259,0.9971117906897723
0.5693636010865347,0.9971117906897723
0.5694188415639856,0.9971117906897723
0.5694740927614982,0.9971117906897723
0.5695293546821931,0.9971117906897723
0.5695846273291926,0.9971117906897723
0.5696399107056197,0.9971117906897723
0.5696952048145991,0.9971117906897723
0.5697505096592563,0.9971117906897723
0.5698058252427185,0.9971117906897723
0.5698611515681135,0.9971117906897723
0.5699164886385706,0.9971117906897723
0.5699718364572206,0.9971117906897723
0.570027195027195,0.9971117906897723
0.570082564351627,0.9971117906897723
0.5701379444336506,0.9971117906897723
0.5701933352764015,0.9971117906897723
0.5702487368830159,0.9971117906897723
0.570304149256632,0.9971117906897723
0.5703595724003887,0.9971117906897723
0.5704150063174264,0.9971117906897723
0.5704704510108864,0.9971117906897723
0.5705259064839118,0.9971117906897723
0.5705813727396462,0.9971117906897723
0.5706368497812349,0.9971117906897723
0.5706923376118241,0.9971117906897723
0.5707478362345619,0.9971117906897723
0.5708033456525967,0.9971117906897723
0.5708588658690789,0.9971117906897723
0.5709143968871595,0.9971117906897723
0.5709699387099912,0.9971117906897723
0.5710254913407278,0.9971117906897723
0.5710810547825241,0.9971117906897723
0.5711366290385363,0.9971117906897723
0.5711922141119221,0.9971117906897723
0.57124781000584,0.9971117906897723
0.5713034167234499,0.9971117906897723
0.5713590342679128,0.9971117906897723
0.5714146626423912,0.9971117906897723
0.5714703018500487,0.9971117906897723
0.5715259518940501,0.9971117906897723
0.5715816127775614,0.9971117906897723
0.5716372845037498,0.9971117906897723
0.5716929670757841,0.9971117906897723
0.5717486604968339,0.9971117906897723
0.5718043647700701,0.9971117906897723
0.571860079898665,0.9971117906897723
0.5719158058857923,0.9971117906897723
0.5719715427346262,0.9971117906897723
0.5720272904483431,0.9971117906897723
0.5720830490301199,0.9971117906897723
0.5721388184831351,0.9971117906897723
0.5721945988105684,0.9971117906897723
0.5722503900156006,0.9971117906897723
0.572306192101414,0.9971117906897723
0.5723620050711917,0.9971117906897723
0.5724178289281187,0.9971117906897723
0.5724736636753804,0.9971117906897723
0.5725853658536585,0.9971117906897723
0.5726412332910528,0.9971117906897723
0.5726971116315379,0.9971117906897723
0.5727530008783058,0.9971117906897723
0.5728089010345501,0.9971117906897723
0.5728648121034651,0.9971117906897723
0.5729207340882467,0.9971117906897723
0.5729766669920922,0.9971117906897723
0.5730326108181996,0.9971117906897723
0.5730885655697686,0.9971117906897723
0.57314453125,0.9971117906897723
0.5732005078620959,0.9971117906897723
0.5732564954092596,0.9971117906897723
0.5733124938946957,0.9971117906897723
0.57336850332161,0.9971117906897723
0.5734245236932096,0.9971117906897723
0.5734805550127028,0.9971117906897723
0.5735365972832991,0.9971117906897723
0.5735926505082095,0.9971117906897723
0.573648714690646,0.9971117906897723
0.5737047898338221,0.9971117906897723
0.5737608759409522,0.9971117906897723
0.5738169730152523,0.9971117906897723
0.5738730810599394,0.9971117906897723
0.573929200078232,0.9971117906897723
0.5739853300733496,0.9971117906897723
0.5740414710485133,0.9971117906897723
0.5740976230069451,0.9971117906897723
0.5741537859518685,0.9971117906897723
0.5742099598865081,0.9971117906897723
0.57426614481409,0.9971117906897723
0.5743223407378413,0.9971117906897723
0.5743785476609904,0.9971117906897723
0.5744347655867672,0.9971117906897723
0.5744909945184025,0.9971117906897723
0.5745472344591287,0.9971117906897723
0.5746034854121793,0.9971117906897723
0.5746597473807892,0.9971117906897723
0.5747160203681942,0.9971117906897723
0.5747723043776319,0.9971117906897723
0.5748285994123409,0.9971117906897723
0.5748849054755608,0.9971117906897723
0.5749412225705329,0.9971117906897723
0.5749975507004996,0.9971117906897723
0.5750538898687046,0.9971117906897723
0.575110240078393,0.9971117906897723
0.5751666013328106,0.9971117906897723
0.5752229736352054,0.9971117906897723
0.5752793569888257,0.9971117906897723
0.5753357513969218,0.9971117906897723
0.5753921568627451,0.9971117906897723
0.575448573389548,0.9971117906897723
0.5755050009805844,0.9971117906897723
0.5755614396391096,0.9971117906897723
0.5756178893683798,0.9971117906897723
0.5756743501716528,0.9971117906897723
0.5757308220521875,0.9971117906897723
0.5757873050132444,0.9971117906897723
0.5758437990580848,0.9971117906897723
0.5759003041899715,0.9971117906897723
0.5759568204121688,0.9971117906897723
0.5760133477279419,0.9971117906897723
0.5760698861405575,0.9971117906897723
0.5761264356532836,0.9971117906897723
0.5761829962693894,0.9971117906897723
0.5762395679921453,0.9971117906897723
0.5762961508248232,0.9971117906897723
0.5763527447706963,0.9971117906897723
0.5764093498330387,0.9971117906897723
0.5764659660151262,0.9971117906897723
0.5765225933202358,0.9971117906897723
0.5765792317516455,0.9971117906897723
0.5766358813126351,0.9971117906897723
0.5766925420064852,0.9971117906897723
0.576749213836478,0.9971117906897723
0.5768058968058968,0.9971117906897723
0.5768625909180264,0.9971117906897723
0.5769192961761526,0.9971117906897723
0.5769760125835627,0.9971117906897723
0.5770327401435453,0.9971117906897723
0.5770894788593903,0.9971117906897723
0.5771462287343888,0.9971117906897723
0.5772029897718332,0.9971117906897723
0.5772597619750172,0.9971117906897723
0.5773165453472359,0.9971117906897723
0.5773733398917855,0.9971117906897723
0.5774301456119638,0.9971117906897723
0.5774869625110696,0.9971117906897723
0.577543790592403,0.9971117906897723
0.5776006298592659,0.9971117906897723
0.5776574803149607,0.9971117906897723
0.5777143419627916,0.9971117906897723
0.5777712148060642,0.9971117906897723
0.5778280988480851,0.9971117906897723
0.5778849940921623,0.9971117906897723
0.5779419005416051,0.9971117906897723
0.5779988181997242,0.9971117906897723
0.5780557470698315,0.9971117906897723
0.5781126871552403,0.9971117906897723
0.5781696384592651,0.9971117906897723
0.5782266009852217,0.9971117906897723
0.5782835747364272,0.9971117906897723
0.5783405597162002,0.9971117906897723
0.5783975559278605,0.9971117906897723
0.578454563374729,0.9971117906897723
0.5785115820601281,0.9971117906897723
0.5785686119873817,0.9971117906897723
0.5786256531598146,0.9971117906897723
0.5786827055807533,0.9971117906897723
0.5787397692535253,0.9971117906897723
0.5787968441814596,0.9971117906897723
0.5788539303678863,0.9971117906897723
0.5789110278161373,0.9971117906897723
0.5789681365295453,0.9971117906897723
0.5790252565114443,0.9971117906897723
0.5790823877651702,0.9971117906897723
0.5791395302940596,0.9971117906897723
0.5791966841014508,0.9971117906897723
0.579253849190683,0.9971117906897723
0.5793110255650973,0.9971117906897723
0.5793682132280356,0.9971117906897723
0.5794254121828414,0.9971117906897723
0.5794826224328594,0.9971117906897723
0.5795398439814358,0.9971117906897723
0.5795970768319179,0.9971117906897723
0.5796543209876543,0.9971117906897723
0.5797115764519952,0.9971117906897723
0.579768843228292,0.9971117906897723
0.5798261213198973,0.9971117906897723
0.579883410730165,0.9971117906897723
0.5799407114624506,0.9971117906897723
0.5799980235201107,0.9971117906897723
0.5800553469065033,0.9971117906897723
0.5801126816249876,0.9971117906897723
0.5801700276789244,0.9971117906897723
0.5802273850716757,0.9971117906897723
0.5802847538066047,0.9971117906897723
0.580342133887076,0.9971117906897723
0.5803995253164557,0.9971117906897723
0.580456928098111,0.9971117906897723
0.5805143422354104,0.9971117906897723
0.5805717677317243,0.9971117906897723
0.5806292045904234,0.9971117906897723
0.5806866528148807,0.9971117906897723
0.5807441124084702,0.9971117906897723
0.580801583374567,0.9971117906897723
0.5808590657165479,0.9971117906897723
0.5809165594377907,0.9971117906897723
0.5809740645416749,0.9971117906897723
0.581031581031581,0.9971117906897723
0.581089108910891,0.9971117906897723
0.5811466481829884,0.9971117906897723
0.5812041988512576,0.9971117906897723
0.5812617609190849,0.9971117906897723
0.5813193343898574,0.9971117906897723
0.5813769192669639,0.9971117906897723
0.5814345155537943,0.9971117906897723
0.5814921232537402,0.9971117906897723
0.5815497423701942,0.9971117906897723
0.5816073729065504,0.9971117906897723
0.5816650148662041,0.9971117906897723
0.5817226682525523,0.9971117906897723
0.5817803330689929,0.9971117906897723
0.5818380093189254,0.9971117906897723
0.5818956970057505,0.9971117906897723
0.5819533961328706,0.9971117906897723
0.582011106703689,0.9971117906897723
0.5820688287216106,0.9971117906897723
0.5821265621900417,0.9971117906897723
0.5821843071123897,0.9971117906897723
0.5822420634920635,0.9971117906897723
0.5822998313324734,0.9971117906897723
0.5823576106370312,0.9971117906897723
0.5824154014091496,0.9971117906897723
0.582473203652243,0.9971117906897723
0.582531017369727,0.9971117906897723
0.5825888425650189,0.9971117906897723
0.5826466792415368,0.9971117906897723
0.5827045274027005,0.9971117906897723
0.5827623870519313,0.9971117906897723
0.5828202581926515,0.9971117906897723
0.5828781408282848,0.9971117906897723
0.5829360349622567,0.9971117906897723
0.5829939405979935,0.9971117906897723
0.5830518577389231,0.9971117906897723
0.5831097863884749,0.9971117906897723
0.5831677265500795,0.9971117906897723
0.5832256782271689,0.9971117906897723
0.5832836414231763,0.9971117906897723
0.5833416161415367,0.9971117906897723
0.5833996023856859,0.9971117906897723
0.5834576001590616,0.9971117906897723
0.5834161861205011,0.9969418960244648
0.583474197076663,0.9969418960244648
0.5835322195704057,0.9969418960244648
0.5835902536051716,0.9969418960244648
0.5836482991844042,0.9969418960244648
0.5837063563115488,0.9969418960244648
0.5837644249900518,0.9969418960244648
0.5838225052233609,0.9969418960244648
0.5838805970149253,0.9969418960244648
0.5839387003681958,0.9969418960244648
0.5839968152866242,0.9969418960244648
0.5840549417736638,0.9969418960244648
0.5841130798327693,0.9969418960244648
0.5841712294673967,0.9969418960244648
0.5842293906810035,0.9969418960244648
0.5842875634770487,0.9969418960244648
0.5843457478589922,0.9969418960244648
0.5844039438302958,0.9969418960244648
0.5844621513944223,0.9969418960244648
0.5845203705548362,0.9969418960244648
0.5845786013150029,0.9969418960244648
0.58463684367839,0.9969418960244648
0.5846950976484655,0.9969418960244648
0.5847533632286995,0.9969418960244648
0.5848116404225633,0.9969418960244648
0.5848699292335293,0.9969418960244648
0.5849282296650717,0.9969418960244648
0.5849865417206659,0.9969418960244648
0.5850448654037886,0.9969418960244648
0.585103200717918,0.9969418960244648
0.5851615476665337,0.9969418960244648
0.5852199062531166,0.9969418960244648
0.585278276481149,0.9969418960244648
0.5853366583541147,0.9969418960244648
0.5853950518754988,0.9969418960244648
0.5854534570487878,0.9969418960244648
0.5855118738774696,0.9969418960244648
0.5855703023650334,0.9969418960244648
0.5856287425149701,0.9969418960244648
0.5856871943307715,0.9969418960244648
0.5857456578159314,0.9969418960244648
0.5858041329739443,0.9969418960244648
0.5858626198083067,0.9969418960244648
0.5859211183225163,0.9969418960244648
0.5859796285200719,0.9969418960244648
0.5860381504044742,0.9969418960244648
0.5860966839792249,0.9969418960244648
0.5861552292478274,0.9969418960244648
0.5862137862137862,0.9969418960244648
0.5862723548806075,0.9969418960244648
0.5863309352517986,0.9969418960244648
0.5863895273308684,0.9969418960244648
0.5864481311213272,0.9969418960244648
0.5865067466266867,0.9969418960244648
0.5865653738504598,0.9969418960244648
0.5866240127961612,0.9969418960244648
0.5866826634673066,0.9969418960244648
0.5867413258674132,0.9969418960244648
0.5868,0.9969418960244648
0.5868586858685868,0.9969418960244648
0.5869173834766953,0.9969418960244648
0.5869760928278484,0.9969418960244648
0.5870348139255702,0.9969418960244648
0.5870935467733867,0.9969418960244648
0.5871522913748249,0.9969418960244648
0.5872110477334134,0.9969418960244648
0.5872698158526821,0.9969418960244648
0.5873285957361626,0.9969418960244648
0.5873873873873874,0.9969418960244648
0.5874461908098909,0.9969418960244648
0.5875050060072087,0.9969418960244648
0.5875638329828777,0.9969418960244648
0.5876226717404366,0.9969418960244648
0.5876815222834252,0.9969418960244648
0.5877403846153846,0.9969418960244648
0.5877992587398577,0.9969418960244648
0.5878581446603887,0.9969418960244648
0.587917042380523,0.9969418960244648
0.5879759519038076,0.9969418960244648
0.588034873233791,0.9969418960244648
0.5880938063740229,0.9969418960244648
0.5881527513280546,0.9969418960244648
0.5882117080994387,0.9969418960244648
0.5882706766917293,0.9969418960244648
0.5883296571084821,0.9969418960244648
0.5883886493532537,0.9969418960244648
0.5884476534296029,0.9969418960244648
0.5885066693410892,0.9969418960244648
0.5885656970912738,0.9969418960244648
0.5886247366837195,0.9969418960244648
0.5886837881219904,0.9969418960244648
0.5887428514096519,0.9969418960244648
0.588801926550271,0.9969418960244648
0.5888610135474159,0.9969418960244648
0.5889201124046568,0.9969418960244648
0.5889792231255646,0.9969418960244648
0.589038345713712,0.9969418960244648
0.5890974801726734,0.9969418960244648
0.5890562248995984,0.9967720013591573
0.5891153730294206,0.9967720013591573
0.5891745330387628,0.9967720013591573
0.5892337049312042,0.9967720013591573
0.5892928887103255,0.9967720013591573
0.5893520843797087,0.9967720013591573
0.5894112919429375,0.9967720013591573
0.5894705114035969,0.9967720013591573
0.5895297427652733,0.9967720013591573
0.5895889860315546,0.9967720013591573
0.5896482412060301,0.9967720013591573
0.5897075082922907,0.9967720013591573
0.5897667872939284,0.9967720013591573
0.58972554539057,0.9966021066938499
0.5897848381258798,0.9966021066938499
0.5898441427853193,0.9966021066938499
0.5899034593724859,0.9966021066938499
0.5899627878909786,0.9966021066938499
0.5900221283443975,0.9966021066938499
0.5900814807363445,0.9966021066938499
0.5901408450704225,0.9966021066938499
0.5902002213502364,0.9966021066938499
0.5902596095793923,0.9966021066938499
0.5903190097614974,0.9966021066938499
0.590378421900161,0.9966021066938499
0.5904378459989934,0.9966021066938499
0.5904972820616066,0.9966021066938499
0.5905567300916138,0.9966021066938499
0.5906161900926299,0.9966021066938499
0.590675662068271,0.9966021066938499
0.590735146022155,0.9966021066938499
0.5907946419579011,0.9966021066938499
0.5908541498791298,0.9966021066938499
0.590913669789463,0.9966021066938499
0.5909732016925247,0.9966021066938499
0.5910327455919395,0.9966021066938499
0.5910923014913342,0.9966021066938499
0.5911518693943364,0.9966021066938499
0.5912114493045757,0.9966021066938499
0.5912710412256829,0.9966021066938499
0.5913306451612903,0.9966021066938499
0.5913902611150318,0.9966021066938499
0.5914498890905424,0.9966021066938499
0.5915095290914592,0.9966021066938499
0.5915691811214199,0.9966021066938499
0.5916288451840646,0.9966021066938499
0.5915876538228767,0.9964322120285423
0.5916473317865429,0.9964322120285423
0.5916061339790153,0.9962623173632348
0.5916658258500656,0.9962623173632348
0.5917255297679112,0.9962623173632348
0.5917852457361994,0.9962623173632348
0.5918449737585789,0.9962623173632348
0.5919047138386999,0.9962623173632348
0.591964465980214,0.9962623173632348
0.5920242301867743,0.9962623173632348
0.5920840064620355,0.9962623173632348
0.5921437948096536,0.9962623173632348
0.5922035952332863,0.9962623173632348
0.5922634077365923,0.9962623173632348
0.5923232323232324,0.9962623173632348
0.5923830689968683,0.9962623173632348
0.5924429177611639,0.9962623173632348
0.5925027786197837,0.9962623173632348
0.5925626515763945,0.9962623173632348
0.592622536634664,0.9962623173632348
0.5926824337982616,0.9962623173632348
0.5927423430708582,0.9962623173632348
0.5928022644561262,0.9962623173632348
0.5928621979577393,0.9962623173632348
0.5929221435793731,0.9962623173632348
0.5929821013247042,0.9962623173632348
0.593042071197411,0.9962623173632348
0.5931020532011733,0.9962623173632348
0.5931620473396723,0.9962623173632348
0.5932220536165907,0.9962623173632348
0.5932820720356131,0.9962623173632348
0.593342102600425,0.9962623173632348
0.5934021453147136,0.9962623173632348
0.5934622001821678,0.9962623173632348
0.5935222672064777,0.9962623173632348
0.5935823463913351,0.9962623173632348
0.5936424377404332,0.9962623173632348
0.5937025412574668,0.9962623173632348
0.5937626569461321,0.9962623173632348
0.5938227848101266,0.9962623173632348
0.5938829248531496,0.9962623173632348
0.593943077078902,0.9962623173632348
0.5940032414910859,0.9962623173632348
0.5940634180934049,0.9962623173632348
0.5941236068895643,0.9962623173632348
0.5941838078832709,0.9962623173632348
0.5942440210782327,0.9962623173632348
0.5943042464781595,0.9962623173632348
0.5943644840867626,0.9962623173632348
0.5944247339077547,0.9962623173632348
0.5944849959448499,0.9962623173632348
0.5945452702017642,0.9962623173632348
0.5946055566822146,0.9962623173632348
0.5946658553899199,0.9962623173632348
0.5947261663286004,0.9962623173632348
0.5947864895019779,0.9962623173632348
0.5948468249137756,0.9962623173632348
0.5949071725677184,0.9962623173632348
0.5949675324675324,0.9962623173632348
0.5950279046169457,0.9962623173632348
0.5950882890196875,0.9962623173632348
0.5951486856794885,0.9962623173632348
0.5952090946000812,0.9962623173632348
0.5952695157851995,0.9962623173632348
0.5953299492385786,0.9962623173632348
0.5953903949639557,0.9962623173632348
0.595450852965069,0.9962623173632348
0.5955113232456586,0.9962623173632348
0.5955718058094658,0.9962623173632348
0.5956323006602336,0.9962623173632348
0.5956928078017066,0.9962623173632348
0.5957533272376309,0.9962623173632348
0.5958138589717538,0.9962623173632348
0.5958744030078245,0.9962623173632348
0.5959349593495935,0.9962623173632348
0.5959955280008131,0.9962623173632348
0.5960561089652369,0.9962623173632348
0.59611670224662,0.9962623173632348
0.596177307848719,0.9962623173632348
0.5962379257752923,0.9962623173632348
0.5962985560300996,0.9962623173632348
0.5963591986169022,0.9962623173632348
0.596419853539463,0.9962623173632348
0.5964805208015461,0.9962623173632348
0.5965412004069176,0.9962623173632348
0.5966018923593448,0.9962623173632348
0.5966625966625967,0.9962623173632348
0.5967233133204437,0.9962623173632348
0.5967840423366578,0.9962623173632348
0.5968447837150127,0.9962623173632348
0.5969055374592834,0.9962623173632348
0.5969663035732464,0.9962623173632348
0.5970270820606801,0.9962623173632348
0.597087872925364,0.9962623173632348
0.5971486761710795,0.9962623173632348
0.5972094918016091,0.9962623173632348
0.5972703198207374,0.9962623173632348
0.5973311602322502,0.9962623173632348
0.5973920130399348,0.9962623173632348
0.5974528782475802,0.9962623173632348
0.5975137558589769,0.9962623173632348
0.5975746458779171,0.9962623173632348
0.5976355483081941,0.9962623173632348
0.5976964631536031,0.9962623173632348
0.5977573904179408,0.9962623173632348
0.5978183301050056,0.9962623173632348
0.5978792822185971,0.9962623173632348
0.5979402467625166,0.9962623173632348
0.598001223740567,0.9962623173632348
0.5980622131565527,0.9962623173632348
0.5981232150142799,0.9962623173632348
0.5981842293175559,0.9962623173632348
0.5982452560701897,0.9962623173632348
0.5983062952759922,0.9962623173632348
0.5983673469387755,0.9962623173632348
0.5984284110623533,0.9962623173632348
0.5984894876505409,0.9962623173632348
0.5985505767071553,0.9962623173632348
0.5986116782360147,0.9962623173632348
0.5986727922409393,0.9962623173632348
0.5987339187257504,0.9962623173632348
0.5987950576942714,0.9962623173632348
0.5988562091503268,0.9962623173632348
0.5989173730977428,0.9962623173632348
0.5989785495403472,0.9962623173632348
0.5990397384819696,0.9962623173632348
0.5991009399264405,0.9962623173632348
0.5991621538775928,0.9962623173632348
0.5992233803392601,0.9962623173632348
0.5992846193152784,0.9962623173632348
0.5993458708094849,0.9962623173632348
0.5994071348257181,0.9962623173632348
0.5994684113678185,0.9962623173632348
0.5995297004396278,0.9962623173632348
0.5995910020449898,0.9962623173632348
0.5996523161877493,0.9962623173632348
0.5997136428717529,0.9962623173632348
0.5997749821008489,0.9962623173632348
0.599836333878887,0.9962623173632348
0.5998976982097187,0.9962623173632348
0.5999590750971966,0.9962623173632348
0.6000204645451754,0.9962623173632348
0.6000818665575113,0.9962623173632348
0.6001432811380616,0.9962623173632348
0.6002047082906857,0.9962623173632348
0.6002661480192445,0.9962623173632348
0.6003276003276004,0.9962623173632348
0.6003890652196171,0.9962623173632348
0.6004505426991603,0.9962623173632348
0.6005120327700972,0.9962623173632348
0.6005735354362965,0.9962623173632348
0.6006350507016286,0.9962623173632348
0.6006965785699652,0.9962623173632348
0.6007581190451798,0.9962623173632348
0.6008196721311475,0.9962623173632348
0.6008812378317451,0.9962623173632348
0.6009428161508505,0.9962623173632348
0.6010044070923439,0.9962623173632348
0.6010660106601066,0.9962623173632348
0.6011276268580216,0.9962623173632348
0.6011892556899734,0.9962623173632348
0.6012508971598483,0.9962623173632348
0.601312551271534,0.9962623173632348
0.6013742180289201,0.9962623173632348
0.6014358974358974,0.9962623173632348
0.6014975894963586,0.9962623173632348
0.6015592942141977,0.9962623173632348
0.6016210115933107,0.9962623173632348
0.6016827416375949,0.9962623173632348
0.6017444843509492,0.9962623173632348
0.6018062397372742,0.9962623173632348
0.6018680078004721,0.9962623173632348
0.6019297885444467,0.9962623173632348
0.6019915819731034,0.9962623173632348
0.602053388090349,0.9962623173632348
0.6021152069000925,0.9962623173632348
0.6021770384062436,0.9962623173632348
0.6022388826127144,0.9962623173632348
0.6023007395234182,0.9962623173632348
0.6023626091422701,0.9962623173632348
0.6024244914731868,0.9962623173632348
0.6024863865200863,0.9962623173632348
0.6025482942868886,0.9962623173632348
0.6026102147775152,0.9962623173632348
0.602672147995889,0.9962623173632348
0.6027340939459348,0.9962623173632348
0.602796052631579,0.9962623173632348
0.6028580240567493,0.9962623173632348
0.6029200082253753,0.9962623173632348
0.6029820051413882,0.9962623173632348
0.6030440148087207,0.9962623173632348
0.6031060372313072,0.9962623173632348
0.6031680724130837,0.9962623173632348
0.6032301203579878,0.9962623173632348
0.6032921810699589,0.9962623173632348
0.6033542545529376,0.9962623173632348
0.6034163408108665,0.9962623173632348
0.6034784398476896,0.9962623173632348
0.6035405516673528,0.9962623173632348
0.6036026762738034,0.9962623173632348
0.6036648136709903,0.9962623173632348
0.6037269638628642,0.9962623173632348
0.6037891268533773,0.9962623173632348
0.6038513026464833,0.9962623173632348
0.603913491246138,0.9962623173632348
0.6039756926562982,0.9962623173632348
0.604037906880923,0.9962623173632348
0.6041001339239724,0.9962623173632348
0.6041623737894086,0.9962623173632348
0.6042246264811952,0.9962623173632348
0.6042868920032977,0.9962623173632348
0.6043491703596826,0.9962623173632348
0.6044114615543187,0.9962623173632348
0.6044737655911762,0.9962623173632348
0.6045360824742269,0.9962623173632348
0.604598412207444,0.9962623173632348
0.6046607547948031,0.9962623173632348
0.6047231102402805,0.9962623173632348
0.6047854785478548,0.9962623173632348
0.6047447137699845,0.9960924226979273
0.6048070971735093,0.9960924226979273
0.6048694934488806,0.9960924226979273
0.6049319026000826,0.9960924226979273
0.604994324631101,0.9960924226979273
0.6050567595459236,0.9960924226979273
0.6051192073485396,0.9960924226979273
0.6051816680429397,0.9960924226979273
0.6052441416331166,0.9960924226979273
0.6053066281230642,0.9960924226979273
0.6053691275167785,0.9960924226979273
0.6054316398182569,0.9960924226979273
0.6054941650314986,0.9960924226979273
0.605556703160504,0.9960924226979273
0.6056192542092759,0.9960924226979273
0.6056818181818182,0.9960924226979273
0.6057443950821366,0.9960924226979273
0.6058069849142385,0.9960924226979273
0.6058695876821328,0.9960924226979273
0.6059322033898306,0.9960924226979273
0.6059948320413436,0.9960924226979273
0.6060574736406864,0.9960924226979273
0.6061201281918743,0.9960924226979273
0.6061827956989247,0.9960924226979273
0.6062454761658567,0.9960924226979273
0.6063081695966908,0.9960924226979273
0.6063708759954494,0.9960924226979273
0.6064335953661564,0.9960924226979273
0.6064963277128375,0.9960924226979273
0.60655907303952,0.9960924226979273
0.6066218313502328,0.9960924226979273
0.6066846026490066,0.9960924226979273
0.6067473869398737,0.9960924226979273
0.6068101842268682,0.9960924226979273
0.6068729945140254,0.9960924226979273
0.606935817805383,0.9960924226979273
0.6069986541049798,0.9960924226979273
0.6070615034168565,0.9960924226979273
0.6071243657450553,0.9960924226979273
0.6071872410936205,0.9960924226979273
0.6072501294665976,0.9960924226979273
0.607313030868034,0.9960924226979273
0.6073759453019787,0.9960924226979273
0.6074388727724824,0.9960924226979273
0.6075018132835975,0.9960924226979273
0.6075647668393782,0.9960924226979273
0.6076277334438802,0.9960924226979273
0.6076907131011609,0.9960924226979273
0.6077537058152793,0.9960924226979273
0.6078167115902965,0.9960924226979273
0.6078797304302748,0.9960924226979273
0.6079427623392784,0.9960924226979273
0.608005807321373,0.9960924226979273
0.6080688653806264,0.9960924226979273
0.6081319365211078,0.9960924226979273
0.6081950207468879,0.9960924226979273
0.6082581180620397,0.9960924226979273
0.6083212284706371,0.9960924226979273
0.6083843519767562,0.9960924226979273
0.6084474885844748,0.9960924226979273
0.6085106382978723,0.9960924226979273
0.6085738011210297,0.9960924226979273
0.6086369770580297,0.9960924226979273
0.6087001661129569,0.9960924226979273
0.6087633682898972,0.9960924226979273
0.6088265835929387,0.9960924226979273
0.608889812026171,0.9960924226979273
0.6089530535936851,0.9960924226979273
0.6090163082995741,0.9960924226979273
0.6090795761479327,0.9960924226979273
0.6091428571428571,0.9960924226979273
0.6092061512884456,0.9960924226979273
0.6092694585887977,0.9960924226979273
0.609332779048015,0.9960924226979273
0.6093961126702006,0.9960924226979273
0.6094594594594595,0.9960924226979273
0.6095228194198982,0.9960924226979273
0.6095861925556249,0.9960924226979273
0.6096495788707497,0.9960924226979273
0.6097129783693843,0.9960924226979273
0.6097763910556422,0.9960924226979273
0.6098398169336384,0.9960924226979273
0.6099032560074898,0.9960924226979273
0.609966708281315,0.9960924226979273
0.6100301737592342,0.9960924226979273
0.6100936524453694,0.9960924226979273
0.6101571443438443,0.9960924226979273
0.6102206494587843,0.9960924226979273
0.6102841677943166,0.9960924226979273
0.61034769935457,0.9960924226979273
0.6104112441436752,0.9960924226979273
0.6104748021657642,0.9960924226979273
0.6105383734249714,0.9960924226979273
0.6106019579254321,0.9960924226979273
0.6106655556712842,0.9960924226979273
0.6107291666666667,0.9960924226979273
0.6107927909157204,0.9960924226979273
0.610856428422588,0.9960924226979273
0.610920079191414,0.9960924226979273
0.6109837432263443,0.9960924226979273
0.6110474205315268,0.9960924226979273
0.6111111111111112,0.9960924226979273
0.6111748149692484,0.9960924226979273
0.6112385321100917,0.9960924226979273
0.6113022625377958,0.9960924226979273
0.6113660062565172,0.9960924226979273
0.611429763270414,0.9960924226979273
0.6114935335836462,0.9960924226979273
0.6115573172003755,0.9960924226979273
0.6116211141247653,0.9960924226979273
0.6116849243609807,0.9960924226979273
0.6117487479131887,0.9960924226979273
0.6118125847855578,0.9960924226979273
0.6118764349822584,0.9960924226979273
0.6119402985074627,0.9960924226979273
0.6120041753653445,0.9960924226979273
0.6120680655600793,0.9960924226979273
0.6121319690958447,0.9960924226979273
0.6121958859768195,0.9960924226979273
0.6122598162071846,0.9960924226979273
0.6123237597911227,0.9960924226979273
0.612387716732818,0.9960924226979273
0.6124516870364567,0.9960924226979273
0.6125156707062265,0.9960924226979273
0.612579667746317,0.9960924226979273
0.6126436781609196,0.9960924226979273
0.6127077019542272,0.9960924226979273
0.6127717391304348,0.9960924226979273
0.6128357896937389,0.9960924226979273
0.6128998536483379,0.9960924226979273
0.6129639309984318,0.9960924226979273
0.6130280217482225,0.9960924226979273
0.6130921259019136,0.9960924226979273
0.6131562434637106,0.9960924226979273
0.6132203744378203,0.9960924226979273
0.6132845188284519,0.9960924226979273
0.6133486766398158,0.9960924226979273
0.6134128478761247,0.9960924226979273
0.6134770325415926,0.9960924226979273
0.6135412306404353,0.9960924226979273
0.6136054421768707,0.9960924226979273
0.6136696671551183,0.9960924226979273
0.6137339055793991,0.9960924226979273
0.6137981574539364,0.9960924226979273
0.6138624227829547,0.9960924226979273
0.6139267015706806,0.9960924226979273
0.6139909938213426,0.9960924226979273
0.6140552995391705,0.9960924226979273
0.6141196187283964,0.9960924226979273
0.6141839513932538,0.9960924226979273
0.614248297537978,0.9960924226979273
0.6143126571668064,0.9960924226979273
0.6143770302839778,0.9960924226979273
0.614441416893733,0.9960924226979273
0.6145058170003145,0.9960924226979273
0.6145702306079665,0.9960924226979273
0.6146346577209351,0.9960924226979273
0.6146990983434683,0.9960924226979273
0.6147635524798154,0.9960924226979273
0.6148280201342282,0.9960924226979273
0.6148925013109596,0.9960924226979273
0.6149569960142648,0.9960924226979273
0.6150215042484003,0.9960924226979273
0.6150860260176249,0.9960924226979273
0.6151505613261987,0.9960924226979273
0.615215110178384,0.9960924226979273
0.6152796725784447,0.9960924226979273
0.6153442485306465,0.9960924226979273
0.6154088380392568,0.9960924226979273
0.6154734411085451,0.9960924226979273
0.6155380577427821,0.9960924226979273
0.6156026879462411,0.9960924226979273
0.6156673317231964,0.9960924226979273
0.6157319890779248,0.9960924226979273
0.6157966600147043,0.9960924226979273
0.6158613445378152,0.9960924226979273
0.615926042651539,0.9960924226979273
0.6159907543601597,0.9960924226979273
0.6160554796679626,0.9960924226979273
0.6161202185792349,0.9960924226979273
0.6161849710982659,0.9960924226979273
0.6162497372293462,0.9960924226979273
0.6163145169767686,0.9960924226979273
0.6163793103448276,0.9960924226979273
0.6164441173378193,0.9960924226979273
0.616508937960042,0.9960924226979273
0.6165737722157956,0.9960924226979273
0.6166386201093815,0.9960924226979273
0.6167034816451036,0.9960924226979273
0.6167683568272669,0.9960924226979273
0.6168332456601788,0.9960924226979273
0.6168981481481481,0.9960924226979273
0.6169630642954856,0.9960924226979273
0.6170279941065039,0.9960924226979273
0.6170929375855173,0.9960924226979273
0.6171578947368421,0.9960924226979273
0.6172228655647963,0.9960924226979273
0.6172878500736997,0.9960924226979273
0.6173528482678741,0.9960924226979273
0.6174178601516428,0.9960924226979273
0.6174828857293312,0.9960924226979273
0.6175479250052665,0.9960924226979273
0.6176129779837776,0.9960924226979273
0.6176780446691951,0.9960924226979273
0.6177431250658518,0.9960924226979273
0.6178082191780822,0.9960924226979273
0.6178733270102224,0.9960924226979273
0.6179384485666105,0.9960924226979273
0.6180035838515864,0.9960924226979273
0.6180687328694919,0.9960924226979273
0.6181338956246706,0.9960924226979273
0.6181990721214677,0.9960924226979273
0.6182642623642307,0.9960924226979273
0.6183294663573086,0.9960924226979273
0.6183946841050522,0.9960924226979273
0.6184599156118143,0.9960924226979273
0.6185251608819495,0.9960924226979273
0.6185904199198143,0.9960924226979273
0.6186556927297668,0.9960924226979273
0.6187209793161672,0.9960924226979273
0.6187862796833773,0.9960924226979273
0.618851593835761,0.9960924226979273
0.618916921777684,0.9960924226979273
0.6189822635135135,0.9960924226979273
0.6190476190476191,0.9960924226979273
0.6191129883843717,0.9960924226979273
0.6191783715281445,0.9960924226979273
0.6192437684833122,0.9960924226979273
0.6193091792542517,0.9960924226979273
0.6193746038453413,0.9960924226979273
0.6194400422609614,0.9960924226979273
0.6195054945054945,0.9960924226979273
0.6195709605833245,0.9960924226979273
0.6196364404988375,0.9960924226979273
0.6197019342564211,0.9960924226979273
0.6197674418604651,0.9960924226979273
0.6198329633153611,0.9960924226979273
0.6198984986255022,0.9960924226979273
0.6199640477952839,0.9960924226979273
0.6200296108291032,0.9960924226979273
0.6200951877313591,0.9960924226979273
0.6201607785064523,0.9960924226979273
0.6202263831587855,0.9960924226979273
0.6202920016927634,0.9960924226979273
0.6203576341127923,0.9960924226979273
0.6204232804232804,0.9960924226979273
0.6204889406286379,0.9960924226979273
0.6205546147332769,0.9960924226979273
0.6206203027416111,0.9960924226979273
0.6206860046580563,0.9960924226979273
0.6207517204870302,0.9960924226979273
0.6208174502329521,0.9960924226979273
0.6208831939002436,0.9960924226979273
0.6209489514933277,0.9960924226979273
0.6210147230166296,0.9960924226979273
0.6210805084745763,0.9960924226979273
0.6211463078715965,0.9960924226979273
0.6212121212121212,0.9960924226979273
0.6212779485005828,0.9960924226979273
0.6213437897414159,0.9960924226979273
0.6214096449390567,0.9960924226979273
0.6214755140979437,0.9960924226979273
0.6215413972225167,0.9960924226979273
0.621607294317218,0.9960924226979273
0.6216732053864914,0.9960924226979273
0.6217391304347826,0.9960924226979273
0.6218050694665394,0.9960924226979273
0.6218710224862113,0.9960924226979273
0.6219369894982497,0.9960924226979273
0.622002970507108,0.9960924226979273
0.6220689655172413,0.9960924226979273
0.622134974533107,0.9960924226979273
0.6222009975591637,0.9960924226979273
0.6222670345998726,0.9960924226979273
0.6223330856596965,0.9960924226979273
0.6223991507430998,0.9960924226979273
0.6224652298545493,0.9960924226979273
0.6225313229985134,0.9960924226979273
0.6225974301794627,0.9960924226979273
0.6226635514018691,0.9960924226979273
0.6227296866702071,0.9960924226979273
0.6227958359889526,0.9960924226979273
0.6228619993625837,0.9960924226979273
0.6229281767955801,0.9960924226979273
0.6229943682924237,0.9960924226979273
0.6230605738575983,0.9960924226979273
0.6231267934955893,0.9960924226979273
0.6231930272108843,0.9960924226979273
0.6232592750079727,0.9960924226979273
0.623325536891346,0.9960924226979273
0.623391812865497,0.9960924226979273
0.6234581029349213,0.9960924226979273
0.6235244071041157,0.9960924226979273
0.6235907253775792,0.9960924226979273
0.6236570577598128,0.9960924226979273
0.6237234042553191,0.9960924226979273
0.623789764868603,0.9960924226979273
0.6238561396041711,0.9960924226979273
0.6239225284665318,0.9960924226979273
0.6239889314601959,0.9960924226979273
0.6240553485896754,0.9960924226979273
0.6241217798594848,0.9960924226979273
0.6241882252741403,0.9960924226979273
0.6241482112436116,0.9959225280326198
0.6242146736236822,0.9959225280326198
0.6242811501597444,0.9959225280326198
0.6243476408563212,0.9959225280326198
0.6244141457179377,0.9959225280326198
0.6244806647491211,0.9959225280326198
0.6245471979544002,0.9959225280326198
0.6246137453383058,0.9959225280326198
0.6246803069053708,0.9959225280326198
0.62474688266013,0.9959225280326198
0.6248134726071201,0.9959225280326198
0.6248800767508794,0.9959225280326198
0.6249466950959488,0.9959225280326198
0.6250133276468707,0.9959225280326198
0.6250799744081894,0.9959225280326198
0.6250399914684868,0.9957526333673122
0.6251066552901023,0.9957526333673122
0.6251733333333334,0.9957526333673122
0.625240025602731,0.9957526333673122
0.6253067321028486,0.9957526333673122
0.6253734528382415,0.9957526333673122
0.6254401878134671,0.9957526333673122
0.6254002134471718,0.9955827387020048
0.6254669655246025,0.9955827387020048
0.625533731853117,0.9955827387020048
0.6256005124372798,0.9955827387020048
0.6256673072816571,0.9955827387020048
0.6257341163908169,0.9955827387020048
0.6258009397693294,0.9955827387020048
0.6258677774217666,0.9955827387020048
0.6259346293527024,0.9955827387020048
0.6260014955667129,0.9955827387020048
0.6260683760683761,0.9955827387020048
0.6261352708622716,0.9955827387020048
0.6260953195127164,0.9954128440366973
0.6261622314844502,0.9954128440366973
0.6262291577597264,0.9954128440366973
0.626296098343132,0.9954128440366973
0.6262561471028437,0.9952429493713897
0.6263231048861327,0.9952429493713897
0.6263900769888794,0.9952429493713897
0.6264570634156774,0.9952429493713897
0.6265240641711229,0.9952429493713897
0.6265910792598138,0.9952429493713897
0.62665810868635,0.9952429493713897
0.6267251524553332,0.9952429493713897
0.6267922105713675,0.9952429493713897
0.6268592830390584,0.9952429493713897
0.6269263698630136,0.9952429493713897
0.6269934710478433,0.9952429493713897
0.6270605865981589,0.9952429493713897
0.627127716518574,0.9952429493713897
0.6271948608137045,0.9952429493713897
0.6272620194881678,0.9952429493713897
0.6272221032340972,0.9950730547060822
0.6272892792117383,0.9950730547060822
0.6273564695801199,0.9950730547060822
0.6274236743438671,0.9950730547060822
0.6274908935076066,0.9950730547060822
0.627558127075967,0.9950730547060822
0.6276253750535791,0.9950730547060822
0.6276926374450755,0.9950730547060822
0.6277599142550911,0.9950730547060822
0.6278272054882624,0.9950730547060822
0.6278945111492281,0.9950730547060822
0.6279618312426289,0.9950730547060822
0.6280291657731074,0.9950730547060822
0.6280965147453084,0.9950730547060822
0.6281638781638782,0.9950730547060822
0.6282312560334656,0.9950730547060822
0.6282986483587213,0.9950730547060822
0.6283660551442978,0.9950730547060822
0.6284334763948498,0.9950730547060822
0.6285009121150338,0.9950730547060822
0.6285683623095085,0.9950730547060822
0.6286358269829344,0.9950730547060822
0.6287033061399743,0.9950730547060822
0.6287707997852925,0.9950730547060822
0.6288383079235559,0.9950730547060822
0.628905830559433,0.9950730547060822
0.6289733676975945,0.9950730547060822
0.6290409193427129,0.9950730547060822
0.629108485499463,0.9950730547060822
0.6291760661725212,0.9950730547060822
0.6292436613665664,0.9950730547060822
0.6293112710862792,0.9950730547060822
0.6293788953363422,0.9950730547060822
0.6294465341214401,0.9950730547060822
0.6295141874462596,0.9950730547060822
0.6295818553154896,0.9950730547060822
0.6296495377338207,0.9950730547060822
0.6297172347059456,0.9950730547060822
0.6297849462365591,0.9950730547060822
0.6298526723303581,0.9950730547060822
0.6299204129920413,0.9950730547060822
0.6299881682263095,0.9950730547060822
0.6300559380378657,0.9950730547060822
0.6301237224314148,0.9950730547060822
0.6301915214116635,0.9950730547060822
0.6302593349833208,0.9950730547060822
0.6303271631510977,0.9950730547060822
0.6303950059197072,0.9950730547060822
0.6304628632938644,0.9950730547060822
0.6305307352782862,0.9950730547060822
0.6305986218776917,0.9950730547060822
0.6306665230968019,0.9950730547060822
0.6307344389403403,0.9950730547060822
0.6308023694130318,0.9950730547060822
0.6308703145196036,0.9950730547060822
0.6309382742647851,0.9950730547060822
0.6310062486533075,0.9950730547060822
0.6310742376899041,0.9950730547060822
0.6311422413793103,0.9950730547060822
0.6312102597262637,0.9950730547060822
0.6312782927355033,0.9950730547060822
0.6313463404117711,0.9950730547060822
0.6314144027598103,0.9950730547060822
0.6314824797843666,0.9950730547060822
0.6315505714901877,0.9950730547060822
0.6316186778820231,0.9950730547060822
0.6316867989646247,0.9950730547060822
0.6317549347427462,0.9950730547060822
0.6318230852211435,0.9950730547060822
0.6318912504045744,0.9950730547060822
0.6319594302977989,0.9950730547060822
0.632027624905579,0.9950730547060822
0.6320958342326786,0.9950730547060822
0.632164058283864,0.9950730547060822
0.6322322970639033,0.9950730547060822
0.6323005505775666,0.9950730547060822
0.6323688188296265,0.9950730547060822
0.6324371018248569,0.9950730547060822
0.6325053995680345,0.9950730547060822
0.6325737120639378,0.9950730547060822
0.6326420393173472,0.9950730547060822
0.6327103813330452,0.9950730547060822
0.6327787381158168,0.9950730547060822
0.6328471096704484,0.9950730547060822
0.632915496001729,0.9950730547060822
0.6329838971144494,0.9950730547060822
0.6330523130134025,0.9950730547060822
0.6331207437033834,0.9950730547060822
0.6331891891891892,0.9950730547060822
0.633257649475619,0.9950730547060822
0.6333261245674741,0.9950730547060822
0.6333946144695577,0.9950730547060822
0.6334631191866753,0.9950730547060822
0.6335316387236344,0.9950730547060822
0.6336001730852445,0.9950730547060822
0.6336687222763172,0.9950730547060822
0.6337372863016663,0.9950730547060822
0.6338058651661076,0.9950730547060822
0.6338744588744589,0.9950730547060822
0.6339430674315402,0.9950730547060822
0.6340116908421737,0.9950730547060822
0.6340803291111833,0.9950730547060822
0.6341489822433954,0.9950730547060822
0.6342176502436383,0.9950730547060822
0.6342863331167424,0.9950730547060822
0.6343550308675403,0.9950730547060822
0.6344237435008665,0.9950730547060822
0.6344924710215578,0.9950730547060822
0.6345612134344528,0.9950730547060822
0.6346299707443926,0.9950730547060822
0.6346987429562202,0.9950730547060822
0.6347675300747805,0.9950730547060822
0.6348363321049209,0.9950730547060822
0.6349051490514905,0.9950730547060822
0.6349739809193409,0.9950730547060822
0.6350428277133254,0.9950730547060822
0.6351116894382998,0.9950730547060822
0.6351805660991215,0.9950730547060822
0.6352494577006508,0.9950730547060822
0.6353183642477492,0.9950730547060822
0.635387285745281,0.9950730547060822
0.6354562221981122,0.9950730547060822
0.6355251736111112,0.9950730547060822
0.6355941399891482,0.9950730547060822
0.6356631213370957,0.9950730547060822
0.6357321176598285,0.9950730547060822
0.6358011289622232,0.9950730547060822
0.6358701552491586,0.9950730547060822
0.6359391965255158,0.9950730547060822
0.6360082527961777,0.9950730547060822
0.6360773240660296,0.9950730547060822
0.6361464103399588,0.9950730547060822
0.6362155116228546,0.9950730547060822
0.6362846279196089,0.9950730547060822
0.6363537592351152,0.9950730547060822
0.6364229055742693,0.9950730547060822
0.6364920669419691,0.9950730547060822
0.6365612433431149,0.9950730547060822
0.6366304347826087,0.9950730547060822
0.6366996412653549,0.9950730547060822
0.6367688627962601,0.9950730547060822
0.6368380993802327,0.9950730547060822
0.6369073510221835,0.9950730547060822
0.6369766177270255,0.9950730547060822
0.6370458994996737,0.9950730547060822
0.6371151963450451,0.9950730547060822
0.6371845082680592,0.9950730547060822
0.6372538352736372,0.9950730547060822
0.637323177366703,0.9950730547060822
0.6373925345521819,0.9950730547060822
0.6374619068350021,0.9950730547060822
0.6375312942200936,0.9950730547060822
0.6376006967123884,0.9950730547060822
0.6376701143168209,0.9950730547060822
0.6377395470383276,0.9950730547060822
0.6378089948818468,0.9950730547060822
0.6378784578523198,0.9950730547060822
0.637947935954689,0.9950730547060822
0.6380174291938998,0.9950730547060822
0.6380869375748992,0.9950730547060822
0.6381564611026367,0.9950730547060822
0.6382259997820638,0.9950730547060822
0.6382955536181343,0.9950730547060822
0.6383651226158038,0.9950730547060822
0.6384347067800306,0.9950730547060822
0.6385043061157746,0.9950730547060822
0.6385739206279982,0.9950730547060822
0.6386435503216661,0.9950730547060822
0.6387131952017449,0.9950730547060822
0.6387828552732032,0.9950730547060822
0.6388525305410122,0.9950730547060822
0.6389222210101451,0.9950730547060822
0.6389919266855771,0.9950730547060822
0.6390616475722859,0.9950730547060822
0.639131383675251,0.9950730547060822
0.6392011349994543,0.9950730547060822
0.63927090154988,0.9950730547060822
0.6393406833315141,0.9950730547060822
0.639410480349345,0.9950730547060822
0.6394802926083634,0.9950730547060822
0.6395501201135619,0.9950730547060822
0.6396199628699356,0.9950730547060822
0.6396898208824814,0.9950730547060822
0.6397596941561988,0.9950730547060822
0.6398295826960891,0.9950730547060822
0.6398994865071561,0.9950730547060822
0.6399694055944056,0.9950730547060822
0.6400393399628456,0.9950730547060822
0.6401092896174864,0.9950730547060822
0.6401792545633402,0.9950730547060822
0.640249234805422,0.9950730547060822
0.6403192303487483,0.9950730547060822
0.6403892411983381,0.9950730547060822
0.6404592673592127,0.9950730547060822
0.6405293088363955,0.9950730547060822
0.6405993656349119,0.9950730547060822
0.64066943775979,0.9950730547060822
0.6407395252160595,0.9950730547060822
0.6408096280087527,0.9950730547060822
0.640879746142904,0.9950730547060822
0.64094987962355,0.9950730547060822
0.6410200284557295,0.9950730547060822
0.6410901926444834,0.9950730547060822
0.641160372194855,0.9950730547060822
0.6412305671118896,0.9950730547060822
0.6413007774006351,0.9950730547060822
0.641371003066141,0.9950730547060822
0.6414412441134596,0.9950730547060822
0.6415115005476452,0.9950730547060822
0.641581772373754,0.9950730547060822
0.6416520595968449,0.9950730547060822
0.6417223622219788,0.9950730547060822
0.6417926802542188,0.9950730547060822
0.6418630136986302,0.9950730547060822
0.6419333625602806,0.9950730547060822
0.6420037268442398,0.9950730547060822
0.64207410655558,0.9950730547060822
0.6421445016993751,0.9950730547060822
0.6422149122807017,0.9950730547060822
0.6422853383046386,0.9950730547060822
0.6423557797762667,0.9950730547060822
0.6424262367006691,0.9950730547060822
0.6424967090829311,0.9950730547060822
0.6425671969281405,0.9950730547060822
0.6426377002413869,0.9950730547060822
0.6427082190277625,0.9950730547060822
0.6427787532923617,0.9950730547060822
0.642849303040281,0.9950730547060822
0.6429198682766191,0.9950730547060822
0.6429904490064771,0.9950730547060822
0.6430610452349583,0.9950730547060822
0.6431316569671681,0.9950730547060822
0.6432022842082143,0.9950730547060822
0.643272926963207,0.9950730547060822
0.6433435852372583,0.9950730547060822
0.6434142590354828,0.9950730547060822
0.6434849483629972,0.9950730547060822
0.6435556532249204,0.9950730547060822
0.6436263736263736,0.9950730547060822
0.6436971095724805,0.9950730547060822
0.6437678610683667,0.9950730547060822
0.6438386281191602,0.9950730547060822
0.6437994722955145,0.9949031600407747
0.6438702583837274,0.9949031600407747
0.6439410600395865,0.9949031600407747
0.6440118772682283,0.9949031600407747
0.644082710074791,0.9949031600407747
0.6441535584644154,0.9949031600407747
0.6442244224422442,0.9949031600407747
0.6442953020134228,0.9949031600407747
0.6443661971830986,0.9949031600407747
0.6444371079564213,0.9949031600407747
0.6445080343385429,0.9949031600407747
0.6445789763346175,0.9949031600407747
0.6446499339498019,0.9949031600407747
0.6447209071892547,0.9949031600407747
0.644791896058137,0.9949031600407747
0.6448629005616121,0.9949031600407747
0.6449339207048458,0.9949031600407747
0.6450049564930058,0.9949031600407747
0.6450760079312624,0.9949031600407747
0.645147075024788,0.9949031600407747
0.6452181577787571,0.9949031600407747
0.6451790633608815,0.9947332653754672
0.6452501653074719,0.9947332653754672
0.6453212829273669,0.9947332653754672
0.6453924162257496,0.9947332653754672
0.6454635652078051,0.9947332653754672
0.6455347298787211,0.9947332653754672
0.6456059102436873,0.9947332653754672
0.6456771063078959,0.9947332653754672
0.6457483180765413,0.9947332653754672
0.6458195455548202,0.9947332653754672
0.6458907887479316,0.9947332653754672
0.6459620476610768,0.9947332653754672
0.6460333222994593,0.9947332653754672
0.6461046126682851,0.9947332653754672
0.6461759187727624,0.9947332653754672
0.6462472406181016,0.9947332653754672
0.6463185782095154,0.9947332653754672
0.646389931552219,0.9947332653754672
0.6464613006514298,0.9947332653754672
0.6465326855123675,0.9947332653754672
0.646604086140254,0.9947332653754672
0.6466755025403137,0.9947332653754672
0.6467469347177731,0.9947332653754672
0.6468183826778613,0.9947332653754672
0.6468898464258093,0.9947332653754672
0.6469613259668509,0.9947332653754672
0.6470328213062216,0.9947332653754672
0.64710433244916,0.9947332653754672
0.6471758594009064,0.9947332653754672
0.6472474021667035,0.9947332653754672
0.6473189607517966,0.9947332653754672
0.647390535161433,0.9947332653754672
0.6474621254008626,0.9947332653754672
0.6475337314753373,0.9947332653754672
0.6476053533901117,0.9947332653754672
0.6476769911504425,0.9947332653754672
0.6477486447615887,0.9947332653754672
0.6478203142288117,0.9947332653754672
0.6478919995573752,0.9947332653754672
0.6479637007525454,0.9947332653754672
0.6480354178195905,0.9947332653754672
0.6481071507637812,0.9947332653754672
0.6481788995903908,0.9947332653754672
0.6482506643046945,0.9947332653754672
0.6483224449119699,0.9947332653754672
0.6483942414174972,0.9947332653754672
0.6484660538265589,0.9947332653754672
0.6485378821444395,0.9947332653754672
0.6486097263764263,0.9947332653754672
0.6486815865278086,0.9947332653754672
0.6487534626038781,0.9947332653754672
0.6488253546099291,0.9947332653754672
0.6488972625512579,0.9947332653754672
0.6489691864331634,0.9947332653754672
0.6490411262609467,0.9947332653754672
0.6491130820399114,0.9947332653754672
0.6491850537753632,0.9947332653754672
0.6492570414726103,0.9947332653754672
0.6493290451369635,0.9947332653754672
0.6494010647737356,0.9947332653754672
0.6494731003882418,0.9947332653754672
0.6495451519857999,0.9947332653754672
0.6496172195717297,0.9947332653754672
0.6496893031513538,0.9947332653754672
0.6497614027299967,0.9947332653754672
0.6498335183129855,0.9947332653754672
0.6499056499056499,0.9947332653754672
0.6499777975133215,0.9947332653754672
0.6500499611413345,0.9947332653754672
0.6501221407950255,0.9947332653754672
0.6501943364797335,0.9947332653754672
0.6502665482007997,0.9947332653754672
0.6503387759635677,0.9947332653754672
0.6504110197733837,0.9947332653754672
0.650483279635596,0.9947332653754672
0.6505555555555556,0.9947332653754672
0.6506278475386154,0.9947332653754672
0.6507001555901312,0.9947332653754672
0.6507724797154607,0.9947332653754672
0.6508448199199645,0.9947332653754672
0.650917176209005,0.9947332653754672
0.6509895485879476,0.9947332653754672
0.6510619370621594,0.9947332653754672
0.6511343416370107,0.9947332653754672
0.6512067623178734,0.9947332653754672
0.6512791991101223,0.9947332653754672
0.6513516520191345,0.9947332653754672
0.6514241210502892,0.9947332653754672
0.6514966062089685,0.9947332653754672
0.6515691075005564,0.9947332653754672
0.6516416249304396,0.9947332653754672
0.6517141585040072,0.9947332653754672
0.6517867082266503,0.9947332653754672
0.6518592741037631,0.9947332653754672
0.6519318561407416,0.9947332653754672
0.6520044543429844,0.9947332653754672
0.6520770687158927,0.9947332653754672
0.6521496992648697,0.9947332653754672
0.6522223459953214,0.9947332653754672
0.6521836007130125,0.9945633707101597
0.6522562674094707,0.9945633707101597
0.6523289503008691,0.9945633707101597
0.6524016493926224,0.9945633707101597
0.6524743646901471,0.9945633707101597
0.652547096198863,0.9945633707101597
0.6526198439241917,0.9945633707101597
0.6526926078715576,0.9945633707101597
0.6527653880463872,0.9945633707101597
0.6528381844541095,0.9945633707101597
0.6529109971001561,0.9945633707101597
0.652983825989961,0.9945633707101597
0.6530566711289603,0.9945633707101597
0.6531295325225929,0.9945633707101597
0.6532024101763,0.9945633707101597
0.653275304095525,0.9945633707101597
0.6533482142857143,0.9945633707101597
0.653421140752316,0.9945633707101597
0.6534940835007814,0.9945633707101597
0.6535670425365636,0.9945633707101597
0.6536400178651184,0.9945633707101597
0.6537130094919039,0.9945633707101597
0.6537860174223811,0.9945633707101597
0.6538590416620127,0.9945633707101597
0.6539320822162645,0.9945633707101597
0.6540051390906044,0.9945633707101597
0.6540782122905028,0.9945633707101597
0.6541513018214326,0.9945633707101597
0.654224407688869,0.9945633707101597
0.6542975298982899,0.9945633707101597
0.6543706684551756,0.9945633707101597
0.6544438233650084,0.9945633707101597
0.6545169946332737,0.9945633707101597
0.6545901822654591,0.9945633707101597
0.6546633862670543,0.9945633707101597
0.6547366066435522,0.9945633707101597
0.6548098434004475,0.9945633707101597
0.6548830965432375,0.9945633707101597
0.6549563660774222,0.9945633707101597
0.6550296520085039,0.9945633707101597
0.6551029543419875,0.9945633707101597
0.65517627308338,0.9945633707101597
0.6552496082381912,0.9945633707101597
0.6553229598119333,0.9945633707101597
0.6552843708016122,0.9943934760448522
0.6553577426939873,0.9943934760448522
0.6554311310190369,0.9943934760448522
0.6555045357822824,0.9943934760448522
0.6555779569892473,0.9943934760448522
0.6556513946454576,0.9943934760448522
0.6557248487564419,0.9943934760448522
0.6557983193277311,0.9943934760448522
0.6558718063648588,0.9943934760448522
0.655945309873361,0.9943934760448522
0.656018829858776,0.9943934760448522
0.656092366326645,0.9943934760448522
0.6561659192825112,0.9943934760448522
0.6562394887319206,0.9943934760448522
0.6563130746804217,0.9943934760448522
0.6563866771335651,0.9943934760448522
0.6564602960969045,0.9943934760448522
0.6565339315759955,0.9943934760448522
0.6566075835763967,0.9943934760448522
0.6566812521036688,0.9943934760448522
0.6567549371633752,0.9943934760448522
0.6568286387610818,0.9943934760448522
0.6569023569023569,0.9943934760448522
0.6569760915927714,0.9943934760448522
0.6570498428378985,0.9943934760448522
0.6571236106433143,0.9943934760448522
0.657197395014597,0.9943934760448522
0.6572711959573273,0.9943934760448522
0.657345013477089,0.9943934760448522
0.6574188475794676,0.9943934760448522
0.6574926982700516,0.9943934760448522
0.657566565554432,0.9943934760448522
0.6576404494382022,0.9943934760448522
0.6577143499269581,0.9943934760448522
0.657788267026298,0.9943934760448522
0.6578622007418231,0.9943934760448522
0.6579361510791367,0.9943934760448522
0.6580101180438449,0.9943934760448522
0.6580841016415561,0.9943934760448522
0.6581581018778815,0.9943934760448522
0.6582321187584346,0.9943934760448522
0.6583061522888314,0.9943934760448522
0.6583802024746906,0.9943934760448522
0.6584542693216335,0.9943934760448522
0.6585283528352835,0.9943934760448522
0.658602453021267,0.9943934760448522
0.6586765698852127,0.9943934760448522
0.6587507034327519,0.9943934760448522
0.6588248536695183,0.9943934760448522
0.6588990206011482,0.9943934760448522
0.6589732042332808,0.9943934760448522
0.6590474045715573,0.9943934760448522
0.6591216216216216,0.9943934760448522
0.6591958553891204,0.9943934760448522
0.6592701058797026,0.9943934760448522
0.6593443730990199,0.9943934760448522
0.6594186570527264,0.9943934760448522
0.6594929577464789,0.9943934760448522
0.6595672751859365,0.9943934760448522
0.6595289079229122,0.9942235813795447
0.6596032461677187,0.9942235813795447
0.6596776011723594,0.9942235813795447
0.6597519729425029,0.9942235813795447
0.65982636148382,0.9942235813795447
0.6599007668019846,0.9942235813795447
0.6599751889026728,0.9942235813795447
0.6600496277915633,0.9942235813795447
0.6601240834743373,0.9942235813795447
0.6601985559566786,0.9942235813795447
0.660273045244274,0.9942235813795447
0.660347551342812,0.9942235813795447
0.6604220742579844,0.9942235813795447
0.6604966139954853,0.9942235813795447
0.6605711705610114,0.9942235813795447
0.6606457439602619,0.9942235813795447
0.6607203341989387,0.9942235813795447
0.6607949412827462,0.9942235813795447
0.6608695652173913,0.9942235813795447
0.6609442060085837,0.9942235813795447
0.6610188636620354,0.9942235813795447
0.6610935381834614,0.9942235813795447
0.6611682295785787,0.9942235813795447
0.6612429378531074,0.9942235813795447
0.6613176630127698,0.9942235813795447
0.6613924050632911,0.9942235813795447
0.661467164010399,0.9942235813795447
0.6616167326172979,0.9942235813795447
0.6616915422885572,0.9942235813795447
0.6617663688793396,0.9942235813795447
0.6618412123953856,0.9942235813795447
0.6619160728424386,0.9942235813795447
0.6619909502262443,0.9942235813795447
0.6620658445525512,0.9942235813795447
0.6621407558271102,0.9942235813795447
0.662215684055675,0.9942235813795447
0.6622906292440018,0.9942235813795447
0.6623655913978495,0.9942235813795447
0.6624405705229794,0.9942235813795447
0.6625155666251556,0.9942235813795447
0.6624773550724637,0.9940536867142372
0.662552372324765,0.9940536867142372
0.6626274065685164,0.9940536867142372
0.6627024578094914,0.9940536867142372
0.6627775260534663,0.9940536867142372
0.6628526113062195,0.9940536867142372
0.6629277135735328,0.9940536867142372
0.6630028328611898,0.9940536867142372
0.6630779691749773,0.9940536867142372
0.6631531225206846,0.9940536867142372
0.6632282929041033,0.9940536867142372
0.6633034803310283,0.9940536867142372
0.6633786848072563,0.9940536867142372
0.6634539063385871,0.9940536867142372
0.6635291449308233,0.9940536867142372
0.6636044005897698,0.9940536867142372
0.6636796733212341,0.9940536867142372
0.6637549631310267,0.9940536867142372
0.6638302700249603,0.9940536867142372
0.6639055940088505,0.9940536867142372
0.6639809350885156,0.9940536867142372
0.6640562932697764,0.9940536867142372
0.6641316685584563,0.9940536867142372
0.6642070609603814,0.9940536867142372
0.6642824704813806,0.9940536867142372
0.6643578971272851,0.9940536867142372
0.6644333409039291,0.9940536867142372
0.6645088018171493,0.9940536867142372
0.6645842798727851,0.9940536867142372
0.6646597750766784,0.9940536867142372
0.6647352874346739,0.9940536867142372
0.664810816952619,0.9940536867142372
0.6648863636363637,0.9940536867142372
0.6649619274917604,0.9940536867142372
0.6650375085246647,0.9940536867142372
0.6651131067409344,0.9940536867142372
0.6651887221464302,0.9940536867142372
0.6652643547470154,0.9940536867142372
0.6653400045485558,0.9940536867142372
0.6654156715569203,0.9940536867142372
0.66549135577798,0.9940536867142372
0.6655670572176089,0.9940536867142372
0.6656427758816837,0.9940536867142372
0.6657185117760838,0.9940536867142372
0.6657942649066909,0.9940536867142372
0.66587003527939,0.9940536867142372
0.6659458229000683,0.9940536867142372
0.6660216277746158,0.9940536867142372
0.6660974499089253,0.9940536867142372
0.6661732893088922,0.9940536867142372
0.6662491459804145,0.9940536867142372
0.666325019929393,0.9940536867142372
0.6664009111617312,0.9940536867142372
0.6664768196833353,0.9940536867142372
0.6665527455001139,0.9940536867142372
0.6666286886179789,0.9940536867142372
0.6667046490428441,0.9940536867142372
0.6667806267806268,0.9940536867142372
0.6668566218372464,0.9940536867142372
0.6669326342186254,0.9940536867142372
0.6670086639306886,0.9940536867142372
0.6670847109793638,0.9940536867142372
0.6671607753705815,0.9940536867142372
0.6672368571102748,0.9940536867142372
0.6673129562043796,0.9940536867142372
0.6673890726588343,0.9940536867142372
0.6674652064795802,0.9940536867142372
0.6675413576725613,0.9940536867142372
0.6676175262437243,0.9940536867142372
0.6676937121990186,0.9940536867142372
0.6677699155443962,0.9940536867142372
0.6678461362858121,0.9940536867142372
0.6679223744292238,0.9940536867142372
0.6679986299805913,0.9940536867142372
0.668074902945878,0.9940536867142372
0.6681511933310494,0.9940536867142372
0.668227501142074,0.9940536867142372
0.6683038263849229,0.9940536867142372
0.6683801690655701,0.9940536867142372
0.668456529189992,0.9940536867142372
0.6685329067641682,0.9940536867142372
0.6686093017940806,0.9940536867142372
0.6686857142857143,0.9940536867142372
0.6687621442450565,0.9940536867142372
0.6688385916780979,0.9940536867142372
0.668800731679433,0.9938837920489296
0.6688772010061742,0.9938837920489296
0.6689536878216124,0.9938837920489296
0.6690301921317475,0.9938837920489296
0.6691067139425826,0.9938837920489296
0.6691832532601235,0.9938837920489296
0.6692598100903787,0.9938837920489296
0.6693363844393593,0.9938837920489296
0.6694129763130793,0.9938837920489296
0.6694895857175555,0.9938837920489296
0.6695662126588073,0.9938837920489296
0.6696428571428571,0.9938837920489296
0.6697195191757298,0.9938837920489296
0.6697961987634532,0.9938837920489296
0.6698728959120577,0.9938837920489296
0.6699496106275767,0.9938837920489296
0.6700263429160462,0.9938837920489296
0.6701030927835051,0.9938837920489296
0.670179860235995,0.9938837920489296
0.6702566452795601,0.9938837920489296
0.6703334479202475,0.9938837920489296
0.6704102681641073,0.9938837920489296
0.670487106017192,0.9938837920489296
0.6705639614855571,0.9938837920489296
0.6706408345752608,0.9938837920489296
0.6707177252923642,0.9938837920489296
0.6707946336429309,0.9938837920489296
0.6708715596330275,0.9938837920489296
0.6709485032687235,0.9938837920489296
0.6710254645560908,0.9938837920489296
0.6711024435012045,0.9938837920489296
0.6711794401101423,0.9938837920489296
0.6712564543889845,0.9938837920489296
0.6713334863438145,0.9938837920489296
0.6714105359807184,0.9938837920489296
0.6714876033057852,0.9938837920489296
0.6715646883251062,0.9938837920489296
0.6716417910447762,0.9938837920489296
0.6717189114708921,0.9938837920489296
0.6717960496095544,0.9938837920489296
0.6718732054668657,0.9938837920489296
0.6719503790489317,0.9938837920489296
0.672027570361861,0.9938837920489296
0.6721047794117647,0.9938837920489296
0.672182006204757,0.9938837920489296
0.6722592507469547,0.9938837920489296
0.6723365130444776,0.9938837920489296
0.6724137931034483,0.9938837920489296
0.6724910909299919,0.9938837920489296
0.6725684065302369,0.9938837920489296
0.672645739910314,0.9938837920489296
0.672723091076357,0.9938837920489296
0.6728004600345026,0.9938837920489296
0.6728778467908902,0.9938837920489296
0.6729552513516622,0.9938837920489296
0.6730326737229636,0.9938837920489296
0.6731101139109423,0.9938837920489296
0.6731875719217492,0.9938837920489296
0.6732650477615376,0.9938837920489296
0.6733425414364641,0.9938837920489296
0.6733049384137216,0.9937138973836221
0.6733824545245222,0.9937138973836221
0.6734599884858952,0.9937138973836221
0.6735375403040074,0.9937138973836221
0.6736151099850283,0.9937138973836221
0.6736926975351302,0.9937138973836221
0.6737703029604885,0.9937138973836221
0.6738479262672811,0.9937138973836221
0.6739255674616892,0.9937138973836221
0.6740032265498963,0.9937138973836221
0.6739656563328339,0.9935440027183147
0.6740433379437529,0.9935440027183147
0.6741210374639769,0.9935440027183147
0.6741987548997003,0.9935440027183147
0.6742764902571198,0.9935440027183147
0.6743542435424354,0.9935440027183147
0.6744320147618499,0.9935440027183147
0.6745098039215687,0.9935440027183147
0.6745876110278002,0.9935440027183147
0.6746654360867559,0.9935440027183147
0.6747432791046498,0.9935440027183147
0.674821140087699,0.9935440027183147
0.6748990190421235,0.9935440027183147
0.6749769159741459,0.9935440027183147
0.675054830889992,0.9935440027183147
0.6750173170168552,0.9933741080530072
0.6750952545895393,0.9933741080530072
0.6751732101616628,0.9933741080530072
0.6752511837394618,0.9933741080530072
0.6753291753291754,0.9933741080530072
0.6754071849370452,0.9933741080530072
0.675485212569316,0.9933741080530072
0.6755632582322357,0.9933741080530072
0.6756413219320545,0.9933741080530072
0.675719403675026,0.9933741080530072
0.6757975034674064,0.9933741080530072
0.6758756213154549,0.9933741080530072
0.6759537572254335,0.9933741080530072
0.6760319112036074,0.9933741080530072
0.6761100832562442,0.9933741080530072
0.6761882733896148,0.9933741080530072
0.676266481609993,0.9933741080530072
0.6763447079236553,0.9933741080530072
0.6764229523368811,0.9933741080530072
0.6765012148559528,0.9933741080530072
0.6765794954871558,0.9933741080530072
0.6766577942367782,0.9933741080530072
0.6766203703703704,0.9932042133876996
0.6766986919782382,0.9932042133876996
0.6767770317203057,0.9932042133876996
0.6768553896028714,0.9932042133876996
0.6769337656322372,0.9932042133876996
0.6770121598147076,0.9932042133876996
0.6770905721565902,0.9932042133876996
0.6771690026641956,0.9932042133876996
0.6772474513438369,0.9932042133876996
0.6773259182018306,0.9932042133876996
0.6774044032444959,0.9932042133876996
0.677482906478155,0.9932042133876996
0.6775614279091331,0.9932042133876996
0.677639967543758,0.9932042133876996
0.6777185253883607,0.9932042133876996
0.6777971014492754,0.9932042133876996
0.6778756957328386,0.9932042133876996
0.6779543082453903,0.9932042133876996
0.678032938993273,0.9932042133876996
0.6781115879828327,0.9932042133876996
0.6781902552204176,0.9932042133876996
0.6782689407123796,0.9932042133876996
0.6783476444650731,0.9932042133876996
0.6784263664848555,0.9932042133876996
0.6785051067780873,0.9932042133876996
0.6785838653511318,0.9932042133876996
0.6786626422103552,0.9932042133876996
0.678741437362127,0.9932042133876996
0.6788202508128193,0.9932042133876996
0.6788990825688074,0.9932042133876996
0.6789779326364692,0.9932042133876996
0.6790568010221861,0.9932042133876996
0.679135687732342,0.9932042133876996
0.6792145927733241,0.9932042133876996
0.6792935161515222,0.9932042133876996
0.6793724578733294,0.9932042133876996
0.6794514179451417,0.9932042133876996
0.6795303963733581,0.9932042133876996
0.6796093931643804,0.9932042133876996
0.6796884083246134,0.9932042133876996
0.6797674418604651,0.9932042133876996
0.6798464937783463,0.9932042133876996
0.6799255640846709,0.9932042133876996
0.6800046527858555,0.9932042133876996
0.6800837598883201,0.9932042133876996
0.6801628853984875,0.9932042133876996
0.6802420293227833,0.9932042133876996
0.6803211916676365,0.9932042133876996
0.6804003724394786,0.9932042133876996
0.6804795716447445,0.9932042133876996
0.6805587892898719,0.9932042133876996
0.6806380253813017,0.9932042133876996
0.6807172799254774,0.9932042133876996
0.6807965529288459,0.9932042133876996
0.680875844397857,0.9932042133876996
0.6809551543389633,0.9932042133876996
0.6810344827586207,0.9932042133876996
0.6811138296632879,0.9932042133876996
0.6811931950594267,0.9932042133876996
0.6812725789535019,0.9932042133876996
0.6813519813519814,0.9932042133876996
0.6814314022613358,0.9932042133876996
0.6815108416880392,0.9932042133876996
0.6815902996385682,0.9932042133876996
0.6816697761194029,0.9932042133876996
0.6817492711370262,0.9932042133876996
0.681828784697924,0.9932042133876996
0.6819083168085851,0.9932042133876996
0.6819878674755017,0.9932042133876996
0.6820674367051686,0.9932042133876996
0.682147024504084,0.9932042133876996
0.682226630878749,0.9932042133876996
0.6823062558356676,0.9932042133876996
0.6823858993813471,0.9932042133876996
0.6824655615222974,0.9932042133876996
0.6825452422650321,0.9932042133876996
0.6826249416160672,0.9932042133876996
0.6827046595819222,0.9932042133876996
0.6827843961691193,0.9932042133876996
0.6828641513841841,0.9932042133876996
0.6829439252336449,0.9932042133876996
0.6830237177240331,0.9932042133876996
0.6831035288618836,0.9932042133876996
0.6831833586537338,0.9932042133876996
0.6832632071061243,0.9932042133876996
0.683343074225599,0.9932042133876996
0.6834229600187047,0.9932042133876996
0.6835028644919912,0.9932042133876996
0.6835827876520112,0.9932042133876996
0.683662729505321,0.9932042133876996
0.6837426900584795,0.9932042133876996
0.6838226693180489,0.9932042133876996
0.6839026672905943,0.9932042133876996
0.683982683982684,0.9932042133876996
0.6840627194008893,0.9932042133876996
0.6841427735517847,0.9932042133876996
0.6842228464419475,0.9932042133876996
0.6843029380779586,0.9932042133876996
0.6843830484664013,0.9932042133876996
0.6844631776138626,0.9932042133876996
0.6845433255269321,0.9932042133876996
0.6846234922122029,0.9932042133876996
0.6847036776762708,0.9932042133876996
0.684783881925735,0.9932042133876996
0.6848641049671977,0.9932042133876996
0.6848271821909784,0.9930343187223921
0.684907429107101,0.9930343187223921
0.6849876948318294,0.9930343187223921
0.6850679793717769,0.9930343187223921
0.68514828273356,0.9930343187223921
0.6852286049237983,0.9930343187223921
0.6853089459491147,0.9930343187223921
0.6853893058161351,0.9930343187223921
0.6854696845314883,0.9930343187223921
0.6855500821018062,0.9930343187223921
0.6856304985337244,0.9930343187223921
0.6857109338338808,0.9930343187223921
0.685791388008917,0.9930343187223921
0.6858718610654776,0.9930343187223921
0.6859523530102101,0.9930343187223921
0.6860328638497653,0.9930343187223921
0.686113393590797,0.9930343187223921
0.6861939422399624,0.9930343187223921
0.6862745098039216,0.9930343187223921
0.6863550962893377,0.9930343187223921
0.6864357017028773,0.9930343187223921
0.6865163260512098,0.9930343187223921
0.6865969693410079,0.9930343187223921
0.6866776315789473,0.9930343187223921
0.6867583127717072,0.9930343187223921
0.6868390129259695,0.9930343187223921
0.6869197320484193,0.9930343187223921
0.6870004701457452,0.9930343187223921
0.6870812272246385,0.9930343187223921
0.687162003291794,0.9930343187223921
0.6872427983539094,0.9930343187223921
0.6873236124176858,0.9930343187223921
0.6874044454898272,0.9930343187223921
0.6874852975770407,0.9930343187223921
0.6875661686860369,0.9930343187223921
0.6876470588235294,0.9930343187223921
0.6877279679962348,0.9930343187223921
0.6878088962108732,0.9930343187223921
0.6878898434741674,0.9930343187223921
0.6879708097928436,0.9930343187223921
0.6880517951736316,0.9930343187223921
0.6881327996232635,0.9930343187223921
0.6882138231484752,0.9930343187223921
0.6882948657560056,0.9930343187223921
0.6883759274525969,0.9930343187223921
0.6884570082449941,0.9930343187223921
0.6885381081399458,0.9930343187223921
0.6886192271442035,0.9930343187223921
0.6887003652645222,0.9930343187223921
0.6887815225076597,0.9930343187223921
0.6888626988803771,0.9930343187223921
0.6889438943894389,0.9930343187223921
0.6890251090416126,0.9930343187223921
0.6891063428436689,0.9930343187223921
0.6891875958023818,0.9930343187223921
0.6892688679245284,0.9930343187223921
0.6893501592168888,0.9930343187223921
0.6894314696862468,0.9930343187223921
0.6895127993393889,0.9930343187223921
0.6895941481831053,0.9930343187223921
0.6896755162241888,0.9930343187223921
0.689756903469436,0.9930343187223921
0.6898383099256462,0.9930343187223921
0.6899197355996223,0.9930343187223921
0.6900011804981703,0.9930343187223921
0.6900826446280992,0.9930343187223921
0.6901641279962215,0.9930343187223921
0.6902456306093528,0.9930343187223921
0.6903271524743121,0.9930343187223921
0.6904086935979211,0.9930343187223921
0.6904902539870054,0.9930343187223921
0.6905718336483931,0.9930343187223921
0.6906534325889164,0.9930343187223921
0.6907350508154101,0.9930343187223921
0.6908166883347122,0.9930343187223921
0.6908983451536643,0.9930343187223921
0.690980021279111,0.9930343187223921
0.6910617167179002,0.9930343187223921
0.6911434314768831,0.9930343187223921
0.6912251655629139,0.9930343187223921
0.6913069189828503,0.9930343187223921
0.6913886917435533,0.9930343187223921
0.6914704838518869,0.9930343187223921
0.6915522953147184,0.9930343187223921
0.6916341261389185,0.9930343187223921
0.691715976331361,0.9930343187223921
0.6917978458989229,0.9930343187223921
0.6918797348484849,0.9930343187223921
0.6918432579614064,0.9928644240570846
0.6919251716789012,0.9928644240570846
0.6920071047957371,0.9928644240570846
0.6920890573188062,0.9928644240570846
0.6921710292550042,0.9928644240570846
0.6922530206112296,0.9928644240570846
0.6923350313943846,0.9928644240570846
0.6924170616113744,0.9928644240570846
0.6924991112691077,0.9928644240570846
0.6925811803744963,0.9928644240570846
0.6926632689344554,0.9928644240570846
0.6927453769559033,0.9928644240570846
0.6928275044457617,0.9928644240570846
0.6929096514109556,0.9928644240570846
0.6929918178584134,0.9928644240570846
0.6930740037950665,0.9928644240570846
0.6931562092278496,0.9928644240570846
0.6932384341637011,0.9928644240570846
0.6933206786095623,0.9928644240570846
0.6934029425723778,0.9928644240570846
0.6934852260590958,0.9928644240570846
0.6935675290766674,0.9928644240570846
0.6936498516320475,0.9928644240570846
0.693613485280152,0.992694529391777
0.6936958328386561,0.992694529391777
0.6936594633103775,0.9925246347264696
0.6937418358864743,0.9925246347264696
0.6938242280285035,0.9925246347264696
0.6939066397434375,0.9925246347264696
0.6939890710382514,0.9925246347264696
0.6940715219199239,0.9925246347264696
0.6941539923954373,0.9925246347264696
0.6942364824717766,0.9925246347264696
0.6943189921559306,0.9925246347264696
0.6944015214548912,0.9925246347264696
0.6944840703756539,0.9925246347264696
0.694566638925217,0.9925246347264696
0.6946492271105826,0.9925246347264696
0.6947318349387561,0.9925246347264696
0.6948144624167459,0.9925246347264696
0.6948971095515641,0.9925246347264696
0.694979776350226,0.9925246347264696
0.6950624628197501,0.9925246347264696
0.6951451689671585,0.9925246347264696
0.6952278947994763,0.9925246347264696
0.6953106403237325,0.9925246347264696
0.6953934055469587,0.9925246347264696
0.6954761904761905,0.9925246347264696
0.6955589951184665,0.9925246347264696
0.6956418194808288,0.9925246347264696
0.6957246635703227,0.9925246347264696
0.6958075273939971,0.9925246347264696
0.6958904109589041,0.9925246347264696
0.6959733142720991,0.9925246347264696
0.696056237340641,0.9925246347264696
0.696139180171592,0.9925246347264696
0.6962221427720177,0.9925246347264696
0.6963051251489869,0.9925246347264696
0.6963881273095721,0.9925246347264696
0.6964711492608489,0.9925246347264696
0.6965541910098962,0.9925246347264696
0.6966372525637968,0.9925246347264696
0.6967203339296363,0.9925246347264696
0.6968034351145038,0.9925246347264696
0.6968865561254921,0.9925246347264696
0.696969696969697,0.9925246347264696
0.6970528576542179,0.9925246347264696
0.6971360381861575,0.9925246347264696
0.697219238572622,0.9925246347264696
0.697302458820721,0.9925246347264696
0.6973856989375672,0.9925246347264696
0.6974689589302769,0.9925246347264696
0.6975522388059702,0.9925246347264696
0.6976355385717697,0.9925246347264696
0.6977188582348023,0.9925246347264696
0.6978021978021978,0.9925246347264696
0.6978855572810895,0.9925246347264696
0.6979689366786141,0.9925246347264696
0.6980523360019119,0.9925246347264696
0.6981357552581262,0.9925246347264696
0.6982191944544042,0.9925246347264696
0.6983026535978962,0.9925246347264696
0.6983861326957561,0.9925246347264696
0.6984696317551411,0.9925246347264696
0.6985531507832118,0.9925246347264696
0.6986366897871322,0.9925246347264696
0.6987202487740701,0.9925246347264696
0.6988038277511962,0.9925246347264696
0.6988874267256849,0.9925246347264696
0.698971045704714,0.9925246347264696
0.6990546846954648,0.9925246347264696
0.6991383437051221,0.9925246347264696
0.6992220227408737,0.9925246347264696
0.6993057218099115,0.9925246347264696
0.6993894409194301,0.9925246347264696
0.6994731800766284,0.9925246347264696
0.699556939288708,0.9925246347264696
0.6996407185628742,0.9925246347264696
0.699724517906336,0.9925246347264696
0.6998083373263057,0.9925246347264696
0.6998921768299988,0.9925246347264696
0.6999760364246346,0.9925246347264696
0.7000599161174356,0.9925246347264696
0.700143815915628,0.9925246347264696
0.7002277358264414,0.9925246347264696
0.7003116758571086,0.9925246347264696
0.7003956360148663,0.9925246347264696
0.7004796163069544,0.9925246347264696
0.7005636167406164,0.9925246347264696
0.7006476373230991,0.9925246347264696
0.7007316780616528,0.9925246347264696
0.7008157389635317,0.9925246347264696
0.7008998200359928,0.9925246347264696
0.700983921286297,0.9925246347264696
0.7010680427217089,0.9925246347264696
0.7011521843494959,0.9925246347264696
0.7012363461769295,0.9925246347264696
0.7013205282112845,0.9925246347264696
0.7014047304598391,0.9925246347264696
0.7014889529298751,0.9925246347264696
0.7015731956286778,0.9925246347264696
0.7016574585635359,0.9925246347264696
0.7017417417417418,0.9925246347264696
0.7018260451705911,0.9925246347264696
0.7019103688573831,0.9925246347264696
0.7018745493871665,0.9923547400611621
0.7019588991707727,0.9923547400611621
0.7020432692307692,0.9923547400611621
0.7021276595744681,0.9923547400611621
0.7022120702091849,0.9923547400611621
0.7022965011422387,0.9923547400611621
0.7023809523809523,0.9923547400611621
0.7024654239326519,0.9923547400611621
0.7025499158046669,0.9923547400611621
0.7026344280043305,0.9923547400611621
0.7027189605389798,0.9923547400611621
0.7028035134159547,0.9923547400611621
0.7028880866425993,0.9923547400611621
0.7029726802262607,0.9923547400611621
0.7030572941742899,0.9923547400611621
0.7031419284940412,0.9923547400611621
0.7032265831928726,0.9923547400611621
0.7033112582781457,0.9923547400611621
0.7033959537572254,0.9923547400611621
0.7034806696374805,0.9923547400611621
0.7035654059262828,0.9923547400611621
0.7036501626310083,0.9923547400611621
0.7037349397590361,0.9923547400611621
0.7038197373177492,0.9923547400611621
0.7039045553145337,0.9923547400611621
0.7039893937567796,0.9923547400611621
0.7040742526518804,0.9923547400611621
0.7041591320072332,0.9923547400611621
0.7042440318302388,0.9923547400611621
0.7043289521283009,0.9923547400611621
0.7044138929088278,0.9923547400611621
0.7044988541792305,0.9923547400611621
0.7044632086851629,0.9921848453958546
0.704548196404874,0.9921848453958546
0.7046332046332047,0.9921848453958546
0.7047182333775793,0.9921848453958546
0.704803282645426,0.9921848453958546
0.7048883524441762,0.9921848453958546
0.7049734427812651,0.9921848453958546
0.7050585536641314,0.9921848453958546
0.7051436851002173,0.9921848453958546
0.7052288370969689,0.9921848453958546
0.7053140096618358,0.9921848453958546
0.7053992028022708,0.9921848453958546
0.7054844165257309,0.9921848453958546
0.7055696508396763,0.9921848453958546
0.7056549057515709,0.9921848453958546
0.7057401812688822,0.9921848453958546
0.7058254773990814,0.9921848453958546
0.7059107941496434,0.9921848453958546
0.7059961315280464,0.9921848453958546
0.7060814895417724,0.9921848453958546
0.7061668681983071,0.9921848453958546
0.7062522675051397,0.9921848453958546
0.7063376874697629,0.9921848453958546
0.7064231280996734,0.9921848453958546
0.7065085894023712,0.9921848453958546
0.7065940713853599,0.9921848453958546
0.7066795740561471,0.9921848453958546
0.7067650974222437,0.9921848453958546
0.7068506414911644,0.9921848453958546
0.7069362062704273,0.9921848453958546
0.7070217917675545,0.9921848453958546
0.7071073979900714,0.9921848453958546
0.7071930249455074,0.9921848453958546
0.7072786726413952,0.9921848453958546
0.7073643410852714,0.9921848453958546
0.7074500302846759,0.9921848453958546
0.7075357402471529,0.9921848453958546
0.7076214709802496,0.9921848453958546
0.7077072224915172,0.9921848453958546
0.7077929947885104,0.9921848453958546
0.7078787878787879,0.9921848453958546
0.7079646017699115,0.9921848453958546
0.7080504364694471,0.9921848453958546
0.7081362919849642,0.9921848453958546
0.708222168324036,0.9921848453958546
0.708308065494239,0.9921848453958546
0.7083939835031539,0.9921848453958546
0.7084799223583647,0.9921848453958546
0.7085658820674594,0.9921848453958546
0.7086518626380294,0.9921848453958546
0.7087378640776699,0.9921848453958546
0.7088238863939799,0.9921848453958546
0.7089099295945618,0.9921848453958546
0.7089959936870219,0.9921848453958546
0.7090820786789703,0.9921848453958546
0.7091681845780207,0.9921848453958546
0.7092543113917902,0.9921848453958546
0.7093404591278999,0.9921848453958546
0.7094266277939747,0.9921848453958546
0.709512817397643,0.9921848453958546
0.7095990279465371,0.9921848453958546
0.7096852594482926,0.9921848453958546
0.7097715119105493,0.9921848453958546
0.7098577853409506,0.9921848453958546
0.7099440797471432,0.9921848453958546
0.7100303951367781,0.9921848453958546
0.7101167315175098,0.9921848453958546
0.7102030888969962,0.9921848453958546
0.7102894672828995,0.9921848453958546
0.7103758666828853,0.9921848453958546
0.7104622871046229,0.9921848453958546
0.7105487285557853,0.9921848453958546
0.7106351910440496,0.9921848453958546
0.7107216745770962,0.9921848453958546
0.7108081791626095,0.9921848453958546
0.7108947048082775,0.9921848453958546
0.710981251521792,0.9921848453958546
0.7110678193108486,0.9921848453958546
0.7111544081831466,0.9921848453958546
0.711241018146389,0.9921848453958546
0.7113276492082826,0.9921848453958546
0.7114143013765379,0.9921848453958546
0.7115009746588694,0.9921848453958546
0.711587669062995,0.9921848453958546
0.7116743845966366,0.9921848453958546
0.7117611212675198,0.9921848453958546
0.711847879083374,0.9921848453958546
0.7119346580519322,0.9921848453958546
0.7120214581809314,0.9921848453958546
0.7121082794781124,0.9921848453958546
0.7121951219512195,0.9921848453958546
0.7122819856080009,0.9921848453958546
0.7123688704562088,0.9921848453958546
0.7124557765035989,0.9921848453958546
0.7125427037579307,0.9921848453958546
0.7126296522269676,0.9921848453958546
0.712716621918477,0.9921848453958546
0.7128036128402294,0.9921848453958546
0.712890625,0.9921848453958546
0.712977658405567,0.9921848453958546
0.7130647130647131,0.9921848453958546
0.7131517889852241,0.9921848453958546
0.7132388861748901,0.9921848453958546
0.7133260046415049,0.9921848453958546
0.7134131443928659,0.9921848453958546
0.7135003054367746,0.9921848453958546
0.7135874877810362,0.9921848453958546
0.7136746914334596,0.9921848453958546
0.7137619164018577,0.9921848453958546
0.7138491626940472,0.9921848453958546
0.7139364303178484,0.9921848453958546
0.7140237192810857,0.9921848453958546
0.7141110295915872,0.9921848453958546
0.7141983612571848,0.9921848453958546
0.7142857142857143,0.9921848453958546
0.7143730886850153,0.9921848453958546
0.7144604844629312,0.9921848453958546
0.7145479016273094,0.9921848453958546
0.714635340186001,0.9921848453958546
0.7147228001468608,0.9921848453958546
0.71468788249694,0.992014950730547
0.7147753703023626,0.992014950730547
0.7148628795298727,0.992014950730547
0.714827966205461,0.9918450560652395
0.7149155033063923,0.9918450560652395
0.715003061849357,0.9918450560652395
0.7150906418422343,0.9918450560652395
0.7150557393115277,0.9916751613999321
0.7151433472188189,0.9916751613999321
0.7152309765960054,0.9916751613999321
0.7153186274509804,0.9916751613999321
0.7154062997916412,0.9916751613999321
0.7154939936258887,0.9916751613999321
0.7155817089616281,0.9916751613999321
0.7156694458067681,0.9916751613999321
0.7157572041692213,0.9916751613999321
0.7158449840569046,0.9916751613999321
0.7159327854777383,0.9916751613999321
0.7160206084396468,0.9916751613999321
0.7161084529505582,0.9916751613999321
0.7161963190184049,0.9916751613999321
0.7162842066511228,0.9916751613999321
0.716372115856652,0.9916751613999321
0.716460046642936,0.9916751613999321
0.7165479990179229,0.9916751613999321
0.7166359729895642,0.9916751613999321
0.7167239685658153,0.9916751613999321
0.7168119857546359,0.9916751613999321
0.7169000245639892,0.9916751613999321
0.7169880850018425,0.9916751613999321
0.7170761670761671,0.9916751613999321
0.7171642707949379,0.9916751613999321
0.7172523961661342,0.9916751613999321
0.7173405431977388,0.9916751613999321
0.7174287118977385,0.9916751613999321
0.7173939766441303,0.9915052667346246
0.7174821735923285,0.9915052667346246
0.7175703922291897,0.9915052667346246
0.7176586325627152,0.9915052667346246
0.7177468946009101,0.9915052667346246
0.7178351783517836,0.9915052667346246
0.7178004674621725,0.991335372069317
0.717888779527559,0.991335372069317
0.7179771133259505,0.991335372069317
0.7180654688653704,0.991335372069317
0.7181538461538461,0.991335372069317
0.7182422451994092,0.991335372069317
0.7183306660100948,0.991335372069317
0.7184191085939424,0.991335372069317
0.7185075729589951,0.991335372069317
0.7185960591133005,0.991335372069317
0.7186845670649095,0.991335372069317
0.7187730968218773,0.991335372069317
0.7188616483922632,0.991335372069317
0.7189502217841302,0.991335372069317
0.7190388170055453,0.991335372069317
0.7191274340645797,0.991335372069317
0.7192160729693086,0.991335372069317
0.7193047337278107,0.991335372069317
0.7193934163481691,0.991335372069317
0.7194821208384711,0.991335372069317
0.7195708472068072,0.991335372069317
0.7196595954612728,0.991335372069317
0.7197483656099667,0.991335372069317
0.7198371576609919,0.991335372069317
0.7199259716224553,0.991335372069317
0.7200148075024679,0.991335372069317
0.7201036653091447,0.991335372069317
0.7201925450506048,0.991335372069317
0.720281446734971,0.991335372069317
0.7203703703703703,0.991335372069317
0.7203358439313495,0.9911654774040095
0.7204247962459867,0.9911654774040095
0.7205137705322959,0.9911654774040095
0.720602766798419,0.9911654774040095
0.7206917850525015,0.9911654774040095
0.7207808253026934,0.9911654774040095
0.7208698875571482,0.9911654774040095
0.7209589718240237,0.9911654774040095
0.7210480781114819,0.9911654774040095
0.7211372064276885,0.9911654774040095
0.7212263567808135,0.9911654774040095
0.7213155291790306,0.9911654774040095
0.7214047236305181,0.9911654774040095
0.7214939401434578,0.9911654774040095
0.7215831787260358,0.9911654774040095
0.7216724393864423,0.9911654774040095
0.7217617221328715,0.9911654774040095
0.7218510269735214,0.9911654774040095
0.7219403539165945,0.9911654774040095
0.722029702970297,0.9911654774040095
0.7221190741428395,0.9911654774040095
0.7222084674424363,0.9911654774040095
0.7222978828773059,0.9911654774040095
0.7223873204556711,0.9911654774040095
0.7223529411764706,0.990995582738702
0.7224424077285113,0.990995582738702
0.7225318964449399,0.990995582738702
0.722621407333994,0.990995582738702
0.7225870400198241,0.9908256880733946
0.7226765799256506,0.9908256880733946
0.7227661420250341,0.9908256880733946
0.7228557263262271,0.9908256880733946
0.7229453328374861,0.9908256880733946
0.7230349615670717,0.9908256880733946
0.7231246125232486,0.9908256880733946
0.7232142857142857,0.9908256880733946
0.723303981148456,0.9908256880733946
0.7233936988340363,0.9908256880733946
0.7234834387793078,0.9908256880733946
0.7235732009925558,0.9908256880733946
0.7236629854820698,0.9908256880733946
0.723752792256143,0.9908256880733946
0.7238426213230731,0.9908256880733946
0.7239324726911619,0.9908256880733946
0.7240223463687151,0.9908256880733946
0.7241122423640427,0.9908256880733946
0.7242021606854588,0.9908256880733946
0.7242921013412816,0.9908256880733946
0.7243820643398335,0.9908256880733946
0.724472049689441,0.9908256880733946
0.7245620573984346,0.9908256880733946
0.7246520874751491,0.9908256880733946
0.7247421399279235,0.9908256880733946
0.7248322147651006,0.9908256880733946
0.724922311995028,0.9908256880733946
0.7250124316260567,0.9908256880733946
0.7251025736665423,0.9908256880733946
0.7251927381248445,0.9908256880733946
0.7252829250093272,0.9908256880733946
0.7253731343283583,0.9908256880733946
0.7254633660903097,0.9908256880733946
0.7255536203035581,0.9908256880733946
0.7256438969764838,0.9908256880733946
0.7257341961174714,0.9908256880733946
0.7258245177349097,0.9908256880733946
0.7259148618371919,0.9908256880733946
0.7260052284327151,0.9908256880733946
0.7260956175298805,0.9908256880733946
0.7261860291370937,0.9908256880733946
0.7262764632627646,0.9908256880733946
0.726366919915307,0.9908256880733946
0.726457399103139,0.9908256880733946
0.7265479008346829,0.9908256880733946
0.7266384251183653,0.9908256880733946
0.7267289719626169,0.9908256880733946
0.7268195413758723,0.9908256880733946
0.7269101333665711,0.9908256880733946
0.7270007479431563,0.9908256880733946
0.7270913851140756,0.9908256880733946
0.7271820448877806,0.9908256880733946
0.7272727272727273,0.9908256880733946
0.7273634322773759,0.9908256880733946
0.7274541599101908,0.9908256880733946
0.7274201596806387,0.990655793408087
0.7275109170305677,0.990655793408087
0.7276016970301972,0.990655793408087
0.727692499688007,0.990655793408087
0.7277833250124813,0.990655793408087
0.7278741730121083,0.990655793408087
0.7279650436953807,0.990655793408087
0.7280559370707953,0.990655793408087
0.7281468531468531,0.990655793408087
0.7282377919320594,0.990655793408087
0.7283287534349238,0.990655793408087
0.7284197376639601,0.990655793408087
0.7285107446276862,0.990655793408087
0.7286017743346245,0.990655793408087
0.7286928267933017,0.990655793408087
0.7287839020122485,0.990655793408087
0.728875,0.990655793408087
0.7289661207650956,0.990655793408087
0.729057264316079,0.990655793408087
0.7290233837689133,0.9904858987427795
0.7291145572786393,0.9904858987427795
0.7292057535959975,0.9904858987427795
0.7292969727295472,0.9904858987427795
0.7293882146878519,0.9904858987427795
0.7294794794794794,0.9904858987427795
0.7295707671130022,0.9904858987427795
0.7296620775969962,0.9904858987427795
0.7297534109400425,0.9904858987427795
0.7298447671507261,0.9904858987427795
0.7299361462376361,0.9904858987427795
0.7299023290758828,0.990316004077472
0.7299937382592361,0.990316004077472
0.7300851703406813,0.990316004077472
0.7301766253288238,0.990316004077472
0.7302681032322726,0.990316004077472
0.7303596040596416,0.990316004077472
0.7303258145363408,0.9901461094121644
0.7304173455320215,0.9901461094121644
0.7305088994735522,0.9901461094121644
0.7306004763695625,0.9901461094121644
0.730692076228686,0.9901461094121644
0.7307836990595611,0.9901461094121644
0.7308753448708302,0.9901461094121644
0.7309670136711401,0.9901461094121644
0.731058705469142,0.9901461094121644
0.7310249654999372,0.9899762147468569
0.7311166875784191,0.9899762147468569
0.7312084326766219,0.9899762147468569
0.7313002008032129,0.9899762147468569
0.7313919919668633,0.9899762147468569
0.7314838061762491,0.9899762147468569
0.7315756434400502,0.9899762147468569
0.7316675037669513,0.9899762147468569
0.731759387165641,0.9899762147468569
0.7318512936448128,0.9899762147468569
0.7319432232131642,0.9899762147468569
0.732035175879397,0.9899762147468569
0.7321271516522176,0.9899762147468569
0.7322191505403368,0.9899762147468569
0.7323111725524695,0.9899762147468569
0.7324032176973353,0.9899762147468569
0.7324952859836581,0.9899762147468569
0.732587377420166,0.9899762147468569
0.7326794920155916,0.9899762147468569
0.732645875251509,0.9898063200815495
0.7327380203747956,0.9898063200815495
0.7328301886792453,0.9898063200815495
0.7329223801736068,0.9898063200815495
0.7330145948666331,0.9898063200815495
0.7331068327670819,0.9898063200815495
0.7331990938837151,0.9898063200815495
0.7332913782252989,0.9898063200815495
0.7333836858006042,0.9898063200815495
0.7333501196021655,0.989636425416242
0.7334424578191892,0.989636425416242
0.7335348192922806,0.989636425416242
0.7336272040302267,0.989636425416242
0.7337196120418189,0.989636425416242
0.7338120433358528,0.989636425416242
0.7339044979211289,0.989636425416242
0.7339969758064516,0.989636425416242
0.7340894770006301,0.989636425416242
0.7341820015124779,0.989636425416242
0.734274549350813,0.989636425416242
0.7343671205244579,0.989636425416242
0.7344597150422393,0.989636425416242
0.7345523329129886,0.989636425416242
0.7346449741455416,0.989636425416242
0.7347376387487387,0.989636425416242
0.7348303267314242,0.989636425416242
0.7349230381024476,0.989636425416242
0.7348895899053628,0.9894665307509344
0.734982332155477,0.9894665307509344
0.7349488829988641,0.9892966360856269
0.7350416561474375,0.9892966360856269
0.7351344527206161,0.9892966360856269
0.7352272727272727,0.9892966360856269
0.7353201161762849,0.9892966360856269
0.7354129830765345,0.9892966360856269
0.7355058734369079,0.9892966360856269
0.7355987872662961,0.9892966360856269
0.7356917245735944,0.9892966360856269
0.7357846853677028,0.9892966360856269
0.7358776696575255,0.9892966360856269
0.7359706774519716,0.9892966360856269
0.7360637087599545,0.9892966360856269
0.736156763590392,0.9892966360856269
0.7362498419522063,0.9892966360856269
0.7363429438543247,0.9892966360856269
0.7364360693056785,0.9892966360856269
0.7365292183152037,0.9892966360856269
0.7366223908918406,0.9892966360856269
0.7367155870445344,0.9892966360856269
0.7368088067822346,0.9892966360856269
0.7369020501138952,0.9892966360856269
0.7369953170484749,0.9892966360856269
0.7370886075949367,0.9892966360856269
0.7371819217622484,0.9892966360856269
0.7372752595593821,0.9892966360856269
0.7372419906293529,0.9891267414203194
0.7373353596757852,0.9891267414203194
0.7374287523749208,0.9891267414203194
0.7373954902457562,0.9889568467550119
0.7374889142277968,0.9889568467550119
0.7375823618854537,0.9889568467550119
0.7376758332277278,0.9889568467550119
0.7377693282636248,0.9889568467550119
0.7378628470021549,0.9889568467550119
0.7379563894523327,0.9889568467550119
0.7380499556231774,0.9889568467550119
0.7381435455237129,0.9889568467550119
0.7382371591629676,0.9889568467550119
0.7383307965499746,0.9889568467550119
0.7384244576937714,0.9889568467550119
0.7385181426034002,0.9889568467550119
0.7386118512879076,0.9889568467550119
0.7387055837563452,0.9889568467550119
0.7387993400177687,0.9889568467550119
0.7388931200812389,0.9889568467550119
0.7389869239558208,0.9889568467550119
0.7390807516505841,0.9889568467550119
0.7391746031746032,0.9889568467550119
0.7392684785369571,0.9889568467550119
0.7393623777467293,0.9889568467550119
0.7394563008130082,0.9889568467550119
0.7395502477448863,0.9889568467550119
0.7396442185514612,0.9889568467550119
0.7397382132418351,0.9889568467550119
0.7398322318251144,0.9889568467550119
0.7399262743104106,0.9889568467550119
0.7400203407068395,0.9889568467550119
0.7401144310235219,0.9889568467550119
0.7402085452695829,0.9889568467550119
0.7403026834541524,0.9889568467550119
0.7403968455863648,0.9889568467550119
0.7404910316753593,0.9889568467550119
0.74058524173028,0.9889568467550119
0.7406794757602748,0.9889568467550119
0.7407737337744973,0.9889568467550119
0.7408680157821051,0.9889568467550119
0.7409623217922607,0.9889568467550119
0.7410566518141312,0.9889568467550119
0.7411510058568882,0.9889568467550119
0.7412453839297084,0.9889568467550119
0.7413397860417728,0.9889568467550119
0.7414342122022672,0.9889568467550119
0.7415286624203822,0.9889568467550119
0.7416231367053128,0.9889568467550119
0.7417176350662589,0.9889568467550119
0.7418121575124251,0.9889568467550119
0.7419067040530206,0.9889568467550119
0.7420012746972594,0.9889568467550119
0.74209586945436,0.9889568467550119
0.7421904883335458,0.9889568467550119
0.7422851313440448,0.9889568467550119
0.74237979849509,0.9889568467550119
0.7424744897959183,0.9889568467550119
0.7425692052557724,0.9889568467550119
0.742663944883899,0.9889568467550119
0.7427587086895495,0.9889568467550119
0.7428534966819806,0.9889568467550119
0.742948308870453,0.9889568467550119
0.7430431452642329,0.9889568467550119
0.7431380058725903,0.9889568467550119
0.7432328907048008,0.9889568467550119
0.7433277997701443,0.9889568467550119
0.7434227330779055,0.9889568467550119
0.7435176906373738,0.9889568467550119
0.7436126724578437,0.9889568467550119
0.7437076785486137,0.9889568467550119
0.743802708918988,0.9889568467550119
0.7438977635782748,0.9889568467550119
0.7439928425357873,0.9889568467550119
0.7440879458008437,0.9889568467550119
0.7441830733827666,0.9889568467550119
0.7442782252908835,0.9889568467550119
0.7443734015345268,0.9889568467550119
0.7444686021230337,0.9889568467550119
0.7445638270657458,0.9889568467550119
0.7446590763720097,0.9889568467550119
0.7447543500511771,0.9889568467550119
0.744849648112604,0.9889568467550119
0.7449449705656513,0.9889568467550119
0.7450403174196851,0.9889568467550119
0.7451356886840758,0.9889568467550119
0.7452310843681987,0.9889568467550119
0.745326504481434,0.9889568467550119
0.7454219490331668,0.9889568467550119
0.7455174180327869,0.9889568467550119
0.7456129114896888,0.9889568467550119
0.7457084294132719,0.9889568467550119
0.7458039718129404,0.9889568467550119
0.7458995386981035,0.9889568467550119
0.7459951300781751,0.9889568467550119
0.7460907459625737,0.9889568467550119
0.746186386360723,0.9889568467550119
0.7462820512820513,0.9889568467550119
0.7463777407359918,0.9889568467550119
0.7464734547319826,0.9889568467550119
0.7465691932794665,0.9889568467550119
0.7466649563878912,0.9889568467550119
0.7467607440667094,0.9889568467550119
0.7468565563253785,0.9889568467550119
0.7469523931733607,0.9889568467550119
0.7470482546201233,0.9889568467550119
0.747144140675138,0.9889568467550119
0.7472400513478819,0.9889568467550119
0.7473359866478367,0.9889568467550119
0.747431946584489,0.9889568467550119
0.7475279311673302,0.9889568467550119
0.7476239404058567,0.9889568467550119
0.7477199743095697,0.9889568467550119
0.7478160328879754,0.9889568467550119
0.7479121161505846,0.9889568467550119
0.7480082241069134,0.9889568467550119
0.7481043567664825,0.9889568467550119
0.7482005141388175,0.9889568467550119
0.7482966962334491,0.9889568467550119
0.7483929030599126,0.9889568467550119
0.7484891346277485,0.9889568467550119
0.748585390946502,0.9889568467550119
0.7486816720257234,0.9889568467550119
0.7487779778749678,0.9889568467550119
0.7488743085037952,0.9889568467550119
0.7489706639217705,0.9889568467550119
0.7490670441384635,0.9889568467550119
0.7491634491634491,0.9889568467550119
0.7492598790063071,0.9889568467550119
0.7492276004119465,0.9887869520897044
0.7493240633449209,0.9887869520897044
0.7494205511202678,0.9887869520897044
0.7495170637475853,0.9887869520897044
0.749613601236476,0.9887869520897044
0.7497101635965477,0.9887869520897044
0.749806750837413,0.9887869520897044
0.7499033629686896,0.9887869520897044
0.75,0.9887869520897044
0.7500966619409718,0.9887869520897044
0.7501933488012374,0.9887869520897044
0.7502900605904345,0.9887869520897044
0.7502578648788035,0.9886170574243969
0.750354609929078,0.9886170574243969
0.7504513799329379,0.9886170574243969
0.7505481749000387,0.9886170574243969
0.7506449948400413,0.9886170574243969
0.7507418397626113,0.9886170574243969
0.7508387096774194,0.9886170574243969
0.7509356045941412,0.9886170574243969
0.7510325245224574,0.9886170574243969
0.7511294694720537,0.9886170574243969
0.7512264394526207,0.9886170574243969
0.7513234344738541,0.9886170574243969
0.7514204545454546,0.9886170574243969
0.7515174996771278,0.9886170574243969
0.7516145698785843,0.9886170574243969
0.7517116651595401,0.9886170574243969
0.7516795865633075,0.9884471627590894
0.7517767153378989,0.9884471627590894
0.751873869216852,0.9884471627590894
0.7519710482099005,0.9884471627590894
0.7520682523267839,0.9884471627590894
0.7521654815772463,0.9884471627590894
0.752262735971037,0.9884471627590894
0.7523600155179102,0.9884471627590894
0.7524573202276255,0.9884471627590894
0.7525546501099469,0.9884471627590894
0.7526520051746443,0.9884471627590894
0.7527493854314918,0.9884471627590894
0.7528467908902692,0.9884471627590894
0.752944221560761,0.9884471627590894
0.753041677452757,0.9884471627590894
0.7531391585760517,0.9884471627590894
0.7531071983428276,0.9882772680937818
0.7532047131943546,0.9882772680937818
0.7533022533022533,0.9882772680937818
0.7533998186763372,0.9882772680937818
0.7534974093264248,0.9882772680937818
0.7535950252623397,0.9882772680937818
0.7536926664939103,0.9882772680937818
0.7537903330309705,0.9882772680937818
0.7538880248833593,0.9882772680937818
0.7539857420609203,0.9882772680937818
0.7540834845735027,0.9882772680937818
0.7541812524309607,0.9882772680937818
0.7542790456431535,0.9882772680937818
0.7543768642199455,0.9882772680937818
0.7544747081712062,0.9882772680937818
0.7545725775068102,0.9882772680937818
0.7546704722366373,0.9882772680937818
0.7547683923705722,0.9882772680937818
0.7548663379185051,0.9882772680937818
0.754964308890331,0.9882772680937818
0.7550623052959502,0.9882772680937818
0.755160327145268,0.9882772680937818
0.7552583744481953,0.9882772680937818
0.7553564472146475,0.9882772680937818
0.7554545454545455,0.9882772680937818
0.7555526691778153,0.9882772680937818
0.7556508183943882,0.9882772680937818
0.7557489931142003,0.9882772680937818
0.7558471933471933,0.9882772680937818
0.7559454191033138,0.9882772680937818
0.7560436703925136,0.9882772680937818
0.7561419472247498,0.9882772680937818
0.7562402496099844,0.9882772680937818
0.7563385775581849,0.9882772680937818
0.7564369310793237,0.9882772680937818
0.7565353101833788,0.9882772680937818
0.756633714880333,0.9882772680937818
0.7567321451801743,0.9882772680937818
0.7568306010928961,0.9882772680937818
0.7569290826284971,0.9882772680937818
0.7570275897969807,0.9882772680937818
0.7571261226083561,0.9882772680937818
0.7572246810726373,0.9882772680937818
0.7573232651998437,0.9882772680937818
0.757421875,0.9882772680937818
0.7575205104831358,0.9882772680937818
0.7576191716592863,0.9882772680937818
0.7577178585384916,0.9882772680937818
0.7578165711307973,0.9882772680937818
0.7579153094462541,0.9882772680937818
0.7580140734949179,0.9882772680937818
0.75811286328685,0.9882772680937818
0.7582116788321168,0.9882772680937818
0.75831052014079,0.9882772680937818
0.7584093872229466,0.9882772680937818
0.7585082800886687,0.9882772680937818
0.7586071987480438,0.9882772680937818
0.7587061432111647,0.9882772680937818
0.7588051134881294,0.9882772680937818
0.7589041095890411,0.9882772680937818
0.7590031315240083,0.9882772680937818
0.7591021793031449,0.9882772680937818
0.75920125293657,0.9882772680937818
0.7593003524344081,0.9882772680937818
0.7593994778067885,0.9882772680937818
0.7594986290638465,0.9882772680937818
0.7595978062157221,0.9882772680937818
0.759697009272561,0.9882772680937818
0.7597962382445141,0.9882772680937818
0.7598954931417374,0.9882772680937818
0.7599947739743925,0.9882772680937818
0.7600940807526461,0.9882772680937818
0.7601934134866701,0.9882772680937818
0.7602927721866423,0.9882772680937818
0.7603921568627451,0.9882772680937818
0.7603608314812393,0.9881073734284743
0.7604602510460251,0.9881073734284743
0.7605596966130509,0.9881073734284743
0.760659168192519,0.9881073734284743
0.760758665794637,0.9881073734284743
0.760858189429618,0.9881073734284743
0.7609577391076803,0.9881073734284743
0.7610573148390474,0.9881073734284743
0.7611569166339485,0.9881073734284743
0.7612565445026178,0.9881073734284743
0.7612252912684906,0.9879374787631668
0.761324954176486,0.9879374787631668
0.7614246431844965,0.9879374787631668
0.7615243583027763,0.9879374787631668
0.7616240995415848,0.9879374787631668
0.7617238669111868,0.9879374787631668
0.7618236604218525,0.9879374787631668
0.7619234800838575,0.9879374787631668
0.7620233259074827,0.9879374787631668
0.7621231979030144,0.9879374787631668
0.7622230960807446,0.9879374787631668
0.7623230204509701,0.9879374787631668
0.7624229710239937,0.9879374787631668
0.7625229478101233,0.9879374787631668
0.7626229508196721,0.9879374787631668
0.762722980062959,0.9879374787631668
0.7628230355503083,0.9879374787631668
0.7629231172920493,0.9879374787631668
0.7630232252985173,0.9879374787631668
0.7631233595800525,0.9879374787631668
0.7632235201470009,0.9879374787631668
0.7633237070097139,0.9879374787631668
0.763423920178548,0.9879374787631668
0.7635241596638656,0.9879374787631668
0.7636244254760342,0.9879374787631668
0.7637247176254268,0.9879374787631668
0.7638250361224221,0.9879374787631668
0.7639253809774041,0.9879374787631668
0.7640257522007621,0.9879374787631668
0.764126149802891,0.9879374787631668
0.7642265737941911,0.9879374787631668
0.7643270241850684,0.9879374787631668
0.764427500985934,0.9879374787631668
0.7645280042072048,0.9879374787631668
0.7646285338593031,0.9879374787631668
0.7647290899526565,0.9879374787631668
0.7648296724976983,0.9879374787631668
0.7649302815048672,0.9879374787631668
0.7650309169846072,0.9879374787631668
0.7651315789473684,0.9879374787631668
0.7652322674036057,0.9879374787631668
0.7653329823637799,0.9879374787631668
0.7654337238383573,0.9879374787631668
0.7655344918378094,0.9879374787631668
0.7655036208031599,0.9877675840978594
0.765604424545694,0.9877675840978594
0.7657052548399842,0.9877675840978594
0.7658061116965227,0.9877675840978594
0.7659069951258068,0.9877675840978594
0.7660079051383399,0.9877675840978594
0.7661088417446303,0.9877675840978594
0.7662098049551924,0.9877675840978594
0.7663107947805456,0.9877675840978594
0.7664118112312154,0.9877675840978594
0.7665128543177324,0.9877675840978594
0.7666139240506329,0.9877675840978594
0.7667150204404589,0.9877675840978594
0.7668161434977578,0.9877675840978594
0.7669172932330827,0.9877675840978594
0.767018469656992,0.9877675840978594
0.7671196727800501,0.9877675840978594
0.7672209026128266,0.9877675840978594
0.7673221591658967,0.9877675840978594
0.7672914466737064,0.9875976894325518
0.7673927392739274,0.9875976894325518
0.7673620279904938,0.9874277947672443
0.7674633566618249,0.9874277947672443
0.7675647120972002,0.9874277947672443
0.767666094307225,0.9874277947672443
0.7677675033025099,0.9874277947672443
0.7678689390936716,0.9874277947672443
0.7679704016913319,0.9874277947672443
0.7680718911061186,0.9874277947672443
0.7680412371134021,0.9872579001019368
0.7681427627230668,0.9872579001019368
0.768244315177155,0.9872579001019368
0.768345894486315,0.9872579001019368
0.7684475006612007,0.9872579001019368
0.7685491337124719,0.9872579001019368
0.7686507936507937,0.9872579001019368
0.7687524804868369,0.9872579001019368
0.7688541942312781,0.9872579001019368
0.7689559348947995,0.9872579001019368
0.7690577024880889,0.9872579001019368
0.7691594970218398,0.9872579001019368
0.7692613185067514,0.9872579001019368
0.7693631669535284,0.9872579001019368
0.7694650423728814,0.9872579001019368
0.7695669447755265,0.9872579001019368
0.7696688741721854,0.9872579001019368
0.7697708305735859,0.9872579001019368
0.769872813990461,0.9872579001019368
0.7699748244335498,0.9872579001019368
0.7700768619135966,0.9872579001019368
0.7701789264413519,0.9872579001019368
0.7702810180275715,0.9872579001019368
0.7703831366830174,0.9872579001019368
0.7704852824184566,0.9872579001019368
0.7705874552446625,0.9872579001019368
0.7706896551724138,0.9872579001019368
0.7707918822124951,0.9872579001019368
0.7708941363756965,0.9872579001019368
0.7709964176728141,0.9872579001019368
0.7710987261146497,0.9872579001019368
0.7712010617120106,0.9872579001019368
0.7713034244757101,0.9872579001019368
0.7714058144165671,0.9872579001019368
0.7715082315454063,0.9872579001019368
0.771610675873058,0.9872579001019368
0.7717131474103586,0.9872579001019368
0.7718156461681498,0.9872579001019368
0.7717853347502657,0.9870880054366293
0.7718878703334662,0.9870880054366293
0.7719904331650279,0.9870880054366293
0.772093023255814,0.9870880054366293
0.7721956406166932,0.9870880054366293
0.7722982852585405,0.9870880054366293
0.7724009571922361,0.9870880054366293
0.7725036564286664,0.9870880054366293
0.7726063829787234,0.9870880054366293
0.772576140444208,0.9869181107713217
0.7726789039638202,0.9869181107713217
0.7726486630304643,0.9867482161060143
0.7727514635444386,0.9867482161060143
0.7728542914171657,0.9867482161060143
0.7729571466595688,0.9867482161060143
0.7730600292825769,0.9867482161060143
0.7731629392971247,0.9867482161060143
0.7732658767141526,0.9867482161060143
0.7733688415446072,0.9867482161060143
0.7733386602743375,0.9865783214407068
0.7734416622269579,0.9865783214407068
0.7735446916211536,0.9865783214407068
0.7736477484678923,0.9865783214407068
0.7737508327781479,0.9865783214407068
0.7738539445628998,0.9865783214407068
0.7739570838331334,0.9865783214407068
0.7740602505998401,0.9865783214407068
0.7741634448740168,0.9865783214407068
0.7742666666666667,0.9865783214407068
0.7743699159887985,0.9865783214407068
0.774473192851427,0.9865783214407068
0.7745764972655729,0.9865783214407068
0.7746798292422625,0.9865783214407068
0.7747831887925284,0.9865783214407068
0.7748865759274086,0.9865783214407068
0.7749899906579474,0.9865783214407068
0.7750934329951948,0.9865783214407068
0.7751969029502069,0.9865783214407068
0.7753004005340454,0.9865783214407068
0.7754039257577781,0.9865783214407068
0.7755074786324786,0.9865783214407068
0.7756110591692267,0.9865783214407068
0.7757146673791077,0.9865783214407068
0.7758183032732131,0.9865783214407068
0.7759219668626403,0.9865783214407068
0.7758920219163438,0.9864084267753993
0.7759957230686982,0.9864084267753993
0.7760994519449271,0.9864084267753993
0.7762032085561498,0.9864084267753993
0.7763069929134911,0.9864084267753993
0.7764108050280824,0.9864084267753993
0.7765146449110606,0.9864084267753993
0.7766185125735687,0.9864084267753993
0.7767224080267559,0.9864084267753993
0.7768263312817768,0.9864084267753993
0.7769302823497926,0.9864084267753993
0.7770342612419701,0.9864084267753993
0.777138267969482,0.9864084267753993
0.7772423025435073,0.9864084267753993
0.7773463649752309,0.9864084267753993
0.7774504552758436,0.9864084267753993
0.7775545734565421,0.9864084267753993
0.7776587195285294,0.9864084267753993
0.7777628935030141,0.9864084267753993
0.7778670953912111,0.9864084267753993
0.7779713252043414,0.9864084267753993
0.7780755829536318,0.9864084267753993
0.778179868650315,0.9864084267753993
0.7781501340482574,0.9862385321100917
0.7782544577021049,0.9862385321100917
0.7783588093322606,0.9862385321100917
0.7784631889499799,0.9862385321100917
0.7785675965665236,0.9862385321100917
0.778672032193159,0.9862385321100917
0.7787764958411592,0.9862385321100917
0.7788809875218033,0.9862385321100917
0.7789855072463768,0.9862385321100917
0.779090055026171,0.9862385321100917
0.7791946308724832,0.9862385321100917
0.779299234796617,0.9862385321100917
0.7794038668098818,0.9862385321100917
0.7795085269235934,0.9862385321100917
0.7796132151490733,0.9862385321100917
0.7797179314976495,0.9862385321100917
0.7798226759806556,0.9862385321100917
0.7799274486094316,0.9862385321100917
0.7800322493953238,0.9862385321100917
0.7801370783496842,0.9862385321100917
0.780241935483871,0.9862385321100917
0.7803468208092486,0.9862385321100917
0.7804517343371874,0.9862385321100917
0.7805566760790641,0.9862385321100917
0.7806616460462614,0.9862385321100917
0.7807666442501682,0.9862385321100917
0.7808716707021792,0.9862385321100917
0.7809767254136957,0.9862385321100917
0.7810818083961248,0.9862385321100917
0.78118691966088,0.9862385321100917
0.7812920592193809,0.9862385321100917
0.7813972270830529,0.9862385321100917
0.781502423263328,0.9862385321100917
0.781607647771644,0.9862385321100917
0.7817129006194452,0.9862385321100917
0.7818181818181819,0.9862385321100917
0.7819234913793104,0.9862385321100917
0.7820288293142934,0.9862385321100917
0.7821341956345998,0.9862385321100917
0.7822395903517047,0.9862385321100917
0.782345013477089,0.9862385321100917
0.7824504650222402,0.9862385321100917
0.7825559449986519,0.9862385321100917
0.7826614534178239,0.9862385321100917
0.7827669902912622,0.9862385321100917
0.7828725556304788,0.9862385321100917
0.7829781494469922,0.9862385321100917
0.783083771752327,0.9862385321100917
0.783189422558014,0.9862385321100917
0.7832951018755904,0.9862385321100917
0.7834008097165992,0.9862385321100917
0.783371575111351,0.9860686374447842
0.7834773218142549,0.9860686374447842
0.7835830970703389,0.9860686374447842
0.7836889008911693,0.9860686374447842
0.7837947332883187,0.9860686374447842
0.7839005942733658,0.9860686374447842
0.7840064838578954,0.9860686374447842
0.7841124020534991,0.9860686374447842
0.7842183488717741,0.9860686374447842
0.7843243243243243,0.9860686374447842
0.7844303284227598,0.9860686374447842
0.784536361178697,0.9860686374447842
0.7846424226037583,0.9860686374447842
0.7847485127095727,0.9860686374447842
0.7848546315077756,0.9860686374447842
0.7849607790100082,0.9860686374447842
0.7850669552279183,0.9860686374447842
0.7851731601731602,0.9860686374447842
0.7852793938573941,0.9860686374447842
0.7853856562922868,0.9860686374447842
0.7854919474895115,0.9860686374447842
0.7855982674607471,0.9860686374447842
0.7855692432651956,0.9858987427794768
0.7856756024911996,0.9858987427794768
0.785781990521327,0.9858987427794768
0.7858884073672806,0.9858987427794768
0.7859948530407693,0.9858987427794768
0.7861013275535086,0.9858987427794768
0.7862078309172199,0.9858987427794768
0.7863143631436315,0.9858987427794768
0.7864209242444776,0.9858987427794768
0.786527514231499,0.9858987427794768
0.786634133116443,0.9858987427794768
0.7867407809110629,0.9858987427794768
0.7868474576271186,0.9858987427794768
0.7869541632763765,0.9858987427794768
0.787060897870609,0.9858987427794768
0.7871676614215952,0.9858987427794768
0.7872744539411206,0.9858987427794768
0.7873812754409769,0.9858987427794768
0.7874881259329624,0.9858987427794768
0.7875950054288816,0.9858987427794768
0.7877019139405457,0.9858987427794768
0.7876730925875645,0.9857288481141692
0.7877800407331975,0.9857288481141692
0.7878870179250408,0.9857288481141692
0.7879940241749287,0.9857288481141692
0.7881010594947025,0.9857288481141692
0.7882081238962098,0.9857288481141692
0.7883152173913044,0.9857288481141692
0.7884223399918467,0.9857288481141692
0.7885294917097038,0.9857288481141692
0.7886366725567486,0.9857288481141692
0.7887438825448614,0.9857288481141692
0.788851121685928,0.9857288481141692
0.7888224095730215,0.9855589534488617
0.7889296885624915,0.9855589534488617
0.7890369967355821,0.9855589534488617
0.7891443341042035,0.9855589534488617
0.7892517006802721,0.9855589534488617
0.789359096475711,0.9855589534488617
0.7894665215024497,0.9855589534488617
0.7895739757724242,0.9855589534488617
0.7896814592975769,0.9855589534488617
0.7897889720898571,0.9855589534488617
0.7898965141612201,0.9855589534488617
0.790004085523628,0.9855589534488617
0.7901116861890493,0.9855589534488617
0.7902193161694592,0.9855589534488617
0.7903269754768393,0.9855589534488617
0.7904346641231775,0.9855589534488617
0.7905423821204688,0.9855589534488617
0.7906501294807142,0.9855589534488617
0.7907579062159215,0.9855589534488617
0.790865712338105,0.9855589534488617
0.7909735478592855,0.9855589534488617
0.7910814127914905,0.9855589534488617
0.791189307146754,0.9855589534488617
0.7912972309371163,0.9855589534488617
0.7914051841746248,0.9855589534488617
0.7913767226088143,0.9853890587835542
0.7914847161572053,0.9853890587835542
0.7915927391838405,0.9853890587835542
0.7917007917007917,0.9853890587835542
0.7918088737201365,0.9853890587835542
0.7919169852539596,0.9853890587835542
0.7920251263143521,0.9853890587835542
0.7921332969134116,0.9853890587835542
0.7922414970632428,0.9853890587835542
0.7923497267759563,0.9853890587835542
0.7924579860636699,0.9853890587835542
0.7925662749385078,0.9853890587835542
0.7926745934126008,0.9853890587835542
0.7927829414980864,0.9853890587835542
0.7927546138072454,0.9852191641182467
0.7928630024610336,0.9852191641182467
0.792971420757555,0.9852191641182467
0.7930798687089715,0.9852191641182467
0.7931883463274518,0.9852191641182467
0.793296853625171,0.9852191641182467
0.7934053906143111,0.9852191641182467
0.7935139573070608,0.9852191641182467
0.7934856986451349,0.9850492694529391
0.7935943060498221,0.9850492694529391
0.7937029431895962,0.9850492694529391
0.7938116100766703,0.9850492694529391
0.7939203067232644,0.9850492694529391
0.794029033141605,0.9850492694529391
0.7941377893439255,0.9850492694529391
0.7942465753424658,0.9850492694529391
0.7943553911494725,0.9850492694529391
0.7944642367771992,0.9850492694529391
0.7945731122379059,0.9850492694529391
0.7946820175438597,0.9850492694529391
0.7947909527073338,0.9850492694529391
0.7948999177406088,0.9850492694529391
0.7948717948717948,0.9848793747876317
0.7949808008776742,0.9848793747876317
0.7950898367850775,0.9848793747876317
0.79519890260631,0.9848793747876317
0.7953079983536836,0.9848793747876317
0.795417124039517,0.9848793747876317
0.7953890489913544,0.9847094801223242
0.7954982157562449,0.9847094801223242
0.7956074124914208,0.9847094801223242
0.7957166392092258,0.9847094801223242
0.7958258959220101,0.9847094801223242
0.7957978577313924,0.9845395854570167
0.7959071556104931,0.9845395854570167
0.7960164835164835,0.9845395854570167
0.7961258414617393,0.9845395854570167
0.7962352294586424,0.9845395854570167
0.7963446475195822,0.9845395854570167
0.7964540956569544,0.9845395854570167
0.7965635738831615,0.9845395854570167
0.7966730822106132,0.9845395854570167
0.7967826206517256,0.9845395854570167
0.7968921892189219,0.9845395854570167
0.797001787924632,0.9845395854570167
0.7969738651994498,0.9843696907917091
0.7970835052964644,0.9843696907917091
0.7970555861309851,0.9841997961264016
0.797165267648273,0.9841997961264016
0.7972749793559042,0.9841997961264016
0.7973847212663455,0.9841997961264016
0.7974944933920705,0.9841997961264016
0.7976042957455597,0.9841997961264016
0.7977141283393004,0.9841997961264016
0.7978239911857871,0.9841997961264016
0.7979338842975207,0.9841997961264016
0.7980438076870092,0.9841997961264016
0.7981537613667677,0.9841997961264016
0.7981259473611685,0.9840299014610941
0.7982359426681367,0.9840299014610941
0.7983459682977257,0.9840299014610941
0.7984560242624759,0.9840299014610941
0.7985661105749345,0.9840299014610941
0.7986762272476559,0.9840299014610941
0.798786374293201,0.9840299014610941
0.798896551724138,0.9840299014610941
0.7990067595530418,0.9840299014610941
0.7991169977924945,0.9840299014610941
0.7992272664550849,0.9840299014610941
0.7993375655534087,0.9840299014610941
0.799447895100069,0.9840299014610941
0.7995582551076753,0.9840299014610941
0.7996686455888444,0.9840299014610941
0.7997790665561999,0.9840299014610941
0.7998895180223726,0.9840299014610941
0.8,0.9840299014610941
0.8001105125017267,0.9840299014610941
0.8002210555402045,0.9840299014610941
0.8003316291280917,0.9840299014610941
0.8004422332780542,0.9840299014610941
0.8005528680027644,0.9840299014610941
0.8006635333149018,0.9840299014610941
0.8007742292271534,0.9840299014610941
0.8008849557522124,0.9840299014610941
0.8009957129027797,0.9840299014610941
0.801106500691563,0.9840299014610941
0.8012173191312768,0.9840299014610941
0.801328168234643,0.9840299014610941
0.8013006780130068,0.9838600067957866
0.8014115693329643,0.9838600067957866
0.801522491349481,0.9838600067957866
0.8016334440753046,0.9838600067957866
0.8017444275231899,0.9838600067957866
0.801716975906951,0.9836901121304791
0.8018280016618197,0.9836901121304791
0.8019390581717452,0.9836901121304791
0.8019116221083252,0.9835202174651716
0.8020227209753394,0.9835202174651716
0.8021338506304558,0.9835202174651716
0.8022450110864745,0.9835202174651716
0.8023562023562023,0.9835202174651716
0.8024674244524536,0.9835202174651716
0.8025786773880493,0.9835202174651716
0.802689961175818,0.9835202174651716
0.8026625988073777,0.9833503227998641
0.8027739251040222,0.9833503227998641
0.8028852822860314,0.9833503227998641
0.8029966703662597,0.9833503227998641
0.803108089357569,0.9833503227998641
0.8032195392728282,0.9833503227998641
0.8031922276197085,0.9831804281345565
0.8033037201554691,0.9831804281345565
0.8034152436484798,0.9831804281345565
0.8035267981116356,0.9831804281345565
0.8036383835578392,0.9831804281345565
0.80375,0.9831804281345565
0.8038616474510348,0.9831804281345565
0.8039733259238677,0.9831804281345565
0.8040850354314297,0.9831804281345565
0.8040578098943858,0.983010533469249
0.8041695621959695,0.983010533469249
0.8042813455657493,0.983010533469249
0.8043931600166829,0.983010533469249
0.8045050055617352,0.983010533469249
0.8046168822138785,0.983010533469249
0.8047287899860918,0.983010533469249
0.8048407288913618,0.983010533469249
0.8049526989426823,0.983010533469249
0.8050647001530541,0.983010533469249
0.8051767325354857,0.983010533469249
0.8052887961029923,0.983010533469249
0.8054008908685969,0.983010533469249
0.8055130168453293,0.983010533469249
0.8056251740462267,0.983010533469249
0.8057373624843337,0.983010533469249
0.805849582172702,0.983010533469249
0.8059618331243906,0.983010533469249
0.8060741153524659,0.983010533469249
0.8061864288700014,0.983010533469249
0.8062987736900781,0.983010533469249
0.8062717770034843,0.9828406388039416
0.8063841650404238,0.9828406388039416
0.8063571727310749,0.9826707441386341
0.8064696040156163,0.9826707441386341
0.80658206665737,0.9826707441386341
0.806555090655509,0.9825008494733265
0.8065281071279119,0.982330954808019
0.806640625,0.982330954808019
0.8067531742709642,0.982330954808019
0.8068657549539492,0.982330954808019
0.8069783670621075,0.982330954808019
0.8069514237855946,0.9821610601427115
0.8070640792963842,0.9821610601427115
0.807176766266406,0.9821610601427115
0.8072894847088395,0.9821610601427115
0.8074022346368716,0.9821610601427115
0.807515016063696,0.9821610601427115
0.8076278290025146,0.9821610601427115
0.8077406734665362,0.9821610601427115
0.807853549468977,0.9821610601427115
0.8079664570230608,0.9821610601427115
0.8080793961420184,0.9821610601427115
0.8081923668390885,0.9821610601427115
0.8083053691275168,0.9821610601427115
0.8084184030205566,0.9821610601427115
0.8085314685314685,0.9821610601427115
0.8086445656735207,0.9821610601427115
0.8087576944599888,0.9821610601427115
0.8088708549041556,0.9821610601427115
0.8089840470193115,0.9821610601427115
0.8090972708187544,0.9821610601427115
0.8092105263157895,0.9821610601427115
0.8093238135237295,0.9821610601427115
0.8094371324558947,0.9821610601427115
0.8095504831256126,0.9821610601427115
0.8096638655462185,0.9821610601427115
0.8097772797310547,0.9821610601427115
0.8098907256934715,0.9821610601427115
0.8100042034468264,0.9821610601427115
0.8101177130044843,0.9821610601427115
0.8102312543798178,0.9821610601427115
0.8103448275862069,0.9821610601427115
0.8103182391700546,0.9819911654774041
0.8104318564217611,0.9819911654774041
0.810545505539195,0.9819911654774041
0.8106591865357644,0.9819911654774041
0.8107728994248843,0.9819911654774041
0.8108866442199776,0.9819911654774041
0.8110004209344746,0.9819911654774041
0.8111142295818131,0.9819911654774041
0.8112280701754386,0.9819911654774041
0.811341942728804,0.9819911654774041
0.8114558472553699,0.9819911654774041
0.8115697837686043,0.9819911654774041
0.8116837522819829,0.9819911654774041
0.8117977528089888,0.9819911654774041
0.8119117853631128,0.9819911654774041
0.8120258499578533,0.9819911654774041
0.8121399466067163,0.9819911654774041
0.8122540753232153,0.9819911654774041
0.8123682361208714,0.9819911654774041
0.8124824290132134,0.9819911654774041
0.8125966540137776,0.9819911654774041
0.8127109111361079,0.9819911654774041
0.8128252003937562,0.9819911654774041
0.8127988748241913,0.9818212708120965
0.8129132086088058,0.9818212708120965
0.8130275745638716,0.9818212708120965
0.813141972702969,0.9818212708120965
0.8132564030396848,0.9818212708120965
0.8133708655876144,0.9818212708120965
0.8134853603603603,0.9818212708120965
0.8135998873715331,0.9818212708120965
0.8137144466347508,0.9818212708120965
0.8136882129277566,0.981651376146789
0.8138028169014084,0.981651376146789
0.8137765882518665,0.9814814814814815
0.81389123696816,0.9814814814814815
0.8140059179935184,0.9814814814814815
0.814120631341601,0.9814814814814815
0.8142353770260747,0.9814814814814815
0.8143501550606146,0.9814814814814815
0.8144649654589031,0.9814814814814815
0.8145798082346306,0.9814814814814815
0.814553659568467,0.9813115868161739
0.8146685472496474,0.9813115868161739
0.814783467343772,0.9813115868161739
0.8148984198645598,0.9813115868161739
0.8150134048257373,0.9813115868161739
0.8149872988992379,0.9811416921508664
0.8151023288637967,0.9811416921508664
0.8152173913043478,0.9811416921508664
0.8153324862346464,0.9811416921508664
0.8154476136684552,0.9811416921508664
0.8155627736195452,0.9811416921508664
0.815677966101695,0.9811416921508664
0.8157931911286905,0.9811416921508664
0.8159084487143261,0.9811416921508664
0.8160237388724035,0.9811416921508664
0.8161390616167327,0.9811416921508664
0.8162544169611308,0.9811416921508664
0.8163698049194232,0.9811416921508664
0.8164852255054432,0.9811416921508664
0.8166006787330317,0.9811416921508664
0.8167161646160374,0.9811416921508664
0.8166902404526167,0.980971797485559
0.8168057716791626,0.980971797485559
0.8169213355970572,0.980971797485559
0.8170369322201783,0.980971797485559
0.8171525615624116,0.980971797485559
0.8172682236376504,0.980971797485559
0.8173839184597962,0.980971797485559
0.817499646042758,0.980971797485559
0.8176154064004532,0.980971797485559
0.8177311995468064,0.980971797485559
0.8178470254957507,0.980971797485559
0.8179628842612268,0.980971797485559
0.8180787758571834,0.980971797485559
0.8181947002975769,0.980971797485559
0.8183106575963719,0.980971797485559
0.8184266477675407,0.980971797485559
0.8185426708250638,0.980971797485559
0.8185169431447611,0.9808019028202515
0.8186330119115145,0.9808019028202515
0.8187491136009076,0.9808019028202515
0.8188652482269504,0.9808019028202515
0.8189814158036601,0.9808019028202515
0.8190976163450624,0.9808019028202515
0.8192138498651909,0.9808019028202515
0.8193301163780868,0.9808019028202515
0.8194464158977999,0.9808019028202515
0.8195627484383873,0.9808019028202515
0.8196791140139146,0.9808019028202515
0.819795512638455,0.9808019028202515
0.81991194432609,0.9808019028202515
0.8200284090909091,0.9808019028202515
0.8201449069470095,0.9808019028202515
0.8202614379084967,0.9808019028202515
0.8203780019894842,0.9808019028202515
0.8204945992040933,0.9808019028202515
0.8206112295664535,0.9808019028202515
0.8207278930907023,0.9808019028202515
0.8207024029574861,0.9806320081549439
0.8206769055745164,0.9804621134896364
0.8207936282178921,0.9804621134896364
0.8209103840682788,0.9804621134896364
0.8210271731398492,0.9804621134896364
0.8211439954467843,0.9804621134896364
0.8212608510032731,0.9804621134896364
0.8213777398235127,0.9804621134896364
0.8214946619217082,0.9804621134896364
0.8216116173120729,0.9804621134896364
0.8217286060088281,0.9804621134896364
0.8218456280262033,0.9804621134896364
0.8218202535251389,0.9802922188243289
0.8219373219373219,0.9802922188243289
0.8220544237070808,0.9802922188243289
0.8221715588486749,0.9802922188243289
0.8222887273763717,0.9802922188243289
0.822405929304447,0.9802922188243289
0.8225231646471846,0.9802922188243289
0.8226404334188765,0.9802922188243289
0.8227577356338229,0.9802922188243289
0.822875071306332,0.9802922188243289
0.8229924404507203,0.9802922188243289
0.8231098430813124,0.9802922188243289
0.8232272792124411,0.9802922188243289
0.8233447488584474,0.9802922188243289
0.8234622520336806,0.9802922188243289
0.8235797887524978,0.9802922188243289
0.8236973590292648,0.9802922188243289
0.8238149628783552,0.9802922188243289
0.823932600314151,0.9802922188243289
0.8240502713510426,0.9802922188243289
0.8241679760034281,0.9802922188243289
0.8242857142857143,0.9802922188243289
0.8244034862123161,0.9802922188243289
0.8245212917976564,0.9802922188243289
0.8246391310561669,0.9802922188243289
0.824757004002287,0.9802922188243289
0.8248749106504646,0.9802922188243289
0.8249928510151558,0.9802922188243289
0.8251108251108251,0.9802922188243289
0.825228832951945,0.9802922188243289
0.8252038335002145,0.9801223241590215
0.8253218884120171,0.9801223241590215
0.8254399771068822,0.9801223241590215
0.8254149971379507,0.9799524294937139
0.8255331329612137,0.9799524294937139
0.8256513026052105,0.9799524294937139
0.8257695060844668,0.9799524294937139
0.8258877434135166,0.9799524294937139
0.8260060146069025,0.9799524294937139
0.826124319679175,0.9799524294937139
0.8262426586448933,0.9799524294937139
0.8263610315186246,0.9799524294937139
0.8264794383149449,0.9799524294937139
0.826597879048438,0.9799524294937139
0.826573025655726,0.9797825348284064
0.8265481651376146,0.9796126401630989
0.8266666666666667,0.9796126401630989
0.8267852021795239,0.9796126401630989
0.826760361393948,0.9794427454977914
0.8268789443488239,0.9794427454977914
0.8269975613254913,0.9794427454977914
0.827116212338594,0.9794427454977914
0.8272348974027838,0.9794427454977914
0.827353616532721,0.9794427454977914
0.8274723697430745,0.9794427454977914
0.827447602641401,0.9792728508324838
0.8275664034458005,0.9792728508324838
0.8276852383687536,0.9792728508324838
0.8278041074249605,0.9792728508324838
0.8279230106291295,0.9792728508324838
0.8280419479959776,0.9792728508324838
0.8280172413793103,0.9791029561671764
0.8279925276620204,0.9789330615018689
0.8281115263006611,0.9789330615018689
0.8282305591490585,0.9789330615018689
0.828205865439908,0.9787631668365613
0.8283249460819554,0.9787631668365613
0.8283002588438308,0.9785932721712538
0.8284193873148281,0.9785932721712538
0.8285385500575374,0.9785932721712538
0.8286577470867501,0.9785932721712538
0.8286330935251799,0.9784233775059463
0.8287523384659663,0.9784233775059463
0.8288716177317214,0.9784233775059463
0.8289909313372679,0.9784233775059463
0.8291102792974374,0.9784233775059463
0.8292296616270698,0.9784233775059463
0.8293490783410138,0.9784233775059463
0.8293244994958952,0.9782534828406388
0.829443964275425,0.9782534828406388
0.829563463477885,0.9782534828406388
0.8296829971181556,0.9782534828406388
0.8298025652111255,0.9782534828406388
0.8299221677716921,0.9782534828406388
0.8300418048147614,0.9782534828406388
0.830161476355248,0.9782534828406388
0.830281182408075,0.9782534828406388
0.8302567060859533,0.9780835881753313
0.8303764604067503,0.9780835881753313
0.8304962492787075,0.9780835881753313
0.8306160727167797,0.9780835881753313
0.8307359307359308,0.9780835881753313
0.830855823351133,0.9780835881753313
0.8309757505773672,0.9780835881753313
0.8310957124296232,0.9780835881753313
0.8312157089228992,0.9780835881753313
0.8313357400722021,0.9780835881753313
0.8314558058925476,0.9780835881753313
0.83157590639896,0.9780835881753313
0.8316960416064721,0.9780835881753313
0.8318162115301257,0.9780835881753313
0.831936416184971,0.9780835881753313
0.8320566555860673,0.9780835881753313
0.8321769297484822,0.9780835881753313
0.8322972386872922,0.9780835881753313
0.8324175824175825,0.9780835881753313
0.8325379609544469,0.9780835881753313
0.8326583743129882,0.9780835881753313
0.8327788225083177,0.9780835881753313
0.8328993055555556,0.9780835881753313
0.8330198234698307,0.9780835881753313
0.8331403762662808,0.9780835881753313
0.8332609639600521,0.9780835881753313
0.8333815865662999,0.9780835881753313
0.8335022441001882,0.9780835881753313
0.8336229365768897,0.9780835881753313
0.8337436640115858,0.9780835881753313
0.833864426419467,0.9780835881753313
0.8339852238157323,0.9780835881753313
0.8341060562155896,0.9780835881753313
0.8342269236342559,0.9780835881753313
0.8343478260869566,0.9780835881753313
0.834468763588926,0.9780835881753313
0.8345897361554073,0.9780835881753313
0.8347107438016529,0.9780835881753313
0.8348317865429234,0.9780835881753313
0.8349528643944888,0.9780835881753313
0.8350739773716275,0.9780835881753313
0.8351951254896272,0.9780835881753313
0.8351712130005804,0.9779136935100238
0.8352924103903643,0.9779136935100238
0.8354136429608128,0.9779136935100238
0.8355349107272463,0.9779136935100238
0.8355110336817654,0.9777437988447163
0.8356323508058662,0.9777437988447163
0.8357537031658437,0.9777437988447163
0.8358750907770516,0.9777437988447163
0.835851249273678,0.9775739041794088
0.8359726863286358,0.9775739041794088
0.8360941586748039,0.9775739041794088
0.8362156663275687,0.9775739041794088
0.8363372093023256,0.9775739041794088
0.8364587876144789,0.9775739041794088
0.8365804012794417,0.9775739041794088
0.8365566380689254,0.9774040095141012
0.8366783013379872,0.9774040095141012
0.8368,0.9774040095141012
0.8369217340704103,0.9774040095141012
0.8370435035646734,0.9774040095141012
0.8370197904540163,0.9772341148487937
0.8371416096638044,0.9772341148487937
0.8372634643377002,0.9772341148487937
0.8373853544911923,0.9772341148487937
0.8375072801397787,0.9772341148487937
0.8376292412989661,0.9772341148487937
0.8376055927759977,0.9770642201834863
0.8375819373634378,0.9768943255181787
0.8377039627039627,0.9768943255181787
0.8378260236048375,0.9768943255181787
0.8379481200816089,0.9768943255181787
0.8380702521498324,0.9768943255181787
0.8381924198250729,0.9768943255181787
0.8383146231229042,0.9768943255181787
0.8384368620589093,0.9768943255181787
0.8385591366486802,0.9768943255181787
0.838681446907818,0.9768943255181787
0.8388037928519329,0.9768943255181787
0.8389261744966443,0.9768943255181787
0.8390485918575806,0.9768943255181787
0.8391710449503794,0.9768943255181787
0.8392935337906875,0.9768943255181787
0.8392700729927007,0.9767244308528712
0.8392466053438458,0.9765545361875637
0.8393691588785047,0.9765545361875637
0.8394917482108952,0.9765545361875637
0.8394683026584867,0.9763846415222562
0.839590942293645,0.9763846415222562
0.8397136177673875,0.9763846415222562
0.8398363290954259,0.9763846415222562
0.8399590762934814,0.9763846415222562
0.840081859377284,0.9763846415222562
0.8402046783625731,0.9763846415222562
0.8403275332650972,0.9763846415222562
0.8404504241006142,0.9763846415222562
0.840573350884891,0.9763846415222562
0.8406963136337039,0.9763846415222562
0.8408193123628384,0.9763846415222562
0.840942347088089,0.9763846415222562
0.8410654178252598,0.9763846415222562
0.8411885245901639,0.9763846415222562
0.841311667398624,0.9763846415222562
0.8414348462664715,0.9763846415222562
0.8415580612095476,0.9763846415222562
0.8416813122437024,0.9763846415222562
0.8418045993847957,0.9763846415222562
0.8419279226486962,0.9763846415222562
0.8420512820512821,0.9763846415222562
0.8420281359906213,0.9762147468569486
0.8421515462406566,0.9762147468569486
0.842274992670771,0.9762147468569486
0.8423984752968773,0.9762147468569486
0.8425219941348974,0.9762147468569486
0.8426455492007626,0.9762147468569486
0.8427691405104136,0.9762147468569486
0.8428927680798005,0.9762147468569486
0.8430164319248826,0.9762147468569486
0.8431401320616287,0.9762147468569486
0.8431171118285882,0.9760448521916412
0.8432408630559225,0.9760448521916412
0.843364650616559,0.9760448521916412
0.8434884745265012,0.9760448521916412
0.8436123348017621,0.9760448521916412
0.8435893670142458,0.9758749575263337
0.8437132784958872,0.9758749575263337
0.8438372263846041,0.9758749575263337
0.8438142815163091,0.9757050628610262
0.8439382806759735,0.9757050628610262
0.8440623162845385,0.9757050628610262
0.8441863883580774,0.9757050628610262
0.8443104969126728,0.9757050628610262
0.844434641964417,0.9757050628610262
0.8445588235294118,0.9757050628610262
0.8446830416237682,0.9757050628610262
0.844807296263607,0.9757050628610262
0.8449315874650581,0.9757050628610262
0.8450559152442614,0.9757050628610262
0.8451802796173657,0.9757050628610262
0.8453046806005299,0.9757050628610262
0.845429118209922,0.9757050628610262
0.8455535924617197,0.9757050628610262
0.8456781033721101,0.9757050628610262
0.8456553755522828,0.9755351681957186
0.8457799381352188,0.9755351681957186
0.8457572186210961,0.9753652735304111
0.8458818329158686,0.9753652735304111
0.8460064839375184,0.9753652735304111
0.8461311717022845,0.9753652735304111
0.8462558962264151,0.9753652735304111
0.8463806575261683,0.9753652735304111
0.8465054556178119,0.9753652735304111
0.8466302905176227,0.9753652735304111
0.846755162241888,0.9753652735304111
0.8467325564242514,0.9751953788651037
0.8468574800826203,0.9751953788651037
0.8469824406079386,0.9751953788651037
0.8471074380165289,0.9751953788651037
0.8472324723247232,0.9751953788651037
0.8473575435488633,0.9751953788651037
0.8474826517053005,0.9751953788651037
0.8476077968103958,0.9751953788651037
0.8477329788805199,0.9751953788651037
0.8478581979320532,0.9751953788651037
0.8478357216723298,0.9750254841997962
0.8479609929078015,0.9750254841997962
0.8479385251958031,0.9748555895344886
0.8480638486550399,0.9748555895344886
0.8480413895048041,0.9746856948691811
0.848166765227676,0.9746856948691811
0.8482921780275026,0.9746856948691811
0.8484176279207335,0.9746856948691811
0.8483952078094956,0.9745158002038736
0.8483727810650887,0.974345905538566
0.8484982985648765,0.974345905538566
0.8486238532110092,0.974345905538566
0.8487494450199793,0.974345905538566
0.8488750740082889,0.974345905538566
0.8490007401924501,0.974345905538566
0.8491264435889843,0.974345905538566
0.8491041018806457,0.9741760108732586
0.8492298578199052,0.9741760108732586
0.8493556510146645,0.9741760108732586
0.8494814814814815,0.9741760108732586
0.8496073492369239,0.9741760108732586
0.8497332542975696,0.9741760108732586
0.849859196680006,0.9741760108732586
0.8499851764008302,0.9741760108732586
0.8501111934766493,0.9741760108732586
0.8502372479240806,0.9741760108732586
0.8502150378169954,0.9740061162079511
0.850192821121329,0.9738362215426436
0.8503189437768877,0.9738362215426436
0.8504451038575668,0.9738362215426436
0.8505713013800267,0.9738362215426436
0.8506975363609379,0.9738362215426436
0.8508238088169808,0.9738362215426436
0.8509501187648456,0.9738362215426436
0.8510764662212323,0.9738362215426436
0.851054351054351,0.973666326877336
0.851032229318283,0.9734964322120285
0.8511586452762924,0.9734964322120285
0.8512850987966127,0.9734964322120285
0.8514115898959881,0.9734964322120285
0.8515381185911726,0.9734964322120285
0.8515160523186682,0.973326537546721
0.8516426341608444,0.973326537546721
0.851769253642581,0.973326537546721
0.8518959107806692,0.973326537546721
0.8520226055919096,0.973326537546721
0.8521493380931132,0.973326537546721
0.8522761083011009,0.973326537546721
0.8522541288498735,0.9731566428814136
0.8523809523809524,0.9731566428814136
0.8525078136627474,0.9731566428814136
0.8526347127121167,0.9731566428814136
0.8527616495459283,0.9731566428814136
0.8528886241810602,0.9731566428814136
0.8530156366344006,0.9731566428814136
0.8531426869228478,0.9731566428814136
0.85326977506331,0.9731566428814136
0.8532479141835518,0.972986748216106
0.8533750558784086,0.972986748216106
0.8535022354694486,0.972986748216106
0.8536294529736175,0.972986748216106
0.8537567084078712,0.972986748216106
0.8538840017891755,0.972986748216106
0.8538622129436325,0.9728168535507985
0.8539895600298285,0.9728168535507985
0.8541169451073986,0.9728168535507985
0.8542443681933463,0.9728168535507985
0.8543718293046851,0.9728168535507985
0.854499328458439,0.9728168535507985
0.8546268656716418,0.9728168535507985
0.8547544409613375,0.9728168535507985
0.8548820543445804,0.9728168535507985
0.8550097058384352,0.9728168535507985
0.8551373954599761,0.9728168535507985
0.8552651232262882,0.9728168535507985
0.8553928891544667,0.9728168535507985
0.8555206932616166,0.9728168535507985
0.8556485355648535,0.9728168535507985
0.8557764160813033,0.9728168535507985
0.8559043348281017,0.9728168535507985
0.8560322918223949,0.9728168535507985
0.8561602870813397,0.9728168535507985
0.8562883206221026,0.9728168535507985
0.8564163924618606,0.9728168535507985
0.856544502617801,0.9728168535507985
0.8566726511071214,0.9728168535507985
0.8568008379470298,0.9728168535507985
0.856929063154744,0.9728168535507985
0.8570573267474929,0.9728168535507985
0.8570359281437125,0.972646958885491
0.8571642461446324,0.972646958885491
0.8572926025756215,0.972646958885491
0.8574209974539464,0.972646958885491
0.8573996405032954,0.9724770642201835
0.8575280898876404,0.9724770642201835
0.8576565777644591,0.9724770642201835
0.8577851041510565,0.9724770642201835
0.8579136690647482,0.9724770642201835
0.8580422725228601,0.9724770642201835
0.8581709145427286,0.9724770642201835
0.8581496476233318,0.972307169554876
0.858128374325135,0.9721372748895685
0.8581070946452677,0.971967380224261
0.8582358235823583,0.971967380224261
0.858364591147787,0.971967380224261
0.8584933973589436,0.971967380224261
0.8586222422332283,0.971967380224261
0.8587511257880517,0.971967380224261
0.8588800480408347,0.971967380224261
0.859009009009009,0.971967380224261
0.8591380087100166,0.971967380224261
0.8592670471613097,0.971967380224261
0.8593961243803515,0.971967380224261
0.8595252403846154,0.971967380224261
0.859504132231405,0.9717974855589534
0.8596333032762248,0.9717974855589534
0.8596122050202916,0.9716275908936459
0.8597414311485267,0.9716275908936459
0.8598706961359194,0.9716275908936459
0.86,0.9716275908936459
0.8599789442021356,0.9714576962283384
0.8601083032490975,0.9714576962283384
0.8602377012185949,0.9714576962283384
0.8603671381281974,0.9714576962283384
0.8604966139954854,0.9714576962283384
0.8606261288380493,0.9714576962283384
0.8606051482763811,0.971287801563031
0.8607347184582957,0.971287801563031
0.8608643276614968,0.971287801563031
0.8609939759036145,0.971287801563031
0.8611236632022895,0.971287801563031
0.8612533895751733,0.971287801563031
0.8613831550399277,0.971287801563031
0.8615129596142255,0.971287801563031
0.8616428033157498,0.971287801563031
0.8617726861621947,0.971287801563031
0.8619026081712649,0.971287801563031
0.861881785283474,0.9711179068977234
0.8620117629316845,0.9711179068977234
0.8621417797888387,0.9711179068977234
0.8622718358726806,0.9711179068977234
0.8624019312009656,0.9711179068977234
0.8625320657914591,0.9711179068977234
0.8625113190461817,0.9709480122324159
0.8624905660377359,0.9707781175671084
0.8626207729468599,0.9707781175671084
0.8627510191756002,0.9707781175671084
0.8628813047417698,0.9707781175671084
0.8630116296631929,0.9707781175671084
0.863141993957704,0.9707781175671084
0.8632723976431486,0.9707781175671084
0.8634028407373829,0.9707781175671084
0.8635333232582741,0.9707781175671084
0.8636638452237001,0.9707781175671084
0.8637944066515495,0.9707781175671084
0.8639250075597218,0.9707781175671084
0.8640556479661273,0.9707781175671084
0.8641863278886872,0.9707781175671084
0.8643170473453335,0.9707781175671084
0.8644478063540091,0.9707781175671084
0.8645786049326676,0.9707781175671084
0.8647094430992736,0.9707781175671084
0.8648403208718026,0.9707781175671084
0.864971238268241,0.9707781175671084
0.8651021953065859,0.9707781175671084
0.8652331920048455,0.9707781175671084
0.8653642283810389,0.9707781175671084
0.865495304453196,0.9707781175671084
0.8654749280412058,0.9706082229018009
0.8654545454545455,0.9704383282364933
0.8655856948022428,0.9704383282364933
0.8657168839042134,0.9704383282364933
0.8658481127785357,0.9704383282364933
0.865979381443299,0.9704383282364933
0.8661106899166034,0.9704383282364933
0.8662420382165605,0.9704383282364933
0.866221750341271,0.9702684335711859
0.8663531553398058,0.9702684335711859
0.8664846002124109,0.9702684335711859
0.8666160849772382,0.9702684335711859
0.866747609652451,0.9702684335711859
0.8668791742562234,0.9702684335711859
0.8670107788067406,0.9702684335711859
0.8669905860917096,0.9700985389058784
0.8671222475322703,0.9700985389058784
0.8672539489671932,0.9700985389058784
0.8672337839890627,0.9699286442405708
0.8673655423883319,0.9699286442405708
0.8674973408296611,0.9699286442405708
0.8674772036474164,0.9697587495752633
0.867609059127527,0.9697587495752633
0.8677409546974765,0.9697587495752633
0.8678728903755512,0.9697587495752633
0.8680048661800487,0.9697587495752633
0.8681368821292775,0.9697587495752633
0.8682689382415576,0.9697587495752633
0.8684010345352199,0.9697587495752633
0.8685331710286062,0.9697587495752633
0.86866534774007,0.9697587495752633
0.8686453576864536,0.9695888549099558
0.8687775917186786,0.9695888549099558
0.8689098660170523,0.9695888549099558
0.8690421805999695,0.9695888549099558
0.8691745354858361,0.9695888549099558
0.8691546077684692,0.9694189602446484
0.8692870201096892,0.9694189602446484
0.8694194728020722,0.9694189602446484
0.8695519658640658,0.9694189602446484
0.869684499314129,0.9694189602446484
0.8698170731707318,0.9694189602446484
0.8699496874523556,0.9694189602446484
0.8700823421774931,0.9694189602446484
0.8702150373646484,0.9694189602446484
0.8703477730323368,0.9694189602446484
0.8704805491990847,0.9694189602446484
0.87061336588343,0.9694189602446484
0.8707462231039219,0.9694189602446484
0.8708791208791209,0.9694189602446484
0.8710120592275988,0.9694189602446484
0.871145038167939,0.9694189602446484
0.8711253626507863,0.9692490655793408
0.8712583995113011,0.9692490655793408
0.8713914770123721,0.9692490655793408
0.8715245951726245,0.9692490655793408
0.8716577540106952,0.9692490655793408
0.8717909535452323,0.9692490655793408
0.8719241937948953,0.9692490655793408
0.8720574747783553,0.9692490655793408
0.8721907965142944,0.9692490655793408
0.8723241590214067,0.9692490655793408
0.8724575623183973,0.9692490655793408
0.8725910064239829,0.9692490655793408
0.8727244913568916,0.9692490655793408
0.8728580171358629,0.9692490655793408
0.872991583779648,0.9692490655793408
0.8731251913070095,0.9692490655793408
0.8732588397367212,0.9692490655793408
0.8733925290875689,0.9692490655793408
0.8733731434696065,0.9690791709140333
0.8735068912710566,0.9690791709140333
0.8736406800428856,0.9690791709140333
0.8737745098039216,0.9690791709140333
0.8739083805730045,0.9690791709140333
0.8740422923689856,0.9690791709140333
0.874176245210728,0.9690791709140333
0.874310239117106,0.9690791709140333
0.874444274107006,0.9690791709140333
0.8745783501993254,0.9690791709140333
0.8747124674129735,0.9690791709140333
0.8746932515337423,0.9689092762487258
0.8748274275195582,0.9689092762487258
0.874961644676281,0.9689092762487258
0.8750959030228633,0.9689092762487258
0.8752302025782689,0.9689092762487258
0.8752110514198005,0.9687393815834183
0.8753454098863985,0.9687393815834183
0.8754798096115461,0.9687393815834183
0.8756142506142506,0.9687393815834183
0.875748732913531,0.9687393815834183
0.8758832565284178,0.9687393815834183
0.8760178214779536,0.9687393815834183
0.8761524277811924,0.9687393815834183
0.8762870754572,0.9687393815834183
0.8764217645250538,0.9687393815834183
0.8765564950038433,0.9687393815834183
0.8766912669126691,0.9687393815834183
0.8768260802706443,0.9687393815834183
0.8769609350968932,0.9687393815834183
0.8770958314105523,0.9687393815834183
0.8772307692307693,0.9687393815834183
0.877211878750577,0.9685694869181107
0.8773468759618344,0.9685694869181107
0.8774819147298754,0.9685694869181107
0.8776169950738916,0.9685694869181107
0.877752117013087,0.9685694869181107
0.877887280566677,0.9685694869181107
0.8780224857538887,0.9685694869181107
0.8781577325939618,0.9685694869181107
0.8782930211061469,0.9685694869181107
0.8784283513097072,0.9685694869181107
0.878409616273694,0.9683995922528033
0.8785450061652281,0.9683995922528033
0.8786804377986742,0.9683995922528033
0.8786617329633056,0.9682296975874958
0.8787972243639167,0.9682296975874958
0.8789327575570636,0.9682296975874958
0.8790683325620855,0.9682296975874958
0.8792039493983338,0.9682296975874958
0.8793396080851721,0.9682296975874958
0.8794753086419753,0.9682296975874958
0.8796110510881309,0.9682296975874958
0.879746835443038,0.9682296975874958
0.8798826617261077,0.9682296975874958
0.8800185299567634,0.9682296975874958
0.8801544401544401,0.9682296975874958
0.8802903923385851,0.9682296975874958
0.8804263865286575,0.9682296975874958
0.8805624227441285,0.9682296975874958
0.880543965384021,0.9680598029221883
0.8806800618238022,0.9680598029221883
0.8808162003400835,0.9680598029221883
0.8809523809523809,0.9680598029221883
0.8810886036802227,0.9680598029221883
0.8812248685431487,0.9680598029221883
0.8813611755607115,0.9680598029221883
0.8814975247524752,0.9680598029221883
0.8816339161380164,0.9680598029221883
0.8817703497369236,0.9680598029221883
0.8819068255687974,0.9680598029221883
0.8820433436532508,0.9680598029221883
0.8820250812819321,0.9678899082568807
0.882161659956643,0.9678899082568807
0.8821434102524393,0.9677200135915732
0.8822800495662949,0.9677200135915732
0.8824167312161115,0.9677200135915732
0.8823985125503564,0.9675501189262657
0.8823802882380288,0.9673802242609582
0.8825170489770614,0.9673802242609582
0.882498837389552,0.9672103295956507
0.8826356589147287,0.9672103295956507
0.8827725228717631,0.9672103295956507
0.8829094292803971,0.9672103295956507
0.8830463781603847,0.9672103295956507
0.8831833695314923,0.9672103295956507
0.8833204034134988,0.9672103295956507
0.8834574798261949,0.9672103295956507
0.8834393915877696,0.9670404349303432
0.8835765290282521,0.9670404349303432
0.8837137090513896,0.9670404349303432
0.8838509316770187,0.9670404349303432
0.8839881969249883,0.9670404349303432
0.88412550481516,0.9670404349303432
0.8842628553674072,0.9670404349303432
0.8844002486016159,0.9670404349303432
0.8845376845376846,0.9670404349303432
0.8846751631955238,0.9670404349303432
0.8846572361262242,0.9668705402650357
0.884639303482587,0.9667006455997281
0.8847768620743275,0.9667006455997281
0.8849144634525661,0.9667006455997281
0.8850521076372686,0.9667006455997281
0.8851897946484132,0.9667006455997281
0.8851719309164462,0.9665307509344206
0.8851540616246498,0.9663608562691132
0.8852918287937743,0.9663608562691132
0.8852739726027398,0.9661909616038057
0.8854118013389382,0.9661909616038057
0.8853939582684522,0.9660210669384981
0.88553184862171,0.9660210669384981
0.8856697819314642,0.9660210669384981
0.8858077582177909,0.9660210669384981
0.8857899657214086,0.9658511722731906
0.8859280037400654,0.9658511722731906
0.88606608478803,0.9658511722731906
0.8860483242400623,0.9656812776078831
0.8861864671032117,0.9656812776078831
0.8863246530484953,0.9656812776078831
0.8864628820960698,0.9656812776078831
0.8866011542661051,0.9656812776078831
0.8867394695787831,0.9656812776078831
0.8868778280542986,0.9656812776078831
0.8870162297128589,0.9656812776078831
0.8871546745746839,0.9656812776078831
0.8871370590071808,0.9655113829425757
0.8872755659640905,0.9655113829425757
0.8874141161773891,0.9655113829425757
0.8873965328752147,0.9653414882772681
0.887535145267104,0.9653414882772681
0.8876738009685986,0.9653414882772681
0.8878125,0.9653414882772681
0.8879512423816222,0.9653414882772681
0.8879337292904033,0.9651715936119606
0.8880725340003126,0.9651715936119606
0.8882113821138211,0.9651715936119606
0.88835027365129,0.9651715936119606
0.8884892086330936,0.9651715936119606
0.888471765994056,0.9650016989466531
0.8886107634543179,0.9650016989466531
0.888749804412455,0.9650016989466531
0.8888888888888888,0.9650016989466531
0.8890280169040539,0.9650016989466531
0.8890106449592987,0.9648318042813455
0.8889932675747613,0.964661909616038
0.8891324772940808,0.964661909616038
0.8892717306186374,0.964661909616038
0.8894110275689223,0.964661909616038
0.8895503681654394,0.964661909616038
0.8896897524287057,0.964661909616038
0.8898291803792509,0.964661909616038
0.8898119122257053,0.9644920149507306
0.889951403041229,0.9644920149507306
0.8900909375979931,0.9644920149507306
0.8902305159165752,0.9644920149507306
0.8903701380175659,0.9644920149507306
0.8903529411764706,0.9643221202854231
0.8904926262943207,0.9643221202854231
0.890475443276322,0.9641522256201155
0.8906151914626491,0.9641522256201155
0.8907549835190708,0.9641522256201155
0.8907378335949765,0.963982330954808
0.8907206782854451,0.9638124362895005
0.8908605527638191,0.9638124362895005
0.8908434113397204,0.963642541624193
0.8909833490417844,0.963642541624193
0.8911233307148468,0.963642541624193
0.8912633563796355,0.963642541624193
0.8914034260568914,0.963642541624193
0.8915435397673688,0.963642541624193
0.8916836975318346,0.963642541624193
0.8916666666666667,0.9634726469588855
0.8918068878754521,0.9634726469588855
0.8919471531928279,0.9634726469588855
0.8920874626396099,0.9634726469588855
0.8922278162366268,0.9634726469588855
0.8923682140047207,0.9634726469588855
0.8925086559647466,0.9634726469588855
0.8926491421375728,0.9634726469588855
0.8927896725440806,0.9634726469588855
0.8927727916863486,0.963302752293578
0.8929133858267716,0.963302752293578
0.892896519136872,0.9631328576282705
0.893037177063642,0.9631328576282705
0.8930203245627856,0.9629629629629629
0.8931610463283959,0.9629629629629629
0.8933018124507486,0.9629629629629629
0.8934426229508197,0.9629629629629629
0.893583477849598,0.9629629629629629
0.8937243771680857,0.9629629629629629
0.8938653209272985,0.9629629629629629
0.894006309148265,0.9629629629629629
0.8941473418520272,0.9629629629629629
0.8942884190596403,0.9629629629629629
0.8942717374151807,0.9627930682976554
0.8944128787878788,0.9627930682976554
0.8945540647198106,0.9627930682976554
0.8946952952320808,0.9627930682976554
0.8946786672982788,0.962623173632348
0.8948199620972836,0.962623173632348
0.8949613015321434,0.962623173632348
0.8951026856240126,0.962623173632348
0.895086111550008,0.9624532789670405
0.8952275600505689,0.9624532789670405
0.8953690532637901,0.9624532789670405
0.8955105912108757,0.9624532789670405
0.895494071146245,0.9622833843017329
0.8954775458570525,0.9621134896364254
0.8954610153408192,0.9619435949711179
0.8954444795950649,0.9617737003058104
0.8955861414333175,0.9617737003058104
0.8957278481012658,0.9617737003058104
0.8958695996201931,0.9617737003058104
0.896011396011396,0.9617737003058104
0.8959949343042584,0.9616038056405029
0.8959784673844206,0.9614339109751954
0.8961203483768805,0.9614339109751954
0.8961038961038961,0.9612640163098879
0.8962458419135118,0.9612640163098879
0.8963878326996197,0.9612640163098879
0.8963714149897005,0.9610941216445804
0.8963549920760697,0.9609242269792728
0.8964970676810905,0.9609242269792728
0.8966391883322765,0.9609242269792728
0.8967813540510544,0.9609242269792728
0.8969235648588646,0.9609242269792728
0.8969072164948454,0.9607543323139653
0.8970494923857868,0.9607543323139653
0.8971918134221799,0.9607543323139653
0.8973341796255158,0.9607543323139653
0.8974765910172988,0.9607543323139653
0.8974603174603175,0.9605844376486579
0.8976027940943007,0.9605844376486579
0.8975865354080661,0.9604145429833503
0.8975702715578847,0.9602446483180428
0.897712833545108,0.9602446483180428
0.8978554408260524,0.9602446483180428
0.8978392119478869,0.9600747536527353
0.89798188463372,0.9600747536527353
0.8979656706929434,0.9599048589874278
0.8981084088380226,0.9599048589874278
0.8980922098569157,0.9597349643221202
0.8982350135156623,0.9597349643221202
0.8982188295165394,0.9595650696568128
0.8982026403690154,0.9593951749915053
0.8981864460706331,0.9592252803261978
0.8983293556085918,0.9592252803261978
0.8983131763208148,0.9590553856608902
0.8984561515199745,0.9590553856608902
0.8984399872652021,0.9588854909955827
0.8984238178633975,0.9587155963302753
0.8985668789808917,0.9587155963302753
0.8987099856665074,0.9587155963302753
0.8986938515450781,0.9585457016649678
0.8988370240560778,0.9585457016649678
0.8988209050350542,0.9583758069996602
0.8989641434262948,0.9583758069996602
0.8989480395282117,0.9582059123343527
0.899091343854615,0.9582059123343527
0.8992346938775511,0.9582059123343527
0.8992186254185935,0.9580360176690452
0.8993620414673046,0.9580360176690452
0.8993459881958845,0.9578661230037376
0.8993299298021697,0.9576962283384302
0.8994734322642413,0.9576962283384302
0.8996169805298436,0.9576962283384302
0.8996009577015164,0.9575263336731227
0.8997445721583652,0.9575263336731227
0.8997285645856619,0.9573564390078152
0.8998722452890451,0.9573564390078152
0.9000159718894746,0.9573564390078152
0.9,0.9571865443425076
0.900143792938169,0.9571865443425076
0.9001278363694472,0.9570166496772001
0.9002716957008151,0.9570166496772001
0.9002557544757033,0.9568467550118926
0.9002398081534773,0.9566768603465852
0.9003837543971858,0.9566768603465852
0.9005277466815929,0.9566768603465852
0.900511836212412,0.9565069656812776
0.9004959206526956,0.9563370710159701
0.90064,0.9563370710159701
0.9006240998559769,0.9561671763506626
0.9007682458386683,0.9561671763506626
0.9009124379702257,0.9561671763506626
0.9010566762728146,0.9561671763506626
0.9010408326661329,0.955997281685355
0.9010249839846253,0.9558273870200475
0.901169309626782,0.9558273870200475
0.9011534764498558,0.9556574923547401
0.9012978689312611,0.9556574923547401
0.9014423076923077,0.9556574923547401
0.9015867927552492,0.9556574923547401
0.9015710163513947,0.9554875976894326
0.9017155683822351,0.9554875976894326
0.9016998075689544,0.955317703024125
0.9016840417000802,0.9551478083588175
0.9016682707731793,0.95497791369351
0.9016524947858174,0.9548080190282026
0.9017971758664955,0.9548080190282026
0.9017814155031295,0.954638124362895
0.9017656500802568,0.9544682296975875
0.9019104190078664,0.9544682296975875
0.9020552344251767,0.9544682296975875
0.9020395053797976,0.95429833503228
0.9021843880501125,0.95429833503228
0.9023293172690763,0.95429833503228
0.902474293059126,0.95429833503228
0.9026193154427126,0.95429833503228
0.9027643844423016,0.95429833503228
0.9027487542195789,0.9541284403669725
0.9027331189710611,0.9539585457016649
0.9027174786943238,0.9537886510363575
0.9028626568028305,0.9537886510363575
0.9028470323307062,0.95361875637105
0.9028314028314028,0.9534488617057424
0.902815768302494,0.9532789670404349
0.9029610556807209,0.9532789670404349
0.9031063898277805,0.9532789670404349
0.903090792015454,0.9531090723751274
0.9030751891804862,0.95293917770982
0.9030595813204508,0.9527692830445124
0.9032050249637623,0.9527692830445124
0.9031894329896907,0.9525993883792049
0.903334944417593,0.9525993883792049
0.9034805027392846,0.9525993883792049
0.9036261079774376,0.9525993883792049
0.9036105738233398,0.9524294937138974
0.903595034660648,0.9522595990485899
0.9037407287971622,0.9522595990485899
0.9038864699242057,0.9522595990485899
0.9038709677419355,0.9520897043832823
0.9038554605581546,0.9519198097179749
0.9040012907389481,0.9519198097179749
0.9041471679845087,0.9519198097179749
0.9042930923176242,0.9519198097179749
0.9042776432606942,0.9517499150526674
0.9042621892153697,0.9515800203873598
0.9042467301792346,0.9514101257220523
0.9042312661498708,0.9512402310567448
0.9043773219189145,0.9512402310567448
0.904361873990307,0.9510703363914373
0.9043464210696397,0.9509004417261298
0.9044925662572721,0.9509004417261298
0.9044771294650072,0.9507305470608223
0.9044616876818623,0.9505606523955148
0.904607922392886,0.9505606523955148
0.9045924967658473,0.9503907577302073
0.9045770661491186,0.9502208630648997
0.904723390488515,0.9502208630648997
0.9048697621744054,0.9502208630648997
0.9050161812297735,0.9502208630648997
0.905000809192426,0.9500509683995922
0.9049854321786986,0.9498810737342848
0.9051319410717177,0.9498810737342848
0.9052784974093264,0.9498810737342848
0.9052631578947369,0.9497111790689773
0.9052478134110787,0.9495412844036697
0.9053944597440466,0.9495412844036697
0.9053791315618924,0.9493713897383622
0.9053637984119267,0.9492014950730547
0.9055105348460292,0.9492014950730547
0.905495218025612,0.9490316004077471
0.9056420233463035,0.9490316004077471
0.9056267228798444,0.9488617057424397
0.9056114174505352,0.9486918110771322
0.905596107055961,0.9485219164118247
0.9055807916937054,0.9483520217465171
0.9057277300016225,0.9483520217465171
0.9058747160012983,0.9483520217465171
0.9060217497159552,0.9483520217465171
0.9061688311688312,0.9483520217465171
0.9061535963630459,0.9481821270812096
0.9061383566092888,0.9480122324159022
0.9062855286665584,0.9480122324159022
0.9062703053931124,0.9478423377505947
0.9062550771730301,0.9476724430852871
0.9062398440038999,0.9475025484199796
0.9063871282301317,0.9475025484199796
0.9063719115734721,0.9473326537546721
0.9065192651601366,0.9473326537546721
0.9065040650406504,0.9471627590893646
0.9066514880468369,0.9471627590893646
0.9066363044892648,0.9469928644240571
0.9067837969741337,0.9469928644240571
0.9067686300032541,0.9468229697587496
0.906753458096013,0.9466530750934421
0.9069010416666666,0.9466530750934421
0.9068858863747354,0.9464831804281345
0.9068707261478346,0.946313285762827
0.9070184009119036,0.946313285762827
0.9070032573289902,0.9461433910975195
0.9069881088125101,0.9459734964322121
0.9069729553600522,0.9458036017669045
0.9069577969692032,0.945633707101597
0.9071056062581486,0.945633707101597
0.9070904645476773,0.9454638124362895
0.907238343658298,0.9454638124362895
0.9073862709929887,0.9454638124362895
0.9073711676451403,0.945293917770982
0.9075191648996901,0.945293917770982
0.9076672104404567,0.945293917770982
0.9078153042910753,0.945293917770982
0.9078002610966057,0.9451240231056744
0.9077852129916761,0.944954128440367
0.9079333986287953,0.944954128440367
0.9079183673469388,0.9447842337750595
0.9080666231221424,0.9447842337750595
0.9080516086885514,0.9446143391097519
0.9080365893498856,0.9444444444444444
0.9081849371017807,0.9444444444444444
0.9081699346405229,0.9442745497791369
0.9083183526720052,0.9442745497791369
0.9083033671134357,0.9441046551138295
0.9084518554847147,0.9441046551138295
0.908436886854153,0.9439347604485219
0.9084219133278822,0.9437648657832144
0.9084069349035002,0.9435949711179069
0.9085555373793555,0.9435949711179069
0.9085405759162304,0.9434250764525994
0.9085256095565374,0.9432551817872918
0.9085106382978724,0.9430852871219844
0.9086593550499263,0.9430852871219844
0.9088081204977079,0.9430852871219844
0.908793188144752,0.9429153924566769
0.9089420242384539,0.9429153924566769
0.9089271089271089,0.9427454977913694
0.9090760157273918,0.9427454977913694
0.909061117483205,0.9425756031260618
0.909210095050803,0.9425756031260618
0.9091952138993608,0.9424057084607543
0.9091803278688525,0.9422358137954469
0.9091654369568781,0.9420659191301393
0.9093145293538866,0.9420659191301393
0.9094636706577005,0.9420659191301393
0.9094488188976378,0.9418960244648318
0.909433962264151,0.9417261297995243
0.9094191007548408,0.9415562351342168
0.9094042343673068,0.9413863404689092
0.9093893630991464,0.9412164458036018
0.909374486947956,0.9410465511382943
0.9095238095238095,0.9410465511382943
0.9095089505665955,0.9408766564729868
0.9096583442838371,0.9408766564729868
0.9098077870872351,0.9408766564729868
0.9097929674663161,0.9407067618076792
0.9097781429745275,0.9405368671423717
0.9097633136094675,0.9403669724770642
0.9097484793687325,0.9401970778117568
0.9097336402499178,0.9400271831464492
0.909883242887683,0.9400271831464492
0.9098684210526315,0.9398572884811417
0.9098535943411745,0.9396873938158342
0.910003290556104,0.9396873938158342
0.9101530360375185,0.9396873938158342
0.9101382488479263,0.9395174991505266
0.9102880658436214,0.9395174991505266
0.9102732960158051,0.9393476044852191
0.9102585213238926,0.9391777098199117
0.9102437417654808,0.9390078151546042
0.910228957338165,0.9388379204892966
0.9103789126853378,0.9388379204892966
0.9103641456582633,0.9386680258239891
0.9105141727092947,0.9386680258239891
0.910664249217076,0.9386680258239891
0.9108143752060666,0.9386680258239891
0.9107996702390767,0.9384981311586816
0.9107849604221636,0.9383282364933742
0.9107702457529276,0.9381583418280666
0.9107555262289674,0.9379884471627591
0.9107408018478799,0.9378185524974516
0.9107260726072607,0.937648657832144
0.910876382241294,0.937648657832144
0.9110267414988446,0.937648657832144
0.9110120521710418,0.9374787631668365
0.9109973579920739,0.9373088685015291
0.9111478117258464,0.9373088685015291
0.9112983151635282,0.9373088685015291
0.9114488683297538,0.9373088685015291
0.9114342366159948,0.9371389738362216
0.91158486200628,0.9371389738362216
0.9115702479338843,0.936969079170914
0.9115556290295916,0.9367991845056065
0.9115410052910053,0.936629289840299
0.911691747974202,0.936629289840299
0.911677141912008,0.9364593951749915
0.9116625310173697,0.936289500509684
0.9118133686300464,0.936289500509684
0.911798775442661,0.9361196058443765
0.9117841774246939,0.935949711179069
0.9117695745737461,0.9357798165137615
0.9119205298013245,0.9357798165137615
0.9119059446928299,0.9356099218484539
0.9118913547532296,0.9354400271831464
0.9118767599801226,0.935270132517839
0.9118621603711067,0.9351002378525314
0.911847555923778,0.9349303431872239
0.9118329466357309,0.9347604485219164
0.9118183325045582,0.9345905538566089
0.9118037135278515,0.9344206591913014
0.9117890897032002,0.9342507645259939
0.9117744610281924,0.9340808698606864
0.9117598275004146,0.9339109751953789
0.9117451891174518,0.9337410805300713
0.9117305458768873,0.9335711858647638
0.9117158977763027,0.9334012911994564
0.911701244813278,0.9332313965341489
0.9116865869853917,0.9330615018688413
0.9116719242902208,0.9328916072035338
0.9116572567253404,0.9327217125382263
0.9116425842883242,0.9325518178729187
0.9116279069767442,0.9323819232076113
0.9116132247881708,0.9322120285423038
0.9115985377201729,0.9320421338769963
0.9115838457703175,0.9318722392116887
0.9115691489361702,0.9317023445463812
0.9117206982543641,0.9317023445463812
0.9117060192883273,0.9315324498810738
0.9118576417761517,0.9315324498810738
0.9118429807052562,0.9313625552157663
0.9118283147562801,0.9311926605504587
0.9119800332778703,0.9311926605504587
0.9119653852554501,0.9310227658851512
0.9119507323568575,0.9308528712198437
0.9119360745796571,0.9306829765545361
0.911921411921412,0.9305130818892287
0.9119067443796836,0.9303431872239212
0.9118920719520319,0.9301732925586137
0.9118773946360154,0.9300033978933061
0.9118627124291903,0.9298335032279986
0.9120146642226296,0.9298335032279986
0.912,0.9296636085626911
0.9119853308884814,0.9294937138973837
0.9119706568856285,0.9293238192320761
0.9119559779889945,0.9291539245667686
0.9119412941961308,0.9289840299014611
0.9119266055045872,0.9288141352361536
0.9119119119119119,0.928644240570846
0.9118972134156516,0.9284743459055386
0.9118825100133512,0.9283044512402311
0.9118678017025539,0.9281345565749235
0.9120200333889816,0.9281345565749235
0.91200534312907,0.927964661909616
0.9119906479625919,0.9277947672443085
0.9119759478870887,0.9276248725790011
0.9119612429001003,0.9274549779136935
0.9119465329991646,0.927285083248386
0.9119318181818182,0.9271151885830785
0.9119170984455959,0.926945293917771
0.9120548403277045,0.9267753992524634
0.9120401337792642,0.926605504587156
0.9120254223114234,0.9264356099218485
0.912010705921713,0.9262657152565409
0.9119959846076627,0.9260958205912334
0.9119812583668006,0.9259259259259259
0.9119665271966527,0.9257560312606185
0.9119517910947439,0.9255861365953109
0.911937050058597,0.9254162419300034
0.9120897521768252,0.9254162419300034
0.9120750293083235,0.9252463472646959
0.9120603015075377,0.9250764525993884
0.9120455687719886,0.9249065579340808
0.9120308310991957,0.9247366632687734
0.9120160884866767,0.9245667686034659
0.9120013409319477,0.9243968739381584
0.911986588432523,0.9242269792728508
0.9119718309859155,0.9240570846075433
0.9119570685896361,0.9238871899422358
0.9119423012411942,0.9237172952769283
0.9119275289380976,0.9235474006116208
0.9119127516778524,0.9233775059463133
0.9118979694579628,0.9232076112810058
0.9118831822759316,0.9230377166156982
0.9120362598623468,0.9230377166156982
0.9120214909335125,0.9228678219503907
0.9120067170445004,0.9226979272850833
0.9119919381928115,0.9225280326197758
0.911977154375945,0.9223581379544682
0.912130376344086,0.9223581379544682
0.9121156108217107,0.9221882432891607
0.9122689075630253,0.9221882432891607
0.9122541603630863,0.9220183486238532
0.9122394082044385,0.9218484539585458
0.9122246510845805,0.9216785592932382
0.9126850605652759,0.9216785592932382
0.9126703685007572,0.9215086646279307
0.9126556714910804,0.9213387699626232
0.9126409695337485,0.9211688752973156
0.9126262626262627,0.9209989806320081
0.9126115507661222,0.9208290859667007
0.9125968339508252,0.9206591913013932
0.9125821121778676,0.9204892966360856
0.9125673854447439,0.9203194019707781
0.9125526537489469,0.9201495073054706
0.9125379170879676,0.9199796126401631
0.9125231754592955,0.9198097179748556
0.912508428860418,0.9196398233095481
0.9124936772888215,0.9194699286442406
0.9124789207419899,0.919300033978933
0.912464159217406,0.9191301393136255
0.9124493927125507,0.918960244648318
0.9124346212249029,0.9187903499830106
0.9124198447519406,0.918620455317703
0.9124050632911392,0.9184505606523955
0.912390276839973,0.918280665987088
0.9123754853959143,0.9181107713217805
0.9123606889564336,0.917940876656473
0.9123458875190001,0.9177709819911655
0.9123310810810811,0.917601087325858
0.9123162696401419,0.9174311926605505
0.9124704291990537,0.9174311926605505
0.9126246408653034,0.9174311926605505
0.9126098715348209,0.9172612979952429
0.9127641589180051,0.9172612979952429
0.9127494081839702,0.9170914033299354
0.9127346524606799,0.916921508664628
0.9127198917456022,0.9167516139993204
0.9127051260362037,0.9165817193340129
0.9126903553299492,0.9164118246687054
0.9126755796243019,0.9162419300033979
0.9126607989167231,0.9160720353380903
0.9126460132046724,0.9159021406727829
0.9128005418218761,0.9159021406727829
0.9127857747671465,0.9157322460074754
0.9127710027100271,0.9155623513421679
0.9127562256479756,0.9153924566768603
0.912741443578448,0.9152225620115528
0.9127118644067796,0.9148827726809379
0.9126970672995423,0.9147128780156303
0.9126822651746355,0.9145429833503228
0.9126674580295066,0.9143730886850153
0.9126526458616011,0.9142031940197077
0.9126378286683631,0.9140332993544003
0.9126230064472345,0.9138634046890928
0.9126081791956558,0.9136935100237853
0.9125933469110659,0.9135236153584777
0.9125785095909014,0.9133537206931702
0.9125636672325976,0.9131838260278627
0.912548819833588,0.9130139313625553
0.9125339673913043,0.9128440366972477
0.9125191099031765,0.9126741420319402
0.9125042473666327,0.9125042473666327
0.912659303313509,0.9125042473666327
0.9126444595513257,0.9123343527013251
0.9126296107428183,0.9121644580360176
0.9126147568854132,0.9119945633707102
0.9125998979765346,0.9118246687054027
0.9125850340136055,0.9116547740400951
0.9125701649940466,0.9114848793747876
0.9125552909152773,0.9113149847094801
0.912540411774715,0.9111450900441727
0.9126808510638298,0.9109751953788651
0.9126659856996936,0.9108053007135576
0.9126511152732846,0.9106354060482501
0.912621359223301,0.910295616717635
0.9126064735945486,0.9101257220523276
0.9125915828931674,0.9099558273870201
0.9125766871165644,0.9097859327217125
0.9125617862621442,0.909616038056405
0.9125468803273099,0.9094461433910975
0.9127024722932652,0.9094461433910975
0.9128581173260573,0.9094461433910975
0.9128283862163085,0.9091063540604825
0.9127986348122867,0.9087665647298675
0.9127837514934289,0.90859667006456
0.9127688630932058,0.9084267753992524
0.9127539696090149,0.908256880733945
0.9127390710382514,0.9080869860686375
0.9127241673783092,0.90791709140333
0.9127092586265801,0.9077471967380224
0.9126943447804544,0.9075773020727149
0.9126794258373205,0.9074074074074074
0.912664501794565,0.9072375127420998
0.9126495726495727,0.9070676180767924
0.9126346383997265,0.9068977234114849
0.9126196990424077,0.9067278287461774
0.9126047545749957,0.9065579340808698
0.9129170230966638,0.9065579340808698
0.91290212183436,0.9063880394155623
0.9128872154715043,0.9062181447502549
0.9128723040054776,0.9060482500849474
0.9128573874336586,0.9058783554196398
0.9128424657534246,0.9057084607543323
0.9128275389621511,0.9055385660890248
0.9128126070572113,0.9053686714237172
0.9127976700359773,0.9051987767584098
0.912782727895819,0.9050288820931023
0.9127528282482003,0.9046890927624872
0.9127378707354706,0.9045191980971797
0.9127229080932785,0.9043493034318723
0.9127079403189847,0.9041794087665648
0.9126929674099485,0.9040095141012572
0.9126779893635272,0.9038396194359497
0.9131479574322005,0.9038396194359497
0.9131330472103004,0.9036697247706422
0.9132898351648352,0.9036697247706422
0.9134466769706336,0.9036697247706422
0.9134318103744418,0.9034998301053347
0.913588730458684,0.9034998301053347
0.913573883161512,0.9033299354400272
0.9135590307612992,0.9031600407747197
0.9135441732554143,0.9029901461094122
0.913529310641224,0.9028202514441046
0.9135144429160935,0.9026503567787971
0.913499570077386,0.9024804621134896
0.913469809048684,0.9021406727828746
0.9134549208534067,0.9019707781175671
0.9136121149543969,0.9019707781175671
0.9135972461273666,0.9018008834522596
0.9135823721810983,0.9016309887869521
0.9135674931129476,0.9014610941216445
0.9135526089202687,0.9012911994563371
0.9135377196004134,0.9011213047910296
0.9135228251507321,0.9009514101257221
0.9135079255685734,0.9007815154604145
0.9134930208512838,0.900611620795107
0.9134781109962082,0.9004417261297996
0.9134631960006895,0.900271831464492
0.9134333505776858,0.899932042133877
0.9134184201448775,0.8997621474685695
0.9134034845609799,0.8995922528032619
0.9133885438233265,0.8994223581379545
0.9133735979292493,0.899252463472647
0.913531239212979,0.899252463472647
0.9135163127912999,0.8990825688073395
0.9135013812154696,0.8989126741420319
0.9134864444828181,0.8987427794767244
0.9134715025906736,0.898572884811417
0.9134565555363621,0.8984029901461094
0.913441603317208,0.8982330954808019
0.9134266459305339,0.8980632008154944
0.9134116833736605,0.8978933061501869
0.9133967156439067,0.8977234114848793
0.9133817427385892,0.8975535168195719
0.9135396852844544,0.8975535168195719
0.9135247319266689,0.8973836221542644
0.9135097733956064,0.8972137274889569
0.9134948096885813,0.8970438328236493
0.9134648667358948,0.8967040434930343
0.9134498874848538,0.8965341488277269
0.9134349030470914,0.8963642541624193
0.9135781087634223,0.8961943594971118
0.9135631387493505,0.8960244648318043
0.9138648180242634,0.8958545701664967
0.9138498873288264,0.8956846755011892
0.9138349514563107,0.8955147808358818
0.9138050641692681,0.8951749915052667
0.9137901127493495,0.8950050968399592
0.9137751561415683,0.8948352021746517
0.9142361111111111,0.8946653075093443
0.9142063216394581,0.8943255181787292
0.9141765114662961,0.8939857288481141
0.9141615986099044,0.8938158341828066
0.9141466805700382,0.8936459395174992
0.9141317573439944,0.8934760448521917
0.9141168289290682,0.8933061501868841
0.9141018953225526,0.8931362555215766
0.9142608695652173,0.8931362555215766
0.9142459558184032,0.8929663608562691
0.9142310368823938,0.8927964661909616
0.9142011834319527,0.8924566768603466
0.9141862489120974,0.8922867821950391
0.9141713091922006,0.8921168875297316
0.9141563642695455,0.891946992864424
0.9141414141414141,0.8917770981991165
0.9144599303135889,0.8917770981991165
0.9144450252657257,0.8916072035338091
0.914430115022656,0.8914373088685015
0.9144151995816628,0.891267414203194
0.9147340889276373,0.891267414203194
0.9147043432757719,0.890927624872579
0.9146894626657363,0.8907577302072714
0.9146745768626767,0.890587835541964
0.9146596858638744,0.8904179408766565
0.9146447896666084,0.890248046211349
0.9146298882681564,0.8900781515460414
0.9146149816657936,0.8899082568807339
0.9146000698567935,0.8897383622154265
0.9145851528384279,0.889568467550119
0.9145702306079665,0.8893985728848114
0.914555303162677,0.8892286782195039
0.9145403704998253,0.8890587835541964
0.9145254326166754,0.8888888888888888
0.9145104895104895,0.8887189942235814
0.9149903795697044,0.8887189942235814
0.9149755073477956,0.8885490995582739
0.9151207560378019,0.8883792048929664
0.9150910364145658,0.8880394155623513
0.915251269479951,0.8880394155623513
0.9152364273204904,0.8878695208970439
0.9152215799614644,0.8876996262317364
0.9157027690150719,0.8876996262317364
0.9156879929886065,0.8875297315664288
0.9156732117812062,0.8873598369011213
0.9156584253901455,0.8871899422358138
0.9159796526925101,0.8871899422358138
0.9159649122807018,0.8870200475705062
0.9159501666959116,0.8868501529051988
0.9159206599964894,0.8865103635745838
0.9159058988764045,0.8863404689092762
0.91622760800843,0.8863404689092762
0.9162128930265238,0.8861705742439687
0.9161981728742095,0.8860006795786612
0.9161687170474516,0.8856608902480462
0.9161539813675514,0.8854909955827387
0.9163003340953051,0.8853211009174312
0.9165933485834946,0.8849813115868161
0.9165786694825766,0.8848114169215087
0.9165639852138708,0.8846415222562012
0.9165492957746478,0.8844716275908936
0.9165346011621764,0.8843017329255861
0.9165199013737232,0.8841318382602786
0.9165051964065527,0.8839619435949712
0.9164904862579282,0.8837920489296636
0.9164757709251101,0.8836221542643561
0.9164610504053577,0.8834522595990486
0.9164315937940761,0.8831124702684335
0.9165784832451499,0.8829425756031261
0.9169019054340155,0.8829425756031261
0.9168872419269455,0.8827726809378186
0.916872573243911,0.8826027862725111
0.9170344218887908,0.8826027862725111
0.9170197740112994,0.8824328916072035
0.9169904627340163,0.8820931022765885
0.9169757993287405,0.881923207611281
0.9169464569711964,0.881583418280666
0.9169317780134323,0.8814135236153585
0.9169024045261669,0.8810737342847434
0.9168730102582243,0.8807339449541285
0.9168583053246064,0.8805640502888209
0.9168288798442753,0.8802242609582059
0.9168141592920354,0.8800543662928983
0.916799433528058,0.8798844716275909
0.9167847025495751,0.8797145769622834
0.9171094580233794,0.8797145769622834
0.917094774136404,0.8795446822969759
0.9172572643515238,0.8795446822969759
0.917213260060273,0.8790349983010534
0.9171692089393402,0.8785253143051308
0.9171545148128437,0.8783554196398233
0.9171398154719659,0.8781855249745159
0.9171251109139308,0.8780156303092083
0.9171104011359602,0.8778457356439008
0.9170956861352743,0.8776758409785933
0.9172585227272727,0.8776758409785933
0.9172438288048304,0.8775059463132857
0.9172291296625222,0.8773360516479782
0.9173920767454254,0.8773360516479782
0.9173773987206824,0.8771661569826708
0.9173186344238976,0.8764865783214407
0.9173039302863241,0.8763166836561332
0.9174670935610103,0.8763166836561332
0.9174524106030956,0.8761467889908257
0.9177789642285105,0.8761467889908257
0.9177643289426842,0.8759768943255182
0.9177350427350427,0.8756371049949032
0.9178692321396758,0.8752973156642881
0.9178545972915182,0.8751274209989807
0.9178399572268757,0.8749575263336731
0.917825311942959,0.8747876316683656
0.9178106614369763,0.8746177370030581
0.9177960057061341,0.8744478423377506
0.9181234391723154,0.8744478423377506
0.9181088314005352,0.874277947672443
0.9180503481521157,0.873598369011213
0.9180357142857143,0.8734284743459055
0.9180064308681672,0.8730886850152905
0.9179624664879357,0.872579001019368
0.9179478012155882,0.8724091063540604
0.9179184549356223,0.8720693170234455
0.9179037739223752,0.871899422358138
0.9178596993557624,0.8713897383622154
0.917844997315196,0.871219843696908
0.9177861364857604,0.8705402650356778
0.917771408097456,0.8703703703703703
0.9177566744311055,0.8702004757050629
0.917741935483871,0.8700305810397554
0.9177271912529127,0.8698606863744478
0.917712441735389,0.8696907917091403
0.9176976869284562,0.8695208970438328
0.9176829268292683,0.8693510023785254
0.9176681614349775,0.8691811077132178
0.9176533907427341,0.8690112130479103
0.9178033022254127,0.8688413183826028
0.9177885478370131,0.8686714237172953
0.9177737881508079,0.8685015290519877
0.9177590231639433,0.8683316343866803
0.9177442528735632,0.8681617397213728
0.9177146963708228,0.8678219503907577
0.9176999101527403,0.8676520557254502
0.917685118619698,0.8674821610601428
0.9176703217688298,0.8673122663948352
0.9180003596475454,0.8673122663948352
0.9179856115107914,0.8671423717295277
0.9181065514758819,0.8666326877336051
0.9180770615772417,0.8662928984029902
0.9180623086619845,0.8661230037376826
0.9180032438277167,0.8654434250764526
0.917958889289578,0.8649337410805301
0.9179292929292929,0.864593951749915
0.9178996752075063,0.8642541624193001
0.9180505415162454,0.8640842677539925
0.9181867437240383,0.8637444784233775
0.9181423924828334,0.863234794427455
0.9181127982646421,0.8628950050968399
0.9180831826401447,0.862555215766225
0.9180535455861071,0.8622154264356099
0.918204849800941,0.8620455317703024
0.9181752353367125,0.8617057424396873
0.9181455994204998,0.8613659531090724
0.9181159420289855,0.8610261637784573
0.9181011052726943,0.8608562691131498
0.918178519593614,0.8598369011213048
0.9181636726546906,0.8596670064559973
0.9181488203266788,0.8594971117906898
0.9181339626066437,0.8593272171253823
0.9180893570650199,0.8588175331294597
0.9180595930232558,0.8584777437988447
0.9182264219516627,0.8584777437988447
0.9182115594329335,0.8583078491335372
0.9181818181818182,0.8579680598029222
0.9181222707423581,0.8572884811416922
0.9180626365622724,0.8566089024804621
0.9182000364365094,0.8562691131498471
0.9181851311953353,0.8560992184845396
0.9189928845101258,0.8557594291539246
0.91894852135816,0.855249745158002
0.9192251461988304,0.854570166496772
0.919180837447431,0.8540604825008494
0.9191216834400732,0.8533809038396194
0.9194434273160015,0.8532110091743119
0.9194139194139194,0.852871219843697
0.9195233730522456,0.8521916411824668
0.9194790902421129,0.8516819571865444
0.9198823961778758,0.8504926945293918
0.9198529411764705,0.8501529051987767
0.9197792088316468,0.8493034318722392
0.9202137460843929,0.8484539585457017
0.9203246034673552,0.8477743798844716
0.9202510614731401,0.8469249065579341
0.9203032544378699,0.845565749235474
0.920288514888108,0.8453958545701665
0.9202147352832284,0.8445463812436289
0.9201556131900704,0.8438668025823989
0.920007423904974,0.8421678559293239
0.9201337295690936,0.8416581719334013
0.9203869047619048,0.8406388039415562
0.9202979515828678,0.8396194359497112
0.9204397242407304,0.8392796466190962
0.9206793579693916,0.8380903839619436
0.9213084112149532,0.8374108053007135
0.9211758097734507,0.835881753312946
0.9209834834834835,0.8336731226639483
0.9213250517598344,0.8316343866802582
0.921409724839804,0.8306150186884131
0.9219134051805634,0.8284063880394156
0.9220261809903244,0.8256880733944955
0.9219790675547098,0.8231396534148828
0.9221648498756932,0.81923207611281
0.9232692307692307,0.8156642881413524
0.9258252427184466,0.8100577641862046
0.9294187425860023,0.7986748216106014
0.9342780858492503,0.77285083248386
1.0,0.0
