precision,recall
0.3903700756068444,1.0
0.3903959673675134,1.0
0.3904218625630141,1.0
0.39044776119402985,1.0
0.39047366326124455,1.0
0.390499568765342,1.0
0.39052547770700635,1.0
0.3905513900869219,1.0
0.39057730590577305,1.0
0.39060322516424445,1.0
0.390629147863021,1.0
0.39065507400278754,1.0
0.3906810035842294,1.0
0.39070693660803185,1.0
0.3907328730748805,1.0
0.39075881298546106,1.0
0.39078475634045945,1.0
0.3908107031405617,1.0
0.3908366533864542,1.0
0.3908626070788233,1.0
0.3908885642183557,1.0
0.3909145248057382,1.0
0.39094048884165783,1.0
0.3909664563268017,1.0
0.3909924272618573,1.0
0.3910184016475121,1.0
0.3910443794844539,1.0
0.39107036077337054,1.0
0.39109634551495015,1.0
0.39112233370988103,1.0
0.3911483253588517,1.0
0.3911743204625507,1.0
0.3912003190216669,1.0
0.3912263210368893,1.0
0.3912523265089072,1.0
0.3912783354384099,1.0
0.391304347826087,1.0
0.39133036367262813,1.0
0.3913563829787234,1.0
0.39138240574506283,1.0
0.39140843197233677,1.0
0.39143446166123563,1.0
0.3914604948124501,1.0
0.3914865314266711,1.0
0.3915125715045896,1.0
0.39153861504689685,1.0
0.3915646620542842,1.0
0.39159071252744326,1.0
0.3916167664670659,1.0
0.3916428238738439,1.0
0.3916688847484695,1.0
0.39169494909163505,1.0
0.391721016904033,1.0
0.39174708818635606,1.0
0.39177316293929715,1.0
0.39179924116354925,1.0
0.3918253228598056,1.0
0.39185140802875973,1.0
0.3918774966711052,1.0
0.3919035887875358,1.0
0.3919296843787455,1.0
0.39195578344542853,1.0
0.39198188598827916,1.0
0.392007992007992,1.0
0.39203410150526175,1.0
0.3920602144807833,1.0
0.3920863309352518,1.0
0.39211245086936247,1.0
0.39213857428381077,1.0
0.3921647011792924,1.0
0.3921908315565032,1.0
0.39221696541613915,1.0
0.39224310275889646,1.0
0.3922692435854715,1.0
0.39229538789656093,1.0
0.39232153569286143,1.0
0.39234768697507,1.0
0.39237384174388373,1.0
0.3924,1.0
0.39242616174411626,1.0
0.3924523269769303,1.0
0.39247849569913984,1.0
0.39250466791144306,1.0
0.39253084361453816,1.0
0.39255702280912363,1.0
0.3925832054958981,1.0
0.3926093916755603,1.0
0.39263558134880927,1.0
0.3926617745163442,1.0
0.3926879711788645,1.0
0.39271417133706965,1.0
0.3927403749916594,1.0
0.39276658214333376,1.0
0.3927927927927928,1.0
0.3928190069407368,1.0
0.39284522458786625,1.0
0.39287144573488186,1.0
0.39289767038248447,1.0
0.39292389853137516,1.0
0.39295013018225516,1.0
0.39297636533582586,1.0
0.39300260399278897,1.0
0.39302884615384615,1.0
0.3930550918196995,1.0
0.39308134099105113,1.0
0.3931075936686035,1.0
0.39313384985305905,1.0
0.39316010954512054,1.0
0.393186372745491,1.0
0.3932126394548734,1.0
0.3932389096739711,1.0
0.39326518340348765,1.0
0.3932914606441267,1.0
0.39331774139659204,1.0
0.3933440256615878,1.0
0.3933703134398182,1.0
0.3933966047319877,1.0
0.3934228995388009,1.0
0.39344919786096255,1.0
0.3934754996991778,1.0
0.3935018050541516,1.0
0.39352811392658954,1.0
0.3935544263171971,1.0
0.39358074222668005,1.0
0.3936070616557443,1.0
0.39363338460509595,1.0
0.3936597110754414,1.0
0.3936860410674871,1.0
0.3937123745819398,1.0
0.3937387116195063,1.0
0.39376505218089375,1.0
0.39379139626680937,1.0
0.39381774387796065,1.0
0.3938440950150552,1.0
0.39387044967880086,1.0
0.39389680786990566,1.0
0.39392316958907775,1.0
0.39394953483702566,1.0
0.39397590361445783,1.0
0.39400227592208314,1.0
0.3940286517606105,1.0
0.39405503113074913,1.0
0.39408141403320834,1.0
0.3941078004686977,1.0
0.39413419043792686,1.0
0.39416058394160586,1.0
0.3941869809804447,1.0
0.39421338155515373,1.0
0.3942397856664434,1.0
0.39426619331502444,1.0
0.3942926045016077,1.0
0.39431901922690427,1.0
0.3943454374916254,1.0
0.3943718592964824,1.0
0.39439828464218707,1.0
0.3944247135294512,1.0
0.3944511459589867,1.0
0.39447758193150595,1.0
0.3945040214477212,1.0
0.39453046450834506,1.0
0.39455691111409036,1.0
0.39458336126567006,1.0
0.39460981496379727,1.0
0.3946362722091854,1.0
0.39466273300254795,1.0
0.3946891973445987,1.0
0.3947156652360515,1.0
0.39474213667762054,1.0
0.39476861167002014,1.0
0.3947950902139647,1.0
0.394821572310169,1.0
0.39484805795934796,1.0
0.39487454716221654,1.0
0.3949010399194901,1.0
0.39492753623188404,1.0
0.3949540361001141,1.0
0.394980539524896,1.0
0.39500704650694585,1.0
0.39503355704697984,1.0
0.39506007114571445,1.0
0.39508658880386627,1.0
0.3951131100221521,1.0
0.39513963480128894,1.0
0.39516616314199393,1.0
0.39519269504498455,1.0
0.3952192305109783,1.0
0.395245769540693,1.0
0.39527231213484654,1.0
0.3952988582941572,1.0
0.3953254080193431,1.0
0.39535196131112305,1.0
0.39537851817021563,1.0
0.3954050785973398,1.0
0.39543164259321467,1.0
0.39545821015855953,1.0
0.3954847812940939,1.0
0.39551135600053755,1.0
0.3955379342786103,1.0
0.39556451612903226,1.0
0.3955911015525237,1.0
0.39561769054980506,1.0
0.3956442831215971,1.0
0.3956708792686206,1.0
0.39569747899159663,1.0
0.39572408229124645,1.0
0.39575068916829154,1.0
0.3957772996234535,1.0
0.3958039136574541,1.0
0.3958305312710155,1.0
0.39585715246485975,1.0
0.39588377723970947,1.0
0.3959104055962871,1.0
0.3959370375353155,1.0
0.3959636730575177,1.0
0.3959903121636168,1.0
0.39601695485433624,1.0
0.39604360113039966,1.0
0.3960702509925308,1.0
0.39609690444145357,1.0
0.3961235614778922,1.0
0.396150222102571,1.0
0.39617688631621456,1.0
0.39620355411954766,1.0
0.3962302255132952,1.0
0.3962569004981823,1.0
0.39628357907493433,1.0
0.3963102612442769,1.0
0.39633694700693556,1.0
0.39636363636363636,1.0
0.39639032931510537,1.0
0.39641702586206895,1.0
0.39644372600525357,1.0
0.396470429745386,1.0
0.396497137083193,1.0
0.39652384801940177,1.0
0.3965505625547396,1.0
0.396577280689934,1.0
0.39660400242571253,1.0
0.3966307277628032,1.0
0.3966574567019341,1.0
0.3966841892438334,1.0
0.39671092538922964,1.0
0.39673766513885145,1.0
0.3967644084934277,1.0
0.3967911554536875,1.0
0.39681790602036,1.0
0.39684466019417475,1.0
0.3968714179758614,1.0
0.3968981793661497,1.0
0.39692494436576975,1.0
0.39695171297545184,1.0
0.3969784851959264,1.0
0.39700526102792394,1.0
0.3970320404721754,1.0
0.39705882352941174,1.0
0.3970856102003643,1.0
0.3971124004857644,1.0
0.3971391943863437,1.0
0.397165991902834,1.0
0.39719279303596733,1.0
0.3972195977864759,1.0
0.3972464061550921,1.0
0.3972732181425486,1.0
0.3973000337495781,1.0
0.3973268529769137,1.0
0.3973536758252886,1.0
0.39738050229543614,1.0
0.39740733238808995,1.0
0.3974341661039838,1.0
0.3974610034438517,1.0
0.3974878444084279,1.0
0.39751468899844666,1.0
0.3975415372146427,1.0
0.39756838905775077,1.0
0.3975952445285058,1.0
0.39762210362764305,1.0
0.39764896635589786,1.0
0.3976758327140058,1.0
0.3977027027027027,1.0
0.3977295763227245,1.0
0.39775645357480743,1.0
0.3977833344596878,1.0
0.3978102189781022,1.0
0.3978371071307874,1.0
0.39786399891848045,1.0
0.3978908943419185,1.0
0.3979177934018388,1.0
0.3979446960989791,1.0
0.3979716024340771,1.0
0.3979985124078707,1.0
0.3980254260210982,1.0
0.39805234327449784,1.0
0.39807926416880834,1.0
0.3981061887047683,1.0
0.39813311688311687,1.0
0.3981600487045931,1.0
0.3981869841699364,1.0
0.39821392327988636,1.0
0.39824086603518266,1.0
0.3982678124365654,1.0
0.3982947624847747,1.0
0.39832171618055084,1.0
0.39834867352463454,1.0
0.3983756345177665,1.0
0.3984025991606877,1.0
0.3984295674541393,1.0
0.3984565393988627,1.0
0.3984835149955995,1.0
0.3985104942450914,1.0
0.39853747714808047,1.0
0.3985644637053088,1.0
0.39859145391751877,1.0
0.3986184477854531,1.0
0.3986454453098544,1.0
0.3986724464914657,1.0
0.3986994513310303,1.0
0.39872645982929145,1.0
0.39875347198699274,1.0
0.39878048780487807,1.0
0.3988075072836913,1.0
0.3988345304241767,1.0
0.39886155722707867,1.0
0.3988885876931418,1.0
0.3989156218231108,1.0
0.3989426596177308,1.0
0.3989697010777469,1.0
0.3989967462039046,1.0
0.39902379499694934,1.0
0.39905084745762714,1.0
0.3990779035866838,1.0
0.39910496338486573,1.0
0.39913202685291926,1.0
0.39915909399159094,1.0
0.39918616480162766,1.0
0.39921323928377644,1.0
0.3992403174387845,1.0
0.3992673992673993,1.0
0.3992944847703684,1.0
0.39932157394843965,1.0
0.3993486668023611,1.0
0.399375763332881,1.0
0.3994028635407478,1.0
0.3994299674267101,1.0
0.3994570749915168,1.0
0.3994841862359169,1.0
0.39951130116065975,1.0
0.3995384197664947,1.0
0.3995655420541715,1.0
0.39959266802443993,1.0
0.3996197976780501,1.0
0.3996469310157523,1.0
0.399674068038297,1.0
0.3997012087464349,1.0
0.3997283531409168,1.0
0.39975550122249387,1.0
0.3997826529919174,1.0
0.39980980844993885,1.0
0.39983696759730997,1.0
0.3998641304347826,1.0
0.39989129696310893,1.0
0.3999184671830412,1.0
0.3999456410953319,1.0
0.39997281870073387,1.0
0.4,1.0
0.4000271849938834,1.0
0.40005437368313734,1.0
0.40008156606851547,1.0
0.4001087621507715,1.0
0.4001359619306594,1.0
0.4001631654089333,1.0
0.40019037258634754,1.0
0.40021758346365677,1.0
0.40024479804161567,1.0
0.40027201632097925,1.0
0.40029923830250275,1.0
0.40032646398694144,1.0
0.400353693375051,1.0
0.4003809264675872,1.0
0.40040816326530615,1.0
0.40043540376896386,1.0
0.4004626479793169,1.0
0.40048989589712186,1.0
0.40051714752313555,1.0
0.400544402858115,1.0
0.40057166190281746,1.0
0.4005989246580004,1.0
0.40062619112442144,1.0
0.40065346130283847,1.0
0.40068073519400954,1.0
0.4007080127986929,1.0
0.4007352941176471,1.0
0.4007625791516307,1.0
0.4007898679014027,1.0
0.4008171603677222,1.0
0.4008444565513484,1.0
0.4008717564530409,1.0
0.40089906007355947,1.0
0.40092636741366394,1.0
0.40095367847411445,1.0
0.4009809932556714,1.0
0.40100831175909524,1.0
0.40103563398514686,1.0
0.40106295993458707,1.0
0.40109028960817716,1.0
0.40111762300667847,1.0
0.4011449601308526,1.0
0.4011723009814613,1.0
0.40119964555926657,1.0
0.4012269938650307,1.0
0.401254345899516,1.0
0.40128170166348515,1.0
0.401309061157701,1.0
0.4013364243829265,1.0
0.401363791339925,1.0
0.4013911620294599,1.0
0.4014185364522949,1.0
0.4014459146091938,1.0
0.4014732965009208,1.0
0.4015006821282401,1.0
0.4015280714919162,1.0
0.40155546459271385,1.0
0.401582861431398,1.0
0.4016102620087336,1.0
0.4016376663254862,1.0
0.40166507438242116,1.0
0.4016924861803044,1.0
0.40171990171990174,1.0
0.4017473210019794,1.0
0.40177474402730373,1.0
0.40180217079664143,1.0
0.4018296013107591,1.0
0.40185703557042396,1.0
0.4018844735764031,1.0
0.40191191532946396,1.0
0.40193936083037424,1.0
0.40196681007990165,1.0
0.40199426307881436,1.0
0.4020217198278806,1.0
0.40204918032786885,1.0
0.4020766445795478,1.0
0.4021041125836863,1.0
0.4021315843410535,1.0
0.4021590598524187,1.0
0.4021865391185514,1.0
0.4022140221402214,1.0
0.4022415089181986,1.0
0.4022689994532531,1.0
0.40229649374615545,1.0
0.40232399179767603,1.0
0.4023514936085857,1.0
0.40237899917965547,1.0
0.40240650851165655,1.0
0.4024340216053603,1.0
0.4024615384615385,1.0
0.4024890590809628,1.0
0.4025165834644054,1.0
0.4025441116126385,1.0
0.4025716435264346,1.0
0.40259917920656635,1.0
0.40262671865380667,1.0
0.4026542618689287,1.0
0.40268180885270577,1.0
0.4027093596059113,1.0
0.40273691412931917,1.0
0.4027644724237033,1.0
0.4027920344898378,1.0
0.4028196003284971,1.0
0.40284716994045583,1.0
0.4028747433264887,1.0
0.4029023204873708,1.0
0.4029299014238773,1.0
0.4029574861367837,1.0
0.40298507462686567,1.0
0.403012666894899,1.0
0.40304026294165984,1.0
0.4030678627679244,1.0
0.40309546637446925,1.0
0.40312307376207107,1.0
0.40315068493150685,1.0
0.4031782998835537,1.0
0.4032059186189889,1.0
0.4032335411385901,1.0
0.4032611674431351,1.0
0.40328879753340185,1.0
0.40331643141016854,1.0
0.40334406907421366,1.0
0.40337171052631576,1.0
0.4033993557672538,1.0
0.40342700479780674,1.0
0.4034546576187539,1.0
0.4034823142308747,1.0
0.4035099746349489,1.0
0.4035376388317565,1.0
0.4035653068220775,1.0
0.40359297860669224,1.0
0.4036206541863814,1.0
0.40364833356192564,1.0
0.403676016734106,1.0
0.40370370370370373,1.0
0.4037313944715001,1.0
0.40375908903827684,1.0
0.40378678740481583,1.0
0.403814489571899,1.0
0.40384219554030876,1.0
0.4038699053108275,1.0
0.403897618884238,1.0
0.4039253362613231,1.0
0.40395305744286597,1.0
0.40398078242964996,1.0
0.4040085112224586,1.0
0.40403624382207576,1.0
0.40406398022928536,1.0
0.4040917204448716,1.0
0.40411946446961894,1.0
0.404147212304312,1.0
0.4041749639497356,1.0
0.4042027194066749,1.0
0.4042304786759151,1.0
0.40425824175824177,1.0
0.40428600865444053,1.0
0.40431377936529744,1.0
0.40434155389159854,1.0
0.40436933223413024,1.0
0.40439711439367915,1.0
0.404424900371032,1.0
0.4044526901669759,1.0
0.40448048378229795,1.0
0.4045082812177857,1.0
0.4045360824742268,1.0
0.4045638875524091,1.0
0.4045916964531207,1.0
0.40461950917714995,1.0
0.4046473257252853,1.0
0.40467514609831556,1.0
0.40470297029702973,1.0
0.40473079832221687,1.0
0.40475863017466646,1.0
0.40478646585516814,1.0
0.4048143053645117,1.0
0.40484214870348717,1.0
0.40486999587288486,1.0
0.4048978468734952,1.0
0.404925701706109,1.0
0.40495356037151703,1.0
0.40498142287051053,1.0
0.4050092892038808,1.0
0.40503715937241946,1.0
0.4050650333769183,1.0
0.4050929112181693,1.0
0.4051207928969647,1.0
0.4051486784140969,1.0
0.40517656777035865,1.0
0.4052044609665427,1.0
0.4052323580034423,1.0
0.40526025888185074,1.0
0.4052881636025615,1.0
0.4053160721663683,1.0
0.4053439845740651,1.0
0.4053719008264463,1.0
0.4053998209243061,1.0
0.4054277448684392,1.0
0.40545567265964044,1.0
0.4054836042987049,1.0
0.40551153978642784,1.0
0.4055394791236048,1.0
0.4055674223110315,1.0
0.40559536934950385,1.0
0.40562332023981806,1.0
0.4056512749827705,1.0
0.40567923357915775,1.0
0.4057071960297767,1.0
0.4057351623354243,1.0
0.4057631324968978,1.0
0.40579110651499484,1.0
0.40581908439051295,1.0
0.40584706612425014,1.0
0.40587505171700455,1.0
0.4059030411695745,1.0
0.40593103448275863,1.0
0.4059590316573557,1.0
0.4059870326941647,1.0
0.40601503759398494,1.0
0.4060430463576159,1.0
0.4060710589858572,1.0
0.40609907547950874,1.0
0.40612709583937073,1.0
0.40615512006624344,1.0
0.4061831481609275,1.0
0.4062111801242236,1.0
0.40623921595693285,1.0
0.40626725565985644,1.0
0.4062952992337958,1.0
0.40632334667955267,1.0
0.4063513979979289,1.0
0.40637945318972657,1.0
0.4064075122557481,1.0
0.406435575196796,1.0
0.4064636420136731,1.0
0.4064917127071823,1.0
0.40651978727812693,1.0
0.4065478657273104,1.0
0.4065759480555364,1.0
0.40660403426360875,1.0
0.4066321243523316,1.0
0.4066602183225093,1.0
0.40668831617494644,1.0
0.40671641791044777,1.0
0.40674452352981827,1.0
0.4067726330338632,1.0
0.4068007464233879,1.0
0.40682886369919824,1.0
0.4068569848620999,1.0
0.4068851099128992,1.0
0.4069132388524023,1.0
0.4069413716814159,1.0
0.40696950840074675,1.0
0.4069976490112018,1.0
0.40702579351358825,1.0
0.4070539419087137,1.0
0.4070820941973857,1.0
0.4071102503804122,1.0
0.4071384104586014,1.0
0.4071665744327615,1.0
0.4071947423037011,1.0
0.40722291407222916,1.0
0.4072510897391545,1.0
0.40727926930528646,1.0
0.4073074527714345,1.0
0.4073356401384083,1.0
0.40736383140701776,1.0
0.4073920265780731,1.0
0.40742022565238456,1.0
0.40744842863076286,1.0
0.4074766355140187,1.0
0.4075048463029632,1.0
0.4075330609984075,1.0
0.4075612796011633,1.0
0.4075895021120421,1.0
0.40761772853185596,1.0
0.40764595886141697,1.0
0.40767419310153763,1.0
0.4077024312530304,1.0
0.4077306733167082,1.0
0.40775891929338415,1.0
0.4077871691838714,1.0
0.4078154229889836,1.0
0.40784368070953436,1.0
0.4078719423463377,1.0
0.4079002079002079,1.0
0.40792847737195925,1.0
0.40795675076240645,1.0
0.4079850280723643,1.0
0.408013309302648,1.0
0.4080415944540728,1.0
0.40806988352745427,1.0
0.40809817652360814,1.0
0.40812647344335046,1.0
0.4081547742874974,1.0
0.40818307905686546,1.0
0.4082113877522713,1.0
0.40823970037453183,1.0
0.4082680169244642,1.0
0.4082963374028857,1.0
0.40832466181061394,1.0
0.40835299014846677,1.0
0.4083813224172622,1.0
0.40840965861781847,1.0
0.40843799875095416,1.0
0.40846634281748784,1.0
0.4084946908182386,1.0
0.40852304275402557,1.0
0.4085513986256681,1.0
0.40857975843398586,1.0
0.4086081221797987,1.0
0.4086364898639267,1.0
0.40866486148719017,1.0
0.40869323705040966,1.0
0.4087216165544059,1.0
0.40875,1.0
0.40877838738801303,1.0
0.4088067787192666,1.0
0.4088351739945822,1.0
0.4088635732147819,1.0
0.40889197638068775,1.0
0.40892038349312215,1.0
0.40894879455290767,1.0
0.40897720956086714,1.0
0.4090056285178236,1.0
0.4090340514246004,1.0
0.40906247828202097,1.0
0.4090909090909091,1.0
0.4091193438520887,1.0
0.409147782566384,1.0
0.4091762252346194,1.0
0.40920467185761955,1.0
0.4092331224362094,1.0
0.409261576971214,1.0
0.4092900354634587,1.0
0.4093184979137691,1.0
0.409346964322971,1.0
0.40937543469189036,1.0
0.40940390902135354,1.0
0.40943238731218695,1.0
0.4094608695652174,1.0
0.4094893557812717,1.0
0.4095178459611772,1.0
0.4095463401057612,1.0
0.4095748382158514,1.0
0.4096033402922756,1.0
0.4096318463358619,1.0
0.40966035634743875,1.0
0.40968887032783463,1.0
0.40971738827787835,1.0
0.4097459101983989,1.0
0.40977443609022557,1.0
0.40980296595418786,1.0
0.40983149979111544,1.0
0.4098600376018383,1.0
0.40988857938718665,1.0
0.4099171251479908,1.0
0.4099456748850815,1.0
0.40997422859928956,1.0
0.4100027862914461,1.0
0.41003134796238244,1.0
0.4100599136129302,1.0
0.4100884832439211,1.0
0.41011705685618727,1.0
0.41014563445056096,1.0
0.41017421602787457,1.0
0.4102028015889609,1.0
0.4102313911346529,1.0
0.4102599846657838,1.0
0.410288582183187,1.0
0.41031718368769604,1.0
0.410345789180145,1.0
0.41037439866136793,1.0
0.41040301213219915,1.0
0.41043162959347324,1.0
0.4104602510460251,1.0
0.4104888764906897,1.0
0.41051750592830244,1.0
0.4105461393596987,1.0
0.4105747767857143,1.0
0.4106034182071852,1.0
0.4106320636249477,1.0
0.41066071303983814,1.0
0.41068936645269327,1.0
0.41071802386435,1.0
0.4107466852756455,1.0
0.4107753506874171,1.0
0.4108040201005025,1.0
0.41083269351573953,1.0
0.41086137093396624,1.0
0.41089005235602094,1.0
0.41091873778274224,1.0
0.4109474272149689,1.0
0.41097612065354,1.0
0.41100481809929473,1.0
0.4110335195530726,1.0
0.4110622250157134,1.0
0.411090934488057,1.0
0.41111964797094364,1.0
0.41114836546521377,1.0
0.411177086971708,1.0
0.4112058124912673,1.0
0.41123454202473275,1.0
0.4112632755729458,1.0
0.41129201313674796,1.0
0.41132075471698115,1.0
0.41134950031448736,1.0
0.411378249930109,1.0
0.4114070035646886,1.0
0.41143576121906894,1.0
0.41146452289409297,1.0
0.411493288590604,1.0
0.41152205830944555,1.0
0.4115508320514613,1.0
0.4115796098174953,1.0
0.41160839160839163,1.0
0.4116371774249948,1.0
0.4116659672681494,1.0
0.4116947611387004,1.0
0.411723559037493,1.0
0.4117523609653725,1.0
0.41178116692318456,1.0
0.411809976911775,1.0
0.41183879093198994,1.0
0.41186760898467567,1.0
0.4118964310706788,1.0
0.4119252571908461,1.0
0.4119540873460246,1.0
0.4119829215370617,1.0
0.4120117597648047,1.0
0.4120406020301015,1.0
0.41206944833380005,1.0
0.4120982986767486,1.0
0.4121271530597955,1.0
0.41215601148378966,1.0
0.4121848739495798,1.0
0.4122137404580153,1.0
0.41224261100994536,1.0
0.4122714856062198,1.0
0.41230036424768846,1.0
0.4123292469352014,1.0
0.4123581336696091,1.0
0.41238702445176206,1.0
0.4124159192825112,1.0
0.4124448181627076,1.0
0.4124737210932025,1.0
0.41250262807484755,1.0
0.41253153910849455,1.0
0.41256045419499543,1.0
0.41258937333520257,1.0
0.41261829652996845,1.0
0.41264722378014584,1.0
0.41267615508658767,1.0
0.41270509045014725,1.0
0.412734029871678,1.0
0.41276297335203366,1.0
0.4127919208920682,1.0
0.4128208724926357,1.0
0.4128498281545907,1.0
0.4128787878787879,1.0
0.41290775166608207,1.0
0.41293671951732847,1.0
0.41296569143338246,1.0
0.41299466741509966,1.0
0.4130236474633359,1.0
0.4130526315789474,1.0
0.4130816197627904,1.0
0.4131106120157215,1.0
0.4131396083385976,1.0
0.41316860873227573,1.0
0.4131976131976132,1.0
0.4132266217354676,1.0
0.4132556343466966,1.0
0.4132846510321584,1.0
0.41331367179271117,1.0
0.41334269662921347,1.0
0.41337172554252405,1.0
0.4134007585335019,1.0
0.41342979560300624,1.0
0.4134588367518966,1.0
0.41348788198103265,1.0
0.4135169312912744,1.0
0.413545984683482,1.0
0.41357504215851604,1.0
0.413604103717237,1.0
0.413633169360506,1.0
0.41366223908918404,1.0
0.4136913129041327,1.0
0.41372039080621353,1.0
0.4137494727962885,1.0
0.4137785588752197,1.0
0.4138076490438695,1.0
0.4138367433031006,1.0
0.4138658416537758,1.0
0.4138949440967583,1.0
0.4139240506329114,1.0
0.41395316126309867,1.0
0.413982275988184,1.0
0.41401139480903143,1.0
0.41404051772650535,1.0
0.4140696447414703,1.0
0.41409877585479105,1.0
0.4141279110673327,1.0
0.4141570503799606,1.0
0.4141861937935402,1.0
0.4142153413089374,1.0
0.4142444929270181,1.0
0.41427364864864863,1.0
0.4143028084746956,1.0
0.41433197240602565,1.0
0.4143611404435058,1.0
0.4143903125880034,1.0
0.4144194888403858,1.0
0.4144486692015209,1.0
0.4144778536722766,1.0
0.41450704225352114,1.0
0.41453623494612296,1.0
0.41456543175095084,1.0
0.4145946326688737,1.0
0.4146238377007608,1.0
0.4146530468474815,1.0
0.4146822601099056,1.0
0.41471147748890297,1.0
0.4147406989853439,1.0
0.41476992460009865,1.0
0.4147991543340381,1.0
0.41482838818803297,1.0
0.41485762616295463,1.0
0.41488686825967436,1.0
0.41491611447906385,1.0
0.41494536482199507,1.0
0.4149746192893401,1.0
0.41500387788197135,1.0
0.4150331406007615,1.0
0.41506240744658346,1.0
0.4150916784203103,1.0
0.4151209535228154,1.0
0.4151502327549725,1.0
0.41517951611765536,1.0
0.4152088036117382,1.0
0.41523809523809524,1.0
0.41526739099760124,1.0
0.415296690891131,1.0
0.4153259949195597,1.0
0.4153553030837626,1.0
0.4153846153846154,1.0
0.41541393182299385,1.0
0.41544325239977414,1.0
0.4154725771158326,1.0
0.4155019059720457,1.0
0.4155312389692905,1.0
0.41556057610844394,1.0
0.41558991739038337,1.0
0.41561926281598643,1.0
0.41564861238613093,1.0
0.41567796610169494,1.0
0.41570732396355675,1.0
0.415736685972595,1.0
0.4157660521296885,1.0
0.4157954224357163,1.0
0.41582479689155777,1.0
0.4158541754980924,1.0
0.4158835582562001,1.0
0.41591294516676086,1.0
0.4159423362306551,1.0
0.41597173144876326,1.0
0.4160011308219662,1.0
0.41603053435114506,1.0
0.41605994203718105,1.0
0.41608935388095575,1.0
0.416118769883351,1.0
0.4161481900452489,1.0
0.41617761436753165,1.0
0.4162070428510819,1.0
0.4162364754967824,1.0
0.41626591230551624,1.0
0.41629535327816675,1.0
0.4163247984156175,1.0
0.41635424771875224,1.0
0.416383701188455,1.0
0.4164131588256102,1.0
0.4164426206311023,1.0
0.4164720866058162,1.0
0.4165015567506368,1.0
0.4165310310664497,1.0
0.41656050955414015,1.0
0.4165899922145941,1.0
0.4166194790486976,1.0
0.41664897005733703,1.0
0.41667846524139884,1.0
0.4167079646017699,1.0
0.4167374681393373,1.0
0.41676697585498834,1.0
0.41679648774961053,1.0
0.4168260038240918,1.0
0.41685552407932014,1.0
0.41688504851618385,1.0
0.4169145771355716,1.0
0.41694410993837216,1.0
0.4169736469254746,1.0
0.4170031880977683,1.0
0.41703273345614283,1.0
0.417062283001488,1.0
0.41709183673469385,1.0
0.4171213946566508,1.0
0.4171509567682495,1.0
0.4171805230703806,1.0
0.41721009356393535,1.0
0.4172396682498051,1.0
0.4172692471288813,1.0
0.417298830202056,1.0
0.4173284174702212,1.0
0.41735800893426933,1.0
0.4173876045950929,1.0
0.4174172044535849,1.0
0.4174468085106383,1.0
0.4174764167671466,1.0
0.4175060292240034,1.0
0.41753564588210257,1.0
0.41756526674233824,1.0
0.41759489180560483,1.0
0.41762452107279696,1.0
0.4176541545448095,1.0
0.4176837922225376,1.0
0.4177134341068767,1.0
0.41774308019872247,1.0
0.41777273049897085,1.0
0.4178023850085179,1.0
0.4178320437282601,1.0
0.4178617066590941,1.0
0.41789137380191693,1.0
0.4179210451576257,1.0
0.4179507207271178,1.0
0.417980400511291,1.0
0.41801008451104327,1.0
0.4180397727272727,1.0
0.4180694651608779,1.0
0.41809916181275747,1.0
0.4181288626838105,1.0
0.41815856777493604,1.0
0.41818827708703377,1.0
0.4182179906210033,1.0
0.4182477083777446,1.0
0.41827743035815806,1.0
0.41830715656314404,1.0
0.4183368869936034,1.0
0.41836662165043714,1.0
0.4183963605345465,1.0
0.418426103646833,1.0
0.4184558509881985,1.0
0.418485602559545,1.0
0.4185153583617747,1.0
0.4185451183957904,1.0
0.41857488266249465,1.0
0.4186046511627907,1.0
0.4186344238975818,1.0
0.4186642008677715,1.0
0.4186939820742638,1.0
0.4187237675179626,1.0
0.41875355719977236,1.0
0.41878335112059767,1.0
0.4188131492813434,1.0
0.4188429516829147,1.0
0.4188727583262169,1.0
0.41890256921215574,1.0
0.418932384341637,1.0
0.4189622037155669,1.0
0.4189920273348519,1.0
0.41902185520039864,1.0
0.41905168731311404,1.0
0.41908152367390533,1.0
0.41911136428367984,1.0
0.41914120914334546,1.0
0.41917105825381,1.0
0.4192009116159818,1.0
0.41923076923076924,1.0
0.4192606310990811,1.0
0.4192904972218265,1.0
0.41932036759991453,1.0
0.41935024223425477,1.0
0.419380121125757,1.0
0.4194100042753313,1.0
0.41943989168388796,1.0
0.41946978335233753,1.0
0.41949967928159076,1.0
0.4195295794725588,1.0
0.41955948392615294,1.0
0.4195893926432849,1.0
0.4196193056248663,1.0
0.4196492228718095,1.0
0.41967914438502674,1.0
0.4197090701654307,1.0
0.41973900021393423,1.0
0.4197689345314506,1.0
0.4197988731188931,1.0
0.4198288159771755,1.0
0.41985876310721165,1.0
0.41988871450991583,1.0
0.4199186701862025,1.0
0.4199486301369863,1.0
0.4199785943631823,1.0
0.4200085628657057,1.0
0.42003853564547206,1.0
0.42006851270339707,1.0
0.42009849404039684,1.0
0.4201284796573876,1.0
0.4201584695552859,1.0
0.42018846373500857,1.0
0.4202184621974727,1.0
0.4202484649435956,1.0
0.4202784719742949,1.0
0.4203084832904884,1.0
0.4203384988930943,1.0
0.420368518783031,1.0
0.42039854296121704,1.0
0.42042857142857143,1.0
0.4204586041860133,1.0
0.42048864123446206,1.0
0.4205186825748375,1.0
0.42054872820805944,1.0
0.42057877813504824,1.0
0.4206088323567243,1.0
0.4206388908740084,1.0
0.4206689536878216,1.0
0.4206990207990851,1.0
0.4207290922087205,1.0
0.42075916791764956,1.0
0.4207892479267944,1.0
0.4208193322370773,1.0
0.42084942084942084,1.0
0.42087951376474797,1.0
0.4209096109839817,1.0
0.42093971250804546,1.0
0.42096981833786296,1.0
0.4209999284743581,1.0
0.4210300429184549,1.0
0.42106016167107807,1.0
0.4210902847331521,1.0
0.4211204121056021,1.0
0.4211505437893532,1.0
0.42118067978533097,1.0
0.42121082009446115,1.0
0.4212409647176698,1.0
0.4212711136558832,1.0
0.4213012669100279,1.0
0.4213314244810308,1.0
0.4213615863698189,1.0
0.4213917525773196,1.0
0.4214219231044605,1.0
0.42145209795216954,1.0
0.42148227712137487,1.0
0.42151246061300485,1.0
0.4215426484279883,1.0
0.42157284056725397,1.0
0.42160303703173124,1.0
0.42163323782234957,1.0
0.42166344294003866,1.0
0.4216936523857286,1.0
0.4217238661603496,1.0
0.42175408426483235,1.0
0.42178430670010747,1.0
0.4218145334671062,1.0
0.42184476456675984,1.0
0.421875,1.0
0.42190523976775857,1.0
0.42193548387096774,1.0
0.4219657323105599,1.0
0.4219959850874677,1.0
0.42202624220262425,1.0
0.42205650365696257,1.0
0.42208676945141627,1.0
0.4221170395869191,1.0
0.4221473140644051,1.0
0.4221775928848085,1.0
0.4222078760490639,1.0
0.42223816355810617,1.0
0.42226845541287034,1.0
0.42229875161429187,1.0
0.4223290521633063,1.0
0.4223593570608496,1.0
0.4223896663078579,1.0
0.4224199799052677,1.0
0.42245029785401567,1.0
0.42248062015503873,1.0
0.42251094680927426,1.0
0.4225412778176597,1.0
0.4225716131811329,1.0
0.4226019529006318,1.0
0.42263229697709487,1.0
0.4226626454114606,1.0
0.4226929982046679,1.0
0.42272335535765587,1.0
0.4227537168713639,1.0
0.4227840827467318,1.0
0.4228144529846994,1.0
0.4228448275862069,1.0
0.42287520655219485,1.0
0.42290558988360394,1.0
0.4229359775813753,1.0
0.4229663696464501,1.0
0.42299676607977005,1.0
0.4230271668822768,1.0
0.4230575720549127,1.0
0.4230879815986199,1.0
0.42311839551434116,1.0
0.4231488138030194,1.0
0.4231792364655978,1.0
0.42320966350301986,1.0
0.4232400949162292,1.0
0.42327053070617,1.0
0.42330097087378643,1.0
0.423331415420023,1.0
0.4233618643458246,1.0
0.42339231765213636,1.0
0.4234227753399036,1.0
0.42345323741007196,1.0
0.4234837038635873,1.0
0.4235141747013959,1.0
0.4235446499244441,1.0
0.42357512953367876,1.0
0.4236056135300468,1.0
0.42363610191449547,1.0
0.42366659468797235,1.0
0.4236970918514253,1.0
0.4237275934058023,1.0
0.42375809935205183,1.0
0.4237886096911225,1.0
0.42381912442396313,1.0
0.423849643551523,1.0
0.42388016707475157,1.0
0.4239106949945985,1.0
0.42394122731201384,1.0
0.42397176402794784,1.0
0.4240023051433511,1.0
0.4240328506591744,1.0
0.4240634005763689,1.0
0.42409395489588586,1.0
0.42412451361867703,1.0
0.4241550767456943,1.0
0.4241856442778899,1.0
0.4242162162162162,1.0
0.42424679256162606,1.0
0.4242773733150724,1.0
0.42430795847750863,1.0
0.42433854804988824,1.0
0.4243691420331651,1.0
0.4243997404282933,1.0
0.4244303432362273,1.0
0.4244609504579217,1.0
0.4244915620943315,1.0
0.42452217814641185,1.0
0.4245527986151183,1.0
0.4245834235014066,1.0
0.4246140528062329,1.0
0.4246446865305534,1.0
0.42467532467532465,1.0
0.4247059672415037,1.0
0.4247366142300476,1.0
0.42476726564191386,1.0
0.42479792147806006,1.0
0.42482858173944427,1.0
0.42485924642702466,1.0
0.4248899155417599,1.0
0.4249205890846087,1.0
0.4249512670565302,1.0
0.4249819494584838,1.0
0.425012636291429,1.0
0.42504332755632585,1.0
0.42507402325413446,1.0
0.4251047233858154,1.0
0.42513542795232934,1.0
0.4251661369546374,1.0
0.4251968503937008,1.0
0.42522756827048114,1.0
0.42525829058594034,1.0
0.42528901734104047,1.0
0.425319748536744,1.0
0.4253504841740136,1.0
0.42538122425381225,1.0
0.4254119687771032,1.0
0.42544271774485004,1.0
0.4254734711580165,1.0
0.4255042290175667,1.0
0.425534991324465,1.0
0.4255657580796761,1.0
0.42559652928416486,1.0
0.4256273049388965,1.0
0.42565808504483654,1.0
0.42568886960295077,1.0
0.42571965861420513,1.0
0.425750452079566,1.0
0.42578125,1.0
0.425812052376474,1.0
0.4258428592099551,1.0
0.4258736705014109,1.0
0.425904486251809,1.0
0.42593530646211736,1.0
0.4259661311333044,1.0
0.42599696026633854,1.0
0.42602779386218875,1.0
0.4260586319218241,1.0
0.426089474446214,1.0
0.4261203214363281,1.0
0.4261511728931364,1.0
0.42618202881760914,1.0
0.42621288921071687,1.0
0.42624375407343035,1.0
0.42627462340672073,1.0
0.42630549721155936,1.0
0.42633637548891784,1.0
0.4263672582397682,1.0
0.4263981454650826,1.0
0.4264290371658335,1.0
0.42645993334299376,1.0
0.4264908339975364,1.0
0.4265217391304348,1.0
0.4265526487426625,1.0
0.4265835628351935,1.0
0.42661448140900193,1.0
0.42664540446506233,1.0
0.4266763320043494,1.0
0.4267072640278382,1.0
0.426738200536504,1.0
0.4267691415313225,1.0
0.42680008701326955,1.0
0.42683103698332125,1.0
0.4268619914424541,1.0
0.42689295039164493,1.0
0.4269239138318706,1.0
0.4269548817641085,1.0
0.4269858541893362,1.0
0.4270168311085316,1.0
0.4270478125226729,1.0
0.4270787984327383,1.0
0.42710978883970685,1.0
0.42714078374455733,1.0
0.4271717831482691,1.0
0.42720278705182174,1.0
0.4272337954561951,1.0
0.42726480836236935,1.0
0.42729582577132486,1.0
0.4273268476840424,1.0
0.42735787410150294,1.0
0.4273889050246878,1.0
0.4274199404545785,1.0
0.42745098039215684,1.0
0.42748202483840514,1.0
0.42751307379430564,1.0
0.4275441272608411,1.0
0.4275751852389946,1.0
0.42760624772974937,1.0
0.42763731473408895,1.0
0.4276683862529972,1.0
0.4276994622874582,1.0
0.4277305428384565,1.0
0.42776162790697675,1.0
0.42779271749400394,1.0
0.42782381160052335,1.0
0.42785491022752054,1.0
0.42788601337598137,1.0
0.42791712104689206,1.0
0.42794823324123893,1.0
0.42797934996000875,1.0
0.4280104712041885,1.0
0.42804159697476546,1.0
0.42807272727272727,1.0
0.42810386209906176,1.0
0.4281350014547571,1.0
0.4281661453408016,1.0
0.4281972937581842,1.0
0.4282284467078938,1.0
0.4282596041909197,1.0
0.42829076620825146,1.0
0.42832193276087904,1.0
0.4283531038497926,1.0
0.4283842794759825,1.0
0.42841545964043964,1.0
0.4284466443441549,1.0
0.4284778335881197,1.0
0.4285090273733256,1.0
0.42854022570076444,1.0
0.42857142857142855,1.0
0.4286026359863103,1.0
0.4286338479464026,1.0
0.42866506445269825,1.0
0.4286962855061908,1.0
0.4287275111078738,1.0
0.42875874125874125,1.0
0.4287899759597873,1.0
0.4288212152120064,1.0
0.42885245901639346,1.0
0.42888370737394343,1.0
0.42891496028565185,1.0
0.42894621775251424,1.0
0.4289774797755266,1.0
0.42900874635568514,1.0
0.42904001749398646,1.0
0.42907129319142734,1.0
0.4291025734490049,1.0
0.42913385826771655,1.0
0.42916514764855995,1.0
0.4291964415925332,1.0
0.4292277401006344,1.0
0.4292590431738623,1.0
0.42929035081321565,1.0
0.42932166301969366,1.0
0.4293529797942957,1.0
0.4293843011380216,1.0
0.4294156270518713,1.0
0.4294469575368452,1.0
0.4294782925939438,1.0
0.4295096322241681,1.0
0.4295409764285193,1.0
0.4295723252079988,1.0
0.4296036785636085,1.0
0.4296350364963504,1.0
0.4296663990072268,1.0
0.4296977660972405,1.0
0.4297291377673943,1.0
0.4297605140186916,1.0
0.4297918948521358,1.0
0.42982328026873085,1.0
0.42985467026948077,1.0
0.42988606485539,1.0
0.4299174640274633,1.0
0.4299488677867056,1.0
0.42998027613412226,1.0
0.4300116890707189,1.0
0.4300431065975013,1.0
0.4300745287154757,1.0
0.4301059554256485,1.0
0.4301373867290266,1.0
0.430168822626617,1.0
0.430200263119427,1.0
0.4302317082084643,1.0
0.43026315789473685,1.0
0.43029461217925286,1.0
0.4303260710630209,1.0
0.4303575345470498,1.0
0.43038900263234864,1.0
0.4304204753199269,1.0
0.4304519526107942,1.0
0.43048343450596066,1.0
0.4305149210064365,1.0
0.4305464121132324,1.0
0.43057790782735916,1.0
0.43060940814982807,1.0
0.4306409130816506,1.0
0.4306724226238384,1.0
0.43070393677740376,1.0
0.43073545554335896,1.0
0.43076697892271665,1.0
0.4307985069164898,1.0
0.4308300395256917,1.0
0.4308615767513359,1.0
0.4308931185944363,1.0
0.430924665056007,1.0
0.43095621613706253,1.0
0.4309877718386176,1.0
0.4310193321616872,1.0
0.4310508971072867,1.0
0.4310824666764318,1.0
0.43111404087013844,1.0
0.4311456196894228,1.0
0.43117720313530145,1.0
0.4312087912087912,1.0
0.43124038391090924,1.0
0.4312719812426729,1.0
0.43130358320510004,1.0
0.43133518979920854,1.0
0.4313668010260169,1.0
0.4313984168865435,1.0
0.4314300373818075,1.0
0.431461662512828,1.0
0.4314932922806246,1.0
0.431524926686217,1.0
0.4315565657306254,1.0
0.4315882094148702,1.0
0.43161985773997213,1.0
0.4316515107069522,1.0
0.4316831683168317,1.0
0.43171483057063226,1.0
0.43174649746937577,1.0
0.4317781690140845,1.0
0.4318098452057809,1.0
0.43184152604548787,1.0
0.4318732115342285,1.0
0.43190490167302614,1.0
0.43193659646290455,1.0
0.4319682959048877,1.0
0.432,1.0
0.432031708749266,1.0
0.43206342215371063,1.0
0.43209514021435913,1.0
0.432126862932237,1.0
0.43215859030837006,1.0
0.4321903223437844,1.0
0.43222205903950656,1.0
0.43225380039656314,1.0
0.4322855464159812,1.0
0.4323172970987881,1.0
0.43234905244601146,1.0
0.4323808124586792,1.0
0.43241257713781955,1.0
0.4324443464844611,1.0
0.43247612049963263,1.0
0.4325078991843633,1.0
0.43253968253968256,1.0
0.4325714705666201,1.0
0.4326032632662061,1.0
0.43263506063947077,1.0
0.43266686268744486,1.0
0.4326986694111593,1.0
0.43273048081164533,1.0
0.43276229688993456,1.0
0.43279411764705883,1.0
0.4328259430840503,1.0
0.43285777320194146,1.0
0.43288960800176507,1.0
0.4329214474845543,1.0
0.4329532916513424,1.0
0.43298514050316317,1.0
0.43301699404105054,1.0
0.43304885226603884,1.0
0.4330807151791627,1.0
0.433112582781457,1.0
0.4331444550739569,1.0
0.43317633205769795,1.0
0.43320821373371604,1.0
0.43324010010304725,1.0
0.433271991166728,1.0
0.4333038869257951,1.0
0.4333357873812854,1.0
0.4333676925342365,1.0
0.43339960238568587,1.0
0.4334315169366716,1.0
0.43346343618823185,1.0
0.4334953601414052,1.0
0.4335272887972306,1.0
0.4335592221567472,1.0
0.4335911602209945,1.0
0.43362310299101225,1.0
0.4336550504678406,1.0
0.4336870026525199,1.0
0.4337189595460909,1.0
0.4337509211495947,1.0
0.4337828874640725,1.0
0.43381485849056606,1.0
0.4338468342301172,1.0
0.43387881468376827,1.0
0.43391079985256176,1.0
0.4339427897375405,1.0
0.43397478433974784,1.0
0.4340067836602271,1.0
0.43403878770002213,1.0
0.434070796460177,1.0
0.4341028099417361,1.0
0.4341348281457442,1.0
0.4341668510732463,1.0
0.4341988787252877,1.0
0.43423091110291406,1.0
0.4342629482071713,1.0
0.4342949900391057,1.0
0.43432703659976385,1.0
0.4343590878901926,1.0
0.4343911439114391,1.0
0.43442320466455087,1.0
0.4344552701505757,1.0
0.43448734037056175,1.0
0.4345194153255574,1.0
0.4345514950166113,1.0
0.4345835794447726,1.0
0.4346156686110906,1.0
0.43464776251661497,1.0
0.4346798611623957,1.0
0.434711964549483,1.0
0.43474407267892756,1.0
0.43477618555178016,1.0
0.43480830316909214,1.0
0.4348404255319149,1.0
0.4348725526413003,1.0
0.43490468449830055,1.0
0.4349368211039681,1.0
0.4349689624593556,1.0
0.4350011085655162,1.0
0.43503325942350335,1.0
0.43506541503437063,1.0
0.4350975753991721,1.0
0.4351297405189621,1.0
0.4351619103947952,1.0
0.43519408502772644,1.0
0.435226264418811,1.0
0.4352584485691045,1.0
0.4352906374796628,1.0
0.435322831151542,1.0
0.4353550295857988,1.0
0.4353872327834899,1.0
0.43541944074567246,1.0
0.43545165347340387,1.0
0.43548387096774194,1.0
0.4355160932297447,1.0
0.43554832026047063,1.0
0.43558055206097834,1.0
0.43561278863232683,1.0
0.43564502997557547,1.0
0.43567727609178386,1.0
0.435709526982012,1.0
0.4357417826473201,1.0
0.43577404308876877,1.0
0.4358063083074189,1.0
0.4358385783043317,1.0
0.4358708530805687,1.0
0.4359031326371917,1.0
0.43593541697526295,1.0
0.43596770609584473,1.0
0.436,1.0
0.4360322986887918,1.0
0.43606460216328347,1.0
0.4360969104245388,1.0
0.4361292234736218,1.0
0.4361615413115969,1.0
0.4361938639395287,1.0
0.4362261913584822,1.0
0.43625852356952266,1.0
0.4362908605737158,1.0
0.4363232023721275,1.0
0.436355548965824,1.0
0.4363879003558719,1.0
0.43642025654333805,1.0
0.43645261752928965,1.0
0.43648498331479424,1.0
0.4365173539009196,1.0
0.436549729288734,1.0
0.43658210947930576,1.0
0.4366144944737037,1.0
0.436646884272997,1.0
0.4366792788782551,1.0
0.4367116782905476,1.0
0.4367440825109446,1.0
0.43677649154051645,1.0
0.43680890538033396,1.0
0.436841324031468,1.0
0.43687374749499,1.0
0.4369061757719715,1.0
0.4369386088634845,1.0
0.43697104677060133,1.0
0.43700348949439455,1.0
0.437035937035937,1.0
0.43706838939630205,1.0
0.4371008465765632,1.0
0.43713330857779426,1.0
0.43716577540106955,1.0
0.4371982470474634,1.0
0.4372307235180508,1.0
0.43726320481390685,1.0
0.437295690936107,1.0
0.43732818188572703,1.0
0.43736067766384307,1.0
0.43739317827153157,1.0
0.43742568370986923,1.0
0.43745819397993313,1.0
0.43749070908280063,1.0
0.43752322901954954,1.0
0.43755575379125783,1.0
0.4375882833990038,1.0
0.4376208178438662,1.0
0.43765335712692394,1.0
0.4376859012492564,1.0
0.43771845021194317,1.0
0.43775100401606426,1.0
0.4377835626626999,1.0
0.4378161261529307,1.0
0.43784869448783753,1.0
0.4378812676685017,1.0
0.4379138456960048,1.0
0.43794642857142857,1.0
0.43797901629585534,1.0
0.4380116088703676,1.0
0.43804420629604823,1.0
0.43807680857398035,1.0
0.4381094157052475,1.0
0.43814202769093347,1.0
0.4381746445321224,1.0
0.43820726622989875,1.0
0.4382398927853473,1.0
0.43827252419955326,1.0
0.4383051604736019,1.0
0.4383378016085791,1.0
0.43837044760557087,1.0
0.43840309846566367,1.0
0.4384357541899441,1.0
0.4384684147794994,1.0
0.43850108023541684,1.0
0.4385337505587841,1.0
0.4385664257506892,1.0
0.43859910581222056,1.0
0.4386317907444668,1.0
0.4386644805485169,1.0
0.43869717522546026,1.0
0.4387298747763864,1.0
0.43876257920238537,1.0
0.43879528850454746,1.0
0.4388280026839633,1.0
0.4388607217417238,1.0
0.4388934456789203,1.0
0.4389261744966443,1.0
0.43895890819598776,1.0
0.438991646778043,1.0
0.43902439024390244,1.0
0.4390571385946591,1.0
0.4390898918314062,1.0
0.43912264995523725,1.0
0.43915541296724614,1.0
0.43918818086852707,1.0
0.4392209536601746,1.0
0.4392537313432836,1.0
0.4392865139189492,1.0
0.4393193013882669,1.0
0.4393520937523326,1.0
0.4393848910122425,1.0
0.43941769316909296,1.0
0.4394505002239809,1.0
0.43948331217800346,1.0
0.43951612903225806,1.0
0.43954895078784256,1.0
0.43958177744585514,1.0
0.43961460900739413,1.0
0.4396474454735584,1.0
0.4396802868454471,1.0
0.43971313312415955,1.0
0.43974598431079565,1.0
0.4397788404064555,1.0
0.4398117014122394,1.0
0.43984456732924826,1.0
0.43987743815858305,1.0
0.4399103139013453,1.0
0.4399431945586367,1.0
0.43997608013155926,1.0
0.4400089706212155,1.0
0.44004186602870815,1.0
0.4400747663551402,1.0
0.44010767160161507,1.0
0.44014058176923654,1.0
0.44017349685910856,1.0
0.44020641687233564,1.0
0.44023934181002244,1.0
0.440272271673274,1.0
0.4403052064631957,1.0
0.44033814618089323,1.0
0.44037109082747267,1.0
0.4404040404040404,1.0
0.4404369949117031,1.0
0.44046995435156777,1.0
0.4405029187247418,1.0
0.4405358880323329,1.0
0.4405688622754491,1.0
0.44052698555281083,0.9998301053346925
0.440559964066477,0.9998301053346925
0.44059294751815525,0.9998301053346925
0.44062593590895477,0.9998301053346925
0.440658929239985,0.9998301053346925
0.44069192751235586,0.9998301053346925
0.4407249307271774,0.9998301053346925
0.4407579388855602,0.9998301053346925
0.44079095198861507,0.9998301053346925
0.44082397003745316,0.9998301053346925
0.440856993033186,0.9998301053346925
0.44089002097692537,0.9998301053346925
0.4409230538697835,0.9998301053346925
0.44095609171287276,0.9998301053346925
0.4409891345073061,0.9998301053346925
0.44102218225419665,0.9998301053346925
0.44105523495465787,0.9998301053346925
0.44108829260980364,0.9998301053346925
0.4411213552207481,0.9998301053346925
0.44115442278860567,0.9998301053346925
0.44118749531449136,0.9998301053346925
0.44122057279952015,0.9998301053346925
0.4412536552448077,0.9998301053346925
0.4412867426514697,0.9998301053346925
0.44131983502062244,0.9998301053346925
0.44135293235338235,0.9998301053346925
0.4413860346508663,0.9998301053346925
0.4414191419141914,0.9998301053346925
0.4414522541444753,0.9998301053346925
0.4414853713428357,0.9998301053346925
0.44151849351039085,0.9998301053346925
0.4415516206482593,0.9998301053346925
0.4415847527575598,0.9998301053346925
0.4416178898394117,0.9998301053346925
0.4416510318949343,0.9998301053346925
0.4416841789252477,0.9998301053346925
0.44171733093147186,0.9998301053346925
0.44175048791472754,0.9998301053346925
0.44178364987613544,0.9998301053346925
0.44181681681681684,0.9998301053346925
0.4418499887378932,0.9998301053346925
0.4418831656404866,0.9998301053346925
0.441916347525719,0.9998301053346925
0.44194953439471313,0.9998301053346925
0.4419827262485918,0.9998301053346925
0.4420159230884783,0.9998301053346925
0.44204912491549614,0.9998301053346925
0.4420823317307692,0.9998301053346925
0.4421155435354218,0.9998301053346925
0.44214876033057854,0.9998301053346925
0.4421819821173642,0.9998301053346925
0.44221520889690413,0.9998301053346925
0.4422484406703239,0.9998301053346925
0.4422816774387494,0.9998301053346925
0.442314919203307,0.9998301053346925
0.4423481659651233,0.9998301053346925
0.44238141772532513,0.9998301053346925
0.44241467448503985,0.9998301053346925
0.4424479362453951,0.9998301053346925
0.4424812030075188,0.9998301053346925
0.4425144747725393,0.9998301053346925
0.4425477515415852,0.9998301053346925
0.4425810333157855,0.9998301053346925
0.44261432009626955,0.9998301053346925
0.44264761188416696,0.9998301053346925
0.4426809086806078,0.9998301053346925
0.4427142104867223,0.9998301053346925
0.4427475173036413,0.9998301053346925
0.44278082913249567,0.9998301053346925
0.4428141459744169,0.9998301053346925
0.4428474678305365,0.9998301053346925
0.44288079470198677,0.9998301053346925
0.4429141265898999,0.9998301053346925
0.4429474634954087,0.9998301053346925
0.44298080541964624,0.9998301053346925
0.44301415236374586,0.9998301053346925
0.4430475043288414,0.9998301053346925
0.44308086131606683,0.9998301053346925
0.44311422332655676,0.9998301053346925
0.4431475903614458,0.9998301053346925
0.4431809624218691,0.9998301053346925
0.4432143395089622,0.9998301053346925
0.44324772162386084,0.9998301053346925
0.4432811087677011,0.9998301053346925
0.44331450094161956,0.9998301053346925
0.44334789814675307,0.9998301053346925
0.4433813003842387,0.9998301053346925
0.44341470765521396,0.9998301053346925
0.44344811996081684,0.9998301053346925
0.44348153730218537,0.9998301053346925
0.44351495968045823,0.9998301053346925
0.4435483870967742,0.9998301053346925
0.44358181955227255,0.9998301053346925
0.44361525704809285,0.9998301053346925
0.44364869958537506,0.9998301053346925
0.44368214716525933,0.9998301053346925
0.44371559978888636,0.9998301053346925
0.44374905745739707,0.9998301053346925
0.44378252017193276,0.9998301053346925
0.44381598793363497,0.9998301053346925
0.44384946074364584,0.9998301053346925
0.44388293860310757,0.9998301053346925
0.44391642151316285,0.9998301053346925
0.4439499094749547,0.9998301053346925
0.44398340248962653,0.9998301053346925
0.444016900558322,0.9998301053346925
0.4440504036821852,0.9998301053346925
0.4440839118623604,0.9998301053346925
0.44411742509999247,0.9998301053346925
0.4441509433962264,0.9998301053346925
0.44418446675220774,0.9998301053346925
0.4442179951690821,0.9998301053346925
0.4442515286479958,0.9998301053346925
0.44428506719009514,0.9998301053346925
0.444318610796527,0.9998301053346925
0.44435215946843853,0.9998301053346925
0.4443857132069773,0.9998301053346925
0.44441927201329107,0.9998301053346925
0.4444528358885281,0.9998301053346925
0.44448640483383683,0.9998301053346925
0.4445199788503663,0.9998301053346925
0.44455355793926576,0.9998301053346925
0.44458714210168465,0.9998301053346925
0.44462073133877306,0.9998301053346925
0.44465432565168117,0.9998301053346925
0.44468792504155963,0.9998301053346925
0.44472152950955945,0.9998301053346925
0.44475513905683195,0.9998301053346925
0.44478875368452875,0.9998301053346925
0.444822373393802,0.9998301053346925
0.4448559981858039,0.9998301053346925
0.4448896280616873,0.9998301053346925
0.44492326302260526,0.9998301053346925
0.4449569030697112,0.9998301053346925
0.4449905482041588,0.9998301053346925
0.4450241984271022,0.9998301053346925
0.445057853739696,0.9998301053346925
0.44509151414309484,0.9998301053346925
0.445125179638454,0.9998301053346925
0.4451588502269289,0.9998301053346925
0.44519252590967545,0.9998301053346925
0.4452262066878499,0.9998301053346925
0.4452598925626088,0.9998301053346925
0.44529358353510895,0.9998301053346925
0.44532727960650775,0.9998301053346925
0.44536098077796277,0.9998301053346925
0.44539468705063195,0.9998301053346925
0.4454283984256736,0.9998301053346925
0.4454621149042465,0.9998301053346925
0.44549583648750946,0.9998301053346925
0.445529563176622,0.9998301053346925
0.4455632949727438,0.9998301053346925
0.4455970318770349,0.9998301053346925
0.44563077389065575,0.9998301053346925
0.4456645210147671,0.9998301053346925
0.44569827325053013,0.9998301053346925
0.44573203059910627,0.9998301053346925
0.4457657930616573,0.9998301053346925
0.4457995606393455,0.9998301053346925
0.44583333333333336,0.9998301053346925
0.4458671111447837,0.9998301053346925
0.44590089407485983,0.9998301053346925
0.4459346821247253,0.9998301053346925
0.4459684752955441,0.9998301053346925
0.4460022735884805,0.9998301053346925
0.4460360770046991,0.9998301053346925
0.446069885545365,0.9998301053346925
0.44610369921164345,0.9998301053346925
0.4461375180047002,0.9998301053346925
0.4461713419257013,0.9998301053346925
0.4462051709758132,0.9998301053346925
0.44623900515620263,0.9998301053346925
0.4462728444680367,0.9998301053346925
0.44630668891248293,0.9998301053346925
0.44634053849070915,0.9998301053346925
0.4463743932038835,0.9998301053346925
0.44640825305317455,0.9998301053346925
0.4464421180397512,0.9998301053346925
0.4464759881647826,0.9998301053346925
0.44650986342943855,0.9998301053346925
0.4465437438348888,0.9998301053346925
0.44657762938230383,0.9998301053346925
0.4466115200728542,0.9998301053346925
0.446645415907711,0.9998301053346925
0.4466793168880455,0.9998301053346925
0.4467132230150296,0.9998301053346925
0.44674713428983526,0.9998301053346925
0.446781050713635,0.9998301053346925
0.44681497228760153,0.9998301053346925
0.44684889901290814,0.9998301053346925
0.4468828308907282,0.9998301053346925
0.4469167679222357,0.9998301053346925
0.4469507101086048,0.9998301053346925
0.4469846574510102,0.9998301053346925
0.44701860995062664,0.9998301053346925
0.4470525676086296,0.9998301053346925
0.4470865304261946,0.9998301053346925
0.4471204984044978,0.9998301053346925
0.44715447154471544,0.9998301053346925
0.4471884498480243,0.9998301053346925
0.44722243331560146,0.9998301053346925
0.4472564219486244,0.9998301053346925
0.4472904157482709,0.9998301053346925
0.44732441471571904,0.9998301053346925
0.4473584188521475,0.9998301053346925
0.447392428158735,0.9998301053346925
0.4474264426366608,0.9998301053346925
0.4474604622871046,0.9998301053346925
0.4474944871112463,0.9998301053346925
0.44752851711026614,0.9998301053346925
0.4475625522853449,0.9998301053346925
0.44759659263766355,0.9998301053346925
0.4476306381684034,0.9998301053346925
0.4476646888787464,0.9998301053346925
0.4476987447698745,0.9998301053346925
0.44773280584297015,0.9998301053346925
0.44776687209921634,0.9998301053346925
0.44780094353979605,0.9998301053346925
0.447835020165893,0.9998301053346925
0.447869101978691,0.9998301053346925
0.44790318897937437,0.9998301053346925
0.44793728116912773,0.9998301053346925
0.44797137854913605,0.9998301053346925
0.44800548112058464,0.9998301053346925
0.44803958888465933,0.9998301053346925
0.4480737018425461,0.9998301053346925
0.44810781999543137,0.9998301053346925
0.44814194334450197,0.9998301053346925
0.4481760718909451,0.9998301053346925
0.4482102056359482,0.9998301053346925
0.4482443445806992,0.9998301053346925
0.44827848872638637,0.9998301053346925
0.44831263807419824,0.9998301053346925
0.4483467926253238,0.9998301053346925
0.4483809523809524,0.9998301053346925
0.4484151173422737,0.9998301053346925
0.4484492875104778,0.9998301053346925
0.44848346288675506,0.9998301053346925
0.44851764347229633,0.9998301053346925
0.4485518292682927,0.9998301053346925
0.4485860202759357,0.9998301053346925
0.44862021649641715,0.9998301053346925
0.4486544179309293,0.9998301053346925
0.44868862458066483,0.9998301053346925
0.4487228364468166,0.9998301053346925
0.448757053530578,0.9998301053346925
0.44879127583314266,0.9998301053346925
0.4488255033557047,0.9998301053346925
0.44885973609945845,0.9998301053346925
0.4488939740655988,0.9998301053346925
0.4489282172553208,0.9998301053346925
0.44896246566981995,0.9998301053346925
0.4489967193102922,0.9998301053346925
0.44903097817793375,0.9998301053346925
0.44906524227394123,0.9998301053346925
0.4490995115995116,0.9998301053346925
0.44913378615584215,0.9998301053346925
0.44916806594413067,0.9998301053346925
0.44920235096557515,0.9998301053346925
0.449236641221374,0.9998301053346925
0.44927093671272617,0.9998301053346925
0.4493052374408307,0.9998301053346925
0.4493395434068871,0.9998301053346925
0.4493738546120953,0.9998301053346925
0.44940817105765557,0.9998301053346925
0.4494424927447686,0.9998301053346925
0.4494768196746353,0.9998301053346925
0.4495111518484571,0.9998301053346925
0.44954548926743565,0.9998301053346925
0.4495798319327731,0.9998301053346925
0.4496141798456719,0.9998301053346925
0.449648533007335,0.9998301053346925
0.4496828914189654,0.9998301053346925
0.4497172550817668,0.9998301053346925
0.4497516239969431,0.9998301053346925
0.4497859981656986,0.9998301053346925
0.44982037758923793,0.9998301053346925
0.44985476226876625,0.9998301053346925
0.44988915220548886,0.9998301053346925
0.44992354740061163,0.9998301053346925
0.4499579478553406,0.9998301053346925
0.4499923535708824,0.9998301053346925
0.4500267645484438,0.9998301053346925
0.4500611807892322,0.9998301053346925
0.45009560229445505,0.9998301053346925
0.45013002906532046,0.9998301053346925
0.4501644611030368,0.9998301053346925
0.4501988984088127,0.9998301053346925
0.4502333409838574,0.9998301053346925
0.45026778882938023,0.9998301053346925
0.4503022419465912,0.9998301053346925
0.4503367003367003,0.9998301053346925
0.45037116400091837,0.9998301053346925
0.45040563294045616,0.9998301053346925
0.45044010715652505,0.9998301053346925
0.4504745866503368,0.9998301053346925
0.4505090714231034,0.9998301053346925
0.45054356147603736,0.9998301053346925
0.4505780568103514,0.9998301053346925
0.4506125574272588,0.9998301053346925
0.45064706332797305,0.9998301053346925
0.45068157451370805,0.9998301053346925
0.45071609098567816,0.9998301053346925
0.45075061274509803,0.9998301053346925
0.4507851397931827,0.9998301053346925
0.45081967213114754,0.9998301053346925
0.4508542097602084,0.9998301053346925
0.45088875268158135,0.9998301053346925
0.450923300896483,0.9998301053346925
0.4509578544061303,0.9998301053346925
0.4509924132117404,0.9998301053346925
0.45102697731453095,0.9998301053346925
0.4510615467157201,0.9998301053346925
0.45109612141652616,0.9998301053346925
0.45113070141816786,0.9998301053346925
0.45116528672186446,0.9998301053346925
0.4511998773288354,0.9998301053346925
0.4512344732403006,0.9998301053346925
0.45126907445748027,0.9998301053346925
0.45130368098159507,0.9998301053346925
0.4513382928138661,0.9998301053346925
0.45137290995551466,0.9998301053346925
0.45140753240776255,0.9998301053346925
0.45144216017183186,0.9998301053346925
0.45147679324894513,0.9998301053346925
0.4515114316403253,0.9998301053346925
0.4515460753471956,0.9998301053346925
0.4515807243707796,0.9998301053346925
0.45161537871230145,0.9998301053346925
0.4516500383729854,0.9998301053346925
0.45168470335405636,0.9998301053346925
0.4517193736567393,0.9998301053346925
0.45175404928225993,0.9998301053346925
0.451788730231844,0.9998301053346925
0.45182341650671787,0.9998301053346925
0.4518581081081081,0.9998301053346925
0.45189280503724183,0.9998301053346925
0.45192750729534636,0.9998301053346925
0.4519622148836495,0.9998301053346925
0.4519969278033794,0.9998301053346925
0.4520316460557646,0.9998301053346925
0.4520663696420341,0.9998301053346925
0.45210109856341707,0.9998301053346925
0.4521358328211432,0.9998301053346925
0.45217057241644254,0.9998301053346925
0.4522053173505456,0.9998301053346925
0.452240067624683,0.9998301053346925
0.45227482324008605,0.9998301053346925
0.45230958419798634,0.9998301053346925
0.4523443504996157,0.9998301053346925
0.45237912214620646,0.9998301053346925
0.4524138991389914,0.9998301053346925
0.45244868147920353,0.9998301053346925
0.45248346916807625,0.9998301053346925
0.45251826220684355,0.9998301053346925
0.45255306059673944,0.9998301053346925
0.45258786433899867,0.9998301053346925
0.4526226734348562,0.9998301053346925
0.45265748788554727,0.9998301053346925
0.45269230769230767,0.9998301053346925
0.45272713285637356,0.9998301053346925
0.4527619633789814,0.9998301053346925
0.452796799261368,0.9998301053346925
0.4528316405047707,0.9998301053346925
0.4528664871104271,0.9998301053346925
0.4529013390795752,0.9998301053346925
0.4529361964134534,0.9998301053346925
0.4529710591133005,0.9998301053346925
0.45300592718035565,0.9998301053346925
0.45304080061585833,0.9998301053346925
0.4530756794210486,0.9998301053346925
0.4531105635971666,0.9998301053346925
0.4531454531454531,0.9998301053346925
0.45318034806714924,0.9998301053346925
0.45321524836349636,0.9998301053346925
0.45325015403573626,0.9998301053346925
0.4532850650851113,0.9998301053346925
0.45331998151286396,0.9998301053346925
0.45335490332023726,0.9998301053346925
0.4533898305084746,0.9998301053346925
0.4534247630788196,0.9998301053346925
0.4534597010325166,0.9998301053346925
0.4534946443708099,0.9998301053346925
0.4535295930949445,0.9998301053346925
0.4535645472061657,0.9998301053346925
0.45359950670571914,0.9998301053346925
0.4536344715948508,0.9998301053346925
0.4536694418748073,0.9998301053346925
0.45370441754683527,0.9998301053346925
0.45373939861218193,0.9998301053346925
0.453774385072095,0.9998301053346925
0.4538093769278223,0.9998301053346925
0.4538443741806123,0.9998301053346925
0.4538793768317137,0.9998301053346925
0.4539143848823756,0.9998301053346925
0.45394939833384756,0.9998301053346925
0.4539844171873795,0.9998301053346925
0.45401944144422157,0.9998301053346925
0.4540544711056246,0.9998301053346925
0.4540895061728395,0.9998301053346925
0.4541245466471178,0.9998301053346925
0.4541595925297114,0.9998301053346925
0.45419464382187236,0.9998301053346925
0.45422970052485334,0.9998301053346925
0.4542647626399074,0.9998301053346925
0.4542998301682878,0.9998301053346925
0.45433490311124836,0.9998301053346925
0.45436998147004326,0.9998301053346925
0.45440506524592694,0.9998301053346925
0.45444015444015445,0.9998301053346925
0.454475249053981,0.9998301053346925
0.45451034908866234,0.9998301053346925
0.45454545454545453,0.9998301053346925
0.4545805654256141,0.9998301053346925
0.45461568173039785,0.9998301053346925
0.454650803461063,0.9998301053346925
0.45468593061886736,0.9998301053346925
0.4547210632050688,0.9998301053346925
0.45475620122092575,0.9998301053346925
0.45479134466769705,0.9998301053346925
0.45482649354664195,0.9998301053346925
0.45486164785901995,0.9998301053346925
0.4548968076060911,0.9998301053346925
0.4549319727891156,0.9998301053346925
0.45496714340935446,0.9998301053346925
0.4550023194680687,0.9998301053346925
0.45503750096651974,0.9998301053346925
0.45507268790596966,0.9998301053346925
0.4551078802876808,0.9998301053346925
0.4551430781129157,0.9998301053346925
0.4551782813829376,0.9998301053346925
0.4552134900990099,0.9998301053346925
0.45524870426239655,0.9998301053346925
0.45528392387436173,0.9998301053346925
0.4553191489361702,0.9998301053346925
0.45535437944908697,0.9998301053346925
0.45538961541437745,0.9998301053346925
0.4554248568333075,0.9998301053346925
0.4554601037071434,0.9998301053346925
0.4554953560371517,0.9998301053346925
0.4555306138245994,0.9998301053346925
0.45556587707075397,0.9998301053346925
0.45560114577688315,0.9998301053346925
0.4556364199442552,0.9998301053346925
0.4556716995741386,0.9998301053346925
0.4557069846678024,0.9998301053346925
0.4557422752265159,0.9998301053346925
0.45577757125154894,0.9998301053346925
0.45581287274417165,0.9998301053346925
0.45584817970565455,0.9998301053346925
0.4558834921372686,0.9998301053346925
0.4559188100402851,0.9998301053346925
0.45595413341597585,0.9998301053346925
0.4560247965904688,0.9998301053346925
0.4560601363918165,0.9998301053346925
0.4560954816709292,0.9998301053346925
0.45613083242908076,0.9998301053346925
0.45616618866754516,0.9998301053346925
0.4562015503875969,0.9998301053346925
0.4562369175905109,0.9998301053346925
0.4562722902775624,0.9998301053346925
0.4563076684500271,0.9998301053346925
0.45634305210918114,0.9998301053346925
0.4563784412563009,0.9998301053346925
0.45641383589266327,0.9998301053346925
0.4564492360195455,0.9998301053346925
0.4564846416382253,0.9998301053346925
0.4565200527499806,0.9998301053346925
0.45655546935609,0.9998301053346925
0.45659089145783227,0.9998301053346925
0.45662631905648665,0.9998301053346925
0.4566617521533328,0.9998301053346925
0.45669719074965076,0.9998301053346925
0.456732634846721,0.9998301053346925
0.4567680844458243,0.9998301053346925
0.4568035395482419,0.9998301053346925
0.4568390001552554,0.9998301053346925
0.4568744662681469,0.9998301053346925
0.4569099378881988,0.9998301053346925
0.45694541501669383,0.9998301053346925
0.45698089765491534,0.9998301053346925
0.45701638580414694,0.9998301053346925
0.45705187946567255,0.9998301053346925
0.4570873786407767,0.9998301053346925
0.45712288333074413,0.9998301053346925
0.4571583935368601,0.9998301053346925
0.4571939092604102,0.9998301053346925
0.45722943050268045,0.9998301053346925
0.45726495726495725,0.9998301053346925
0.4573004895485275,0.9998301053346925
0.45733602735467827,0.9998301053346925
0.4573715706846973,0.9998301053346925
0.4574071195398725,0.9998301053346925
0.4574426739214924,0.9998301053346925
0.4574782338308458,0.9998301053346925
0.4575137992692218,0.9998301053346925
0.45754937023791015,0.9998301053346925
0.45758494673820077,0.9998301053346925
0.45762052877138415,0.9998301053346925
0.4576561163387511,0.9998301053346925
0.45769170944159276,0.9998301053346925
0.4577273080812009,0.9998301053346925
0.45776291225886745,0.9998301053346925
0.4577985219758849,0.9998301053346925
0.457834137233546,0.9998301053346925
0.457869758033144,0.9998301053346925
0.4579053843759726,0.9998301053346925
0.4579410162633258,0.9998301053346925
0.45797665369649804,0.9998301053346925
0.45801229667678417,0.9998301053346925
0.4580479452054795,0.9998301053346925
0.4580835992838795,0.9998301053346925
0.4581192589132804,0.9998301053346925
0.4581549240949786,0.9998301053346925
0.45819059483027097,0.9998301053346925
0.4582262711204547,0.9998301053346925
0.4582619529668276,0.9998301053346925
0.45829764037068765,0.9998301053346925
0.4583333333333333,0.9998301053346925
0.45836903185606354,0.9998301053346925
0.4584047359401776,0.9998301053346925
0.45844044558697516,0.9998301053346925
0.4584761607977563,0.9998301053346925
0.45851188157382156,0.9998301053346925
0.45854760791647187,0.9998301053346925
0.4585833398270085,0.9998301053346925
0.4586190773067332,0.9998301053346925
0.458654820356948,0.9998301053346925
0.45869056897895555,0.9998301053346925
0.45872632317405876,0.9998301053346925
0.45876208294356097,0.9998301053346925
0.4587978482887659,0.9998301053346925
0.4588336192109777,0.9998301053346925
0.458869395711501,0.9998301053346925
0.4589051777916407,0.9998301053346925
0.4589409654527022,0.9998301053346925
0.45897675869599125,0.9998301053346925
0.4590125575228141,0.9998301053346925
0.4590483619344774,0.9998301053346925
0.459084171932288,0.9998301053346925
0.45911998751755345,0.9998301053346925
0.4591558086915815,0.9998301053346925
0.4591916354556804,0.9998301053346925
0.4592274678111588,0.9998301053346925
0.4592633057593257,0.9998301053346925
0.4592991493014907,0.9998301053346925
0.45933499843896347,0.9998301053346925
0.4593708531730544,0.9998301053346925
0.45940671350507417,0.9998301053346925
0.4594425794363338,0.9998301053346925
0.45947845096814494,0.9998301053346925
0.4595143281018193,0.9998301053346925
0.45955021083866937,0.9998301053346925
0.4595860991800078,0.9998301053346925
0.45962199312714774,0.9998301053346925
0.4596578926814028,0.9998301053346925
0.45969379784408687,0.9998301053346925
0.45972970861651435,0.9998301053346925
0.459765625,0.9998301053346925
0.45980154699585907,0.9998301053346925
0.4598374746054071,0.9998301053346925
0.45987340782996017,0.9998301053346925
0.45990934667083466,0.9998301053346925
0.4599452911293474,0.9998301053346925
0.4599812412068157,0.9998301053346925
0.46001719690455717,0.9998301053346925
0.4600531582238899,0.9998301053346925
0.46008912516613243,0.9998301053346925
0.46012509773260357,0.9998301053346925
0.46016107592462274,0.9998301053346925
0.46019705974350955,0.9998301053346925
0.46023304919058416,0.9998301053346925
0.4602690442671672,0.9998301053346925
0.4603050449745796,0.9998301053346925
0.46034105131414266,0.9998301053346925
0.46037706328717826,0.9998301053346925
0.4604130808950086,0.9998301053346925
0.4604491041389563,0.9998301053346925
0.4604851330203443,0.9998301053346925
0.4605211675404961,0.9998301053346925
0.46055720770073566,0.9998301053346925
0.4605932535023871,0.9998301053346925
0.46062930494677523,0.9998301053346925
0.46066536203522507,0.9998301053346925
0.4607014247690622,0.9998301053346925
0.4607374931496125,0.9998301053346925
0.46077356717820234,0.9998301053346925
0.4608096468561585,0.9998301053346925
0.4608457321848081,0.9998301053346925
0.4608818231654789,0.9998301053346925
0.46091791979949875,0.9998301053346925
0.46095402208819614,0.9998301053346925
0.4609901300328999,0.9998301053346925
0.46102624363493927,0.9998301053346925
0.461062362895644,0.9998301053346925
0.4610984878163441,0.9998301053346925
0.46113461839837017,0.9998301053346925
0.46117075464305307,0.9998301053346925
0.46120689655172414,0.9998301053346925
0.4612430441257152,0.9998301053346925
0.46127919736635836,0.9998301053346925
0.46131535627498627,0.9998301053346925
0.46135152085293196,0.9998301053346925
0.46138769110152883,0.9998301053346925
0.4614238670221107,0.9998301053346925
0.4614600486160119,0.9998301053346925
0.4614962358845671,0.9998301053346925
0.46153242882911144,0.9998301053346925
0.4615686274509804,0.9998301053346925
0.4616048317515099,0.9998301053346925
0.4616410417320364,0.9998301053346925
0.4616772573938966,0.9998301053346925
0.4617134787384277,0.9998301053346925
0.46174970576696744,0.9998301053346925
0.46178593848085375,0.9998301053346925
0.4618221768814251,0.9998301053346925
0.4618584209700204,0.9998301053346925
0.46189467074797896,0.9998301053346925
0.4619309262166405,0.9998301053346925
0.46196718737734516,0.9998301053346925
0.4620034542314335,0.9998301053346925
0.4620397267802465,0.9998301053346925
0.46207600502512564,0.9998301053346925
0.46211228896741263,0.9998301053346925
0.4621485786084498,0.9998301053346925
0.46218487394957986,0.9998301053346925
0.46222117499214577,0.9998301053346925
0.46225748173749115,0.9998301053346925
0.4622937941869599,0.9998301053346925
0.46233011234189647,0.9998301053346925
0.4623664362036455,0.9998301053346925
0.46240276577355227,0.9998301053346925
0.46243910105296243,0.9998301053346925
0.462475442043222,0.9998301053346925
0.46251178874567744,0.9998301053346925
0.4625481411616757,0.9998301053346925
0.46258449929256407,0.9998301053346925
0.46262086313969025,0.9998301053346925
0.4626572327044025,0.9998301053346925
0.46269360798804937,0.9998301053346925
0.46272998899197987,0.9998301053346925
0.4627663757175434,0.9998301053346925
0.46280276816608995,0.9998301053346925
0.4628391663389697,0.9998301053346925
0.46287557023753345,0.9998301053346925
0.4629119798631322,0.9998301053346925
0.46294839521711767,0.9998301053346925
0.4629848163008418,0.9998301053346925
0.46302124311565696,0.9998301053346925
0.46305767566291606,0.9998301053346925
0.4630941139439723,0.9998301053346925
0.46313055796017943,0.9998301053346925
0.46316700771289154,0.9998301053346925
0.46320346320346323,0.9998301053346925
0.46323992443324935,0.9998301053346925
0.46327639140360544,0.9998301053346925
0.46331286411588724,0.9998301053346925
0.46334934257145105,0.9998301053346925
0.4633858267716535,0.9998301053346925
0.4634223167178518,0.9998301053346925
0.46345881241140335,0.9998301053346925
0.4634953138536662,0.9998301053346925
0.4635318210459987,0.9998301053346925
0.4635683339897598,0.9998301053346925
0.46360485268630847,0.9998301053346925
0.46364137713700465,0.9998301053346925
0.4636779073432083,0.9998301053346925
0.46371444330628003,0.9998301053346925
0.4637509850275808,0.9998301053346925
0.4637875325084719,0.9998301053346925
0.46382408575031525,0.9998301053346925
0.4638606447544731,0.9998301053346925
0.46389720952230806,0.9998301053346925
0.46393378005518326,0.9998301053346925
0.4639703563544623,0.9998301053346925
0.4640069384215091,0.9998301053346925
0.4640435262576881,0.9998301053346925
0.464080119864364,0.9998301053346925
0.4641167192429022,0.9998301053346925
0.46415332439466833,0.9998301053346925
0.46418993532102854,0.9998301053346925
0.4642265520233494,0.9998301053346925
0.4642631745029978,0.9998301053346925
0.4642998027613412,0.9998301053346925
0.4643364367997475,0.9998301053346925
0.46437307661958493,0.9998301053346925
0.4644097222222222,0.9998301053346925
0.4644463736090285,0.9998301053346925
0.4644830307813733,0.9998301053346925
0.46451969374062674,0.9998301053346925
0.4645563624881591,0.9998301053346925
0.46459303702534144,0.9998301053346925
0.4646297173535449,0.9998301053346925
0.46466640347414134,0.9998301053346925
0.46470309538850285,0.9998301053346925
0.46473979309800206,0.9998301053346925
0.464776496604012,0.9998301053346925
0.46481320590790615,0.9998301053346925
0.46484992101105843,0.9998301053346925
0.4648866419148432,0.9998301053346925
0.46492336862063516,0.9998301053346925
0.46496010112980957,0.9998301053346925
0.4649968394437421,0.9998301053346925
0.46503358356380875,0.9998301053346925
0.4650703334913861,0.9998301053346925
0.4651070892278511,0.9998301053346925
0.4651438507745811,0.9998301053346925
0.4651806181329539,0.9998301053346925
0.4652173913043478,0.9998301053346925
0.4652541702901415,0.9998301053346925
0.4652909550917141,0.9998301053346925
0.46532774571044516,0.9998301053346925
0.46536454214771467,0.9998301053346925
0.4654013444049031,0.9998301053346925
0.4654381524833913,0.9998301053346925
0.46547496638456065,0.9998301053346925
0.46551178610979277,0.9998301053346925
0.4655486116604699,0.9998301053346925
0.46558544303797467,0.9998301053346925
0.4656222802436902,0.9998301053346925
0.46565912327899983,0.9998301053346925
0.46569597214528763,0.9998301053346925
0.46573282684393796,0.9998301053346925
0.46576968737633556,0.9998301053346925
0.46580655374386576,0.9998301053346925
0.46584342594791417,0.9998301053346925
0.465880303989867,0.9998301053346925
0.46591718787111075,0.9998301053346925
0.4659540775930325,0.9998301053346925
0.46599097315701954,0.9998301053346925
0.46602787456445993,0.9998301053346925
0.4660647818167419,0.9998301053346925
0.4661016949152542,0.9998301053346925
0.46613861386138616,0.9998301053346925
0.4661755386565273,0.9998301053346925
0.46621246930206767,0.9998301053346925
0.4662494057993979,0.9998301053346925
0.4662863481499089,0.9998301053346925
0.4663232963549921,0.9998301053346925
0.4663602504160393,0.9998301053346925
0.46639721033444287,0.9998301053346925
0.4664341761115955,0.9998301053346925
0.4664711477488903,0.9998301053346925
0.46650812524772095,0.9998301053346925
0.4665451086094815,0.9998301053346925
0.4665820978355665,0.9998301053346925
0.46661909292737075,0.9998301053346925
0.46665609388628976,0.9998301053346925
0.4666931007137193,0.9998301053346925
0.4667301134110556,0.9998301053346925
0.46676713197969544,0.9998301053346925
0.46680415642103595,0.9998301053346925
0.4668411867364747,0.9998301053346925
0.46687822292740977,0.9998301053346925
0.4669152649952396,0.9998301053346925
0.4669523129413632,0.9998301053346925
0.46698936676717984,0.9998301053346925
0.4670264264740894,0.9998301053346925
0.46706349206349207,0.9998301053346925
0.46710056353678864,0.9998301053346925
0.46713764089538024,0.9998301053346925
0.4671747241406684,0.9998301053346925
0.46721181327405525,0.9998301053346925
0.4672489082969432,0.9998301053346925
0.46728600921073526,0.9998301053346925
0.46732311601683474,0.9998301053346925
0.4673602287166455,0.9998301053346925
0.46739734731157173,0.9998301053346925
0.4674344718030183,0.9998301053346925
0.4674716021923902,0.9998301053346925
0.4675087384810931,0.9998301053346925
0.4675458806705331,0.9998301053346925
0.46758302876211666,0.9998301053346925
0.4676201827572507,0.9998301053346925
0.46765734265734266,0.9998301053346925
0.46769450846380034,0.9998301053346925
0.4677316801780321,0.9998301053346925
0.4677688578014466,0.9998301053346925
0.4678060413354531,0.9998301053346925
0.4678432307814612,0.9998301053346925
0.4678804261408809,0.9998301053346925
0.4679176274151228,0.9998301053346925
0.46795483460559795,0.9998301053346925
0.4679920477137177,0.9998301053346925
0.4680292667408939,0.9998301053346925
0.4680664916885389,0.9998301053346925
0.46810372255806554,0.9998301053346925
0.46814095935088695,0.9998301053346925
0.46817820206841687,0.9998301053346925
0.4682154507120694,0.9998301053346925
0.4682527052832591,0.9998301053346925
0.468289965783401,0.9998301053346925
0.46832723221391054,0.9998301053346925
0.46836450457620377,0.9998301053346925
0.4684017828716969,0.9998301053346925
0.4684390671018069,0.9998301053346925
0.46847635726795095,0.9998301053346925
0.4685136533715469,0.9998301053346925
0.46855095541401276,0.9998301053346925
0.46858826339676724,0.9998301053346925
0.4686255773212295,0.9998301053346925
0.468662897188819,0.9998301053346925
0.4687002230009557,0.9998301053346925
0.46873755475906015,0.9998301053346925
0.4687748924645531,0.9998301053346925
0.46881223611885603,0.9998301053346925
0.4688495857233907,0.9998301053346925
0.4688869412795793,0.9998301053346925
0.4689243027888446,0.9998301053346925
0.46896167025260976,0.9998301053346925
0.4689990436722984,0.9998301053346925
0.4690364230493345,0.9998301053346925
0.4690738083851427,0.9998301053346925
0.4691111996811479,0.9998301053346925
0.46914859693877553,0.9998301053346925
0.4691860001594515,0.9998301053346925
0.46922340934460216,0.9998301053346925
0.46926082449565426,0.9998301053346925
0.4692982456140351,0.9998301053346925
0.4693356727011723,0.9998301053346925
0.46937310575849417,0.9998301053346925
0.4694105447874292,0.9998301053346925
0.4694479897894065,0.9998301053346925
0.4694854407658556,0.9998301053346925
0.4695228977182065,0.9998301053346925
0.4695603606478896,0.9998301053346925
0.4695978295563358,0.9998301053346925
0.4696353044449765,0.9998301053346925
0.4696727853152434,0.9998301053346925
0.4697102721685689,0.9998301053346925
0.4697477650063857,0.9998301053346925
0.4697852638301269,0.9998301053346925
0.46982276864122624,0.9998301053346925
0.46986027944111775,0.9998301053346925
0.469897796231236,0.9998301053346925
0.46993531901301605,0.9998301053346925
0.46997284778789333,0.9998301053346925
0.4700103825573037,0.9998301053346925
0.4700479233226837,0.9998301053346925
0.4700854700854701,0.9998301053346925
0.47012302284710017,0.9998301053346925
0.47016058160901175,0.9998301053346925
0.470198146372643,0.9998301053346925
0.4702357171394327,0.9998301053346925
0.4702732939108199,0.9998301053346925
0.47031087668824423,0.9998301053346925
0.4703484654731458,0.9998301053346925
0.47038606026696506,0.9998301053346925
0.4704236610711431,0.9998301053346925
0.4704612678871213,0.9998301053346925
0.47049888071634155,0.9998301053346925
0.47053649956024624,0.9998301053346925
0.47057412442027824,0.9998301053346925
0.47061175529788085,0.9998301053346925
0.47064939219449775,0.9998301053346925
0.4706870351115732,0.9998301053346925
0.4707246840505519,0.9998301053346925
0.47076233901287895,0.9998301053346925
0.4708,0.9998301053346925
0.47083766701336105,0.9998301053346925
0.47087534005440873,0.9998301053346925
0.4709130191245899,0.9998301053346925
0.4709507042253521,0.9998301053346925
0.47098839535814324,0.9998301053346925
0.47102609252441174,0.9998301053346925
0.47106379572560636,0.9998301053346925
0.47110150496317643,0.9998301053346925
0.4711392202385718,0.9998301053346925
0.4711769415532426,0.9998301053346925
0.4712146689086396,0.9998301053346925
0.47125240230621396,0.9998301053346925
0.4712901417474173,0.9998301053346925
0.4713278872337017,0.9998301053346925
0.4713656387665198,0.9998301053346925
0.4714033963473246,0.9998301053346925
0.47144115997756947,0.9998301053346925
0.4714789296587085,0.9998301053346925
0.47151670539219614,0.9998301053346925
0.47155448717948717,0.9998301053346925
0.47159227502203704,0.9998301053346925
0.4716300689213015,0.9998301053346925
0.47166786887873685,0.9998301053346925
0.47170567489579995,0.9998301053346925
0.4716633266533066,0.9996602106693849
0.47170113836780503,0.9996602106693849
0.4717389561452738,0.9996602106693849
0.47177677998717127,0.9996602106693849
0.47181460989495627,0.9996602106693849
0.47185244587008823,0.9996602106693849
0.47189028791402676,0.9996602106693849
0.47192813602823225,0.9996602106693849
0.4719659902141654,0.9996602106693849
0.47200385047328736,0.9996602106693849
0.47204171680705975,0.9996602106693849
0.4720795892169448,0.9996602106693849
0.47211746770440505,0.9996602106693849
0.47215535227090355,0.9996602106693849
0.4721932429179039,0.9996602106693849
0.47223113964686997,0.9996602106693849
0.4722690424592664,0.9996602106693849
0.47230695135655804,0.9996602106693849
0.47234486634021033,0.9996602106693849
0.47238278741168915,0.9996602106693849
0.4724207145724609,0.9996602106693849
0.4724586478239923,0.9996602106693849
0.4724965871677507,0.9996602106693849
0.472534532605204,0.9996602106693849
0.47257248413782027,0.9996602106693849
0.4726104417670683,0.9996602106693849
0.4726484054944172,0.9996602106693849
0.4726863753213368,0.9996602106693849
0.472724351249297,0.9996602106693849
0.4727623332797686,0.9996602106693849
0.47280032141422257,0.9996602106693849
0.4728383156541305,0.9996602106693849
0.4728763160009644,0.9996602106693849
0.47291432245619675,0.9996602106693849
0.4729523350213005,0.9996602106693849
0.4729903536977492,0.9996602106693849
0.4730283784870166,0.9996602106693849
0.47306640939057726,0.9996602106693849
0.4731044464099059,0.9996602106693849
0.473142489546478,0.9996602106693849
0.4731805388017692,0.9996602106693849
0.4732185941772559,0.9996602106693849
0.4732566556744149,0.9996602106693849
0.4732947232947233,0.9996602106693849
0.4733327970396589,0.9996602106693849
0.4733708769106999,0.9996602106693849
0.473408962909325,0.9996602106693849
0.4734470550370132,0.9996602106693849
0.4734851532952442,0.9996602106693849
0.47352325768549813,0.9996602106693849
0.47356136820925554,0.9996602106693849
0.4735994848679974,0.9996602106693849
0.47363760766320534,0.9996602106693849
0.4736757365963613,0.9996602106693849
0.47371387166894774,0.9996602106693849
0.47375201288244767,0.9996602106693849
0.47379016023834447,0.9996602106693849
0.47382831373812206,0.9996602106693849
0.4738664733832649,0.9996602106693849
0.4739046391752577,0.9996602106693849
0.473942811115586,0.9996602106693849
0.47398098920573545,0.9996602106693849
0.47401917344719247,0.9996602106693849
0.47405736384144376,0.9996602106693849
0.47409556038997663,0.9996602106693849
0.4741337630942788,0.9996602106693849
0.4741719719558385,0.9996602106693849
0.4742101869761444,0.9996602106693849
0.47424840815668573,0.9996602106693849
0.4742866354989521,0.9996602106693849
0.4743248690044337,0.9996602106693849
0.4743631086746211,0.9996602106693849
0.4744013545110054,0.9996602106693849
0.4744396065150782,0.9996602106693849
0.4744778646883316,0.9996602106693849
0.47451612903225804,0.9996602106693849
0.47455439954835066,0.9996602106693849
0.4745926762381029,0.9996602106693849
0.4746309591030088,0.9996602106693849
0.47466924814456274,0.9996602106693849
0.4747075433642598,0.9996602106693849
0.47474584476359527,0.9996602106693849
0.4747841523440652,0.9996602106693849
0.4748224661071659,0.9996602106693849
0.4748607860543943,0.9996602106693849
0.4748991121872478,0.9996602106693849
0.47493744450722414,0.9996602106693849
0.4749757830158218,0.9996602106693849
0.47501412771453944,0.9996602106693849
0.4750524786048765,0.9996602106693849
0.47509083568833266,0.9996602106693849
0.47512919896640826,0.9996602106693849
0.47516756844060404,0.9996602106693849
0.47520594411242123,0.9996602106693849
0.4752443259833616,0.9996602106693849
0.4752827140549273,0.9996602106693849
0.47532110832862107,0.9996602106693849
0.475359508805946,0.9996602106693849
0.47539791548840593,0.9996602106693849
0.4754363283775048,0.9996602106693849
0.4754747474747475,0.9996602106693849
0.4755131727816389,0.9996602106693849
0.4755516042996848,0.9996602106693849
0.4755900420303912,0.9996602106693849
0.47562848597526475,0.9996602106693849
0.47566693613581246,0.9996602106693849
0.47570539251354194,0.9996602106693849
0.4757438551099612,0.9996602106693849
0.4757823239265788,0.9996602106693849
0.47582079896490376,0.9996602106693849
0.47585928022644564,0.9996602106693849
0.47589776771271436,0.9996602106693849
0.47593626142522044,0.9996602106693849
0.47597476136547484,0.9996602106693849
0.47601326753498907,0.9996602106693849
0.4760517799352751,0.9996602106693849
0.4760902985678453,0.9996602106693849
0.47612882343421264,0.9996602106693849
0.4761673545358906,0.9996602106693849
0.476205891874393,0.9996602106693849
0.4762444354512343,0.9996602106693849
0.4762829852679294,0.9996602106693849
0.4763215413259937,0.9996602106693849
0.47636010362694303,0.9996602106693849
0.47639867217229376,0.9996602106693849
0.47643724696356277,0.9996602106693849
0.4764758280022674,0.9996602106693849
0.4765144152899255,0.9996602106693849
0.4765530088280554,0.9996602106693849
0.47659160861817595,0.9996602106693849
0.4766302146618064,0.9996602106693849
0.47666882696046664,0.9996602106693849
0.4767074455156769,0.9996602106693849
0.47674607032895805,0.9996602106693849
0.47678470140183127,0.9996602106693849
0.4768233387358185,0.9996602106693849
0.47686198233244187,0.9996602106693849
0.4769006321932242,0.9996602106693849
0.47693928831968874,0.9996602106693849
0.4769779507133593,0.9996602106693849
0.47701661937576,0.9996602106693849
0.47705529430841576,0.9996602106693849
0.4770939755128517,0.9996602106693849
0.4771326629905936,0.9996602106693849
0.47717135674316763,0.9996602106693849
0.47721005677210054,0.9996602106693849
0.4772487630789196,0.9996602106693849
0.4772874756651525,0.9996602106693849
0.4773261945323274,0.9996602106693849
0.4773649196819731,0.9996602106693849
0.47740365111561867,0.9996602106693849
0.4774423888347939,0.9996602106693849
0.47748113284102894,0.9996602106693849
0.4775198831358546,0.9996602106693849
0.47755863972080187,0.9996602106693849
0.4775974025974026,0.9996602106693849
0.4776361717671889,0.9996602106693849
0.47767494723169346,0.9996602106693849
0.47771372899244946,0.9996602106693849
0.4777525170509906,0.9996602106693849
0.477791311408851,0.9996602106693849
0.47783011206756537,0.9996602106693849
0.4778689190286689,0.9996602106693849
0.4779077322936972,0.9996602106693849
0.4779465518641865,0.9996602106693849
0.47798537774167343,0.9996602106693849
0.4780242099276952,0.9996602106693849
0.4780630484237894,0.9996602106693849
0.47810189323149427,0.9996602106693849
0.47814074435234843,0.9996602106693849
0.4781796017878911,0.9996602106693849
0.4782184655396619,0.9996602106693849
0.47825733560920103,0.9996602106693849
0.4782962119980491,0.9996602106693849
0.4783350947077473,0.9996602106693849
0.4783739837398374,0.9996602106693849
0.47841287909586144,0.9996602106693849
0.47845178077736217,0.9996602106693849
0.47849068878588275,0.9996602106693849
0.47852960312296683,0.9996602106693849
0.47856852379015863,0.9996602106693849
0.47860745078900274,0.9996602106693849
0.4786463841210445,0.9996602106693849
0.47868532378782946,0.9996602106693849
0.47872426979090393,0.9996602106693849
0.4787632221318145,0.9996602106693849
0.4788021808121084,0.9996602106693849
0.4788411458333333,0.9996602106693849
0.47888011719703755,0.9996602106693849
0.47891909490476964,0.9996602106693849
0.47895807895807896,0.9996602106693849
0.47899706935851516,0.9996602106693849
0.47903606610762844,0.9996602106693849
0.4790750692069696,0.9996602106693849
0.47911407865808975,0.9996602106693849
0.47915309446254073,0.9996602106693849
0.4791921166218747,0.9996602106693849
0.4792311451376446,0.9996602106693849
0.4792701800114034,0.9996602106693849
0.4793092212447051,0.9996602106693849
0.47934826883910386,0.9996602106693849
0.4793873227961545,0.9996602106693849
0.4794263831174122,0.9996602106693849
0.47946544980443284,0.9996602106693849
0.4795045228587727,0.9996602106693849
0.4795436022819886,0.9996602106693849
0.4795826880756378,0.9996602106693849
0.4796217802412781,0.9996602106693849
0.4796608787804679,0.9996602106693849
0.479699983694766,0.9996602106693849
0.47973909498573175,0.9996602106693849
0.479778212654925,0.9996602106693849
0.4798173367039061,0.9996602106693849
0.47985646713423585,0.9996602106693849
0.4798956039474757,0.9996602106693849
0.4799347471451876,0.9996602106693849
0.47997389672893387,0.9996602106693849
0.4800130527002774,0.9996602106693849
0.4800522150607816,0.9996602106693849
0.48009138381201044,0.9996602106693849
0.48013055895552836,0.9996602106693849
0.4801697404929003,0.9996602106693849
0.4802089284256917,0.9996602106693849
0.4802481227554685,0.9996602106693849
0.48028732348379727,0.9996602106693849
0.4803265306122449,0.9996602106693849
0.480365744142379,0.9996602106693849
0.4804049640757675,0.9996602106693849
0.48044419041397896,0.9996602106693849
0.4804834231585824,0.9996602106693849
0.48052266231114743,0.9996602106693849
0.48056190787324404,0.9996602106693849
0.48060115984644286,0.9996602106693849
0.48064041823231496,0.9996602106693849
0.48067968303243197,0.9996602106693849
0.480718954248366,0.9996602106693849
0.4807582318816897,0.9996602106693849
0.4807975159339761,0.9996602106693849
0.48083680640679904,0.9996602106693849
0.4808761033017326,0.9996602106693849
0.4809154066203514,0.9996602106693849
0.4809547163642308,0.9996602106693849
0.48099403253494644,0.9996602106693849
0.4810333551340746,0.9996602106693849
0.4810726841631919,0.9996602106693849
0.48111201962387573,0.9996602106693849
0.4811513615177038,0.9996602106693849
0.4811907098462545,0.9996602106693849
0.48123006461110657,0.9996602106693849
0.48126942581383936,0.9996602106693849
0.4813087934560327,0.9996602106693849
0.481348167539267,0.9996602106693849
0.4813875480651231,0.9996602106693849
0.48142693503518247,0.9996602106693849
0.48146632845102694,0.9996602106693849
0.48150572831423893,0.9996602106693849
0.4815451346264015,0.9996602106693849
0.48158454738909806,0.9996602106693849
0.4816239666039126,0.9996602106693849
0.4816633922724296,0.9996602106693849
0.48170282439623413,0.9996602106693849
0.48174226297691175,0.9996602106693849
0.48178170801604847,0.9996602106693849
0.4818211595152309,0.9996602106693849
0.4818606174760462,0.9996602106693849
0.4819000819000819,0.9996602106693849
0.4818576459988533,0.9994903160040775
0.48189711664482304,0.9994903160040775
0.48193659375768,0.9994903160040775
0.4819760773390136,0.9994903160040775
0.4820155673904138,0.9994903160040775
0.48205506391347097,0.9994903160040775
0.4820945669097763,0.9994903160040775
0.48213407638092115,0.9994903160040775
0.48217359232849766,0.9994903160040775
0.48221311475409834,0.9994903160040775
0.48225264365931636,0.9994903160040775
0.48229217904574523,0.9994903160040775
0.4823317209149791,0.9994903160040775
0.4823712692686127,0.9994903160040775
0.4824108241082411,0.9994903160040775
0.48245038543546004,0.9994903160040775
0.48248995325186583,0.9994903160040775
0.4825295275590551,0.9994903160040775
0.4825691083586252,0.9994903160040775
0.4826086956521739,0.9994903160040775
0.4826482894412995,0.9994903160040775
0.4826878897276009,0.9994903160040775
0.48272749651267743,0.9994903160040775
0.482767109798129,0.9994903160040775
0.48280672958555604,0.9994903160040775
0.48284635587655944,0.9994903160040775
0.4828859886727407,0.9994903160040775
0.4829256279757019,0.9994903160040775
0.4829652737870454,0.9994903160040775
0.48300492610837437,0.9994903160040775
0.4830445849412924,0.9994903160040775
0.48308425028740354,0.9994903160040775
0.4831239221483124,0.9994903160040775
0.4831636005256242,0.9994903160040775
0.48320328542094454,0.9994903160040775
0.48324297683587975,0.9994903160040775
0.48328267477203646,0.9994903160040775
0.483322379231022,0.9994903160040775
0.48336209021444415,0.9994903160040775
0.4834018077239113,0.9994903160040775
0.4834415317610321,0.9994903160040775
0.4834812623274162,0.9994903160040775
0.4835209994246733,0.9994903160040775
0.48356074305441393,0.9994903160040775
0.48360049321824905,0.9994903160040775
0.4836402499177902,0.9994903160040775
0.48368001315464937,0.9994903160040775
0.48371978293043905,0.9994903160040775
0.4837595592467725,0.9994903160040775
0.48379934210526315,0.9994903160040775
0.4838391315075253,0.9994903160040775
0.4838789274551735,0.9994903160040775
0.48391872994982316,0.9994903160040775
0.4839585389930898,0.9994903160040775
0.4839983545865899,0.9994903160040775
0.4840381767319401,0.9994903160040775
0.48407800543075785,0.9994903160040775
0.48411784068466096,0.9994903160040775
0.48415768249526786,0.9994903160040775
0.48419753086419753,0.9994903160040775
0.4842373857930694,0.9994903160040775
0.48427724728350346,0.9994903160040775
0.4843171153371203,0.9994903160040775
0.48435698995554094,0.9994903160040775
0.484396871140387,0.9994903160040775
0.48443675889328064,0.9994903160040775
0.48447665321584454,0.9994903160040775
0.48451655410970185,0.9994903160040775
0.4845564615764764,0.9994903160040775
0.4845963756177924,0.9994903160040775
0.4846362962352747,0.9994903160040775
0.48467622343054867,0.9994903160040775
0.4847161572052402,0.9994903160040775
0.4847560975609756,0.9994903160040775
0.48479604449938196,0.9994903160040775
0.4848359980220867,0.9994903160040775
0.4848759581307179,0.9994903160040775
0.48491592482690404,0.9994903160040775
0.48495589811227435,0.9994903160040775
0.4849958779884584,0.9994903160040775
0.4850358644570863,0.9994903160040775
0.48507585751978893,0.9994903160040775
0.4851158571781974,0.9994903160040775
0.48515586343394357,0.9994903160040775
0.4851958762886598,0.9994903160040775
0.4852358957439789,0.9994903160040775
0.4852759218015343,0.9994903160040775
0.4853159544629599,0.9994903160040775
0.4853559937298903,0.9994903160040775
0.4853960396039604,0.9994903160040775
0.4854360920868058,0.9994903160040775
0.4854761511800627,0.9994903160040775
0.48551621688536767,0.9994903160040775
0.4855562892043579,0.9994903160040775
0.4855963681386711,0.9994903160040775
0.4856364536899455,0.9994903160040775
0.48567654585982,0.9994903160040775
0.48571664464993397,0.9994903160040775
0.4857567500619272,0.9994903160040775
0.4857968620974401,0.9994903160040775
0.4858369807581138,0.9994903160040775
0.4858771060455897,0.9994903160040775
0.4859172379615099,0.9994903160040775
0.4859573765075169,0.9994903160040775
0.485997521685254,0.9994903160040775
0.48603767349636484,0.9994903160040775
0.4860778319424936,0.9994903160040775
0.4861179970252851,0.9994903160040775
0.4861581687463846,0.9994903160040775
0.48619834710743803,0.9994903160040775
0.48623853211009177,0.9994903160040775
0.48627872375599274,0.9994903160040775
0.48631892204678845,0.9994903160040775
0.486359126984127,0.9994903160040775
0.4863993385696569,0.9994903160040775
0.48643955680502726,0.9994903160040775
0.4864797816918879,0.9994903160040775
0.48652001323188887,0.9994903160040775
0.486560251426681,0.9994903160040775
0.48660049627791563,0.9994903160040775
0.4866407477872446,0.9994903160040775
0.4866810059563203,0.9994903160040775
0.4867212707867957,0.9994903160040775
0.48676154228032437,0.9994903160040775
0.4868018204385602,0.9994903160040775
0.4868421052631579,0.9994903160040775
0.48688239675577255,0.9994903160040775
0.48692269491805995,0.9994903160040775
0.4869629997516762,0.9994903160040775
0.48700331125827817,0.9994903160040775
0.4870436294395231,0.9994903160040775
0.4870839542970691,0.9994903160040775
0.48712428583257433,0.9994903160040775
0.4871646240476979,0.9994903160040775
0.48720496894409937,0.9994903160040775
0.4872453205234388,0.9994903160040775
0.4872856787873768,0.9994903160040775
0.48732604373757454,0.9994903160040775
0.4873664153756938,0.9994903160040775
0.48740679370339685,0.9994903160040775
0.4874471787223465,0.9994903160040775
0.48748757043420615,0.9994903160040775
0.48752796884063976,0.9994903160040775
0.48756837394331176,0.9994903160040775
0.4876087857438873,0.9994903160040775
0.48764920424403185,0.9994903160040775
0.4876896294454116,0.9994903160040775
0.48773006134969327,0.9994903160040775
0.48777049995854405,0.9994903160040775
0.48781094527363184,0.9994903160040775
0.4878513972966249,0.9994903160040775
0.4878918560291922,0.9994903160040775
0.48793232147300325,0.9994903160040775
0.48797279362972795,0.9994903160040775
0.48801327250103693,0.9994903160040775
0.4880537580886013,0.9994903160040775
0.48809425039409277,0.9994903160040775
0.48813474941918356,0.9994903160040775
0.48817525516554644,0.9994903160040775
0.48821576763485475,0.9994903160040775
0.48825628682878247,0.9994903160040775
0.488296812749004,0.9994903160040775
0.4883373453971943,0.9994903160040775
0.4883778847750291,0.9994903160040775
0.4884184308841843,0.9994903160040775
0.4884589837263368,0.9994903160040775
0.48849954330316364,0.9994903160040775
0.4885401096163428,0.9994903160040775
0.4885806826675525,0.9994903160040775
0.48862126245847176,0.9994903160040775
0.48866184899077997,0.9994903160040775
0.48870244226615717,0.9994903160040775
0.48874304228628396,0.9994903160040775
0.4887836490528415,0.9994903160040775
0.48882426256751144,0.9994903160040775
0.48886488283197604,0.9994903160040775
0.48890550984791825,0.9994903160040775
0.48894614361702127,0.9994903160040775
0.4889867841409692,0.9994903160040775
0.4890274314214464,0.9994903160040775
0.489068085460138,0.9994903160040775
0.48910874625872963,0.9994903160040775
0.4891494138189075,0.9994903160040775
0.4891900881423582,0.9994903160040775
0.48923076923076925,0.9994903160040775
0.48927145708582837,0.9994903160040775
0.489312151709224,0.9994903160040775
0.48935285310264515,0.9994903160040775
0.4893935612677814,0.9994903160040775
0.4894342762063228,0.9994903160040775
0.4894749979199601,0.9994903160040775
0.48951572641038443,0.9994903160040775
0.4895564616792877,0.9994903160040775
0.4895972037283622,0.9994903160040775
0.48963795255930087,0.9994903160040775
0.4896787081737972,0.9994903160040775
0.4897194705735453,0.9994903160040775
0.48976023976023975,0.9994903160040775
0.4898010157355757,0.9994903160040775
0.489841798501249,0.9994903160040775
0.4898825880589558,0.9994903160040775
0.48992338441039307,0.9994903160040775
0.4899641875572583,0.9994903160040775
0.4900049975012494,0.9994903160040775
0.49004581424406496,0.9994903160040775
0.4900866377874042,0.9994903160040775
0.49012746813296676,0.9994903160040775
0.4901683052824529,0.9994903160040775
0.49020914923756354,0.9994903160040775
0.49025,0.9994903160040775
0.4902908575714643,0.9994903160040775
0.49033172195365893,0.9994903160040775
0.4903725931482871,0.9994903160040775
0.49041347115705236,0.9994903160040775
0.49045435598165904,0.9994903160040775
0.4904952476238119,0.9994903160040775
0.4905361460852164,0.9994903160040775
0.4905770513675784,0.9994903160040775
0.49061796347260445,0.9994903160040775
0.4906588824020017,0.9994903160040775
0.4906998081574777,0.9994903160040775
0.49074074074074076,0.9994903160040775
0.4907816801534996,0.9994903160040775
0.4908226263974637,0.9994903160040775
0.49086357947434295,0.9994903160040775
0.49090453938584777,0.9994903160040775
0.49094550613368937,0.9994903160040775
0.49098647971957937,0.9994903160040775
0.49102746014522997,0.9994903160040775
0.49106844741235395,0.9994903160040775
0.49110944152266467,0.9994903160040775
0.4911504424778761,0.9994903160040775
0.4911914502797028,0.9994903160040775
0.4912324649298597,0.9994903160040775
0.49127348643006263,0.9994903160040775
0.4913145147820277,0.9994903160040775
0.49135554998747183,0.9994903160040775
0.49139659204811226,0.9994903160040775
0.491354105755576,0.99932042133877
0.4913951545530493,0.99932042133877
0.4914362102097084,0.99932042133877
0.4914772727272727,0.99932042133877
0.4915183421074622,0.99932042133877
0.49155941835199735,0.99932042133877
0.49160050146259926,0.99932042133877
0.4916415914409896,0.99932042133877
0.4916826882888907,0.99932042133877
0.4917237920080254,0.99932042133877
0.49176490260011707,0.99932042133877
0.4918060200668896,0.99932042133877
0.4918471444100677,0.99932042133877
0.4918882756313765,0.99932042133877
0.4919294137325416,0.99932042133877
0.4919705587152894,0.99932042133877
0.49201171058134674,0.99932042133877
0.492052869332441,0.99932042133877
0.49209403497030035,0.99932042133877
0.4921352074966533,0.99932042133877
0.492176386913229,0.99932042133877
0.4922175732217573,0.99932042133877
0.49225876642396854,0.99932042133877
0.4922999665215936,0.99932042133877
0.4923411735163639,0.99932042133877
0.4923823874100117,0.99932042133877
0.49242360820426956,0.99932042133877
0.49246483590087076,0.99932042133877
0.49250607050154904,0.99932042133877
0.49254731200803886,0.99932042133877
0.4925885604220752,0.99932042133877
0.49262981574539366,0.99932042133877
0.4926710779797303,0.99932042133877
0.49271234712682194,0.99932042133877
0.4927536231884058,0.99932042133877
0.49279490616621985,0.99932042133877
0.4928361960620025,0.99932042133877
0.4928774928774929,0.99932042133877
0.49291879661443055,0.99932042133877
0.4929601072745558,0.99932042133877
0.4930014248596094,0.99932042133877
0.4930427493713328,0.99932042133877
0.4930840808114679,0.99932042133877
0.49312541918175723,0.99932042133877
0.493166764483944,0.99932042133877
0.49320811671977194,0.99932042133877
0.49324947589098533,0.99932042133877
0.4932908419993291,0.99932042133877
0.49333221504654867,0.99932042133877
0.4933735950343902,0.99932042133877
0.49341498196460026,0.99932042133877
0.49345637583892615,0.99932042133877
0.4934977766591157,0.99932042133877
0.49353918442691724,0.99932042133877
0.49358059914407987,0.99932042133877
0.4936220208123531,0.99932042133877
0.4936634494334872,0.99932042133877
0.4937048850092328,0.99932042133877
0.4937463275413414,0.99932042133877
0.4937877770315648,0.99932042133877
0.49382923348165564,0.99932042133877
0.49387069689336693,0.99932042133877
0.49391216726845244,0.99932042133877
0.4939536446086664,0.99932042133877
0.49399512891576386,0.99932042133877
0.4940366201915001,0.99932042133877
0.4940781184376313,0.99932042133877
0.494119623655914,0.99932042133877
0.4941611358481055,0.99932042133877
0.4942026550159637,0.99932042133877
0.49424418116124696,0.99932042133877
0.4942857142857143,0.99932042133877
0.4943272543911253,0.99932042133877
0.4943688014792402,0.99932042133877
0.4944103555518198,0.99932042133877
0.49445191661062543,0.99932042133877
0.4944934846574191,0.99932042133877
0.49453505969396333,0.99932042133877
0.49457664172202137,0.99932042133877
0.49461823074335687,0.99932042133877
0.49465982675973424,0.99932042133877
0.4947014297729184,0.99932042133877
0.49474303978467493,0.99932042133877
0.49478465679676986,0.99932042133877
0.49482628081096997,0.99932042133877
0.49486791182904255,0.99932042133877
0.4949095498527556,0.99932042133877
0.4949511948838775,0.99932042133877
0.4949928469241774,0.99932042133877
0.49503450597542503,0.99932042133877
0.49507617203939064,0.99932042133877
0.4951178451178451,0.99932042133877
0.49515952521255996,0.99932042133877
0.4952012123253073,0.99932042133877
0.49524290645785973,0.99932042133877
0.49528460761199056,0.99932042133877
0.49532631578947367,0.99932042133877
0.49536803099208354,0.99932042133877
0.4954097532215952,0.99932042133877
0.4954514824797844,0.99932042133877
0.4954932187684273,0.99932042133877
0.49553496208930076,0.99932042133877
0.49557671244418233,0.99932042133877
0.49561846983485003,0.99932042133877
0.4956602342630825,0.99932042133877
0.49570200573065903,0.99932042133877
0.49574378423935944,0.99932042133877
0.4957855697909643,0.99932042133877
0.4958273623872545,0.99932042133877
0.4958691620300118,0.99932042133877
0.4959109687210185,0.99932042133877
0.4959527824620573,0.99932042133877
0.4959946032549119,0.99932042133877
0.4960364311013662,0.99932042133877
0.49607826600320487,0.99932042133877
0.49612010796221323,0.99932042133877
0.4961619569801771,0.99932042133877
0.49620381305888306,0.99932042133877
0.4962456762001181,0.99932042133877
0.4962875464056699,0.99932042133877
0.4963294236773268,0.99932042133877
0.4963713080168776,0.99932042133877
0.4964131994261119,0.99932042133877
0.49645509790681974,0.99932042133877
0.4964970034607918,0.99932042133877
0.49653891608981937,0.99932042133877
0.4965808357956944,0.99932042133877
0.4966227625802094,0.99932042133877
0.4966646964451575,0.99932042133877
0.4967066373923324,0.99932042133877
0.4967485854235284,0.99932042133877
0.49679054054054056,0.99932042133877
0.4968325027451643,0.99932042133877
0.4968744720391958,0.99932042133877
0.4969164484244319,0.99932042133877
0.4969584319026698,0.99932042133877
0.49700042247570764,0.99932042133877
0.49704242014534394,0.99932042133877
0.49708442491337784,0.99932042133877
0.49712643678160917,0.99932042133877
0.4971684557518384,0.99932042133877
0.49721048182586647,0.99932042133877
0.49725251500549494,0.99932042133877
0.4972945552925262,0.99932042133877
0.497336602688763,0.99932042133877
0.49737865719600877,0.99932042133877
0.49742071881606764,0.99932042133877
0.49746278755074425,0.99932042133877
0.49750486340184386,0.99932042133877
0.4975469463711724,0.99932042133877
0.4975890364605363,0.99932042133877
0.49763113367174283,0.99932042133877
0.4976732380065995,0.99932042133877
0.49771534946691487,0.99932042133877
0.4977574680544978,0.99932042133877
0.49779959377115773,0.99932042133877
0.497841726618705,0.99932042133877
0.4978838665989504,0.99932042133877
0.49792601371370526,0.99932042133877
0.4979681679647816,0.99932042133877
0.49801032935399203,0.99932042133877
0.49805249788314987,0.99932042133877
0.49809467355406895,0.99932042133877
0.4981368563685637,0.99932042133877
0.4981790463284492,0.99932042133877
0.49822124343554125,0.99932042133877
0.4982634476916561,0.99932042133877
0.49822094205354117,0.9991505266734625
0.4982631534355672,0.9991505266734625
0.4983053719708524,0.9991505266734625
0.49834759766121517,0.9991505266734625
0.4983898305084746,0.9991505266734625
0.4984320705144504,0.9991505266734625
0.4984743176809629,0.9991505266734625
0.498516572009833,0.9991505266734625
0.4985588335028823,0.9991505266734625
0.49860110216193304,0.9991505266734625
0.49864337798880787,0.9991505266734625
0.4986856609853303,0.9991505266734625
0.4987279511533243,0.9991505266734625
0.49877024849461454,0.9991505266734625
0.4988125530110263,0.9991505266734625
0.49885486470438545,0.9991505266734625
0.49889718357651847,0.9991505266734625
0.49893950962925254,0.9991505266734625
0.4989818428644154,0.9991505266734625
0.4990241832838354,0.9991505266734625
0.4990665308893415,0.9991505266734625
0.4991088856827633,0.9991505266734625
0.4991512476659311,0.9991505266734625
0.49919361684067565,0.9991505266734625
0.4992359932088285,0.9991505266734625
0.49927837677222175,0.9991505266734625
0.49932076753268806,0.9991505266734625
0.4993631654920608,0.9991505266734625
0.4994055706521739,0.9991505266734625
0.499447983014862,0.9991505266734625
0.49949040258196026,0.9991505266734625
0.4995328293553045,0.9991505266734625
0.49957526333673125,0.9991505266734625
0.49961770452807747,0.9991505266734625
0.499660152931181,0.9991505266734625
0.49961763956156,0.9989806320081549
0.49966009517335147,0.9989806320081549
0.4997025580011898,0.9989806320081549
0.49974502804691484,0.9989806320081549
0.4997875053123672,0.9989806320081549
0.499829989799388,0.9989806320081549
0.49987248150981894,0.9989806320081549
0.4999149804455025,0.9989806320081549
0.4999574866082816,0.9989806320081549
0.5,0.9989806320081549
0.5000425206225019,0.9989806320081549
0.5000850484776322,0.9989806320081549
0.5001275835672365,0.9989806320081549
0.5001701258931609,0.9989806320081549
0.5002126754572522,0.9989806320081549
0.5002552322613578,0.9989806320081549
0.5002977963073257,0.9989806320081549
0.5003403675970047,0.9989806320081549
0.5003829461322441,0.9989806320081549
0.5004255319148936,0.9989806320081549
0.500468124946804,0.9989806320081549
0.5005107252298263,0.9989806320081549
0.5005533327658126,0.9989806320081549
0.5005959475566151,0.9989806320081549
0.5006385696040868,0.9989806320081549
0.5006811989100818,0.9989806320081549
0.500723835476454,0.9989806320081549
0.5007664793050588,0.9989806320081549
0.5008091303977514,0.9989806320081549
0.5008517887563884,0.9989806320081549
0.5008944543828264,0.9989806320081549
0.5009371272789231,0.9989806320081549
0.5009798074465366,0.9989806320081549
0.5010224948875256,0.9989806320081549
0.5010651896037495,0.9989806320081549
0.5011078915970684,0.9989806320081549
0.5011506008693429,0.9989806320081549
0.5011933174224343,0.9989806320081549
0.5012360412582048,0.9989806320081549
0.5012787723785166,0.9989806320081549
0.5013215107852332,0.9989806320081549
0.5013642564802183,0.9989806320081549
0.5014070094653365,0.9989806320081549
0.5014497697424527,0.9989806320081549
0.5014925373134328,0.9989806320081549
0.5015353121801432,0.9989806320081549
0.5015780943444511,0.9989806320081549
0.5016208838082239,0.9989806320081549
0.5016636805733299,0.9989806320081549
0.5017064846416383,0.9989806320081549
0.5017492960150184,0.9989806320081549
0.5017921146953405,0.9989806320081549
0.5018349406844755,0.9989806320081549
0.501877773984295,0.9989806320081549
0.5019206145966709,0.9989806320081549
0.5019634625234762,0.9989806320081549
0.5019209425424742,0.9988107373428474
0.5019637978142076,0.9988107373428474
0.5020066604047476,0.9988107373428474
0.5020495303159692,0.9988107373428474
0.502092407549748,0.9988107373428474
0.5021352921079604,0.9988107373428474
0.5021781839924832,0.9988107373428474
0.5022210832051939,0.9988107373428474
0.5022639897479709,0.9988107373428474
0.5023069036226931,0.9988107373428474
0.5023498248312398,0.9988107373428474
0.5023927533754914,0.9988107373428474
0.5024356892573284,0.9988107373428474
0.5024786324786324,0.9988107373428474
0.5025215830412856,0.9988107373428474
0.5025645409471704,0.9988107373428474
0.5026075061981705,0.9988107373428474
0.5026504787961696,0.9988107373428474
0.5026934587430526,0.9988107373428474
0.5027364460407047,0.9988107373428474
0.5027794406910118,0.9988107373428474
0.5028224426958604,0.9988107373428474
0.502865452057138,0.9988107373428474
0.5029084687767322,0.9988107373428474
0.5029514928565317,0.9988107373428474
0.5029945242984257,0.9988107373428474
0.5030375631043039,0.9988107373428474
0.5030806092760568,0.9988107373428474
0.5031236628155755,0.9988107373428474
0.5031667237247518,0.9988107373428474
0.503209792005478,0.9988107373428474
0.5032528676596473,0.9988107373428474
0.5032959506891533,0.9988107373428474
0.5033390410958904,0.9988107373428474
0.5033821388817535,0.9988107373428474
0.5034252440486384,0.9988107373428474
0.5034683565984414,0.9988107373428474
0.5035114765330593,0.9988107373428474
0.5035546038543898,0.9988107373428474
0.503597738564331,0.9988107373428474
0.503640880664782,0.9988107373428474
0.5036840301576422,0.9988107373428474
0.5037271870448119,0.9988107373428474
0.5037703513281919,0.9988107373428474
0.5038135230096837,0.9988107373428474
0.5038567020911896,0.9988107373428474
0.5038998885746122,0.9988107373428474
0.5039430824618549,0.9988107373428474
0.5039862837548221,0.9988107373428474
0.5040294924554184,0.9988107373428474
0.5040727085655492,0.9988107373428474
0.5041159320871206,0.9988107373428474
0.5041591630220392,0.9988107373428474
0.5042024013722127,0.9988107373428474
0.5042456471395489,0.9988107373428474
0.5042889003259564,0.9988107373428474
0.5043321609333448,0.9988107373428474
0.5043754289636239,0.9988107373428474
0.5044187044187044,0.9988107373428474
0.5044619873004977,0.9988107373428474
0.5045052776109157,0.9988107373428474
0.5045485753518709,0.9988107373428474
0.5045918805252768,0.9988107373428474
0.5046351931330472,0.9988107373428474
0.5046785131770968,0.9988107373428474
0.5047218406593407,0.9988107373428474
0.5047651755816949,0.9988107373428474
0.504808517946076,0.9988107373428474
0.504851867754401,0.9988107373428474
0.5048952250085881,0.9988107373428474
0.5049385897105557,0.9988107373428474
0.504981961862223,0.9988107373428474
0.5050253414655098,0.9988107373428474
0.5050687285223368,0.9988107373428474
0.5051121230346249,0.9988107373428474
0.5051555250042963,0.9988107373428474
0.5051989344332731,0.9988107373428474
0.5052423513234788,0.9988107373428474
0.5052857756768371,0.9988107373428474
0.5053292074952724,0.9988107373428474
0.50537264678071,0.9988107373428474
0.5054160935350757,0.9988107373428474
0.5054595477602958,0.9988107373428474
0.5055030094582975,0.9988107373428474
0.5055464786310087,0.9988107373428474
0.5055899552803578,0.9988107373428474
0.5056334394082739,0.9988107373428474
0.5056769310166868,0.9988107373428474
0.5057204301075269,0.9988107373428474
0.5057639366827253,0.9988107373428474
0.5058074507442141,0.9988107373428474
0.5058509722939253,0.9988107373428474
0.5058945013337923,0.9988107373428474
0.5059380378657488,0.9988107373428474
0.505981581891729,0.9988107373428474
0.5060251334136684,0.9988107373428474
0.5060686924335026,0.9988107373428474
0.506112258953168,0.9988107373428474
0.5061558329746018,0.9988107373428474
0.5061994144997417,0.9988107373428474
0.5062430035305261,0.9988107373428474
0.5062866000688943,0.9988107373428474
0.5063302041167858,0.9988107373428474
0.5063738156761413,0.9988107373428474
0.5064174347489017,0.9988107373428474
0.506461061337009,0.9988107373428474
0.5065046954424054,0.9988107373428474
0.5065483370670343,0.9988107373428474
0.5065919862128393,0.9988107373428474
0.5066356428817649,0.9988107373428474
0.5066793070757563,0.9988107373428474
0.5067229787967592,0.9988107373428474
0.5067666580467202,0.9988107373428474
0.5068103448275862,0.9988107373428474
0.5068540391413053,0.9988107373428474
0.5068977409898259,0.9988107373428474
0.506941450375097,0.9988107373428474
0.5069851672990686,0.9988107373428474
0.5070288917636913,0.9988107373428474
0.507072623770916,0.9988107373428474
0.5071163633226947,0.9988107373428474
0.50716011042098,0.9988107373428474
0.507203865067725,0.9988107373428474
0.5072476272648835,0.9988107373428474
0.5072913970144102,0.9988107373428474
0.5073351743182603,0.9988107373428474
0.5073789591783896,0.9988107373428474
0.5074227515967547,0.9988107373428474
0.507466551575313,0.9988107373428474
0.507510359116022,0.9988107373428474
0.5075541742208409,0.9988107373428474
0.5075979968917286,0.9988107373428474
0.507641827130645,0.9988107373428474
0.5076856649395509,0.9988107373428474
0.5077295103204076,0.9988107373428474
0.5077733632751771,0.9988107373428474
0.5078172238058218,0.9988107373428474
0.5078610919143055,0.9988107373428474
0.5079049676025917,0.9988107373428474
0.5079488508726456,0.9988107373428474
0.5079927417264322,0.9988107373428474
0.5080366401659178,0.9988107373428474
0.5080805461930689,0.9988107373428474
0.5081244598098531,0.9988107373428474
0.5081683810182384,0.9988107373428474
0.5082123098201936,0.9988107373428474
0.5082562462176883,0.9988107373428474
0.5083001902126923,0.9988107373428474
0.5083441418071768,0.9988107373428474
0.5083881010031132,0.9988107373428474
0.5084320678024734,0.9988107373428474
0.5084760422072305,0.9988107373428474
0.5085200242193582,0.9988107373428474
0.5085640138408305,0.9988107373428474
0.5086080110736223,0.9988107373428474
0.5086520159197093,0.9988107373428474
0.5086960283810678,0.9988107373428474
0.5087400484596746,0.9988107373428474
0.5087840761575075,0.9988107373428474
0.5088281114765449,0.9988107373428474
0.5088721544187657,0.9988107373428474
0.5089162049861495,0.9988107373428474
0.508960263180677,0.9988107373428474
0.509004329004329,0.9988107373428474
0.5090484024590873,0.9988107373428474
0.5090924835469345,0.9988107373428474
0.5091365722698536,0.9988107373428474
0.5091806686298285,0.9988107373428474
0.5092247726288437,0.9988107373428474
0.5092688842688843,0.9988107373428474
0.5093130035519362,0.9988107373428474
0.5093571304799861,0.9988107373428474
0.5094012650550213,0.9988107373428474
0.5094454072790294,0.9988107373428474
0.5094895571539995,0.9988107373428474
0.5095337146819207,0.9988107373428474
0.5095778798647829,0.9988107373428474
0.5096220527045769,0.9988107373428474
0.5096662332032943,0.9988107373428474
0.509710421362927,0.9988107373428474
0.5097546171854678,0.9988107373428474
0.5097988206729102,0.9988107373428474
0.5098430318272483,0.9988107373428474
0.509887250650477,0.9988107373428474
0.5099314771445919,0.9988107373428474
0.5099757113115891,0.9988107373428474
0.5100199531534658,0.9988107373428474
0.5100642026722193,0.9988107373428474
0.5101084598698482,0.9988107373428474
0.5101527247483513,0.9988107373428474
0.5101969973097283,0.9988107373428474
0.5102412775559798,0.9988107373428474
0.5102855654891069,0.9988107373428474
0.5103298611111111,0.9988107373428474
0.5103741644239952,0.9988107373428474
0.5104184754297622,0.9988107373428474
0.510462794130416,0.9988107373428474
0.5105071205279611,0.9988107373428474
0.510551454624403,0.9988107373428474
0.5105957964217475,0.9988107373428474
0.5106401459220012,0.9988107373428474
0.5106845031271716,0.9988107373428474
0.5107288680392668,0.9988107373428474
0.5107732406602954,0.9988107373428474
0.5108176209922669,0.9988107373428474
0.5108620090371915,0.9988107373428474
0.51090640479708,0.9988107373428474
0.510950808273944,0.9988107373428474
0.5109083007388092,0.9986408426775399
0.510952712100139,0.9986408426775399
0.5109971311831696,0.9986408426775399
0.5110415579899148,0.9986408426775399
0.5110859925223894,0.9986408426775399
0.5111304347826087,0.9986408426775399
0.5111748847725889,0.9986408426775399
0.5111323708471038,0.9984709480122325
0.5111768287379317,0.9984709480122325
0.5112212943632568,0.9984709480122325
0.5112657677250979,0.9984709480122325
0.5113102488254742,0.9984709480122325
0.5113547376664056,0.9984709480122325
0.511399234249913,0.9984709480122325
0.5114437385780176,0.9984709480122325
0.5114882506527415,0.9984709480122325
0.5115327704761076,0.9984709480122325
0.5115772980501393,0.9984709480122325
0.5116218333768608,0.9984709480122325
0.511666376458297,0.9984709480122325
0.5117109272964737,0.9984709480122325
0.5117554858934169,0.9984709480122325
0.5118000522511539,0.9984709480122325
0.5118446263717122,0.9984709480122325
0.5118892082571205,0.9984709480122325
0.5119337979094076,0.9984709480122325
0.5119783953306037,0.9984709480122325
0.5120230005227392,0.9984709480122325
0.5120676134878452,0.9984709480122325
0.512112234227954,0.9984709480122325
0.5121568627450981,0.9984709480122325
0.5122014990413107,0.9984709480122325
0.5122461431186264,0.9984709480122325
0.5122907949790795,0.9984709480122325
0.5123354546247058,0.9984709480122325
0.5123801220575415,0.9984709480122325
0.5124247972796233,0.9984709480122325
0.5124694802929892,0.9984709480122325
0.5125141710996773,0.9984709480122325
0.5125588697017268,0.9984709480122325
0.5126035761011775,0.9984709480122325
0.5126482903000698,0.9984709480122325
0.512693012300445,0.9984709480122325
0.5127377421043448,0.9984709480122325
0.5127824797138121,0.9984709480122325
0.5128272251308901,0.9984709480122325
0.5128719783576229,0.9984709480122325
0.5129167393960552,0.9984709480122325
0.5129615082482325,0.9984709480122325
0.5130062849162011,0.9984709480122325
0.5130510694020078,0.9984709480122325
0.5130958617077004,0.9984709480122325
0.513140661835327,0.9984709480122325
0.5131854697869368,0.9984709480122325
0.5132302855645795,0.9984709480122325
0.5132751091703057,0.9984709480122325
0.5133199406061665,0.9984709480122325
0.5133647798742138,0.9984709480122325
0.5134096269765004,0.9984709480122325
0.5134544819150795,0.9984709480122325
0.5134993446920052,0.9984709480122325
0.5135442153093324,0.9984709480122325
0.5135890937691165,0.9984709480122325
0.5136339800734138,0.9984709480122325
0.513678874224281,0.9984709480122325
0.5137237762237762,0.9984709480122325
0.5137686860739575,0.9984709480122325
0.5138136037768841,0.9984709480122325
0.5138585293346157,0.9984709480122325
0.5139034627492131,0.9984709480122325
0.5139484040227372,0.9984709480122325
0.5139933531572503,0.9984709480122325
0.514038310154815,0.9984709480122325
0.5140832750174947,0.9984709480122325
0.5141282477473537,0.9984709480122325
0.5141732283464567,0.9984709480122325
0.5142182168168694,0.9984709480122325
0.514263213160658,0.9984709480122325
0.5143082173798897,0.9984709480122325
0.5143532294766322,0.9984709480122325
0.5143982494529541,0.9984709480122325
0.5144432773109243,0.9984709480122325
0.5144883130526131,0.9984709480122325
0.514533356680091,0.9984709480122325
0.5145784081954294,0.9984709480122325
0.5146234676007005,0.9984709480122325
0.514668534897977,0.9984709480122325
0.5147136100893326,0.9984709480122325
0.5147586931768415,0.9984709480122325
0.5148037841625789,0.9984709480122325
0.5148488830486202,0.9984709480122325
0.5148939898370423,0.9984709480122325
0.514939104529922,0.9984709480122325
0.5149842271293376,0.9984709480122325
0.5150293576373675,0.9984709480122325
0.5150744960560911,0.9984709480122325
0.5151196423875888,0.9984709480122325
0.5151647966339411,0.9984709480122325
0.5152099587972298,0.9984709480122325
0.5152551288795371,0.9984709480122325
0.515300306882946,0.9984709480122325
0.5153454928095406,0.9984709480122325
0.5153906866614049,0.9984709480122325
0.5154358884406245,0.9984709480122325
0.5154810981492851,0.9984709480122325
0.5155263157894737,0.9984709480122325
0.5155715413632774,0.9984709480122325
0.5156167748727847,0.9984709480122325
0.5156620163200842,0.9984709480122325
0.5157072657072657,0.9984709480122325
0.5157525230364195,0.9984709480122325
0.5157977883096366,0.9984709480122325
0.515843061529009,0.9984709480122325
0.5158883426966292,0.9984709480122325
0.5159336318145905,0.9984709480122325
0.5159789288849869,0.9984709480122325
0.516024233909913,0.9984709480122325
0.5160695468914647,0.9984709480122325
0.516114867831738,0.9984709480122325
0.5161601967328298,0.9984709480122325
0.516205533596838,0.9984709480122325
0.5162508784258608,0.9984709480122325
0.5162962312219977,0.9984709480122325
0.5163415919873484,0.9984709480122325
0.5163869607240137,0.9984709480122325
0.5164323374340949,0.9984709480122325
0.5164777221196942,0.9984709480122325
0.5165231147829143,0.9984709480122325
0.5165685154258592,0.9984709480122325
0.5166139240506329,0.9984709480122325
0.5166593406593406,0.9984709480122325
0.5167047652540883,0.9984709480122325
0.5167501978369823,0.9984709480122325
0.5167956384101301,0.9984709480122325
0.5168410869756398,0.9984709480122325
0.51688654353562,0.9984709480122325
0.5169320080921805,0.9984709480122325
0.5169774806474314,0.9984709480122325
0.5170229612034838,0.9984709480122325
0.5170684497624494,0.9984709480122325
0.5171139463264408,0.9984709480122325
0.5171594508975713,0.9984709480122325
0.5172049634779547,0.9984709480122325
0.5172504840697061,0.9984709480122325
0.5172960126749406,0.9984709480122325
0.5173415492957747,0.9984709480122325
0.5173870939343252,0.9984709480122325
0.5174326465927099,0.9984709480122325
0.5174782072730475,0.9984709480122325
0.5175237759774568,0.9984709480122325
0.5175693527080582,0.9984709480122325
0.517614937466972,0.9984709480122325
0.5176605302563199,0.9984709480122325
0.517706131078224,0.9984709480122325
0.5177517399348075,0.9984709480122325
0.5177973568281938,0.9984709480122325
0.5178429817605076,0.9984709480122325
0.5178886147338738,0.9984709480122325
0.5179342557504186,0.9984709480122325
0.5179799048122686,0.9984709480122325
0.5180255619215514,0.9984709480122325
0.5180712270803949,0.9984709480122325
0.5181169002909283,0.9984709480122325
0.5181625815552813,0.9984709480122325
0.5182082708755842,0.9984709480122325
0.5182539682539683,0.9984709480122325
0.5182996736925655,0.9984709480122325
0.5183453871935085,0.9984709480122325
0.5183911087589309,0.9984709480122325
0.5184368383909669,0.9984709480122325
0.5184825760917512,0.9984709480122325
0.5185283218634198,0.9984709480122325
0.5185740757081091,0.9984709480122325
0.5186198376279563,0.9984709480122325
0.5186656076250993,0.9984709480122325
0.518711385701677,0.9984709480122325
0.5187571718598287,0.9984709480122325
0.518802966101695,0.9984709480122325
0.5188487684294164,0.9984709480122325
0.5188945788451351,0.9984709480122325
0.5189403973509934,0.9984709480122325
0.5189862239491346,0.9984709480122325
0.5190320586417028,0.9984709480122325
0.5190779014308426,0.9984709480122325
0.5191237523186998,0.9984709480122325
0.5191696113074205,0.9984709480122325
0.5192154783991518,0.9984709480122325
0.5192613535960418,0.9984709480122325
0.5193072369002386,0.9984709480122325
0.5193531283138918,0.9984709480122325
0.5193990278391516,0.9984709480122325
0.5194449354781686,0.9984709480122325
0.5194908512330947,0.9984709480122325
0.519536775106082,0.9984709480122325
0.5195827070992839,0.9984709480122325
0.5196286472148541,0.9984709480122325
0.5196745954549474,0.9984709480122325
0.5197205518217192,0.9984709480122325
0.5197665163173255,0.9984709480122325
0.5198124889439236,0.9984709480122325
0.5198584697036709,0.9984709480122325
0.5199044585987261,0.9984709480122325
0.5199504556312483,0.9984709480122325
0.5199964608033977,0.9984709480122325
0.5200424741173347,0.9984709480122325
0.5200884955752212,0.9984709480122325
0.5201345251792194,0.9984709480122325
0.5201805629314923,0.9984709480122325
0.5202266088342038,0.9984709480122325
0.5202726628895185,0.9984709480122325
0.5203187250996016,0.9984709480122325
0.5203647954666194,0.9984709480122325
0.5204108739927389,0.9984709480122325
0.5204569606801275,0.9984709480122325
0.5205030555309539,0.9984709480122325
0.520549158547387,0.9984709480122325
0.5205952697315971,0.9984709480122325
0.5206413890857547,0.9984709480122325
0.5206875166120315,0.9984709480122325
0.5207336523125997,0.9984709480122325
0.5207797961896322,0.9984709480122325
0.520825948245303,0.9984709480122325
0.5208721084817868,0.9984709480122325
0.5209182769012587,0.9984709480122325
0.5209644535058948,0.9984709480122325
0.5210106382978723,0.9984709480122325
0.5210568312793687,0.9984709480122325
0.5211030324525625,0.9984709480122325
0.5211492418196328,0.9984709480122325
0.5211954593827598,0.9984709480122325
0.5212416851441242,0.9984709480122325
0.5212879191059074,0.9984709480122325
0.5213341612702919,0.9984709480122325
0.5213804116394606,0.9984709480122325
0.5214266702155975,0.9984709480122325
0.5214729370008873,0.9984709480122325
0.5215192119975153,0.9984709480122325
0.5215654952076677,0.9984709480122325
0.5216117866335316,0.9984709480122325
0.5216580862772945,0.9984709480122325
0.5217043941411451,0.9984709480122325
0.5217507102272727,0.9984709480122325
0.5217970345378673,0.9984709480122325
0.5218433670751199,0.9984709480122325
0.5218897078412219,0.9984709480122325
0.5219360568383659,0.9984709480122325
0.521982414068745,0.9984709480122325
0.5220287795345532,0.9984709480122325
0.5220751532379853,0.9984709480122325
0.5221215351812367,0.9984709480122325
0.5221679253665038,0.9984709480122325
0.5222143237959836,0.9984709480122325
0.5222607304718742,0.9984709480122325
0.522307145396374,0.9984709480122325
0.5223535685716825,0.9984709480122325
0.5224,0.9984709480122325
0.5224464396835274,0.9984709480122325
0.5224928876244666,0.9984709480122325
0.52253934382502,0.9984709480122325
0.5225858082873911,0.9984709480122325
0.5226322810137839,0.9984709480122325
0.5226787620064034,0.9984709480122325
0.5227252512674553,0.9984709480122325
0.522771748799146,0.9984709480122325
0.5228182546036829,0.9984709480122325
0.522864768683274,0.9984709480122325
0.5229112910401281,0.9984709480122325
0.5229578216764549,0.9984709480122325
0.5230043605944648,0.9984709480122325
0.5230509077963689,0.9984709480122325
0.5230974632843792,0.9984709480122325
0.5231440270607086,0.9984709480122325
0.5231905991275706,0.9984709480122325
0.5232371794871795,0.9984709480122325
0.5232837681417505,0.9984709480122325
0.5233303650934995,0.9984709480122325
0.5233769703446434,0.9984709480122325
0.5234235838973994,0.9984709480122325
0.523470205753986,0.9984709480122325
0.5235168359166221,0.9984709480122325
0.5235634743875278,0.9984709480122325
0.5236101211689237,0.9984709480122325
0.5236567762630313,0.9984709480122325
0.5237034396720727,0.9984709480122325
0.5237501113982711,0.9984709480122325
0.5237967914438503,0.9984709480122325
0.5238434798110349,0.9984709480122325
0.5238901765020503,0.9984709480122325
0.5239368815191228,0.9984709480122325
0.5239835948644793,0.9984709480122325
0.5240303165403477,0.9984709480122325
0.5240770465489567,0.9984709480122325
0.5241237848925354,0.9984709480122325
0.5241705315733143,0.9984709480122325
0.5242172865935242,0.9984709480122325
0.524264049955397,0.9984709480122325
0.5243108216611652,0.9984709480122325
0.5243576017130621,0.9984709480122325
0.5244043901133221,0.9984709480122325
0.5244511868641799,0.9984709480122325
0.5244979919678715,0.9984709480122325
0.5245448054266334,0.9984709480122325
0.5245916272427028,0.9984709480122325
0.5246384574183182,0.9984709480122325
0.5246852959557182,0.9984709480122325
0.5247321428571429,0.9984709480122325
0.5247789981248325,0.9984709480122325
0.5248258617610287,0.9984709480122325
0.5248727337679736,0.9984709480122325
0.52491961414791,0.9984709480122325
0.5249665029030818,0.9984709480122325
0.5250134000357334,0.9984709480122325
0.5250603055481105,0.9984709480122325
0.5251072194424589,0.9984709480122325
0.5251541417210258,0.9984709480122325
0.525201072386059,0.9984709480122325
0.5252480114398069,0.9984709480122325
0.5252949588845192,0.9984709480122325
0.5253419147224457,0.9984709480122325
0.5253888789558376,0.9984709480122325
0.5254358515869468,0.9984709480122325
0.5254828326180258,0.9984709480122325
0.5255298220513279,0.9984709480122325
0.5255768198891075,0.9984709480122325
0.5256238261336196,0.9984709480122325
0.5256708407871199,0.9984709480122325
0.5257178638518651,0.9984709480122325
0.5257648953301127,0.9984709480122325
0.525811935224121,0.9984709480122325
0.5258589835361489,0.9984709480122325
0.5259060402684563,0.9984709480122325
0.5259531054233041,0.9984709480122325
0.5260001790029536,0.9984709480122325
0.526047261009667,0.9984709480122325
0.5260943514457076,0.9984709480122325
0.5261414503133393,0.9984709480122325
0.5261885576148267,0.9984709480122325
0.5262356733524355,0.9984709480122325
0.526282797528432,0.9984709480122325
0.5263299301450833,0.9984709480122325
0.5263770712046574,0.9984709480122325
0.5264242207094232,0.9984709480122325
0.5264713786616501,0.9984709480122325
0.5265185450636086,0.9984709480122325
0.5265657199175701,0.9984709480122325
0.5266129032258065,0.9984709480122325
0.5266600949905905,0.9984709480122325
0.5267072952141961,0.9984709480122325
0.5267545038988976,0.9984709480122325
0.5268017210469702,0.9984709480122325
0.5268489466606903,0.9984709480122325
0.5268961807423346,0.9984709480122325
0.526943423294181,0.9984709480122325
0.5269906743185079,0.9984709480122325
0.5270379338175948,0.9984709480122325
0.527085201793722,0.9984709480122325
0.5271324782491703,0.9984709480122325
0.5271797631862217,0.9984709480122325
0.5272270566071589,0.9984709480122325
0.5272743585142652,0.9984709480122325
0.527321668909825,0.9984709480122325
0.5273689877961235,0.9984709480122325
0.5274163151754465,0.9984709480122325
0.5274636510500808,0.9984709480122325
0.5275109954223139,0.9984709480122325
0.5275583482944345,0.9984709480122325
0.5276057096687314,0.9984709480122325
0.5276530795474951,0.9984709480122325
0.5277004579330161,0.9984709480122325
0.5277478448275862,0.9984709480122325
0.527795240233498,0.9984709480122325
0.5278426441530447,0.9984709480122325
0.5278900565885206,0.9984709480122325
0.5279374775422206,0.9984709480122325
0.5279849070164405,0.9984709480122325
0.5280323450134771,0.9984709480122325
0.5280797915356277,0.9984709480122325
0.5281272465851905,0.9984709480122325
0.5281747101644648,0.9984709480122325
0.5282221822757505,0.9984709480122325
0.5282696629213484,0.9984709480122325
0.5283171521035599,0.9984709480122325
0.5283646498246876,0.9984709480122325
0.5284121560870347,0.9984709480122325
0.5284596708929054,0.9984709480122325
0.5285071942446044,0.9984709480122325
0.5285547261444374,0.9984709480122325
0.5286022665947113,0.9984709480122325
0.5286498155977332,0.9984709480122325
0.5286973731558114,0.9984709480122325
0.5287449392712551,0.9984709480122325
0.5287925139463739,0.9984709480122325
0.5288400971834788,0.9984709480122325
0.5288876889848813,0.9984709480122325
0.5289352893528936,0.9984709480122325
0.528982898289829,0.9984709480122325
0.5290305157980016,0.9984709480122325
0.5290781418797263,0.9984709480122325
0.5291257765373188,0.9984709480122325
0.5291734197730956,0.9984709480122325
0.5292210715893741,0.9984709480122325
0.5292687319884726,0.9984709480122325
0.52931640097271,0.9984709480122325
0.5293640785444064,0.9984709480122325
0.5294117647058824,0.9984709480122325
0.5294594594594595,0.9984709480122325
0.5295071628074601,0.9984709480122325
0.5295548747522076,0.9984709480122325
0.5296025952960259,0.9984709480122325
0.52965032444124,0.9984709480122325
0.5296980621901758,0.9984709480122325
0.5297458085451595,0.9984709480122325
0.5297935635085189,0.9984709480122325
0.529841327082582,0.9984709480122325
0.5298890992696781,0.9984709480122325
0.529936880072137,0.9984709480122325
0.5299846694922896,0.9984709480122325
0.5300324675324676,0.9984709480122325
0.5300802741950031,0.9984709480122325
0.5301280894822299,0.9984709480122325
0.5301759133964817,0.9984709480122325
0.5302237459400938,0.9984709480122325
0.530271587115402,0.9984709480122325
0.5303194369247428,0.9984709480122325
0.5303672953704539,0.9984709480122325
0.5304151624548736,0.9984709480122325
0.5304630381803412,0.9984709480122325
0.5305109225491966,0.9984709480122325
0.5305588155637808,0.9984709480122325
0.5306067172264355,0.9984709480122325
0.5306546275395034,0.9984709480122325
0.5307025465053278,0.9984709480122325
0.5307504741262531,0.9984709480122325
0.5307984104046243,0.9984709480122325
0.5308463553427875,0.9984709480122325
0.5308943089430894,0.9984709480122325
0.5309422712078778,0.9984709480122325
0.5309902421395013,0.9984709480122325
0.531038221740309,0.9984709480122325
0.5310862100126513,0.9984709480122325
0.5311342069588794,0.9984709480122325
0.5311822125813449,0.9984709480122325
0.5312302268824008,0.9984709480122325
0.5312782498644006,0.9984709480122325
0.531326281529699,0.9984709480122325
0.531374321880651,0.9984709480122325
0.531422370919613,0.9984709480122325
0.5314704286489419,0.9984709480122325
0.5315184950709958,0.9984709480122325
0.5315665701881331,0.9984709480122325
0.5316146540027137,0.9984709480122325
0.5316627465170979,0.9984709480122325
0.531710847733647,0.9984709480122325
0.5317589576547231,0.9984709480122325
0.5318070762826893,0.9984709480122325
0.5318552036199095,0.9984709480122325
0.5319033396687483,0.9984709480122325
0.5319514844315714,0.9984709480122325
0.531999637910745,0.9984709480122325
0.5320478001086366,0.9984709480122325
0.5320959710276143,0.9984709480122325
0.5321441506700471,0.9984709480122325
0.5321923390383048,0.9984709480122325
0.5322405361347582,0.9984709480122325
0.5322887419617788,0.9984709480122325
0.5323369565217392,0.9984709480122325
0.5323851798170124,0.9984709480122325
0.5324334118499728,0.9984709480122325
0.5324816526229954,0.9984709480122325
0.532529902138456,0.9984709480122325
0.5325781603987313,0.9984709480122325
0.532626427406199,0.9984709480122325
0.5326747031632375,0.9984709480122325
0.5327229876722263,0.9984709480122325
0.5327712809355453,0.9984709480122325
0.5328195829555757,0.9984709480122325
0.5328678937346994,0.9984709480122325
0.5329162132752993,0.9984709480122325
0.5329645415797588,0.9984709480122325
0.5330128786504625,0.9984709480122325
0.5330612244897959,0.9984709480122325
0.5331095791001451,0.9984709480122325
0.5331579424838973,0.9984709480122325
0.5332063146434404,0.9984709480122325
0.5332546955811632,0.9984709480122325
0.5333030852994556,0.9984709480122325
0.5333514838007078,0.9984709480122325
0.5333998910873117,0.9984709480122325
0.5334483071616593,0.9984709480122325
0.5334967320261438,0.9984709480122325
0.5335451656831594,0.9984709480122325
0.5335936081351008,0.9984709480122325
0.5336420593843639,0.9984709480122325
0.5336905194333454,0.9984709480122325
0.5337389882844429,0.9984709480122325
0.5337874659400546,0.9984709480122325
0.5338359524025797,0.9984709480122325
0.5338844476744186,0.9984709480122325
0.5339329517579722,0.9984709480122325
0.5339814646556423,0.9984709480122325
0.5340299863698319,0.9984709480122325
0.5340785169029444,0.9984709480122325
0.5341270562573843,0.9984709480122325
0.5341756044355571,0.9984709480122325
0.5342241614398691,0.9984709480122325
0.5342727272727272,0.9984709480122325
0.5343213019365397,0.9984709480122325
0.5343698854337152,0.9984709480122325
0.5344184777666636,0.9984709480122325
0.5344670789377955,0.9984709480122325
0.5345156889495225,0.9984709480122325
0.5345643078042569,0.9984709480122325
0.5346129355044119,0.9984709480122325
0.5346615720524017,0.9984709480122325
0.5347102174506414,0.9984709480122325
0.5347588717015469,0.9984709480122325
0.5348075348075348,0.9984709480122325
0.534856206771023,0.9984709480122325
0.5349048875944298,0.9984709480122325
0.5349535772801748,0.9984709480122325
0.5350022758306782,0.9984709480122325
0.5350509832483612,0.9984709480122325
0.535099699535646,0.9984709480122325
0.5351484246949554,0.9984709480122325
0.5351971587287132,0.9984709480122325
0.5352459016393443,0.9984709480122325
0.5352946534292741,0.9984709480122325
0.5353434141009291,0.9984709480122325
0.5353921836567368,0.9984709480122325
0.5354409620991254,0.9984709480122325
0.535489749430524,0.9984709480122325
0.5355385456533625,0.9984709480122325
0.535587350770072,0.9984709480122325
0.5356361647830842,0.9984709480122325
0.5356849876948319,0.9984709480122325
0.5357338195077485,0.9984709480122325
0.5357826602242683,0.9984709480122325
0.5358315098468271,0.9984709480122325
0.5358803683778609,0.9984709480122325
0.5359292358198067,0.9984709480122325
0.5359781121751026,0.9984709480122325
0.5360269974461875,0.9984709480122325
0.5360758916355012,0.9984709480122325
0.5360335705163292,0.9983010533469249
0.5360824742268041,0.9983010533469249
0.5361313868613139,0.9983010533469249
0.5361803084223014,0.9983010533469249
0.5362292389122103,0.9983010533469249
0.5362781783334855,0.9983010533469249
0.5363271266885725,0.9983010533469249
0.5363760839799179,0.9983010533469249
0.536425050209969,0.9983010533469249
0.5364740253811741,0.9983010533469249
0.5365230094959824,0.9983010533469249
0.5365720025568441,0.9983010533469249
0.5366210045662101,0.9983010533469249
0.5366700155265322,0.9983010533469249
0.5367190354402631,0.9983010533469249
0.5367680643098566,0.9983010533469249
0.5368171021377672,0.9983010533469249
0.5368661489264505,0.9983010533469249
0.5369152046783626,0.9983010533469249
0.5369642693959609,0.9983010533469249
0.5370133430817036,0.9983010533469249
0.5370624257380495,0.9983010533469249
0.5371115173674589,0.9983010533469249
0.5371606179723923,0.9983010533469249
0.5372097275553117,0.9983010533469249
0.5372588461186797,0.9983010533469249
0.5373079736649597,0.9983010533469249
0.5373571101966164,0.9983010533469249
0.5374062557161149,0.9983010533469249
0.5374554102259215,0.9983010533469249
0.5375045737285035,0.9983010533469249
0.5375537462263288,0.9983010533469249
0.5376029277218665,0.9983010533469249
0.5376521182175862,0.9983010533469249
0.537701317715959,0.9983010533469249
0.5377505262194564,0.9983010533469249
0.537799743730551,0.9983010533469249
0.5378489702517163,0.9983010533469249
0.5378982057854266,0.9983010533469249
0.5379474503341573,0.9983010533469249
0.5379967039003846,0.9983010533469249
0.5380459664865854,0.9983010533469249
0.5380952380952381,0.9983010533469249
0.5381445187288213,0.9983010533469249
0.538193808389815,0.9983010533469249
0.5382431070806998,0.9983010533469249
0.5382924148039575,0.9983010533469249
0.5383417315620705,0.9983010533469249
0.5383910573575225,0.9983010533469249
0.5384403921927976,0.9983010533469249
0.5384897360703812,0.9983010533469249
0.5385390889927596,0.9983010533469249
0.5385884509624198,0.9983010533469249
0.5386378219818498,0.9983010533469249
0.5386872020535387,0.9983010533469249
0.5387365911799762,0.9983010533469249
0.5387859893636531,0.9983010533469249
0.538835396607061,0.9983010533469249
0.5388848129126926,0.9983010533469249
0.5389342382830413,0.9983010533469249
0.5389836727206018,0.9983010533469249
0.539033116227869,0.9983010533469249
0.5390825688073394,0.9983010533469249
0.5391320304615103,0.9983010533469249
0.5391815011928794,0.9983010533469249
0.5392309810039461,0.9983010533469249
0.53928046989721,0.9983010533469249
0.5393299678751721,0.9983010533469249
0.5393794749403341,0.9983010533469249
0.5394289910951987,0.9983010533469249
0.5394785163422695,0.9983010533469249
0.5395280506840511,0.9983010533469249
0.5395775941230486,0.9983010533469249
0.5396271466617688,0.9983010533469249
0.5396767083027186,0.9983010533469249
0.5397262790484063,0.9983010533469249
0.5397758589013412,0.9983010533469249
0.5398254478640331,0.9983010533469249
0.539875045938993,0.9983010533469249
0.5399246531287328,0.9983010533469249
0.5399742694357654,0.9983010533469249
0.5400238948626045,0.9983010533469249
0.5400735294117647,0.9983010533469249
0.5401231730857615,0.9983010533469249
0.5401728258871116,0.9983010533469249
0.5402224878183323,0.9983010533469249
0.5402721588819419,0.9983010533469249
0.5403218390804597,0.9983010533469249
0.5403715284164061,0.9983010533469249
0.540421226892302,0.9983010533469249
0.5404709345106696,0.9983010533469249
0.5405206512740318,0.9983010533469249
0.5405703771849126,0.9983010533469249
0.5406201122458368,0.9983010533469249
0.5406698564593302,0.9983010533469249
0.5407196098279193,0.9983010533469249
0.5407693723541321,0.9983010533469249
0.540819144040497,0.9983010533469249
0.5408689248895434,0.9983010533469249
0.540918714903802,0.9983010533469249
0.5409685140858037,0.9983010533469249
0.5410183224380812,0.9983010533469249
0.5410681399631676,0.9983010533469249
0.541117966663597,0.9983010533469249
0.5411678025419046,0.9983010533469249
0.5412176476006263,0.9983010533469249
0.5412675018422992,0.9983010533469249
0.5413173652694611,0.9983010533469249
0.5413672378846508,0.9983010533469249
0.5414171196904082,0.9983010533469249
0.5414670106892738,0.9983010533469249
0.5415169108837895,0.9983010533469249
0.5415668202764977,0.9983010533469249
0.5416167388699419,0.9983010533469249
0.5416666666666666,0.9983010533469249
0.5417166036692173,0.9983010533469249
0.5417665498801402,0.9983010533469249
0.5418165053019824,0.9983010533469249
0.5418664699372925,0.9983010533469249
0.5419164437886194,0.9983010533469249
0.5419664268585132,0.9983010533469249
0.5420164191495249,0.9983010533469249
0.5420664206642066,0.9983010533469249
0.5421164314051111,0.9983010533469249
0.5421664513747924,0.9983010533469249
0.5422164805758051,0.9983010533469249
0.5422665190107051,0.9983010533469249
0.5423165666820489,0.9983010533469249
0.5423666235923943,0.9983010533469249
0.5424166897442998,0.9983010533469249
0.542466765140325,0.9983010533469249
0.5425168497830302,0.9983010533469249
0.5425669436749769,0.9983010533469249
0.5426170468187275,0.9983010533469249
0.5426671592168452,0.9983010533469249
0.5427172808718943,0.9983010533469249
0.5427674117864401,0.9983010533469249
0.5428175519630485,0.9983010533469249
0.5428677014042868,0.9983010533469249
0.5429178601127229,0.9983010533469249
0.5429680280909259,0.9983010533469249
0.5430182053414657,0.9983010533469249
0.5430683918669131,0.9983010533469249
0.5431185876698401,0.9983010533469249
0.5431687927528194,0.9983010533469249
0.5432190071184247,0.9983010533469249
0.5432692307692307,0.9983010533469249
0.5433194637078133,0.9983010533469249
0.5433697059367486,0.9983010533469249
0.5434199574586146,0.9983010533469249
0.5434702182759896,0.9983010533469249
0.5435204883914532,0.9983010533469249
0.5435707678075856,0.9983010533469249
0.5436210565269682,0.9983010533469249
0.5436713545521835,0.9983010533469249
0.5437216618858147,0.9983010533469249
0.543771978530446,0.9983010533469249
0.5438223044886626,0.9983010533469249
0.5438726397630507,0.9983010533469249
0.5439229843561973,0.9983010533469249
0.5439733382706906,0.9983010533469249
0.5440237015091195,0.9983010533469249
0.544074074074074,0.9983010533469249
0.5441244559681452,0.9983010533469249
0.5441748471939248,0.9983010533469249
0.5442252477540057,0.9983010533469249
0.5442756576509818,0.9983010533469249
0.5443260768874479,0.9983010533469249
0.5443765054659996,0.9983010533469249
0.5444269433892338,0.9983010533469249
0.544477390659748,0.9983010533469249
0.5445278472801408,0.9983010533469249
0.5445783132530121,0.9983010533469249
0.5446287885809621,0.9983010533469249
0.5446792732665925,0.9983010533469249
0.5447297673125058,0.9983010533469249
0.5447802707213054,0.9983010533469249
0.5448307834955958,0.9983010533469249
0.5448813056379822,0.9983010533469249
0.5449318371510712,0.9983010533469249
0.5449823780374699,0.9983010533469249
0.5450329282997867,0.9983010533469249
0.5450834879406308,0.9983010533469249
0.5451340569626125,0.9983010533469249
0.5451846353683429,0.9983010533469249
0.5452352231604343,0.9983010533469249
0.5452858203414996,0.9983010533469249
0.5453364269141532,0.9983010533469249
0.5453870428810098,0.9983010533469249
0.5454376682446858,0.9983010533469249
0.545488303007798,0.9983010533469249
0.5455389471729645,0.9983010533469249
0.545589600742804,0.9983010533469249
0.5456402637199369,0.9983010533469249
0.5456909361069836,0.9983010533469249
0.5457416179065664,0.9983010533469249
0.5457923091213078,0.9983010533469249
0.5458430097538318,0.9983010533469249
0.5458937198067633,0.9983010533469249
0.5459444392827278,0.9983010533469249
0.5459951681843523,0.9983010533469249
0.5460459065142644,0.9983010533469249
0.5460966542750929,0.9983010533469249
0.5461474114694674,0.9983010533469249
0.5461981781000186,0.9983010533469249
0.5462489541693781,0.9983010533469249
0.5462997396801785,0.9983010533469249
0.5463505346350535,0.9983010533469249
0.5464013390366376,0.9983010533469249
0.5464521528875662,0.9983010533469249
0.5465029761904762,0.9983010533469249
0.5465538089480049,0.9983010533469249
0.5466046511627907,0.9983010533469249
0.5466555028374732,0.9983010533469249
0.546706363974693,0.9983010533469249
0.5467572345770912,0.9983010533469249
0.5468081146473106,0.9983010533469249
0.5468590041879944,0.9983010533469249
0.546909903201787,0.9983010533469249
0.5469608116913339,0.9983010533469249
0.5470117296592814,0.9983010533469249
0.5470626571082767,0.9983010533469249
0.5471135940409684,0.9983010533469249
0.5471645404600056,0.9983010533469249
0.5472154963680388,0.9983010533469249
0.5472664617677191,0.9983010533469249
0.547317436661699,0.9983010533469249
0.5473684210526316,0.9983010533469249
0.5474194149431713,0.9983010533469249
0.5474704183359732,0.9983010533469249
0.5475214312336937,0.9983010533469249
0.5475724536389899,0.9983010533469249
0.54762348555452,0.9983010533469249
0.5476745269829434,0.9983010533469249
0.5477255779269202,0.9983010533469249
0.5477766383891116,0.9983010533469249
0.5478277083721798,0.9983010533469249
0.5478787878787879,0.9983010533469249
0.5479298769116001,0.9983010533469249
0.5479809754732817,0.9983010533469249
0.5480320835664988,0.9983010533469249
0.5480832011939185,0.9983010533469249
0.548134328358209,0.9983010533469249
0.5481854650620394,0.9983010533469249
0.5482366113080799,0.9983010533469249
0.5482877670990016,0.9983010533469249
0.5483389324374767,0.9983010533469249
0.5483901073261782,0.9983010533469249
0.5484412917677804,0.9983010533469249
0.5484924857649585,0.9983010533469249
0.5485436893203883,0.9983010533469249
0.5485949024367472,0.9983010533469249
0.5486461251167134,0.9983010533469249
0.5486973573629658,0.9983010533469249
0.5487485991781845,0.9983010533469249
0.5487998505650509,0.9983010533469249
0.548851111526247,0.9983010533469249
0.5489023820644559,0.9983010533469249
0.5489536621823617,0.9983010533469249
0.5490049518826497,0.9983010533469249
0.5490562511680059,0.9983010533469249
0.5491075600411176,0.9983010533469249
0.5491588785046729,0.9983010533469249
0.5492102065613609,0.9983010533469249
0.5492615442138717,0.9983010533469249
0.5493128914648967,0.9983010533469249
0.5493642483171279,0.9983010533469249
0.5494156147732585,0.9983010533469249
0.5494669908359828,0.9983010533469249
0.5495183765079958,0.9983010533469249
0.5495697717919941,0.9983010533469249
0.5496211766906745,0.9983010533469249
0.5496725912067353,0.9983010533469249
0.5497240153428758,0.9983010533469249
0.5497754491017964,0.9983010533469249
0.5498268924861982,0.9983010533469249
0.5498783454987834,0.9983010533469249
0.5499298081422554,0.9983010533469249
0.5499812804193186,0.9983010533469249
0.5500327623326781,0.9983010533469249
0.5500842538850402,0.9983010533469249
0.5501357550791124,0.9983010533469249
0.550187265917603,0.9983010533469249
0.5502387864032213,0.9983010533469249
0.5502903165386777,0.9983010533469249
0.5503418563266835,0.9983010533469249
0.5503934057699513,0.9983010533469249
0.5504449648711944,0.9983010533469249
0.5504965336331272,0.9983010533469249
0.5505481120584653,0.9983010533469249
0.550599700149925,0.9983010533469249
0.5506512979102239,0.9983010533469249
0.5507029053420806,0.9983010533469249
0.5507545224482144,0.9983010533469249
0.5508061492313461,0.9983010533469249
0.5508577856941971,0.9983010533469249
0.5509094318394899,0.9983010533469249
0.5509610876699484,0.9983010533469249
0.5510127531882971,0.9983010533469249
0.5510644283972616,0.9983010533469249
0.5511161132995686,0.9983010533469249
0.5511678078979458,0.9983010533469249
0.551219512195122,0.9983010533469249
0.5512712261938268,0.9983010533469249
0.5513229498967911,0.9983010533469249
0.5513746833067468,0.9983010533469249
0.5514264264264265,0.9983010533469249
0.551478179258564,0.9983010533469249
0.5515299418058945,0.9983010533469249
0.5515817140711536,0.9983010533469249
0.5516334960570785,0.9983010533469249
0.5516852877664069,0.9983010533469249
0.5517370892018779,0.9983010533469249
0.5517889003662315,0.9983010533469249
0.5518407212622088,0.9983010533469249
0.5518925518925519,0.9983010533469249
0.5519443922600038,0.9983010533469249
0.5519962423673086,0.9983010533469249
0.5520481022172116,0.9983010533469249
0.5520999718124588,0.9983010533469249
0.5521518511557978,0.9983010533469249
0.5522037402499765,0.9983010533469249
0.5522556390977443,0.9983010533469249
0.5523075477018516,0.9983010533469249
0.5523594660650498,0.9983010533469249
0.5524113941900912,0.9983010533469249
0.5524633320797292,0.9983010533469249
0.5525152797367184,0.9983010533469249
0.5525672371638142,0.9983010533469249
0.5526192043637732,0.9983010533469249
0.5526711813393529,0.9983010533469249
0.552723168093312,0.9983010533469249
0.5527751646284101,0.9983010533469249
0.5528271709474081,0.9983010533469249
0.5528791870530674,0.9983010533469249
0.552931212948151,0.9983010533469249
0.5529832486354226,0.9983010533469249
0.5530352941176471,0.9983010533469249
0.5530873493975904,0.9983010533469249
0.5531394144780194,0.9983010533469249
0.5531914893617021,0.9983010533469249
0.5532435740514076,0.9983010533469249
0.5532956685499059,0.9983010533469249
0.553347772859968,0.9983010533469249
0.5533998869843662,0.9983010533469249
0.5534520109258736,0.9983010533469249
0.5535041446872645,0.9983010533469249
0.5535562882713142,0.9983010533469249
0.5536084416807989,0.9983010533469249
0.5536606049184962,0.9983010533469249
0.5537127779871843,0.9983010533469249
0.5537649608896428,0.9983010533469249
0.5538171536286522,0.9983010533469249
0.5538693562069941,0.9983010533469249
0.553921568627451,0.9983010533469249
0.5539737908928066,0.9983010533469249
0.5540260230058458,0.9983010533469249
0.5540782649693541,0.9983010533469249
0.5541305167861185,0.9983010533469249
0.5541827784589267,0.9983010533469249
0.5542350499905678,0.9983010533469249
0.5542873313838317,0.9983010533469249
0.5543396226415095,0.9983010533469249
0.554391923766393,0.9983010533469249
0.5544442347612757,0.9983010533469249
0.5544965556289516,0.9983010533469249
0.5545488863722159,0.9983010533469249
0.554601226993865,0.9983010533469249
0.5546535774966962,0.9983010533469249
0.554705937883508,0.9983010533469249
0.5547583081570997,0.9983010533469249
0.5548106883202719,0.9983010533469249
0.5548630783758263,0.9983010533469249
0.5549154783265653,0.9983010533469249
0.5549678881752927,0.9983010533469249
0.5550203079248135,0.9983010533469249
0.5550727375779331,0.9983010533469249
0.5551251771374587,0.9983010533469249
0.5551776266061981,0.9983010533469249
0.5552300859869602,0.9983010533469249
0.5552825552825553,0.9983010533469249
0.5553350344957944,0.9983010533469249
0.5553875236294896,0.9983010533469249
0.5554400226864543,0.9983010533469249
0.5554925316695027,0.9983010533469249
0.5555450505814503,0.9983010533469249
0.5555975794251135,0.9983010533469249
0.5556501182033097,0.9983010533469249
0.5557026669188576,0.9983010533469249
0.5557552255745768,0.9983010533469249
0.555807794173288,0.9983010533469249
0.5558603727178129,0.9983010533469249
0.5559129612109744,0.9983010533469249
0.5559655596555966,0.9983010533469249
0.5560181680545042,0.9983010533469249
0.5560707864105233,0.9983010533469249
0.5561234147264812,0.9983010533469249
0.5561760530052059,0.9983010533469249
0.5562287012495267,0.9983010533469249
0.556281359462274,0.9983010533469249
0.5563340276462792,0.9983010533469249
0.5563867058043745,0.9983010533469249
0.5564393939393939,0.9983010533469249
0.5564920920541718,0.9983010533469249
0.5565448001515438,0.9983010533469249
0.5565975182343469,0.9983010533469249
0.5566502463054187,0.9983010533469249
0.5567029843675982,0.9983010533469249
0.5567557324237256,0.9983010533469249
0.5568084904766417,0.9983010533469249
0.5568612585291888,0.9983010533469249
0.55691403658421,0.9983010533469249
0.5569668246445497,0.9983010533469249
0.5570196227130534,0.9983010533469249
0.5570724307925673,0.9983010533469249
0.5571252488859392,0.9983010533469249
0.5571780769960174,0.9983010533469249
0.5572309151256519,0.9983010533469249
0.5572837632776935,0.9983010533469249
0.5573366214549939,0.9983010533469249
0.557389489660406,0.9983010533469249
0.557442367896784,0.9983010533469249
0.5574952561669829,0.9983010533469249
0.557548154473859,0.9983010533469249
0.5576010628202696,0.9983010533469249
0.5576539812090728,0.9983010533469249
0.5577069096431283,0.9983010533469249
0.5577598481252967,0.9983010533469249
0.5578127966584393,0.9983010533469249
0.5578657552454191,0.9983010533469249
0.5579187238890999,0.9983010533469249
0.5579717025923464,0.9983010533469249
0.5580246913580247,0.9983010533469249
0.5580776901890018,0.9983010533469249
0.5581306990881459,0.9983010533469249
0.5581837180583262,0.9983010533469249
0.5582367471024131,0.9983010533469249
0.558289786223278,0.9983010533469249
0.5583428354237933,0.9983010533469249
0.5583958947068327,0.9983010533469249
0.5584489640752709,0.9983010533469249
0.5585020435319836,0.9983010533469249
0.5585551330798479,0.9983010533469249
0.5586082327217416,0.9983010533469249
0.5586613424605438,0.9983010533469249
0.5587144622991347,0.9983010533469249
0.5587675922403956,0.9983010533469249
0.5588207322872087,0.9983010533469249
0.5588738824424577,0.9983010533469249
0.5589270427090269,0.9983010533469249
0.5589802130898022,0.9983010533469249
0.5589382551612596,0.9981311586816174
0.5589914367269267,0.9981311586816174
0.5590446284137406,0.9981311586816174
0.5590978302245908,0.9981311586816174
0.559151042162368,0.9981311586816174
0.5592042642299638,0.9981311586816174
0.5592574964302713,0.9981311586816174
0.5593107387661843,0.9981311586816174
0.5593639912405979,0.9981311586816174
0.5594172538564083,0.9981311586816174
0.5594705266165128,0.9981311586816174
0.5595238095238095,0.9981311586816174
0.5595771025811982,0.9981311586816174
0.5596304057915793,0.9981311586816174
0.5596837191578546,0.9981311586816174
0.5597370426829268,0.9981311586816174
0.5597903763696999,0.9981311586816174
0.5598437202210788,0.9981311586816174
0.5598970742399695,0.9981311586816174
0.5599504384292795,0.9981311586816174
0.5600038127919169,0.9981311586816174
0.5600571973307912,0.9981311586816174
0.5601105920488131,0.9981311586816174
0.560163996948894,0.9981311586816174
0.5602174120339468,0.9981311586816174
0.5602708373068853,0.9981311586816174
0.5603242727706247,0.9981311586816174
0.5603777184280809,0.9981311586816174
0.5604311742821712,0.9981311586816174
0.5604846403358138,0.9981311586816174
0.5605381165919282,0.9981311586816174
0.5605916030534351,0.9981311586816174
0.560645099723256,0.9981311586816174
0.5606986066043138,0.9981311586816174
0.5607521236995323,0.9981311586816174
0.5608056510118365,0.9981311586816174
0.5608591885441527,0.9981311586816174
0.5609127362994081,0.9981311586816174
0.5609662942805309,0.9981311586816174
0.5610198624904508,0.9981311586816174
0.5610734409320982,0.9981311586816174
0.561127029608405,0.9981311586816174
0.561180628522304,0.9981311586816174
0.5612342376767291,0.9981311586816174
0.5612878570746155,0.9981311586816174
0.5613414867188993,0.9981311586816174
0.5613951266125179,0.9981311586816174
0.5614487767584098,0.9981311586816174
0.5615024371595145,0.9981311586816174
0.5615561078187727,0.9981311586816174
0.5616097887391263,0.9981311586816174
0.5616634799235182,0.9981311586816174
0.5617171813748925,0.9981311586816174
0.5617708930961943,0.9981311586816174
0.5618246150903701,0.9981311586816174
0.5618783473603672,0.9981311586816174
0.5619320899091343,0.9981311586816174
0.5619858427396212,0.9981311586816174
0.5620396058547785,0.9981311586816174
0.5620933792575583,0.9981311586816174
0.5621471629509138,0.9981311586816174
0.562200956937799,0.9981311586816174
0.5622547612211695,0.9981311586816174
0.5623085758039816,0.9981311586816174
0.5623624006891931,0.9981311586816174
0.5624162358797626,0.9981311586816174
0.5624700813786501,0.9981311586816174
0.5625239371888165,0.9981311586816174
0.5625778033132242,0.9981311586816174
0.5626316797548362,0.9981311586816174
0.5626855665166172,0.9981311586816174
0.5627394636015326,0.9981311586816174
0.5627933710125491,0.9981311586816174
0.5628472887526346,0.9981311586816174
0.562901216824758,0.9981311586816174
0.5629551552318897,0.9981311586816174
0.5630091039770004,0.9981311586816174
0.5630630630630631,0.9981311586816174
0.5631170324930509,0.9981311586816174
0.5631710122699386,0.9981311586816174
0.5632250023967021,0.9981311586816174
0.5632790028763183,0.9981311586816174
0.5633330137117653,0.9981311586816174
0.5633870349060223,0.9981311586816174
0.5634410664620696,0.9981311586816174
0.563495108382889,0.9981311586816174
0.5635491606714629,0.9981311586816174
0.5636032233307752,0.9981311586816174
0.5636572963638108,0.9981311586816174
0.5637113797735559,0.9981311586816174
0.5637654735629978,0.9981311586816174
0.5638195777351248,0.9981311586816174
0.5638736922929264,0.9981311586816174
0.5639278172393933,0.9981311586816174
0.5639819525775175,0.9981311586816174
0.5640360983102919,0.9981311586816174
0.5640902544407105,0.9981311586816174
0.5641444209717688,0.9981311586816174
0.5641985979064631,0.9981311586816174
0.564252785247791,0.9981311586816174
0.5643069829987514,0.9981311586816174
0.5643611911623438,0.9981311586816174
0.5644154097415698,0.9981311586816174
0.5644696387394312,0.9981311586816174
0.5645238781589315,0.9981311586816174
0.5645781280030752,0.9981311586816174
0.5646323882748678,0.9981311586816174
0.5646866589773164,0.9981311586816174
0.5647409401134288,0.9981311586816174
0.5647952316862141,0.9981311586816174
0.5648495336986828,0.9981311586816174
0.5649038461538461,0.9981311586816174
0.5649581690547169,0.9981311586816174
0.5650125024043086,0.9981311586816174
0.5650668462056362,0.9981311586816174
0.5651212004617161,0.9981311586816174
0.5651755651755652,0.9981311586816174
0.565229940350202,0.9981311586816174
0.5652843259886462,0.9981311586816174
0.5653387220939184,0.9981311586816174
0.5653931286690406,0.9981311586816174
0.5654475457170356,0.9981311586816174
0.5655019732409279,0.9981311586816174
0.5655564112437428,0.9981311586816174
0.5656108597285068,0.9981311586816174
0.5656653186982477,0.9981311586816174
0.5657197881559942,0.9981311586816174
0.5657742681047766,0.9981311586816174
0.5658287585476259,0.9981311586816174
0.5658832594875747,0.9981311586816174
0.5659377709276563,0.9981311586816174
0.5659922928709056,0.9981311586816174
0.5660468253203584,0.9981311586816174
0.5661013682790519,0.9981311586816174
0.566155921750024,0.9981311586816174
0.5662104857363146,0.9981311586816174
0.5662650602409639,0.9981311586816174
0.5663196452670137,0.9981311586816174
0.566374240817507,0.9981311586816174
0.5664288468954879,0.9981311586816174
0.5664834635040016,0.9981311586816174
0.5665380906460945,0.9981311586816174
0.5665927283248143,0.9981311586816174
0.5666473765432098,0.9981311586816174
0.566702035304331,0.9981311586816174
0.5667567046112291,0.9981311586816174
0.5668113844669561,0.9981311586816174
0.5668660748745658,0.9981311586816174
0.5669207758371128,0.9981311586816174
0.5669754873576529,0.9981311586816174
0.5669336936589132,0.9979612640163099
0.5668918918918919,0.9977913693510024
0.5669466164687711,0.9977913693510024
0.5670013516122804,0.9977913693510024
0.5670560973254803,0.9977913693510024
0.567110853611433,0.9977913693510024
0.5671656204732014,0.9977913693510024
0.5672203979138497,0.9977913693510024
0.5672751859364435,0.9977913693510024
0.5673299845440495,0.9977913693510024
0.5673847937397353,0.9977913693510024
0.56743961352657,0.9977913693510024
0.5674944439076239,0.9977913693510024
0.5675492848859683,0.9977913693510024
0.5676041364646758,0.9977913693510024
0.56765899864682,0.9977913693510024
0.567713871435476,0.9977913693510024
0.56776875483372,0.9977913693510024
0.5678236488446292,0.9977913693510024
0.5678785534712821,0.9977913693510024
0.5679334687167585,0.9977913693510024
0.5679883945841393,0.9977913693510024
0.5680433310765064,0.9977913693510024
0.5680982781969434,0.9977913693510024
0.5681532359485344,0.9977913693510024
0.5682082043343654,0.9977913693510024
0.568263183357523,0.9977913693510024
0.5683181730210954,0.9977913693510024
0.5683731733281718,0.9977913693510024
0.5684281842818428,0.9977913693510024
0.5684832058851998,0.9977913693510024
0.5685382381413359,0.9977913693510024
0.568593281053345,0.9977913693510024
0.5686483346243222,0.9977913693510024
0.5687033988573642,0.9977913693510024
0.5687584737555684,0.9977913693510024
0.5688135593220339,0.9977913693510024
0.5688686555598605,0.9977913693510024
0.5689237624721496,0.9977913693510024
0.5689788800620035,0.9977913693510024
0.5690340083325259,0.9977913693510024
0.5690891472868217,0.9977913693510024
0.569144296927997,0.9977913693510024
0.5691994572591588,0.9977913693510024
0.5692546282834158,0.9977913693510024
0.5693098100038775,0.9977913693510024
0.5693650024236548,0.9977913693510024
0.56942020554586,0.9977913693510024
0.5694754193736061,0.9977913693510024
0.5695306439100077,0.9977913693510024
0.5695858791581806,0.9977913693510024
0.5696411251212415,0.9977913693510024
0.5696963818023086,0.9977913693510024
0.5697516492045014,0.9977913693510024
0.5698069273309402,0.9977913693510024
0.5698622161847468,0.9977913693510024
0.5699175157690441,0.9977913693510024
0.5699728260869565,0.9977913693510024
0.5700281471416092,0.9977913693510024
0.5700834789361289,0.9977913693510024
0.5701388214736434,0.9977913693510024
0.5701941747572815,0.9977913693510024
0.5702495387901738,0.9977913693510024
0.5703049135754515,0.9977913693510024
0.5703602991162474,0.9977913693510024
0.5704156954156954,0.9977913693510024
0.5704711024769306,0.9977913693510024
0.5705265203030891,0.9977913693510024
0.5705819488973088,0.9977913693510024
0.5706373882627284,0.9977913693510024
0.5706928384024876,0.9977913693510024
0.5707482993197279,0.9977913693510024
0.5708037710175916,0.9977913693510024
0.5708592534992224,0.9977913693510024
0.5709147467677651,0.9977913693510024
0.570970250826366,0.9977913693510024
0.5710257656781721,0.9977913693510024
0.5710812913263321,0.9977913693510024
0.5711368277739959,0.9977913693510024
0.5711923750243143,0.9977913693510024
0.5712479330804396,0.9977913693510024
0.5713035019455253,0.9977913693510024
0.571359081622726,0.9977913693510024
0.5714146721151975,0.9977913693510024
0.5714702734260971,0.9977913693510024
0.5715258855585831,0.9977913693510024
0.5715815085158151,0.9977913693510024
0.5716371423009539,0.9977913693510024
0.5716927869171615,0.9977913693510024
0.5717484423676013,0.9977913693510024
0.5718041086554376,0.9977913693510024
0.5718597857838364,0.9977913693510024
0.5719154737559645,0.9977913693510024
0.5719711725749903,0.9977913693510024
0.5720268822440829,0.9977913693510024
0.5720826027664134,0.9977913693510024
0.5721383341451535,0.9977913693510024
0.5721940763834762,0.9977913693510024
0.5722498294845562,0.9977913693510024
0.572305593451569,0.9977913693510024
0.5723613682876912,0.9977913693510024
0.5724171539961014,0.9977913693510024
0.5724729505799786,0.9977913693510024
0.5725287580425034,0.9977913693510024
0.5725845763868578,0.9977913693510024
0.5726404056162246,0.9977913693510024
0.5726962457337884,0.9977913693510024
0.5727520967427345,0.9977913693510024
0.5728079586462499,0.9977913693510024
0.5728638314475224,0.9977913693510024
0.5729197151497415,0.9977913693510024
0.5729756097560975,0.9977913693510024
0.5730315152697825,0.9977913693510024
0.5730874316939891,0.9977913693510024
0.5731433590319118,0.9977913693510024
0.573199297286746,0.9977913693510024
0.5732552464616887,0.9977913693510024
0.5733112065599375,0.9977913693510024
0.573367177584692,0.9977913693510024
0.5734231595391525,0.9977913693510024
0.5734791524265208,0.9977913693510024
0.57353515625,0.9977913693510024
0.5735911710127942,0.9977913693510024
0.573647196718109,0.9977913693510024
0.5737032333691511,0.9977913693510024
0.5737592809691285,0.9977913693510024
0.5738153395212506,0.9977913693510024
0.5738714090287278,0.9977913693510024
0.5739274894947718,0.9977913693510024
0.5739835809225958,0.9977913693510024
0.5740396833154139,0.9977913693510024
0.5740957966764418,0.9977913693510024
0.5741519210088962,0.9977913693510024
0.5742080563159953,0.9977913693510024
0.5742642026009582,0.9977913693510024
0.5743203598670057,0.9977913693510024
0.5743765281173594,0.9977913693510024
0.5744327073552425,0.9977913693510024
0.5744888975838794,0.9977913693510024
0.5745450988064958,0.9977913693510024
0.5746013110263184,0.9977913693510024
0.5746575342465754,0.9977913693510024
0.5747137684704962,0.9977913693510024
0.5746721471912312,0.9976214746856948
0.5747283938533816,0.9976214746856948
0.5747846515270164,0.9976214746856948
0.5748409202153696,0.9976214746856948
0.5748971999216761,0.9976214746856948
0.5748555762263782,0.9974515800203874
0.5749118683901293,0.9974515800203874
0.574968171579669,0.9974515800203874
0.5750244857982371,0.9974515800203874
0.5750808110490744,0.9974515800203874
0.5751371473354232,0.9974515800203874
0.575193494660527,0.9974515800203874
0.5752498530276308,0.9974515800203874
0.5753062224399804,0.9974515800203874
0.5753626029008232,0.9974515800203874
0.5754189944134078,0.9974515800203874
0.5754753969809842,0.9974515800203874
0.5755318106068033,0.9974515800203874
0.5755882352941176,0.9974515800203874
0.575644671046181,0.9974515800203874
0.5757011178662483,0.9974515800203874
0.5757575757575758,0.9974515800203874
0.5758140447234209,0.9974515800203874
0.5758705247670427,0.9974515800203874
0.575927015891701,0.9974515800203874
0.5759835181006573,0.9974515800203874
0.5760400313971743,0.9974515800203874
0.5760965557845158,0.9974515800203874
0.576153091265947,0.9974515800203874
0.5762096378447346,0.9974515800203874
0.576266195524146,0.9974515800203874
0.5763227643074507,0.9974515800203874
0.5763793441979187,0.9974515800203874
0.5764359351988217,0.9974515800203874
0.5764925373134329,0.9974515800203874
0.576549150545026,0.9974515800203874
0.5766057748968768,0.9974515800203874
0.5766624103722621,0.9974515800203874
0.5767190569744597,0.9974515800203874
0.5767757147067492,0.9974515800203874
0.5768323835724111,0.9974515800203874
0.5768890635747274,0.9974515800203874
0.5769457547169812,0.9974515800203874
0.577002457002457,0.9974515800203874
0.5770591704344408,0.9974515800203874
0.5771158950162194,0.9974515800203874
0.5771726307510814,0.9974515800203874
0.5772293776423164,0.9974515800203874
0.5772861356932153,0.9974515800203874
0.5773429049070705,0.9974515800203874
0.5773996852871754,0.9974515800203874
0.577456476836825,0.9974515800203874
0.5775132795593154,0.9974515800203874
0.577570093457944,0.9974515800203874
0.5776269185360094,0.9974515800203874
0.577683754796812,0.9974515800203874
0.5777406022436529,0.9974515800203874
0.5777974608798346,0.9974515800203874
0.5778543307086614,0.9974515800203874
0.5779112117334383,0.9974515800203874
0.5779681039574719,0.9974515800203874
0.5780250073840701,0.9974515800203874
0.578081922016542,0.9974515800203874
0.5781388478581979,0.9974515800203874
0.5781957849123498,0.9974515800203874
0.5782527331823106,0.9974515800203874
0.5783096926713948,0.9974515800203874
0.578366663382918,0.9974515800203874
0.5784236453201971,0.9974515800203874
0.5784806384865504,0.9974515800203874
0.5785376428852976,0.9974515800203874
0.5785946585197596,0.9974515800203874
0.5786516853932584,0.9974515800203874
0.5787087235091178,0.9974515800203874
0.5787657728706624,0.9974515800203874
0.5788228334812185,0.9974515800203874
0.5788799053441136,0.9974515800203874
0.5789369884626763,0.9974515800203874
0.5789940828402367,0.9974515800203874
0.5790511884801263,0.9974515800203874
0.5791083053856777,0.9974515800203874
0.5791654335602249,0.9974515800203874
0.5792225730071034,0.9974515800203874
0.5792797237296498,0.9974515800203874
0.5793368857312019,0.9974515800203874
0.5793940590150992,0.9974515800203874
0.5794512435846821,0.9974515800203874
0.5795084394432929,0.9974515800203874
0.5795656465942745,0.9974515800203874
0.5796228650409715,0.9974515800203874
0.5796800947867299,0.9974515800203874
0.5797373358348968,0.9974515800203874
0.5797945881888209,0.9974515800203874
0.5798518518518518,0.9974515800203874
0.579909126827341,0.9974515800203874
0.5799664131186407,0.9974515800203874
0.580023710729105,0.9974515800203874
0.5800810196620887,0.9974515800203874
0.5801383399209487,0.9974515800203874
0.5801956715090424,0.9974515800203874
0.5802530144297292,0.9974515800203874
0.5803103686863694,0.9974515800203874
0.580367734282325,0.9974515800203874
0.580425111220959,0.9974515800203874
0.5804824995056358,0.9974515800203874
0.5805398991397211,0.9974515800203874
0.5805973101265823,0.9974515800203874
0.5806547324695875,0.9974515800203874
0.5807121661721069,0.9974515800203874
0.5807696112375111,0.9974515800203874
0.5808270676691729,0.9974515800203874
0.580884535470466,0.9974515800203874
0.5809420146447655,0.9974515800203874
0.5809995051954479,0.9974515800203874
0.5810570071258907,0.9974515800203874
0.5811145204394734,0.9974515800203874
0.5811720451395763,0.9974515800203874
0.5812295812295812,0.9974515800203874
0.5812871287128712,0.9974515800203874
0.581344687592831,0.9974515800203874
0.5814022578728462,0.9974515800203874
0.5814598395563039,0.9974515800203874
0.5815174326465927,0.9974515800203874
0.5815750371471026,0.9974515800203874
0.5816326530612245,0.9974515800203874
0.5816902803923512,0.9974515800203874
0.5817479191438764,0.9974515800203874
0.5818055693191954,0.9974515800203874
0.5818632309217047,0.9974515800203874
0.5819209039548022,0.9974515800203874
0.5819785884218874,0.9974515800203874
0.5820362843263607,0.9974515800203874
0.582093991671624,0.9974515800203874
0.5821517104610808,0.9974515800203874
0.5822094406981356,0.9974515800203874
0.5822671823861946,0.9974515800203874
0.5823249355286649,0.9974515800203874
0.5823827001289554,0.9974515800203874
0.5824404761904762,0.9974515800203874
0.5824982637166386,0.9974515800203874
0.5825560627108554,0.9974515800203874
0.5826138731765407,0.9974515800203874
0.5826716951171099,0.9974515800203874
0.5827295285359801,0.9974515800203874
0.5827873734365694,0.9974515800203874
0.5828452298222973,0.9974515800203874
0.5829030976965845,0.9974515800203874
0.5829609770628538,0.9974515800203874
0.5830188679245283,0.9974515800203874
0.5830767702850332,0.9974515800203874
0.583134684147795,0.9974515800203874
0.5831926095162412,0.9974515800203874
0.5832505463938009,0.9974515800203874
0.5833084947839047,0.9974515800203874
0.583366454689984,0.9974515800203874
0.5834244261154725,0.9974515800203874
0.5834824090638044,0.9974515800203874
0.5835404035384156,0.9974515800203874
0.5835984095427436,0.9974515800203874
0.5836564270802267,0.9974515800203874
0.5837144561543051,0.9974515800203874
0.58377249676842,0.9974515800203874
0.5838305489260143,0.9974515800203874
0.583888612630532,0.9974515800203874
0.5839466878854187,0.9974515800203874
0.5840047746941212,0.9974515800203874
0.5840628730600875,0.9974515800203874
0.5841209829867675,0.9974515800203874
0.5841791044776119,0.9974515800203874
0.5842372375360733,0.9974515800203874
0.5842953821656051,0.9974515800203874
0.5843535383696626,0.9974515800203874
0.5844117061517021,0.9974515800203874
0.5844698855151816,0.9974515800203874
0.5845280764635603,0.9974515800203874
0.5845862790002987,0.9974515800203874
0.5846444931288588,0.9974515800203874
0.5847027188527039,0.9974515800203874
0.5847609561752988,0.9974515800203874
0.5848192051001095,0.9974515800203874
0.5848774656306037,0.9974515800203874
0.5849357377702501,0.9974515800203874
0.5849940215225189,0.9974515800203874
0.5850523168908819,0.9974515800203874
0.5851106238788121,0.9974515800203874
0.5851689424897837,0.9974515800203874
0.5852272727272727,0.9974515800203874
0.5852856145947563,0.9974515800203874
0.5853439680957129,0.9974515800203874
0.5854023332336225,0.9974515800203874
0.5854607100119665,0.9974515800203874
0.5855190984342276,0.9974515800203874
0.5855774985038898,0.9974515800203874
0.585635910224439,0.9974515800203874
0.5856943335993615,0.9974515800203874
0.5857527686321461,0.9974515800203874
0.5858112153262822,0.9974515800203874
0.585869673685261,0.9974515800203874
0.5859281437125748,0.9974515800203874
0.5859866254117178,0.9974515800203874
0.5860451187861848,0.9974515800203874
0.5861036238394729,0.9974515800203874
0.5861621405750799,0.9974515800203874
0.5862206689965053,0.9974515800203874
0.5862792091072498,0.9974515800203874
0.5863377609108159,0.9974515800203874
0.5863963244107071,0.9974515800203874
0.5864548996104285,0.9974515800203874
0.5865134865134866,0.9974515800203874
0.586572085123389,0.9974515800203874
0.5866306954436451,0.9974515800203874
0.5866893174777655,0.9974515800203874
0.5867479512292625,0.9974515800203874
0.5868065967016491,0.9974515800203874
0.5868652538984406,0.9974515800203874
0.5869239228231531,0.9974515800203874
0.5869826034793041,0.9974515800203874
0.587041295870413,0.9974515800203874
0.5871,0.9974515800203874
0.5871587158715872,0.9974515800203874
0.5872174434886978,0.9974515800203874
0.5872761828548565,0.9974515800203874
0.5873349339735895,0.9974515800203874
0.5873936968484242,0.9974515800203874
0.5874524714828897,0.9974515800203874
0.5875112578805164,0.9974515800203874
0.5875700560448359,0.9974515800203874
0.5876288659793815,0.9974515800203874
0.5876876876876876,0.9974515800203874
0.5877465211732906,0.9974515800203874
0.5878053664397277,0.9974515800203874
0.5878642234905377,0.9974515800203874
0.587923092329261,0.9974515800203874
0.5879819729594392,0.9974515800203874
0.5880408653846154,0.9974515800203874
0.5880997696083342,0.9974515800203874
0.5881586856341414,0.9974515800203874
0.5882176134655847,0.9974515800203874
0.5882765531062124,0.9974515800203874
0.5883355045595751,0.9974515800203874
0.5882942473441571,0.9972816853550799
0.5883532123884936,0.9972816853550799
0.5884121892542101,0.9972816853550799
0.5884711779448621,0.9972816853550799
0.5885301784640065,0.9972816853550799
0.588589190815201,0.9972816853550799
0.5886482150020056,0.9972816853550799
0.5887072510279812,0.9972816853550799
0.5887662988966901,0.9972816853550799
0.5888253586116963,0.9972816853550799
0.588884430176565,0.9972816853550799
0.5889435135948631,0.9972816853550799
0.5890026088701585,0.9972816853550799
0.5890617160060211,0.9972816853550799
0.5891208350060216,0.9972816853550799
0.5891799658737328,0.9972816853550799
0.5892391086127283,0.9972816853550799
0.5892982632265836,0.9972816853550799
0.5893574297188755,0.9972816853550799
0.5894166080931821,0.9972816853550799
0.589475798353083,0.9972816853550799
0.5895350005021592,0.9972816853550799
0.5895942145439935,0.9972816853550799
0.5896534404821697,0.9972816853550799
0.5897126783202733,0.9972816853550799
0.5897719280618909,0.9972816853550799
0.5898311897106109,0.9972816853550799
0.5898904632700231,0.9972816853550799
0.5899497487437186,0.9972816853550799
0.5900090461352899,0.9972816853550799
0.5900683554483314,0.9972816853550799
0.5901276766864382,0.9972816853550799
0.5901870098532073,0.9972816853550799
0.5902463549522373,0.9972816853550799
0.5903057119871279,0.9972816853550799
0.5903650809614804,0.9972816853550799
0.5904244618788976,0.9972816853550799
0.5904838547429836,0.9972816853550799
0.5905432595573441,0.9972816853550799
0.590602676325586,0.9972816853550799
0.5906621050513182,0.9972816853550799
0.5907215457381504,0.9972816853550799
0.590780998389694,0.9972816853550799
0.5908404630095622,0.9972816853550799
0.590899939601369,0.9972816853550799
0.5909594281687305,0.9972816853550799
0.5910189287152638,0.9972816853550799
0.5910784412445876,0.9972816853550799
0.5911379657603223,0.9972816853550799
0.5911975022660892,0.9972816853550799
0.5912570507655117,0.9972816853550799
0.5913166112622141,0.9972816853550799
0.5913761837598227,0.9972816853550799
0.5914357682619648,0.9972816853550799
0.5914953647722693,0.9972816853550799
0.5915549732943666,0.9972816853550799
0.5916145938318887,0.9972816853550799
0.5916742263884689,0.9972816853550799
0.5917338709677419,0.9972816853550799
0.5917935275733441,0.9972816853550799
0.5918531962089131,0.9972816853550799
0.5919128768780881,0.9972816853550799
0.5919725695845098,0.9972816853550799
0.5920322743318205,0.9972816853550799
0.5920919911236635,0.9972816853550799
0.5921517199636841,0.9972816853550799
0.5922114608555287,0.9972816853550799
0.5921703158107153,0.9971117906897723
0.5922300706357215,0.9971117906897723
0.5922898375214452,0.9971117906897723
0.5923496164715382,0.9971117906897723
0.5924094074896538,0.9971117906897723
0.5924692105794468,0.9971117906897723
0.5925290257445734,0.9971117906897723
0.5925888529886915,0.9971117906897723
0.5926486923154599,0.9971117906897723
0.5927085437285396,0.9971117906897723
0.5927684072315927,0.9971117906897723
0.5928282828282828,0.9971117906897723
0.5928881705222749,0.9971117906897723
0.5929480703172358,0.9971117906897723
0.5930079822168334,0.9971117906897723
0.5930679062247373,0.9971117906897723
0.5931278423446185,0.9971117906897723
0.5931877905801496,0.9971117906897723
0.5932477509350046,0.9971117906897723
0.5933077234128589,0.9971117906897723
0.5933677080173896,0.9971117906897723
0.593427704752275,0.9971117906897723
0.5934877136211952,0.9971117906897723
0.5935477346278317,0.9971117906897723
0.5936077677758673,0.9971117906897723
0.5936678130689864,0.9971117906897723
0.593727870510875,0.9971117906897723
0.5937879401052205,0.9971117906897723
0.5938480218557118,0.9971117906897723
0.5939081157660393,0.9971117906897723
0.5939682218398947,0.9971117906897723
0.5940283400809716,0.9971117906897723
0.5940884704929649,0.9971117906897723
0.5941486130795708,0.9971117906897723
0.5942087678444872,0.9971117906897723
0.5942689347914135,0.9971117906897723
0.5943291139240506,0.9971117906897723
0.5943893052461009,0.9971117906897723
0.5944495087612681,0.9971117906897723
0.5945097244732577,0.9971117906897723
0.5944686455273022,0.9969418960244648
0.5945288753799393,0.9969418960244648
0.5945891174384436,0.9969418960244648
0.5946493717065261,0.9969418960244648
0.594709638187899,0.9969418960244648
0.5947699168862761,0.9969418960244648
0.5948302078053725,0.9969418960244648
0.5948905109489051,0.9969418960244648
0.5949508263205922,0.9969418960244648
0.5950111539241533,0.9969418960244648
0.59507149376331,0.9969418960244648
0.595131845841785,0.9969418960244648
0.5951922101633026,0.9969418960244648
0.5952525867315885,0.9969418960244648
0.5953129755503703,0.9969418960244648
0.5953733766233766,0.9969418960244648
0.5954337899543379,0.9969418960244648
0.595494215546986,0.9969418960244648
0.5955546534050543,0.9969418960244648
0.5956151035322778,0.9969418960244648
0.5956755659323927,0.9969418960244648
0.5957360406091371,0.9969418960244648
0.5957965275662503,0.9969418960244648
0.5958570268074735,0.9969418960244648
0.5959175383365493,0.9969418960244648
0.5959780621572212,0.9969418960244648
0.5960385982732351,0.9969418960244648
0.5960991466883381,0.9969418960244648
0.5961597074062785,0.9969418960244648
0.5962202804308068,0.9969418960244648
0.5962808657656742,0.9969418960244648
0.5963414634146341,0.9969418960244648
0.5964020733814412,0.9969418960244648
0.5964626956698516,0.9969418960244648
0.596523330283623,0.9969418960244648
0.5965839772265148,0.9969418960244648
0.5966446365022877,0.9969418960244648
0.5967053081147041,0.9969418960244648
0.5967659920675277,0.9969418960244648
0.596826688364524,0.9969418960244648
0.5968873970094599,0.9969418960244648
0.5969481180061038,0.9969418960244648
0.5970088513582257,0.9969418960244648
0.5970695970695971,0.9969418960244648
0.597130355143991,0.9969418960244648
0.5971911255851822,0.9969418960244648
0.5972519083969465,0.9969418960244648
0.5973127035830619,0.9969418960244648
0.5973735111473073,0.9969418960244648
0.5974343310934637,0.9969418960244648
0.5974951634253131,0.9969418960244648
0.5975560081466396,0.9969418960244648
0.5976168652612283,0.9969418960244648
0.5976777347728661,0.9969418960244648
0.5977386166853418,0.9969418960244648
0.597799511002445,0.9969418960244648
0.5978604177279674,0.9969418960244648
0.597921336865702,0.9969418960244648
0.5979822684194436,0.9969418960244648
0.5980432123929882,0.9969418960244648
0.5981041687901335,0.9969418960244648
0.5981651376146789,0.9969418960244648
0.5982261188704251,0.9969418960244648
0.5982871125611745,0.9969418960244648
0.5983481186907311,0.9969418960244648
0.5984091372629002,0.9969418960244648
0.598470168281489,0.9969418960244648
0.598531211750306,0.9969418960244648
0.5985922676731613,0.9969418960244648
0.5986533360538665,0.9969418960244648
0.5987144168962351,0.9969418960244648
0.5987755102040816,0.9969418960244648
0.5988366159812226,0.9969418960244648
0.5988977342314759,0.9969418960244648
0.5989588649586608,0.9969418960244648
0.5990200081665986,0.9969418960244648
0.5990811638591118,0.9969418960244648
0.5991423320400245,0.9969418960244648
0.5992035127131624,0.9969418960244648
0.5992647058823529,0.9969418960244648
0.5993259115514248,0.9969418960244648
0.5993871297242084,0.9969418960244648
0.5994483604045358,0.9969418960244648
0.5995096035962403,0.9969418960244648
0.5995708593031572,0.9969418960244648
0.5996321275291232,0.9969418960244648
0.5996934082779765,0.9969418960244648
0.5997547015535568,0.9969418960244648
0.5998160073597056,0.9969418960244648
0.5998773257002658,0.9969418960244648
0.5999386565790819,0.9969418960244648
0.6,0.9969418960244648
0.6000613559668678,0.9969418960244648
0.6001227244835344,0.9969418960244648
0.6001841055538508,0.9969418960244648
0.6002454991816694,0.9969418960244648
0.600306905370844,0.9969418960244648
0.6003683241252302,0.9969418960244648
0.6004297554486852,0.9969418960244648
0.6004911993450676,0.9969418960244648
0.6005526558182377,0.9969418960244648
0.6006141248720573,0.9969418960244648
0.60067560651039,0.9969418960244648
0.6007371007371007,0.9969418960244648
0.6007986075560561,0.9969418960244648
0.6008601269711243,0.9969418960244648
0.6009216589861751,0.9969418960244648
0.6009832036050798,0.9969418960244648
0.6010447608317115,0.9969418960244648
0.6011063306699447,0.9969418960244648
0.6011679131236554,0.9969418960244648
0.6012295081967213,0.9969418960244648
0.6012911158930219,0.9969418960244648
0.6013527362164378,0.9969418960244648
0.6014143691708517,0.9969418960244648
0.6014760147601476,0.9969418960244648
0.6015376729882111,0.9969418960244648
0.6015993438589297,0.9969418960244648
0.601661027376192,0.9969418960244648
0.6017227235438884,0.9969418960244648
0.6017844323659112,0.9969418960244648
0.6018461538461538,0.9969418960244648
0.6019078879885117,0.9969418960244648
0.6019696347968814,0.9969418960244648
0.6020313942751616,0.9969418960244648
0.6020931664272522,0.9969418960244648
0.6021549512570549,0.9969418960244648
0.6022167487684729,0.9969418960244648
0.602278558965411,0.9969418960244648
0.6023403818517759,0.9969418960244648
0.6024022174314753,0.9969418960244648
0.6024640657084189,0.9969418960244648
0.6025259266865182,0.9969418960244648
0.6025878003696857,0.9969418960244648
0.6026496867618363,0.9969418960244648
0.6027115858668858,0.9969418960244648
0.6027734976887519,0.9969418960244648
0.602835422231354,0.9969418960244648
0.602897359498613,0.9969418960244648
0.6029593094944513,0.9969418960244648
0.6030212722227931,0.9969418960244648
0.6030832476875643,0.9969418960244648
0.603145235892692,0.9969418960244648
0.6032072368421053,0.9969418960244648
0.6032692505397348,0.9969418960244648
0.6033312769895126,0.9969418960244648
0.6033933161953727,0.9969418960244648
0.6034553681612506,0.9969418960244648
0.603517432891083,0.9969418960244648
0.6035795103888089,0.9969418960244648
0.6036416006583685,0.9969418960244648
0.6037037037037037,0.9969418960244648
0.6037658195287581,0.9969418960244648
0.6038279481374769,0.9969418960244648
0.6038900895338067,0.9969418960244648
0.6039522437216962,0.9969418960244648
0.6040144107050952,0.9969418960244648
0.6040765904879555,0.9969418960244648
0.6041387830742304,0.9969418960244648
0.6042009884678748,0.9969418960244648
0.6042632066728453,0.9969418960244648
0.6043254376930999,0.9969418960244648
0.6043876815325986,0.9969418960244648
0.6044499381953028,0.9969418960244648
0.6045122076851757,0.9969418960244648
0.6045744900061818,0.9969418960244648
0.6046367851622875,0.9969418960244648
0.6046990931574608,0.9969418960244648
0.6047614139956714,0.9969418960244648
0.6048237476808905,0.9969418960244648
0.604886094217091,0.9969418960244648
0.6049484536082474,0.9969418960244648
0.6050108258583359,0.9969418960244648
0.6050732109713343,0.9969418960244648
0.605135608951222,0.9969418960244648
0.6051980198019802,0.9969418960244648
0.6052604435275916,0.9969418960244648
0.6053228801320404,0.9969418960244648
0.6053853296193129,0.9969418960244648
0.6054477919933966,0.9969418960244648
0.6055102672582808,0.9969418960244648
0.6055727554179566,0.9969418960244648
0.6056352564764166,0.9969418960244648
0.6056977704376548,0.9969418960244648
0.6057602973056674,0.9969418960244648
0.6058228370844518,0.9969418960244648
0.6058853897780072,0.9969418960244648
0.6059479553903345,0.9969418960244648
0.6060105339254364,0.9969418960244648
0.6060731253873167,0.9969418960244648
0.6061357297799814,0.9969418960244648
0.606198347107438,0.9969418960244648
0.6062609773736957,0.9969418960244648
0.606323620582765,0.9969418960244648
0.6063862767386586,0.9969418960244648
0.6064489458453907,0.9969418960244648
0.6065116279069768,0.9969418960244648
0.6065743229274344,0.9969418960244648
0.6066370309107826,0.9969418960244648
0.6066997518610422,0.9969418960244648
0.6067624857822356,0.9969418960244648
0.6068252326783867,0.9969418960244648
0.6068879925535215,0.9969418960244648
0.6069507654116674,0.9969418960244648
0.6070135512568532,0.9969418960244648
0.6070763500931099,0.9969418960244648
0.6071391619244697,0.9969418960244648
0.6072019867549668,0.9969418960244648
0.6072648245886371,0.9969418960244648
0.6073276754295177,0.9969418960244648
0.6073905392816479,0.9969418960244648
0.6074534161490683,0.9969418960244648
0.6075163060358215,0.9969418960244648
0.6075792089459515,0.9969418960244648
0.6076421248835042,0.9969418960244648
0.6077050538525269,0.9969418960244648
0.6077679958570689,0.9969418960244648
0.6078309509011809,0.9969418960244648
0.6078939189889153,0.9969418960244648
0.6079569001243266,0.9969418960244648
0.6080198943114703,0.9969418960244648
0.6080829015544041,0.9969418960244648
0.6081459218571873,0.9969418960244648
0.6082089552238806,0.9969418960244648
0.6082720016585467,0.9969418960244648
0.6083350611652498,0.9969418960244648
0.608398133748056,0.9969418960244648
0.6084612194110328,0.9969418960244648
0.6085243181582495,0.9969418960244648
0.6085874299937772,0.9969418960244648
0.6086505549216886,0.9969418960244648
0.608713692946058,0.9969418960244648
0.6087768440709617,0.9969418960244648
0.6088400083004772,0.9969418960244648
0.6089031856386843,0.9969418960244648
0.6089663760896638,0.9969418960244648
0.6090295796574987,0.9969418960244648
0.6090927963462737,0.9969418960244648
0.6091560261600747,0.9969418960244648
0.6092192691029901,0.9969418960244648
0.6092825251791091,0.9969418960244648
0.6093457943925233,0.9969418960244648
0.6093052238030948,0.9967720013591573
0.6093685085168259,0.9967720013591573
0.6094318063778955,0.9967720013591573
0.609495117390401,0.9967720013591573
0.6095584415584415,0.9967720013591573
0.609621778886118,0.9967720013591573
0.6096851293775329,0.9967720013591573
0.6097484930367907,0.9967720013591573
0.6098118698679971,0.9967720013591573
0.6098752598752599,0.9967720013591573
0.6099386630626884,0.9967720013591573
0.6100020794343939,0.9967720013591573
0.610065508994489,0.9967720013591573
0.6101289517470881,0.9967720013591573
0.6101924076963079,0.9967720013591573
0.6102558768462658,0.9967720013591573
0.6103193592010818,0.9967720013591573
0.6103828547648772,0.9967720013591573
0.6104463635417751,0.9967720013591573
0.6105098855359001,0.9967720013591573
0.6105734207513789,0.9967720013591573
0.6106369691923397,0.9967720013591573
0.6107005308629124,0.9967720013591573
0.6107641057672288,0.9967720013591573
0.6108276939094222,0.9967720013591573
0.6108912952936276,0.9967720013591573
0.610954909923982,0.9967720013591573
0.6109143928348261,0.9966021066938499
0.6109780231225914,0.9966021066938499
0.6110416666666667,0.9966021066938499
0.611105323471195,0.9966021066938499
0.611168993540321,0.9966021066938499
0.611232676878191,0.9966021066938499
0.6112963734889537,0.9966021066938499
0.6113600833767587,0.9966021066938499
0.6114238065457578,0.9966021066938499
0.6114875430001042,0.9966021066938499
0.6115512927439533,0.9966021066938499
0.6116150557814618,0.9966021066938499
0.6116788321167883,0.9966021066938499
0.6117426217540932,0.9966021066938499
0.6117021276595744,0.9964322120285423
0.6117659330343173,0.9964322120285423
0.6118297517212602,0.9964322120285423
0.6118935837245696,0.9964322120285423
0.611957429048414,0.9964322120285423
0.6120212876969634,0.9964322120285423
0.6120851596743895,0.9964322120285423
0.6121490449848659,0.9964322120285423
0.6122129436325678,0.9964322120285423
0.6122768556216724,0.9964322120285423
0.6123407809563584,0.9964322120285423
0.6124047196408061,0.9964322120285423
0.6124686716791979,0.9964322120285423
0.612532637075718,0.9964322120285423
0.6125966158345519,0.9964322120285423
0.6126606079598872,0.9964322120285423
0.6127246134559131,0.9964322120285423
0.6127886323268206,0.9964322120285423
0.6128526645768025,0.9964322120285423
0.6129167102100533,0.9964322120285423
0.6129807692307693,0.9964322120285423
0.6130448416431483,0.9964322120285423
0.6131089274513903,0.9964322120285423
0.6131730266596969,0.9964322120285423
0.613237139272271,0.9964322120285423
0.613301265293318,0.9964322120285423
0.6133654047270446,0.9964322120285423
0.6134295575776593,0.9964322120285423
0.6134937238493724,0.9964322120285423
0.613557903546396,0.9964322120285423
0.6136220966729441,0.9964322120285423
0.6136863032332321,0.9964322120285423
0.6137505232314776,0.9964322120285423
0.6138147566718996,0.9964322120285423
0.6138790035587188,0.9964322120285423
0.6139432638961583,0.9964322120285423
0.6140075376884422,0.9964322120285423
0.6140718249397968,0.9964322120285423
0.6141361256544503,0.9964322120285423
0.6142004398366321,0.9964322120285423
0.6142647674905739,0.9964322120285423
0.614329108620509,0.9964322120285423
0.6143934632306726,0.9964322120285423
0.6144578313253012,0.9964322120285423
0.6145222129086337,0.9964322120285423
0.6145866079849104,0.9964322120285423
0.6146510165583735,0.9964322120285423
0.6147154386332669,0.9964322120285423
0.6147798742138365,0.9964322120285423
0.6148443233043296,0.9964322120285423
0.6149087859089956,0.9964322120285423
0.6149732620320856,0.9964322120285423
0.6150377516778524,0.9964322120285423
0.6151022548505506,0.9964322120285423
0.6151667715544368,0.9964322120285423
0.6152313017937691,0.9964322120285423
0.6152958455728074,0.9964322120285423
0.6153604028958136,0.9964322120285423
0.6154249737670514,0.9964322120285423
0.615489558190786,0.9964322120285423
0.6155541561712846,0.9964322120285423
0.6156187677128162,0.9964322120285423
0.6156833928196515,0.9964322120285423
0.6157480314960629,0.9964322120285423
0.615812683746325,0.9964322120285423
0.6158773495747139,0.9964322120285423
0.6159420289855072,0.9964322120285423
0.616006721982985,0.9964322120285423
0.6160714285714286,0.9964322120285423
0.6161361487551213,0.9964322120285423
0.6162008825383484,0.9964322120285423
0.6162656299253967,0.9964322120285423
0.6163303909205549,0.9964322120285423
0.6163951655281135,0.9964322120285423
0.616459953752365,0.9964322120285423
0.6165247555976032,0.9964322120285423
0.6165895710681245,0.9964322120285423
0.6166544001682263,0.9964322120285423
0.6167192429022083,0.9964322120285423
0.6167840992743716,0.9964322120285423
0.6168489692890198,0.9964322120285423
0.6169138529504575,0.9964322120285423
0.6169787502629918,0.9964322120285423
0.616938453445555,0.9962623173632348
0.617003367003367,0.9962623173632348
0.617068294222877,0.9962623173632348
0.6171332351083982,0.9962623173632348
0.6171981896642459,0.9962623173632348
0.6172631578947368,0.9962623173632348
0.6173281398041899,0.9962623173632348
0.6173931353969256,0.9962623173632348
0.6174581446772665,0.9962623173632348
0.6175231676495366,0.9962623173632348
0.6175882043180622,0.9962623173632348
0.6176532546871708,0.9962623173632348
0.6177183187611924,0.9962623173632348
0.6177833965444585,0.9962623173632348
0.6178484880413023,0.9962623173632348
0.617913593256059,0.9962623173632348
0.6179787121930657,0.9962623173632348
0.6180438448566611,0.9962623173632348
0.6181089912511858,0.9962623173632348
0.6181741513809825,0.9962623173632348
0.6182393252503954,0.9962623173632348
0.6183045128637705,0.9962623173632348
0.6183697142254561,0.9962623173632348
0.6184349293398017,0.9962623173632348
0.6185001582111591,0.9962623173632348
0.6185654008438819,0.9962623173632348
0.6186306572423251,0.9962623173632348
0.6186959274108462,0.9962623173632348
0.6187612113538039,0.9962623173632348
0.6188265090755594,0.9962623173632348
0.618891820580475,0.9962623173632348
0.6189571458729154,0.9962623173632348
0.6190224849572469,0.9962623173632348
0.6190878378378378,0.9962623173632348
0.6191532045190582,0.9962623173632348
0.6192185850052798,0.9962623173632348
0.6192839793008765,0.9962623173632348
0.6193493874102239,0.9962623173632348
0.6194148093376993,0.9962623173632348
0.6194802450876822,0.9962623173632348
0.6195456946645537,0.9962623173632348
0.6196111580726965,0.9962623173632348
0.6196766353164959,0.9962623173632348
0.6197421264003382,0.9962623173632348
0.6198076313286122,0.9962623173632348
0.6198731501057082,0.9962623173632348
0.6199386827360186,0.9962623173632348
0.6200042292239374,0.9962623173632348
0.6200697895738606,0.9962623173632348
0.6201353637901861,0.9962623173632348
0.6202009518773136,0.9962623173632348
0.6202665538396446,0.9962623173632348
0.6203321696815826,0.9962623173632348
0.6203977994075328,0.9962623173632348
0.6204634430219025,0.9962623173632348
0.6205291005291005,0.9962623173632348
0.620594771933538,0.9962623173632348
0.6206604572396275,0.9962623173632348
0.6207261564517836,0.9962623173632348
0.620791869574423,0.9962623173632348
0.620857596611964,0.9962623173632348
0.6209233375688268,0.9962623173632348
0.6209890924494335,0.9962623173632348
0.621054861258208,0.9962623173632348
0.6211206439995763,0.9962623173632348
0.6211864406779661,0.9962623173632348
0.6212522512978069,0.9962623173632348
0.6213180758635304,0.9962623173632348
0.6213839143795697,0.9962623173632348
0.6214497668503604,0.9962623173632348
0.6215156332803392,0.9962623173632348
0.6215815136739453,0.9962623173632348
0.6216474080356197,0.9962623173632348
0.6217133163698049,0.9962623173632348
0.6217792386809459,0.9962623173632348
0.6218451749734889,0.9962623173632348
0.6219111252518825,0.9962623173632348
0.621977089520577,0.9962623173632348
0.6220430677840246,0.9962623173632348
0.6221090600466794,0.9962623173632348
0.6221750663129973,0.9962623173632348
0.6222410865874364,0.9962623173632348
0.6223071208744562,0.9962623173632348
0.6223731691785184,0.9962623173632348
0.6224392315040866,0.9962623173632348
0.6225053078556263,0.9962623173632348
0.6225713982376049,0.9962623173632348
0.6226375026544914,0.9962623173632348
0.6227036211107572,0.9962623173632348
0.622769753610875,0.9962623173632348
0.6228359001593202,0.9962623173632348
0.6229020607605693,0.9962623173632348
0.6229682354191013,0.9962623173632348
0.6230344241393965,0.9962623173632348
0.6231006269259377,0.9962623173632348
0.6231668437832093,0.9962623173632348
0.6232330747156978,0.9962623173632348
0.6232993197278912,0.9962623173632348
0.6233655788242798,0.9962623173632348
0.6234318520093557,0.9962623173632348
0.623498139287613,0.9962623173632348
0.6235644406635474,0.9962623173632348
0.623630756141657,0.9962623173632348
0.6236970857264412,0.9962623173632348
0.6237634294224019,0.9962623173632348
0.6238297872340426,0.9962623173632348
0.6238961591658687,0.9962623173632348
0.6239625452223877,0.9962623173632348
0.6240289454081089,0.9962623173632348
0.6240953597275436,0.9962623173632348
0.6241617881852048,0.9962623173632348
0.6242282307856079,0.9962623173632348
0.6242946875332694,0.9962623173632348
0.6243611584327087,0.9962623173632348
0.6244276434884464,0.9962623173632348
0.6244941427050054,0.9962623173632348
0.6245606560869102,0.9962623173632348
0.6246271836386876,0.9962623173632348
0.6246937253648663,0.9962623173632348
0.6247602812699765,0.9962623173632348
0.6248268513585509,0.9962623173632348
0.6248934356351236,0.9962623173632348
0.6249600341042311,0.9962623173632348
0.6250266467704114,0.9962623173632348
0.6250932736382049,0.9962623173632348
0.6251599147121535,0.9962623173632348
0.6252265699968014,0.9962623173632348
0.6252932394966944,0.9962623173632348
0.6253599232163805,0.9962623173632348
0.6254266211604096,0.9962623173632348
0.6254933333333333,0.9962623173632348
0.6255600597397055,0.9962623173632348
0.6256268003840819,0.9962623173632348
0.6256935552710201,0.9962623173632348
0.6257603244050794,0.9962623173632348
0.6258271077908217,0.9962623173632348
0.6258939054328103,0.9962623173632348
0.6259607173356105,0.9962623173632348
0.6260275435037899,0.9962623173632348
0.6260943839419175,0.9962623173632348
0.6261612386545649,0.9962623173632348
0.6261213156770611,0.9960924226979273
0.6261881875467264,0.9960924226979273
0.6262550737022003,0.9960924226979273
0.6263219741480611,0.9960924226979273
0.6263888888888889,0.9960924226979273
0.626455817929266,0.9960924226979273
0.6265227612737765,0.9960924226979273
0.6265897189270065,0.9960924226979273
0.6266566908935443,0.9960924226979273
0.6267236771779797,0.9960924226979273
0.6267906777849048,0.9960924226979273
0.6268576927189137,0.9960924226979273
0.6269247219846023,0.9960924226979273
0.6269917655865683,0.9960924226979273
0.6270588235294118,0.9960924226979273
0.6271258958177345,0.9960924226979273
0.6271929824561403,0.9960924226979273
0.627260083449235,0.9960924226979273
0.6273271988016264,0.9960924226979273
0.627394328517924,0.9960924226979273
0.6274614726027398,0.9960924226979273
0.6275286310606871,0.9960924226979273
0.6275958038963819,0.9960924226979273
0.6276629911144417,0.9960924226979273
0.627730192719486,0.9960924226979273
0.6277974087161367,0.9960924226979273
0.6278646391090169,0.9960924226979273
0.6279318839027525,0.9960924226979273
0.6279991431019709,0.9960924226979273
0.6280664167113016,0.9960924226979273
0.628133704735376,0.9960924226979273
0.6282010071788278,0.9960924226979273
0.6282683240462923,0.9960924226979273
0.628335655342407,0.9960924226979273
0.6284030010718114,0.9960924226979273
0.6284703612391468,0.9960924226979273
0.6285377358490566,0.9960924226979273
0.6286051249061864,0.9960924226979273
0.6286725284151834,0.9960924226979273
0.6287399463806971,0.9960924226979273
0.6288073788073788,0.9960924226979273
0.6288748256998821,0.9960924226979273
0.628942287062862,0.9960924226979273
0.6290097629009763,0.9960924226979273
0.6290772532188841,0.9960924226979273
0.6291447580212469,0.9960924226979273
0.6292122773127281,0.9960924226979273
0.6292798110979929,0.9960924226979273
0.6293473593817089,0.9960924226979273
0.6294149221685453,0.9960924226979273
0.6294824994631737,0.9960924226979273
0.6295500912702674,0.9960924226979273
0.6296176975945017,0.9960924226979273
0.6296853184405542,0.9960924226979273
0.6297529538131041,0.9960924226979273
0.6298206037168331,0.9960924226979273
0.6298882681564246,0.9960924226979273
0.6299559471365639,0.9960924226979273
0.6300236406619385,0.9960924226979273
0.630091348737238,0.9960924226979273
0.6301590713671539,0.9960924226979273
0.6302268085563797,0.9960924226979273
0.6302945603096108,0.9960924226979273
0.630362326631545,0.9960924226979273
0.6304301075268817,0.9960924226979273
0.6304979030003226,0.9960924226979273
0.6305657130565713,0.9960924226979273
0.6306335377003335,0.9960924226979273
0.6307013769363167,0.9960924226979273
0.6307692307692307,0.9960924226979273
0.6308370992037874,0.9960924226979273
0.6309049822447003,0.9960924226979273
0.6309728798966853,0.9960924226979273
0.6310407921644602,0.9960924226979273
0.6311087190527449,0.9960924226979273
0.6311766605662612,0.9960924226979273
0.631244616709733,0.9960924226979273
0.6313125874878863,0.9960924226979273
0.631380572905449,0.9960924226979273
0.6314485729671513,0.9960924226979273
0.6315165876777251,0.9960924226979273
0.6315846170419046,0.9960924226979273
0.6316526610644257,0.9960924226979273
0.631720719750027,0.9960924226979273
0.6317887931034483,0.9960924226979273
0.6318568811294321,0.9960924226979273
0.6319249838327226,0.9960924226979273
0.6319931012180662,0.9960924226979273
0.6320612332902112,0.9960924226979273
0.6321293800539084,0.9960924226979273
0.6321975415139098,0.9960924226979273
0.6322657176749703,0.9960924226979273
0.6323339085418465,0.9960924226979273
0.6324021141192967,0.9960924226979273
0.632470334412082,0.9960924226979273
0.6325385694249649,0.9960924226979273
0.6326068191627104,0.9960924226979273
0.6326750836300853,0.9960924226979273
0.6327433628318584,0.9960924226979273
0.6328116567728008,0.9960924226979273
0.6328799654576857,0.9960924226979273
0.632948288891288,0.9960924226979273
0.6330166270783848,0.9960924226979273
0.6330849800237556,0.9960924226979273
0.6331533477321815,0.9960924226979273
0.6332217302084459,0.9960924226979273
0.6332901274573342,0.9960924226979273
0.633358539483634,0.9960924226979273
0.6334269662921348,0.9960924226979273
0.6334954078876283,0.9960924226979273
0.6335638642749082,0.9960924226979273
0.6335242624013834,0.9959225280326198
0.6335927367055771,0.9959225280326198
0.6336612258134255,0.9959225280326198
0.6337297297297297,0.9959225280326198
0.6337982484592929,0.9959225280326198
0.6338667820069204,0.9959225280326198
0.6339353303774197,0.9959225280326198
0.6340038935756003,0.9959225280326198
0.6340724716062737,0.9959225280326198
0.6341410644742536,0.9959225280326198
0.6342096721843558,0.9959225280326198
0.634278294741398,0.9959225280326198
0.6343469321502002,0.9959225280326198
0.6344155844155844,0.9959225280326198
0.6344842515423748,0.9959225280326198
0.6345529335353973,0.9959225280326198
0.6346216303994804,0.9959225280326198
0.6346903421394543,0.9959225280326198
0.6347590687601516,0.9959225280326198
0.6348278102664068,0.9959225280326198
0.6348965666630564,0.9959225280326198
0.6349653379549394,0.9959225280326198
0.6350341241468963,0.9959225280326198
0.6351029252437703,0.9959225280326198
0.6351717412504063,0.9959225280326198
0.6352405721716515,0.9959225280326198
0.6353094180123551,0.9959225280326198
0.6353782787773683,0.9959225280326198
0.6354471544715448,0.9959225280326198
0.6355160450997398,0.9959225280326198
0.6355849506668112,0.9959225280326198
0.6356538711776187,0.9959225280326198
0.6357228066370242,0.9959225280326198
0.6357917570498915,0.9959225280326198
0.6358607224210869,0.9959225280326198
0.6359297027554784,0.9959225280326198
0.6359986980579364,0.9959225280326198
0.6360677083333334,0.9959225280326198
0.6361367335865437,0.9959225280326198
0.6362057738224441,0.9959225280326198
0.6362748290459134,0.9959225280326198
0.6363438992618324,0.9959225280326198
0.6364129844750841,0.9959225280326198
0.6364820846905538,0.9959225280326198
0.6365511999131285,0.9959225280326198
0.6366203301476977,0.9959225280326198
0.6366894753991528,0.9959225280326198
0.6367586356723876,0.9959225280326198
0.6368278109722977,0.9959225280326198
0.636897001303781,0.9959225280326198
0.6369662066717374,0.9959225280326198
0.6370354270810693,0.9959225280326198
0.6371046625366807,0.9959225280326198
0.6371739130434783,0.9959225280326198
0.6372431786063703,0.9959225280326198
0.6373124592302675,0.9959225280326198
0.6373817549200826,0.9959225280326198
0.6374510656807307,0.9959225280326198
0.6375203915171289,0.9959225280326198
0.6375897324341963,0.9959225280326198
0.6376590884368541,0.9959225280326198
0.6377284595300261,0.9959225280326198
0.6377978457186378,0.9959225280326198
0.637867247007617,0.9959225280326198
0.6379366634018936,0.9959225280326198
0.6380060949063997,0.9959225280326198
0.6380755415260695,0.9959225280326198
0.6381450032658393,0.9959225280326198
0.6382144801306477,0.9959225280326198
0.6382839721254355,0.9959225280326198
0.6383534792551454,0.9959225280326198
0.6384230015247223,0.9959225280326198
0.6384925389391134,0.9959225280326198
0.6385620915032679,0.9959225280326198
0.6386316592221375,0.9959225280326198
0.6387012421006756,0.9959225280326198
0.6387708401438379,0.9959225280326198
0.6388404533565823,0.9959225280326198
0.6389100817438692,0.9959225280326198
0.6389797253106606,0.9959225280326198
0.6390493840619208,0.9959225280326198
0.6391190580026167,0.9959225280326198
0.6391887471377167,0.9959225280326198
0.639258451472192,0.9959225280326198
0.6393281710110154,0.9959225280326198
0.6393979057591623,0.9959225280326198
0.6394676557216101,0.9959225280326198
0.6395374209033384,0.9959225280326198
0.639607201309329,0.9959225280326198
0.6395678742907027,0.9957526333673122
0.6396376732511186,0.9957526333673122
0.6397074874481554,0.9957526333673122
0.6397773168868027,0.9957526333673122
0.6398471615720523,0.9957526333673122
0.6399170215088984,0.9957526333673122
0.6399868967023368,0.9957526333673122
0.6400567871573659,0.9957526333673122
0.6401266928789865,0.9957526333673122
0.640196613872201,0.9957526333673122
0.6402665501420144,0.9957526333673122
0.6403365016934338,0.9957526333673122
0.6404064685314685,0.9957526333673122
0.6404764506611299,0.9957526333673122
0.6405464480874317,0.9957526333673122
0.6406164608153897,0.9957526333673122
0.6406864888500219,0.9957526333673122
0.6407565321963485,0.9957526333673122
0.6408265908593921,0.9957526333673122
0.6408966648441772,0.9957526333673122
0.6409667541557306,0.9957526333673122
0.6410368587990812,0.9957526333673122
0.6411069787792606,0.9957526333673122
0.6411771141013018,0.9957526333673122
0.6412472647702407,0.9957526333673122
0.641317430791115,0.9957526333673122
0.6413876121689648,0.9957526333673122
0.6414578089088322,0.9957526333673122
0.6415280210157618,0.9957526333673122
0.6415982484948002,0.9957526333673122
0.6416684913509962,0.9957526333673122
0.641738749589401,0.9957526333673122
0.6418090232150679,0.9957526333673122
0.6418793122330523,0.9957526333673122
0.6419496166484119,0.9957526333673122
0.6420199364662066,0.9957526333673122
0.6420902716914987,0.9957526333673122
0.6421606223293524,0.9957526333673122
0.6422309883848345,0.9957526333673122
0.6423013698630137,0.9957526333673122
0.642371766768961,0.9957526333673122
0.6424421791077496,0.9957526333673122
0.6425126068844552,0.9957526333673122
0.6425830501041553,0.9957526333673122
0.6426535087719298,0.9957526333673122
0.642723982892861,0.9957526333673122
0.6427944724720334,0.9957526333673122
0.6428649775145333,0.9957526333673122
0.6429354980254498,0.9957526333673122
0.6430060340098739,0.9957526333673122
0.6430765854728988,0.9957526333673122
0.6431471524196203,0.9957526333673122
0.6432177348551361,0.9957526333673122
0.6432883327845461,0.9957526333673122
0.6433589462129528,0.9957526333673122
0.6434295751454605,0.9957526333673122
0.6435002195871761,0.9957526333673122
0.6435708795432086,0.9957526333673122
0.643641555018669,0.9957526333673122
0.643712246018671,0.9957526333673122
0.6437829525483304,0.9957526333673122
0.643853674612765,0.9957526333673122
0.6439244122170952,0.9957526333673122
0.6439951653664433,0.9957526333673122
0.644065934065934,0.9957526333673122
0.6441367183206946,0.9957526333673122
0.6442075181358541,0.9957526333673122
0.644278333516544,0.9957526333673122
0.644349164467898,0.9957526333673122
0.6444200109950522,0.9957526333673122
0.6444908731031449,0.9957526333673122
0.6445617507973166,0.9957526333673122
0.64463264408271,0.9957526333673122
0.6447035529644703,0.9957526333673122
0.6447744774477447,0.9957526333673122
0.6448454175376829,0.9957526333673122
0.6449163732394366,0.9957526333673122
0.64498734455816,0.9957526333673122
0.6450583314990095,0.9957526333673122
0.6451293340671437,0.9957526333673122
0.6452003522677234,0.9957526333673122
0.6452713861059122,0.9957526333673122
0.6453424355868751,0.9957526333673122
0.6454135007157802,0.9957526333673122
0.6454845814977973,0.9957526333673122
0.6455556779380989,0.9957526333673122
0.6456267900418594,0.9957526333673122
0.6456979178142558,0.9957526333673122
0.6457690612604672,0.9957526333673122
0.6458402203856749,0.9957526333673122
0.6459113951950628,0.9957526333673122
0.6459825856938168,0.9957526333673122
0.6460537918871252,0.9957526333673122
0.6461250137801786,0.9957526333673122
0.6461962513781698,0.9957526333673122
0.646267504686294,0.9957526333673122
0.6463387737097486,0.9957526333673122
0.6464100584537333,0.9957526333673122
0.6464813589234503,0.9957526333673122
0.6465526751241037,0.9957526333673122
0.6466240070609003,0.9957526333673122
0.6466953547390489,0.9957526333673122
0.6467667181637607,0.9957526333673122
0.6468380973402494,0.9957526333673122
0.6469094922737307,0.9957526333673122
0.6469809029694227,0.9957526333673122
0.6470523294325459,0.9957526333673122
0.6471237716683228,0.9957526333673122
0.6471952296819788,0.9957526333673122
0.647266703478741,0.9957526333673122
0.6473381930638392,0.9957526333673122
0.6474096984425053,0.9957526333673122
0.6474812196199735,0.9957526333673122
0.6475527566014805,0.9957526333673122
0.6476243093922652,0.9957526333673122
0.6476958779975688,0.9957526333673122
0.6477674624226348,0.9957526333673122
0.6478390626727092,0.9957526333673122
0.64791067875304,0.9957526333673122
0.6479823106688778,0.9957526333673122
0.6480539584254754,0.9957526333673122
0.648125622028088,0.9957526333673122
0.648197301481973,0.9957526333673122
0.6482689967923903,0.9957526333673122
0.6483407079646017,0.9957526333673122
0.6484124350038721,0.9957526333673122
0.648484177915468,0.9957526333673122
0.6485559367046586,0.9957526333673122
0.6486277113767154,0.9957526333673122
0.6486995019369121,0.9957526333673122
0.6487713083905247,0.9957526333673122
0.6488431307428318,0.9957526333673122
0.6489149689991143,0.9957526333673122
0.6489868231646551,0.9957526333673122
0.6490586932447397,0.9957526333673122
0.6491305792446561,0.9957526333673122
0.6492024811696943,0.9957526333673122
0.6492743990251468,0.9957526333673122
0.6493463328163085,0.9957526333673122
0.6494182825484764,0.9957526333673122
0.6494902482269503,0.9957526333673122
0.649562229857032,0.9957526333673122
0.6496342274440258,0.9957526333673122
0.649706240993238,0.9957526333673122
0.6497782705099778,0.9957526333673122
0.6498503159995564,0.9957526333673122
0.6499223774672876,0.9957526333673122
0.6499944549184873,0.9957526333673122
0.6500665483584738,0.9957526333673122
0.650138657792568,0.9957526333673122
0.6502107832260927,0.9957526333673122
0.6502829246643737,0.9957526333673122
0.6503550821127386,0.9957526333673122
0.6504272555765176,0.9957526333673122
0.6504994450610433,0.9957526333673122
0.6505716505716506,0.9957526333673122
0.6506438721136767,0.9957526333673122
0.6507161096924614,0.9957526333673122
0.6506773262269598,0.9955827387020048
0.6507495835646863,0.9955827387020048
0.6508218569524655,0.9955827387020048
0.6508941463956459,0.9955827387020048
0.6509664518995779,0.9955827387020048
0.6510387734696145,0.9955827387020048
0.6511111111111111,0.9955827387020048
0.6511834648294255,0.9955827387020048
0.6512558346299178,0.9955827387020048
0.6513282205179505,0.9955827387020048
0.6514006224988884,0.9955827387020048
0.651473040578099,0.9955827387020048
0.6515454747609517,0.9955827387020048
0.6516179250528189,0.9955827387020048
0.6516903914590747,0.9955827387020048
0.6517628739850962,0.9955827387020048
0.6518353726362626,0.9955827387020048
0.6519078874179552,0.9955827387020048
0.6519804183355585,0.9955827387020048
0.6520529653944587,0.9955827387020048
0.6521255286000445,0.9955827387020048
0.6521981079577073,0.9955827387020048
0.6522707034728406,0.9955827387020048
0.6523433151508404,0.9955827387020048
0.6524159429971054,0.9955827387020048
0.6524885870170359,0.9955827387020048
0.6525612472160356,0.9955827387020048
0.65263392359951,0.9955827387020048
0.652706616172867,0.9955827387020048
0.6527793249415172,0.9955827387020048
0.6528520499108734,0.9955827387020048
0.6529247910863509,0.9955827387020048
0.6529975484733676,0.9955827387020048
0.6530703220773432,0.9955827387020048
0.6531431119037004,0.9955827387020048
0.6532159179578643,0.9955827387020048
0.653288740245262,0.9955827387020048
0.6533615787713234,0.9955827387020048
0.6534344335414808,0.9955827387020048
0.6535073045611687,0.9955827387020048
0.6535801918358243,0.9955827387020048
0.6535415504740658,0.9954128440366973
0.6536144578313253,0.9954128440366973
0.6536873814571014,0.9954128440366973
0.65376032135684,0.9954128440366973
0.6538332775359893,0.9954128440366973
0.65390625,0.9954128440366973
0.6539792387543253,0.9954128440366973
0.6540522438044206,0.9954128440366973
0.6541252651557441,0.9954128440366973
0.6541983028137561,0.9954128440366973
0.6542713567839196,0.9954128440366973
0.6543444270716998,0.9954128440366973
0.6544175136825645,0.9954128440366973
0.6544906166219839,0.9954128440366973
0.6545637358954307,0.9954128440366973
0.6546368715083799,0.9954128440366973
0.6547100234663091,0.9954128440366973
0.6547831917746982,0.9954128440366973
0.6548563764390298,0.9954128440366973
0.6549295774647887,0.9954128440366973
0.6550027948574623,0.9954128440366973
0.6550760286225402,0.9954128440366973
0.6551492787655149,0.9954128440366973
0.6552225452918811,0.9954128440366973
0.6552958282071357,0.9954128440366973
0.6553691275167786,0.9954128440366973
0.6554424432263116,0.9954128440366973
0.6555157753412396,0.9954128440366973
0.6555891238670695,0.9954128440366973
0.6556624888093107,0.9954128440366973
0.6557358701734751,0.9954128440366973
0.6558092679650772,0.9954128440366973
0.655882682189634,0.9954128440366973
0.6559561128526645,0.9954128440366973
0.6560295599596909,0.9954128440366973
0.6561030235162374,0.9954128440366973
0.6561765035278306,0.9954128440366973
0.65625,0.9954128440366973
0.6563235129382772,0.9954128440366973
0.6563970423481963,0.9954128440366973
0.6564705882352941,0.9954128440366973
0.6565441506051098,0.9954128440366973
0.656617729463185,0.9954128440366973
0.6566913248150639,0.9954128440366973
0.656764936666293,0.9954128440366973
0.6568385650224215,0.9954128440366973
0.656912209889001,0.9954128440366973
0.6569858712715856,0.9954128440366973
0.6570595491757317,0.9954128440366973
0.6571332436069987,0.9954128440366973
0.6572069545709478,0.9954128440366973
0.6572806820731434,0.9954128440366973
0.6573544261191518,0.9954128440366973
0.6574281867145422,0.9954128440366973
0.6575019638648861,0.9954128440366973
0.6575757575757576,0.9954128440366973
0.6576495678527332,0.9954128440366973
0.657723394701392,0.9954128440366973
0.6577972381273156,0.9954128440366973
0.657871098136088,0.9954128440366973
0.6579449747332959,0.9954128440366973
0.6580188679245284,0.9954128440366973
0.6580927777153769,0.9954128440366973
0.6581667041114356,0.9954128440366973
0.6582406471183013,0.9954128440366973
0.658314606741573,0.9954128440366973
0.6583885829868524,0.9954128440366973
0.6584625758597438,0.9954128440366973
0.6585365853658537,0.9954128440366973
0.6586106115107914,0.9954128440366973
0.6586846543001686,0.9954128440366973
0.6587587137395997,0.9954128440366973
0.6588327898347015,0.9954128440366973
0.6589068825910931,0.9954128440366973
0.6589809920143965,0.9954128440366973
0.6590551181102362,0.9954128440366973
0.659129260884239,0.9954128440366973
0.6592034203420342,0.9954128440366973
0.659277596489254,0.9954128440366973
0.6593517893315327,0.9954128440366973
0.6594259988745076,0.9954128440366973
0.6595002251238181,0.9954128440366973
0.6595744680851063,0.9954128440366973
0.6596487277640171,0.9954128440366973
0.6597230041661974,0.9954128440366973
0.6597972972972973,0.9954128440366973
0.6598716071629688,0.9954128440366973
0.6598332957873395,0.9952429493713897
0.6599076264503774,0.9952429493713897
0.6599819738621,0.9952429493713897
0.660056338028169,0.9952429493713897
0.6601307189542484,0.9952429493713897
0.6602051166460048,0.9952429493713897
0.6602795311091073,0.9952429493713897
0.6603539623492278,0.9952429493713897
0.6604284103720406,0.9952429493713897
0.6605028751832225,0.9952429493713897
0.6605773567884529,0.9952429493713897
0.6606518551934137,0.9952429493713897
0.6607263704037898,0.9952429493713897
0.6608009024252679,0.9952429493713897
0.6608754512635379,0.9952429493713897
0.660950016924292,0.9952429493713897
0.661024599413225,0.9952429493713897
0.6610991987360343,0.9952429493713897
0.6611738148984199,0.9952429493713897
0.6612484479060842,0.9952429493713897
0.6613230977647324,0.9952429493713897
0.6613977644800723,0.9952429493713897
0.6614724480578139,0.9952429493713897
0.6615471485036702,0.9952429493713897
0.6616218658233567,0.9952429493713897
0.6616966000225912,0.9952429493713897
0.6617713511070944,0.9952429493713897
0.6618461190825895,0.9952429493713897
0.6619209039548023,0.9952429493713897
0.661995705729461,0.9952429493713897
0.6620705244122965,0.9952429493713897
0.6621453600090426,0.9952429493713897
0.6622202125254352,0.9952429493713897
0.6622950819672131,0.9952429493713897
0.6623699683401176,0.9952429493713897
0.6624448716498925,0.9952429493713897
0.6625197919022846,0.9952429493713897
0.6625947291030426,0.9952429493713897
0.6626696832579185,0.9952429493713897
0.6627446543726666,0.9952429493713897
0.6628196424530437,0.9952429493713897
0.6628946475048093,0.9952429493713897
0.6629696695337257,0.9952429493713897
0.6630447085455574,0.9952429493713897
0.663119764546072,0.9952429493713897
0.6631948375410393,0.9952429493713897
0.6632699275362319,0.9952429493713897
0.663345034537425,0.9952429493713897
0.6634201585503964,0.9952429493713897
0.6634952995809265,0.9952429493713897
0.6635704576347984,0.9952429493713897
0.6636456327177976,0.9952429493713897
0.6637208248357127,0.9952429493713897
0.6637960339943343,0.9952429493713897
0.6638712601994561,0.9952429493713897
0.6639465034568741,0.9952429493713897
0.6640217637723872,0.9952429493713897
0.6640970411517968,0.9952429493713897
0.664172335600907,0.9952429493713897
0.6642476471255244,0.9952429493713897
0.6643229757314584,0.9952429493713897
0.6643983214245208,0.9952429493713897
0.6644736842105263,0.9952429493713897
0.6645490640952921,0.9952429493713897
0.6646244610846381,0.9952429493713897
0.6646998751843867,0.9952429493713897
0.6647753064003631,0.9952429493713897
0.6648507547383952,0.9952429493713897
0.6649262202043132,0.9952429493713897
0.6650017028039505,0.9952429493713897
0.6650772025431426,0.9952429493713897
0.6651527194277279,0.9952429493713897
0.6652282534635476,0.9952429493713897
0.6653038046564452,0.9952429493713897
0.6653793730122671,0.9952429493713897
0.6654549585368624,0.9952429493713897
0.6655305612360827,0.9952429493713897
0.6656061811157823,0.9952429493713897
0.6656818181818182,0.9952429493713897
0.66575747244005,0.9952429493713897
0.6658331438963401,0.9952429493713897
0.6659088325565534,0.9952429493713897
0.6659845384265575,0.9952429493713897
0.6660602615122229,0.9952429493713897
0.6661360018194223,0.9952429493713897
0.6662117593540317,0.9952429493713897
0.666287534121929,0.9952429493713897
0.6663633261289955,0.9952429493713897
0.6664391353811149,0.9952429493713897
0.6665149618841734,0.9952429493713897
0.66659080564406,0.9952429493713897
0.6666666666666666,0.9952429493713897
0.6667425449578875,0.9952429493713897
0.6668184405236198,0.9952429493713897
0.6668943533697632,0.9952429493713897
0.6669702835022202,0.9952429493713897
0.667046230926896,0.9952429493713897
0.6671221956496982,0.9952429493713897
0.6671981776765376,0.9952429493713897
0.6672741770133273,0.9952429493713897
0.6673501936659831,0.9952429493713897
0.6674262276404238,0.9952429493713897
0.6675022789425706,0.9952429493713897
0.6675783475783476,0.9952429493713897
0.6676544335536814,0.9952429493713897
0.6677305368745013,0.9952429493713897
0.6678066575467396,0.9952429493713897
0.6678827955763311,0.9952429493713897
0.6679589509692132,0.9952429493713897
0.6680351237313262,0.9952429493713897
0.6681113138686131,0.9952429493713897
0.6681875213870195,0.9952429493713897
0.6682637462924937,0.9952429493713897
0.6683399885909869,0.9952429493713897
0.6684162482884528,0.9952429493713897
0.6684925253908479,0.9952429493713897
0.6685688199041315,0.9952429493713897
0.6686451318342655,0.9952429493713897
0.6686073059360731,0.9950730547060822
0.6686836396848955,0.9950730547060822
0.6687599908654944,0.9950730547060822
0.6687221651250428,0.9949031600407747
0.6687985381452718,0.9949031600407747
0.6688749286122216,0.9949031600407747
0.6689513365318711,0.9949031600407747
0.6690277619102022,0.9949031600407747
0.6691042047531993,0.9949031600407747
0.6691806650668495,0.9949031600407747
0.6692571428571429,0.9949031600407747
0.669333638130072,0.9949031600407747
0.6694101508916324,0.9949031600407747
0.6694866811478221,0.9949031600407747
0.6695632289046421,0.9949031600407747
0.669639794168096,0.9949031600407747
0.6697163769441903,0.9949031600407747
0.669792977238934,0.9949031600407747
0.6698695950583391,0.9949031600407747
0.66994623040842,0.9949031600407747
0.6700228832951945,0.9949031600407747
0.6700995537246824,0.9949031600407747
0.6701762417029068,0.9949031600407747
0.6702529472358933,0.9949031600407747
0.6703296703296703,0.9949031600407747
0.670406410990269,0.9949031600407747
0.6704831692237234,0.9949031600407747
0.6705599450360701,0.9949031600407747
0.6706367384333486,0.9949031600407747
0.6707135494216012,0.9949031600407747
0.6707903780068728,0.9949031600407747
0.6708672241952114,0.9949031600407747
0.6709440879926672,0.9949031600407747
0.6710209694052939,0.9949031600407747
0.6710978684391474,0.9949031600407747
0.6711747851002865,0.9949031600407747
0.671251719394773,0.9949031600407747
0.6713286713286714,0.9949031600407747
0.6714056409080487,0.9949031600407747
0.6714826281389749,0.9949031600407747
0.671559633027523,0.9949031600407747
0.6716366555797684,0.9949031600407747
0.6717136958017894,0.9949031600407747
0.6717907536996673,0.9949031600407747
0.671867829279486,0.9949031600407747
0.6719449225473322,0.9949031600407747
0.6720220335092953,0.9949031600407747
0.6720991621714679,0.9949031600407747
0.6721763085399449,0.9949031600407747
0.6722534726208242,0.9949031600407747
0.6723306544202067,0.9949031600407747
0.6724078539441957,0.9949031600407747
0.6724850711988976,0.9949031600407747
0.6725623061904215,0.9949031600407747
0.6726395589248794,0.9949031600407747
0.672716829408386,0.9949031600407747
0.6727941176470589,0.9949031600407747
0.6728714236470182,0.9949031600407747
0.6729487474143875,0.9949031600407747
0.6730260889552925,0.9949031600407747
0.6731034482758621,0.9949031600407747
0.6731808253822278,0.9949031600407747
0.6732582202805243,0.9949031600407747
0.6733356329768886,0.9949031600407747
0.6734130634774609,0.9949031600407747
0.6734905117883841,0.9949031600407747
0.673567977915804,0.9949031600407747
0.673645461865869,0.9949031600407747
0.6737229636447308,0.9949031600407747
0.6738004832585434,0.9949031600407747
0.6738780207134637,0.9949031600407747
0.6739555760156519,0.9949031600407747
0.6740331491712708,0.9949031600407747
0.6741107401864855,0.9949031600407747
0.6741883490674648,0.9949031600407747
0.67426597582038,0.9949031600407747
0.6743436204514048,0.9949031600407747
0.6744212829667166,0.9949031600407747
0.6744989633724948,0.9949031600407747
0.6745766616749223,0.9949031600407747
0.6746543778801843,0.9949031600407747
0.6747321119944694,0.9949031600407747
0.6748098640239687,0.9949031600407747
0.6748876339748761,0.9949031600407747
0.6749654218533887,0.9949031600407747
0.675043227665706,0.9949031600407747
0.6751210514180309,0.9949031600407747
0.6751988931165687,0.9949031600407747
0.6752767527675276,0.9949031600407747
0.6753546303771192,0.9949031600407747
0.6754325259515571,0.9949031600407747
0.6755104394970585,0.9949031600407747
0.6755883710198431,0.9949031600407747
0.6756663205261336,0.9949031600407747
0.6757442880221556,0.9949031600407747
0.6758222735141374,0.9949031600407747
0.6759002770083102,0.9949031600407747
0.6759782985109085,0.9949031600407747
0.676056338028169,0.9949031600407747
0.6761343955663318,0.9949031600407747
0.6762124711316397,0.9949031600407747
0.6762905647303383,0.9949031600407747
0.6763686763686764,0.9949031600407747
0.6764468060529052,0.9949031600407747
0.6765249537892791,0.9949031600407747
0.6766031195840555,0.9949031600407747
0.6766813034434943,0.9949031600407747
0.6767595053738588,0.9949031600407747
0.6768377253814147,0.9949031600407747
0.6769159634724309,0.9949031600407747
0.6769942196531792,0.9949031600407747
0.6770724939299341,0.9949031600407747
0.6770351526364478,0.9947332653754672
0.6771134497513589,0.9947332653754672
0.6771917649780245,0.9947332653754672
0.6772700983227299,0.9947332653754672
0.6773484497917631,0.9947332653754672
0.677426819391415,0.9947332653754672
0.6775052071279797,0.9947332653754672
0.6775836130077537,0.9947332653754672
0.6776620370370371,0.9947332653754672
0.6777404792221322,0.9947332653754672
0.6778189395693448,0.9947332653754672
0.6778974180849832,0.9947332653754672
0.677975914775359,0.9947332653754672
0.6780544296467863,0.9947332653754672
0.6781329627055825,0.9947332653754672
0.6782115139580679,0.9947332653754672
0.6782900834105653,0.9947332653754672
0.678368671069401,0.9947332653754672
0.6784472769409038,0.9947332653754672
0.6785259010314058,0.9947332653754672
0.6786045433472415,0.9947332653754672
0.678683203894749,0.9947332653754672
0.6787618826802689,0.9947332653754672
0.6788405797101449,0.9947332653754672
0.6789192949907236,0.9947332653754672
0.6789980285283544,0.9947332653754672
0.6790767803293899,0.9947332653754672
0.6791555504001856,0.9947332653754672
0.6792343387470998,0.9947332653754672
0.6793131453764938,0.9947332653754672
0.679391970294732,0.9947332653754672
0.6794708135081815,0.9947332653754672
0.6795496750232126,0.9947332653754672
0.6796285548461984,0.9947332653754672
0.6797074529835152,0.9947332653754672
0.6797863694415418,0.9947332653754672
0.6798653042266605,0.9947332653754672
0.6799442573452561,0.9947332653754672
0.6800232288037166,0.9947332653754672
0.680102218608433,0.9947332653754672
0.6801812267657993,0.9947332653754672
0.6802602532822122,0.9947332653754672
0.6803392981640716,0.9947332653754672
0.6804183614177803,0.9947332653754672
0.6804974430497444,0.9947332653754672
0.6805765430663722,0.9947332653754672
0.6806556614740757,0.9947332653754672
0.6807347982792699,0.9947332653754672
0.6808139534883721,0.9947332653754672
0.6808931271078033,0.9947332653754672
0.6809723191439869,0.9947332653754672
0.68105152960335,0.9947332653754672
0.681130758492322,0.9947332653754672
0.6812100058173357,0.9947332653754672
0.6812892715848267,0.9947332653754672
0.6813685558012336,0.9947332653754672
0.6814478584729982,0.9947332653754672
0.6815271796065651,0.9947332653754672
0.6816065192083819,0.9947332653754672
0.6816858772848993,0.9947332653754672
0.681765253842571,0.9947332653754672
0.6818446488878537,0.9947332653754672
0.681924062427207,0.9947332653754672
0.6820034944670937,0.9947332653754672
0.6820829450139795,0.9947332653754672
0.682162414074333,0.9947332653754672
0.682241901654626,0.9947332653754672
0.6823214077613332,0.9947332653754672
0.6824009324009324,0.9947332653754672
0.6824804755799044,0.9947332653754672
0.682560037304733,0.9947332653754672
0.6826396175819051,0.9947332653754672
0.6827192164179104,0.9947332653754672
0.682798833819242,0.9947332653754672
0.6828784697923956,0.9947332653754672
0.6829581243438703,0.9947332653754672
0.683037797480168,0.9947332653754672
0.6831174892077937,0.9947332653754672
0.6830805134189032,0.9945633707101597
0.683160228731474,0.9945633707101597
0.6832399626517274,0.9945633707101597
0.6833197151861795,0.9945633707101597
0.6833994863413495,0.9945633707101597
0.6834792761237595,0.9945633707101597
0.6835590845399346,0.9945633707101597
0.6836389115964031,0.9945633707101597
0.6837187572996963,0.9945633707101597
0.6837986216563485,0.9945633707101597
0.6838785046728972,0.9945633707101597
0.6839584063558827,0.9945633707101597
0.6840383267118486,0.9945633707101597
0.6841182657473414,0.9945633707101597
0.6841982234689107,0.9945633707101597
0.6842781998831093,0.9945633707101597
0.6843581949964929,0.9945633707101597
0.6844382088156202,0.9945633707101597
0.6845182413470533,0.9945633707101597
0.684598292597357,0.9945633707101597
0.6846783625730994,0.9945633707101597
0.6847584512808516,0.9945633707101597
0.6848385587271877,0.9945633707101597
0.6849186849186849,0.9945633707101597
0.6849988298619237,0.9945633707101597
0.6850789935634874,0.9945633707101597
0.6851591760299626,0.9945633707101597
0.6852393772679387,0.9945633707101597
0.6853195972840084,0.9945633707101597
0.6853998360847676,0.9945633707101597
0.685480093676815,0.9945633707101597
0.6855603700667525,0.9945633707101597
0.6856406652611853,0.9945633707101597
0.6857209792667214,0.9945633707101597
0.6858013120899719,0.9945633707101597
0.6858816637375512,0.9945633707101597
0.6859620342160768,0.9945633707101597
0.6860424235321693,0.9945633707101597
0.6861228316924519,0.9945633707101597
0.6862032587035517,0.9945633707101597
0.6862837045720985,0.9945633707101597
0.6863641693047251,0.9945633707101597
0.6864446529080676,0.9945633707101597
0.6865251553887651,0.9945633707101597
0.68660567675346,0.9945633707101597
0.6866862170087976,0.9945633707101597
0.6867667761614266,0.9945633707101597
0.6868473542179984,0.9945633707101597
0.6869279511851678,0.9945633707101597
0.6870085670695928,0.9945633707101597
0.6870892018779343,0.9945633707101597
0.6871698556168564,0.9945633707101597
0.6872505282930266,0.9945633707101597
0.687331219913115,0.9945633707101597
0.6874119304837952,0.9945633707101597
0.687492660011744,0.9945633707101597
0.687573408503641,0.9945633707101597
0.6876541759661694,0.9945633707101597
0.6877349624060151,0.9945633707101597
0.6878157678298672,0.9945633707101597
0.6878965922444183,0.9945633707101597
0.6879774356563638,0.9945633707101597
0.6880582980724025,0.9945633707101597
0.688139179499236,0.9945633707101597
0.6882200799435693,0.9945633707101597
0.6883009994121105,0.9945633707101597
0.688381937911571,0.9945633707101597
0.6884628954486651,0.9945633707101597
0.6885438720301106,0.9945633707101597
0.6886248676626279,0.9945633707101597
0.6887058823529412,0.9945633707101597
0.6887869161077774,0.9945633707101597
0.6888679689338668,0.9945633707101597
0.6889490408379428,0.9945633707101597
0.689030131826742,0.9945633707101597
0.6891112419070041,0.9945633707101597
0.689192371085472,0.9945633707101597
0.689273519368892,0.9945633707101597
0.6893546867640132,0.9945633707101597
0.689435873277588,0.9945633707101597
0.6895170789163722,0.9945633707101597
0.6895983036871245,0.9945633707101597
0.689679547596607,0.9945633707101597
0.6897608106515848,0.9945633707101597
0.6898420928588263,0.9945633707101597
0.6899233942251031,0.9945633707101597
0.69000471475719,0.9945633707101597
0.6900860544618649,0.9945633707101597
0.690167413345909,0.9945633707101597
0.6902487914161066,0.9945633707101597
0.6903301886792453,0.9945633707101597
0.6904116051421159,0.9945633707101597
0.6904930408115122,0.9945633707101597
0.6905744956942315,0.9945633707101597
0.6906559697970741,0.9945633707101597
0.6907374631268437,0.9945633707101597
0.6908189756903469,0.9945633707101597
0.6909005074943939,0.9945633707101597
0.690982058545798,0.9945633707101597
0.6910636288513753,0.9945633707101597
0.6911452184179457,0.9945633707101597
0.6912268272523321,0.9945633707101597
0.6913084553613604,0.9945633707101597
0.6913901027518602,0.9945633707101597
0.6914717694306638,0.9945633707101597
0.6915534554046072,0.9945633707101597
0.6916351606805293,0.9945633707101597
0.6917168852652723,0.9945633707101597
0.6917986291656819,0.9945633707101597
0.6918803923886065,0.9945633707101597
0.6919621749408984,0.9945633707101597
0.6920439768294124,0.9945633707101597
0.6921257980610074,0.9945633707101597
0.6922076386425446,0.9945633707101597
0.6922894985808893,0.9945633707101597
0.6923713778829095,0.9945633707101597
0.6924532765554767,0.9945633707101597
0.6925351946054655,0.9945633707101597
0.692617132039754,0.9945633707101597
0.692699088865223,0.9945633707101597
0.6927810650887574,0.9945633707101597
0.6928630607172447,0.9945633707101597
0.6929450757575758,0.9945633707101597
0.693027110216645,0.9945633707101597
0.6931091641013497,0.9945633707101597
0.6931912374185909,0.9945633707101597
0.6932733301752724,0.9945633707101597
0.6933554423783016,0.9945633707101597
0.6934375740345889,0.9945633707101597
0.6935197251510484,0.9945633707101597
0.6936018957345972,0.9945633707101597
0.6936840857921555,0.9945633707101597
0.693766295330647,0.9945633707101597
0.693848524356999,0.9945633707101597
0.6939307728781413,0.9945633707101597
0.6940130409010077,0.9945633707101597
0.694095328432535,0.9945633707101597
0.6941776354796633,0.9945633707101597
0.6942599620493358,0.9945633707101597
0.6943423081484996,0.9945633707101597
0.6944246737841044,0.9945633707101597
0.6945070589631036,0.9945633707101597
0.6945894636924538,0.9945633707101597
0.6946718879791147,0.9945633707101597
0.6947543318300499,0.9945633707101597
0.6948367952522255,0.9945633707101597
0.6949192782526116,0.9945633707101597
0.6950017808381812,0.9945633707101597
0.6949655663737829,0.9943934760448522
0.6950480940505878,0.9943934760448522
0.6951306413301662,0.9943934760448522
0.6952132082195035,0.9943934760448522
0.695295794725588,0.9943934760448522
0.6953784008554117,0.9943934760448522
0.6954610266159695,0.9943934760448522
0.6955436720142603,0.9943934760448522
0.6956263370572855,0.9943934760448522
0.6957090217520504,0.9943934760448522
0.6957917261055635,0.9943934760448522
0.6958744501248365,0.9943934760448522
0.6959571938168847,0.9943934760448522
0.6960399571887264,0.9943934760448522
0.6961227402473834,0.9943934760448522
0.696205542999881,0.9943934760448522
0.6962883654532477,0.9943934760448522
0.6963712076145152,0.9943934760448522
0.6964540694907188,0.9943934760448522
0.6965369510888968,0.9943934760448522
0.6966198524160914,0.9943934760448522
0.6967027734793477,0.9943934760448522
0.6967857142857142,0.9943934760448522
0.6968686748422431,0.9943934760448522
0.6969516551559896,0.9943934760448522
0.6970346552340122,0.9943934760448522
0.6971176750833731,0.9943934760448522
0.6972007147111375,0.9943934760448522
0.6972837741243746,0.9943934760448522
0.6973668533301561,0.9943934760448522
0.6974499523355576,0.9943934760448522
0.6975330711476582,0.9943934760448522
0.6976162097735399,0.9943934760448522
0.6976993682202884,0.9943934760448522
0.6977825464949928,0.9943934760448522
0.6977465124597592,0.9942235813795447
0.6978297161936561,0.9942235813795447
0.6979129397734049,0.9942235813795447
0.6979961832061069,0.9942235813795447
0.6980794464988668,0.9942235813795447
0.6981627296587927,0.9942235813795447
0.698246032692996,0.9942235813795447
0.6983293556085919,0.9942235813795447
0.6984126984126984,0.9942235813795447
0.6984960611124373,0.9942235813795447
0.6985794437149337,0.9942235813795447
0.6986628462273161,0.9942235813795447
0.6987462686567164,0.9942235813795447
0.6988297110102699,0.9942235813795447
0.6989131732951153,0.9942235813795447
0.6989966555183946,0.9942235813795447
0.6990801576872536,0.9942235813795447
0.6991636798088411,0.9942235813795447
0.6992472218903095,0.9942235813795447
0.6993307839388145,0.9942235813795447
0.6994143659615155,0.9942235813795447
0.699497967965575,0.9942235813795447
0.699581589958159,0.9942235813795447
0.6996652319464371,0.9942235813795447
0.6997488939375822,0.9942235813795447
0.6998325759387706,0.9942235813795447
0.6999162779571821,0.9942235813795447
0.7,0.9942235813795447
0.7000837420744108,0.9942235813795447
0.7001675041876047,0.9942235813795447
0.7001316261816442,0.9940536867142372
0.7002154140737195,0.9940536867142372
0.7002992220227409,0.9940536867142372
0.700383050035911,0.9940536867142372
0.7004668981204357,0.9940536867142372
0.7005507662835249,0.9940536867142372
0.7006346545323914,0.9940536867142372
0.7007185628742515,0.9940536867142372
0.7008024913163253,0.9940536867142372
0.7008864398658361,0.9940536867142372
0.7009704085300108,0.9940536867142372
0.7010543973160795,0.9940536867142372
0.7011384062312762,0.9940536867142372
0.701222435282838,0.9940536867142372
0.7013064844780055,0.9940536867142372
0.701390553824023,0.9940536867142372
0.7014746433281381,0.9940536867142372
0.701558752997602,0.9940536867142372
0.701642882839669,0.9940536867142372
0.7017270328615975,0.9940536867142372
0.7018112030706489,0.9940536867142372
0.7018953934740882,0.9940536867142372
0.7019796040791841,0.9940536867142372
0.7020638348932086,0.9940536867142372
0.7021480859234369,0.9940536867142372
0.7022323571771484,0.9940536867142372
0.7023166486616252,0.9940536867142372
0.7024009603841537,0.9940536867142372
0.7024852923520231,0.9940536867142372
0.7025696445725265,0.9940536867142372
0.7026540170529603,0.9940536867142372
0.7027384098006245,0.9940536867142372
0.7028228228228228,0.9940536867142372
0.7029072561268621,0.9940536867142372
0.7029917097200529,0.9940536867142372
0.7030761836097092,0.9940536867142372
0.7031606778031486,0.9940536867142372
0.7032451923076923,0.9940536867142372
0.7033297271306648,0.9940536867142372
0.7034142822793941,0.9940536867142372
0.703498857761212,0.9940536867142372
0.7035834535834535,0.9940536867142372
0.7036680697534576,0.9940536867142372
0.7037527062785662,0.9940536867142372
0.7038373631661253,0.9940536867142372
0.7039220404234842,0.9940536867142372
0.7040067380579954,0.9940536867142372
0.7040914560770156,0.9940536867142372
0.7041761944879047,0.9940536867142372
0.704260953298026,0.9940536867142372
0.7043457325147466,0.9940536867142372
0.704430532145437,0.9940536867142372
0.7045153521974714,0.9940536867142372
0.7046001926782274,0.9940536867142372
0.7046850535950862,0.9940536867142372
0.7047699349554324,0.9940536867142372
0.7048548367666546,0.9940536867142372
0.7049397590361446,0.9940536867142372
0.7050247017712977,0.9940536867142372
0.7051096649795131,0.9940536867142372
0.7051946486681934,0.9940536867142372
0.7052796528447445,0.9940536867142372
0.7053646775165763,0.9940536867142372
0.705449722691102,0.9940536867142372
0.7055347883757386,0.9940536867142372
0.7056198745779064,0.9940536867142372
0.7057049813050296,0.9940536867142372
0.7057901085645356,0.9940536867142372
0.7058752563638557,0.9940536867142372
0.7059604247104247,0.9940536867142372
0.7060456136116809,0.9940536867142372
0.7061308230750664,0.9940536867142372
0.7062160531080266,0.9940536867142372
0.7063013037180106,0.9940536867142372
0.7063865749124714,0.9940536867142372
0.706471866698865,0.9940536867142372
0.7065571790846517,0.9940536867142372
0.7066425120772947,0.9940536867142372
0.7067278656842614,0.9940536867142372
0.7068132399130225,0.9940536867142372
0.7068986347710523,0.9940536867142372
0.7069840502658289,0.9940536867142372
0.7070694864048338,0.9940536867142372
0.7071549431955524,0.9940536867142372
0.7072404206454732,0.9940536867142372
0.707325918762089,0.9940536867142372
0.7074114375528957,0.9940536867142372
0.7074969770253929,0.9940536867142372
0.7075825371870843,0.9940536867142372
0.7076681180454766,0.9940536867142372
0.7077537196080803,0.9940536867142372
0.7078393418824098,0.9940536867142372
0.7079249848759831,0.9940536867142372
0.7080106485963213,0.9940536867142372
0.70809633305095,0.9940536867142372
0.7081820382473977,0.9940536867142372
0.7082677641931969,0.9940536867142372
0.7083535108958838,0.9940536867142372
0.7084392783629979,0.9940536867142372
0.7085250666020828,0.9940536867142372
0.7086108756206855,0.9940536867142372
0.7086967054263565,0.9940536867142372
0.7087825560266505,0.9940536867142372
0.7088684274291253,0.9940536867142372
0.7089543196413426,0.9940536867142372
0.7090402326708677,0.9940536867142372
0.7091261665252697,0.9940536867142372
0.7092121212121212,0.9940536867142372
0.7092980967389987,0.9940536867142372
0.709384093113482,0.9940536867142372
0.7094701103431551,0.9940536867142372
0.7095561484356051,0.9940536867142372
0.7096422073984233,0.9940536867142372
0.7097282872392042,0.9940536867142372
0.7098143879655465,0.9940536867142372
0.7099005095850521,0.9940536867142372
0.7099866521053271,0.9940536867142372
0.7100728155339806,0.9940536867142372
0.7101589998786261,0.9940536867142372
0.7102452051468803,0.9940536867142372
0.710331431346364,0.9940536867142372
0.7104176784847013,0.9940536867142372
0.7105039465695203,0.9940536867142372
0.7105902356084528,0.9940536867142372
0.710676545609134,0.9940536867142372
0.7107628765792031,0.9940536867142372
0.7108492285263031,0.9940536867142372
0.7109356014580802,0.9940536867142372
0.7110219953821849,0.9940536867142372
0.7111084103062713,0.9940536867142372
0.7111948462379969,0.9940536867142372
0.7112813031850231,0.9940536867142372
0.7113677811550152,0.9940536867142372
0.711454280155642,0.9940536867142372
0.7115408001945762,0.9940536867142372
0.711627341279494,0.9940536867142372
0.7117139034180756,0.9940536867142372
0.7118004866180049,0.9940536867142372
0.7118870908869692,0.9940536867142372
0.71197371623266,0.9940536867142372
0.7120603626627723,0.9940536867142372
0.7121470301850049,0.9940536867142372
0.7122337188070602,0.9940536867142372
0.7123204285366448,0.9940536867142372
0.7124071593814684,0.9940536867142372
0.712493911349245,0.9940536867142372
0.7124588966021191,0.9938837920489296
0.7125456760048721,0.9938837920489296
0.712632476550128,0.9938837920489296
0.7127192982456141,0.9938837920489296
0.7128061410990618,0.9938837920489296
0.7128930051182062,0.9938837920489296
0.7129798903107861,0.9938837920489296
0.7130667966845441,0.9938837920489296
0.7131537242472267,0.9938837920489296
0.7132406730065838,0.9938837920489296
0.7133276429703694,0.9938837920489296
0.7134146341463414,0.9938837920489296
0.7135016465422612,0.9938837920489296
0.7135886801658942,0.9938837920489296
0.7136757350250091,0.9938837920489296
0.7137628111273792,0.9938837920489296
0.713849908480781,0.9938837920489296
0.7138149865755431,0.9937138973836221
0.7139021115586476,0.9937138973836221
0.7139892578125,0.9937138973836221
0.7140764253448907,0.9937138973836221
0.7141636141636142,0.9937138973836221
0.7142508242764685,0.9937138973836221
0.7143380556912555,0.9937138973836221
0.7144253084157811,0.9937138973836221
0.7145125824578549,0.9937138973836221
0.7145998778252902,0.9937138973836221
0.7146871945259042,0.9937138973836221
0.714774532567518,0.9937138973836221
0.7148618919579565,0.9937138973836221
0.7149492727050483,0.9937138973836221
0.7150366748166259,0.9937138973836221
0.7151240983005257,0.9937138973836221
0.7152115431645879,0.9937138973836221
0.7152990094166565,0.9937138973836221
0.7153864970645792,0.9937138973836221
0.7154740061162079,0.9937138973836221
0.7155615365793981,0.9937138973836221
0.715649088462009,0.9937138973836221
0.7157366617719041,0.9937138973836221
0.7158242565169501,0.9937138973836221
0.7159118727050183,0.9937138973836221
0.7159995103439833,0.9937138973836221
0.7160871694417238,0.9937138973836221
0.7161748500061222,0.9937138973836221
0.716262552045065,0.9937138973836221
0.7163502755664422,0.9937138973836221
0.716438020578148,0.9937138973836221
0.7165257870880803,0.9937138973836221
0.7166135751041411,0.9937138973836221
0.716701384634236,0.9937138973836221
0.7167892156862745,0.9937138973836221
0.7168770682681701,0.9937138973836221
0.7169649423878401,0.9937138973836221
0.716930243962241,0.9935440027183147
0.7170181461500735,0.9935440027183147
0.7171060698957694,0.9935440027183147
0.7171940152072602,0.9935440027183147
0.7172819820924813,0.9935440027183147
0.7173699705593719,0.9935440027183147
0.7174579806158754,0.9935440027183147
0.7175460122699386,0.9935440027183147
0.7176340655295128,0.9935440027183147
0.7177221404025528,0.9935440027183147
0.7178102368970173,0.9935440027183147
0.7178983550208692,0.9935440027183147
0.7179864947820749,0.9935440027183147
0.7180746561886051,0.9935440027183147
0.7181628392484343,0.9935440027183147
0.7182510439695406,0.9935440027183147
0.7183392703599066,0.9935440027183147
0.7184275184275184,0.9935440027183147
0.7185157881803661,0.9935440027183147
0.7186040796264438,0.9935440027183147
0.7186923927737495,0.9935440027183147
0.7187807276302851,0.9935440027183147
0.7188690842040566,0.9935440027183147
0.7189574625030735,0.9935440027183147
0.7190458625353499,0.9935440027183147
0.7191342843089031,0.9935440027183147
0.719222727831755,0.9935440027183147
0.7193111931119311,0.9935440027183147
0.7193996801574609,0.9935440027183147
0.719488188976378,0.9935440027183147
0.7195767195767195,0.9935440027183147
0.7196652719665272,0.9935440027183147
0.7197538461538462,0.9935440027183147
0.7198424421467258,0.9935440027183147
0.7199310599532193,0.9935440027183147
0.7200196995813839,0.9935440027183147
0.7201083610392809,0.9935440027183147
0.7201970443349753,0.9935440027183147
0.7202857494765366,0.9935440027183147
0.7203744764720375,0.9935440027183147
0.7204632253295552,0.9935440027183147
0.720551996057171,0.9935440027183147
0.7206407886629698,0.9935440027183147
0.7207296031550406,0.9935440027183147
0.7208184395414766,0.9935440027183147
0.7209072978303748,0.9935440027183147
0.7209961780298361,0.9935440027183147
0.7210850801479655,0.9935440027183147
0.7210506844247133,0.9933741080530072
0.7211396151948692,0.9933741080530072
0.7212285679042802,0.9933741080530072
0.7213175425610658,0.9933741080530072
0.7214065391733497,0.9933741080530072
0.7214955577492597,0.9933741080530072
0.7215845982969271,0.9933741080530072
0.7216736608244878,0.9933741080530072
0.7217627453400814,0.9933741080530072
0.7218518518518519,0.9933741080530072
0.7219409803679466,0.9933741080530072
0.7220301308965177,0.9933741080530072
0.7221193034457206,0.9933741080530072
0.7220849802371542,0.9932042133876996
0.7221741815935763,0.9932042133876996
0.7222634049913517,0.9932042133876996
0.7222290868651922,0.9930343187223921
0.722318339100346,0.9930343187223921
0.7224076133976023,0.9930343187223921
0.7224969097651421,0.9930343187223921
0.7225862282111509,0.9930343187223921
0.722675568743818,0.9930343187223921
0.7227649313713367,0.9930343187223921
0.7227306455602276,0.9928644240570846
0.7228200371057514,0.9928644240570846
0.722909450766947,0.9928644240570846
0.7229988865520227,0.9928644240570846
0.7230883444691908,0.9928644240570846
0.7231778245266675,0.9928644240570846
0.7232673267326732,0.9928644240570846
0.7233568510954326,0.9928644240570846
0.7234463976231741,0.9928644240570846
0.7235359663241302,0.9928644240570846
0.7236255572065379,0.9928644240570846
0.7237151702786377,0.9928644240570846
0.7238048055486748,0.9928644240570846
0.7238944630248978,0.9928644240570846
0.72398414271556,0.9928644240570846
0.7240738446289183,0.9928644240570846
0.7241635687732342,0.9928644240570846
0.7242533151567728,0.9928644240570846
0.7243430837878037,0.9928644240570846
0.7244328746746003,0.9928644240570846
0.7245226878254402,0.9928644240570846
0.7244885306881587,0.992694529391777
0.724578373015873,0.992694529391777
0.7246682376286742,0.992694529391777
0.7247581245348549,0.992694529391777
0.7248480337427118,0.992694529391777
0.7249379652605459,0.992694529391777
0.7250279190966621,0.992694529391777
0.724993794986349,0.9925246347264696
0.7250837780811716,0.9925246347264696
0.7251737835153923,0.9925246347264696
0.7252638112973309,0.9925246347264696
0.7253538614353117,0.9925246347264696
0.7254439339376629,0.9925246347264696
0.7255340288127173,0.9925246347264696
0.7256241460688113,0.9925246347264696
0.7257142857142858,0.9925246347264696
0.7258044477574854,0.9925246347264696
0.7258946322067594,0.9925246347264696
0.7259848390704611,0.9925246347264696
0.7260750683569476,0.9925246347264696
0.7261653200745805,0.9925246347264696
0.7262555942317255,0.9925246347264696
0.7263458908367525,0.9925246347264696
0.7264362098980354,0.9925246347264696
0.7265265514239523,0.9925246347264696
0.7266169154228855,0.9925246347264696
0.7267073019032217,0.9925246347264696
0.7267977108733515,0.9925246347264696
0.7268881423416698,0.9925246347264696
0.7269785963165755,0.9925246347264696
0.7270690728064717,0.9925246347264696
0.727159571819766,0.9925246347264696
0.7272500933648699,0.9925246347264696
0.7273406374501992,0.9925246347264696
0.7274312040841738,0.9925246347264696
0.7275217932752179,0.9925246347264696
0.7276124050317598,0.9925246347264696
0.7277030393622322,0.9925246347264696
0.7277936962750716,0.9925246347264696
0.7278843757787191,0.9925246347264696
0.72797507788162,0.9925246347264696
0.7280658025922233,0.9925246347264696
0.7281565499189829,0.9925246347264696
0.7282473198703565,0.9925246347264696
0.7283381124548062,0.9925246347264696
0.728428927680798,0.9925246347264696
0.7285197655568026,0.9925246347264696
0.7286106260912946,0.9925246347264696
0.7287015092927529,0.9925246347264696
0.7287924151696606,0.9925246347264696
0.7288833437305053,0.9925246347264696
0.7289742949837784,0.9925246347264696
0.7290652689379757,0.9925246347264696
0.7291562656015976,0.9925246347264696
0.7292472849831482,0.9925246347264696
0.7293383270911361,0.9925246347264696
0.7294293919340742,0.9925246347264696
0.7295204795204795,0.9925246347264696
0.7296115898588735,0.9925246347264696
0.7297027229577817,0.9925246347264696
0.7297938788257339,0.9925246347264696
0.7298850574712644,0.9925246347264696
0.7299762589029114,0.9925246347264696
0.7300674831292177,0.9925246347264696
0.7301587301587301,0.9925246347264696
0.73025,0.9925246347264696
0.7303412926615827,0.9925246347264696
0.730432608152038,0.9925246347264696
0.73052394647993,0.9925246347264696
0.7306153076538269,0.9925246347264696
0.7307066916823014,0.9925246347264696
0.7307980985739304,0.9925246347264696
0.7308895283372951,0.9925246347264696
0.730980980980981,0.9925246347264696
0.7310724565135778,0.9925246347264696
0.7311639549436796,0.9925246347264696
0.7312554762798849,0.9925246347264696
0.7313470205307961,0.9925246347264696
0.7314385877050207,0.9925246347264696
0.7315301778111696,0.9925246347264696
0.7316217908578585,0.9925246347264696
0.7317134268537074,0.9925246347264696
0.7318050858073406,0.9925246347264696
0.7318967677273867,0.9925246347264696
0.7319884726224783,0.9925246347264696
0.7320802005012531,0.9925246347264696
0.7321719513723525,0.9925246347264696
0.7322637252444222,0.9925246347264696
0.7323555221261125,0.9925246347264696
0.7324473420260782,0.9925246347264696
0.7325391849529781,0.9925246347264696
0.7326310509154753,0.9925246347264696
0.7327229399222376,0.9925246347264696
0.7326894129453085,0.9923547400611621
0.7327813323296951,0.9923547400611621
0.7328732747804266,0.9923547400611621
0.7329652403061865,0.9923547400611621
0.7330572289156626,0.9923547400611621
0.7331492406175474,0.9923547400611621
0.7332412754205373,0.9923547400611621
0.7333333333333333,0.9923547400611621
0.7334254143646409,0.9923547400611621
0.7335175185231697,0.9923547400611621
0.7336096458176338,0.9923547400611621
0.7337017962567517,0.9923547400611621
0.7337939698492463,0.9923547400611621
0.7338861666038448,0.9923547400611621
0.7339783865292787,0.9923547400611621
0.7340706296342843,0.9923547400611621
0.7341628959276018,0.9923547400611621
0.7342551854179761,0.9923547400611621
0.7343474981141564,0.9923547400611621
0.7344398340248963,0.9923547400611621
0.7345321931589537,0.9923547400611621
0.7346245755250912,0.9923547400611621
0.7347169811320755,0.9923547400611621
0.7348094099886778,0.9923547400611621
0.7349018621036739,0.9923547400611621
0.7349943374858438,0.9923547400611621
0.7350868361439719,0.9923547400611621
0.7351793580868471,0.9923547400611621
0.7352719033232629,0.9923547400611621
0.7353644718620169,0.9923547400611621
0.7354570637119113,0.9923547400611621
0.7355496788817529,0.9923547400611621
0.7356423173803527,0.9923547400611621
0.735734979216526,0.9923547400611621
0.735827664399093,0.9923547400611621
0.735920372936878,0.9923547400611621
0.7360131048387096,0.9923547400611621
0.7361058601134215,0.9923547400611621
0.7361986387698513,0.9923547400611621
0.7362914408168411,0.9923547400611621
0.7363842662632375,0.9923547400611621
0.7364771151178918,0.9923547400611621
0.7365699873896595,0.9923547400611621
0.7366628830874007,0.9923547400611621
0.7367558022199798,0.9923547400611621
0.7368487447962659,0.9923547400611621
0.7369417108251325,0.9923547400611621
0.7370347003154574,0.9923547400611621
0.7371277132761231,0.9923547400611621
0.7372207497160167,0.9923547400611621
0.7373138096440293,0.9923547400611621
0.7374068930690569,0.9923547400611621
0.7375,0.9923547400611621
0.7375931304457634,0.9923547400611621
0.7376862844152564,0.9923547400611621
0.737779461917393,0.9923547400611621
0.7378726629610914,0.9923547400611621
0.7379658875552748,0.9923547400611621
0.7380591357088704,0.9923547400611621
0.73815240743081,0.9923547400611621
0.7382457027300303,0.9923547400611621
0.7383390216154722,0.9923547400611621
0.7384323640960809,0.9923547400611621
0.7385257301808067,0.9923547400611621
0.738619119878604,0.9923547400611621
0.7387125331984318,0.9923547400611621
0.7388059701492538,0.9923547400611621
0.7388994307400379,0.9923547400611621
0.7388663967611336,0.9921848453958546
0.7389598886498798,0.9921848453958546
0.7389268539610225,0.992014950730547
0.7390203771674472,0.992014950730547
0.7391139240506329,0.992014950730547
0.7392074946195721,0.992014950730547
0.7393010888832616,0.992014950730547
0.7393947068507027,0.992014950730547
0.7394883485309017,0.992014950730547
0.7395820139328689,0.992014950730547
0.7396757030656195,0.992014950730547
0.739769415938173,0.992014950730547
0.7398631525595539,0.992014950730547
0.7399569129387911,0.992014950730547
0.7400506970849177,0.992014950730547
0.7400177462289264,0.9918450560652395
0.7401115618661258,0.9918450560652395
0.7402054012932674,0.9918450560652395
0.7402992645194014,0.9918450560652395
0.7403931515535828,0.9918450560652395
0.7404870624048706,0.9918450560652395
0.740580997082329,0.9918450560652395
0.7406749555950266,0.9918450560652395
0.7407689379520366,0.9918450560652395
0.7408629441624366,0.9918450560652395
0.740956974235309,0.9918450560652395
0.741051028179741,0.9918450560652395
0.7411451060048242,0.9918450560652395
0.7412392077196547,0.9918450560652395
0.7413333333333333,0.9918450560652395
0.7414274828549657,0.9918450560652395
0.7415216562936618,0.9918450560652395
0.7416158536585366,0.9918450560652395
0.7417100749587092,0.9918450560652395
0.7418043202033037,0.9918450560652395
0.7418985894014487,0.9918450560652395
0.7419928825622776,0.9918450560652395
0.7420871996949282,0.9918450560652395
0.7421815408085431,0.9918450560652395
0.7422759059122696,0.9918450560652395
0.7423702950152594,0.9918450560652395
0.7424647081266692,0.9918450560652395
0.7425591452556601,0.9918450560652395
0.742653606411398,0.9918450560652395
0.7427480916030534,0.9918450560652395
0.7428426008398015,0.9918450560652395
0.7429371341308221,0.9918450560652395
0.7430316914852997,0.9918450560652395
0.7431262729124236,0.9918450560652395
0.7432208784213876,0.9918450560652395
0.7433155080213903,0.9918450560652395
0.7434101617216351,0.9918450560652395
0.7435048395313296,0.9918450560652395
0.7435995414596867,0.9918450560652395
0.7436942675159236,0.9918450560652395
0.7437890177092623,0.9918450560652395
0.7438837920489296,0.9918450560652395
0.743978590544157,0.9918450560652395
0.7440734132041805,0.9918450560652395
0.7441682600382409,0.9918450560652395
0.7442631310555838,0.9918450560652395
0.7443580262654597,0.9918450560652395
0.7444529456771232,0.9918450560652395
0.7445478892998342,0.9918450560652395
0.7446428571428572,0.9918450560652395
0.7447378492154612,0.9918450560652395
0.7447052819596836,0.9916751613999321
0.7448003062396326,0.9916751613999321
0.7448953547728433,0.9916751613999321
0.7449904275686025,0.9916751613999321
0.7450855246362011,0.9916751613999321
0.7451806459849355,0.9916751613999321
0.7452757916241062,0.9916751613999321
0.7453709615630187,0.9916751613999321
0.7454661558109834,0.9916751613999321
0.7455613743773151,0.9916751613999321
0.7456566172713337,0.9916751613999321
0.7457518845023636,0.9916751613999321
0.7458471760797342,0.9916751613999321
0.7459424920127795,0.9916751613999321
0.7460378323108384,0.9916751613999321
0.7461331969832545,0.9916751613999321
0.7462285860393761,0.9916751613999321
0.7463239994885564,0.9916751613999321
0.7464194373401535,0.9916751613999321
0.7465148996035299,0.9916751613999321
0.7466103862880532,0.9916751613999321
0.7467058974030958,0.9916751613999321
0.7468014329580348,0.9916751613999321
0.7468969929622521,0.9916751613999321
0.7469925774251344,0.9916751613999321
0.7470881863560732,0.9916751613999321
0.7471838197644649,0.9916751613999321
0.7472794776597107,0.9916751613999321
0.7473751600512164,0.9916751613999321
0.7474708669483929,0.9916751613999321
0.7475665983606558,0.9916751613999321
0.7476623542974253,0.9916751613999321
0.7477581347681271,0.9916751613999321
0.747853939782191,0.9916751613999321
0.7479497693490518,0.9916751613999321
0.7480456234781494,0.9916751613999321
0.7481415021789285,0.9916751613999321
0.7482374054608384,0.9916751613999321
0.7483333333333333,0.9916751613999321
0.7484292858058725,0.9916751613999321
0.74852526288792,0.9916751613999321
0.7486212645889445,0.9916751613999321
0.7487172909184197,0.9916751613999321
0.7488133418858243,0.9916751613999321
0.7489094175006415,0.9916751613999321
0.7490055177723598,0.9916751613999321
0.7491016427104723,0.9916751613999321
0.7491977923244769,0.9916751613999321
0.7492939666238768,0.9916751613999321
0.7493901656181795,0.9916751613999321
0.7494863893168978,0.9916751613999321
0.7495826377295493,0.9916751613999321
0.7496789108656563,0.9916751613999321
0.7497752087347463,0.9916751613999321
0.7498715313463515,0.9916751613999321
0.749967878710009,0.9916751613999321
0.7500642508352608,0.9916751613999321
0.750160647731654,0.9916751613999321
0.7502570694087404,0.9916751613999321
0.7503535158760766,0.9916751613999321
0.7504499871432245,0.9916751613999321
0.7505464832197506,0.9916751613999321
0.7506430041152263,0.9916751613999321
0.7507395498392283,0.9916751613999321
0.7508361204013378,0.9916751613999321
0.7509327158111412,0.9916751613999321
0.7510293360782295,0.9916751613999321
0.7511259812121992,0.9916751613999321
0.7512226512226512,0.9916751613999321
0.7513193461191917,0.9916751613999321
0.7514160659114315,0.9916751613999321
0.7515128106089868,0.9916751613999321
0.7516095802214783,0.9916751613999321
0.7517063747585319,0.9916751613999321
0.7518031942297785,0.9916751613999321
0.7519000386448538,0.9916751613999321
0.7519969080133986,0.9916751613999321
0.7520938023450586,0.9916751613999321
0.7521907216494845,0.9916751613999321
0.752287665936332,0.9916751613999321
0.7523846352152617,0.9916751613999321
0.7524816294959391,0.9916751613999321
0.752578648788035,0.9916751613999321
0.7526756931012251,0.9916751613999321
0.7527727624451895,0.9916751613999321
0.7528698568296144,0.9916751613999321
0.7529669762641898,0.9916751613999321
0.7530641207586118,0.9916751613999321
0.7531612903225806,0.9916751613999321
0.753258484965802,0.9916751613999321
0.7533557046979866,0.9916751613999321
0.7534529495288499,0.9916751613999321
0.7535502194681126,0.9916751613999321
0.7536475145255003,0.9916751613999321
0.7537448347107438,0.9916751613999321
0.7538421800335787,0.9916751613999321
0.7539395505037458,0.9916751613999321
0.7540369461309908,0.9916751613999321
0.7541343669250646,0.9916751613999321
0.7542318128957229,0.9916751613999321
0.7543292840527268,0.9916751613999321
0.7544267804058421,0.9916751613999321
0.7545243019648397,0.9916751613999321
0.7546218487394958,0.9916751613999321
0.7547194207395914,0.9916751613999321
0.7548170179749127,0.9916751613999321
0.7549146404552509,0.9916751613999321
0.7550122881904022,0.9916751613999321
0.7551099611901682,0.9916751613999321
0.755207659464355,0.9916751613999321
0.7553053830227743,0.9916751613999321
0.7554031318752427,0.9916751613999321
0.7555009060315817,0.9916751613999321
0.7555987055016181,0.9916751613999321
0.7556965302951838,0.9916751613999321
0.7557943804221158,0.9916751613999321
0.7558922558922558,0.9916751613999321
0.7559901567154513,0.9916751613999321
0.7560880829015544,0.9916751613999321
0.7561860344604223,0.9916751613999321
0.7562840114019176,0.9916751613999321
0.7563820137359077,0.9916751613999321
0.7564800414722654,0.9916751613999321
0.7565780946208684,0.9916751613999321
0.7566761731915997,0.9916751613999321
0.7567742771943472,0.9916751613999321
0.7568724066390041,0.9916751613999321
0.7569705615354688,0.9916751613999321
0.7570687418936446,0.9916751613999321
0.7571669477234402,0.9916751613999321
0.7572651790347691,0.9916751613999321
0.7573634358375503,0.9916751613999321
0.7574617181417077,0.9916751613999321
0.7575600259571706,0.9916751613999321
0.7576583592938733,0.9916751613999321
0.7577567181617552,0.9916751613999321
0.7578551025707608,0.9916751613999321
0.7579535125308402,0.9916751613999321
0.7580519480519481,0.9916751613999321
0.7581504091440446,0.9916751613999321
0.7582488958170953,0.9916751613999321
0.7583474080810706,0.9916751613999321
0.7584459459459459,0.9916751613999321
0.7585445094217024,0.9916751613999321
0.758643098518326,0.9916751613999321
0.7586117249447549,0.9915052667346246
0.7587103484139366,0.9915052667346246
0.75880899752958,0.9915052667346246
0.7589076723016905,0.9915052667346246
0.7590063727402783,0.9915052667346246
0.759105098855359,0.9915052667346246
0.7592038506569533,0.9915052667346246
0.7593026281550872,0.9915052667346246
0.7594014313597918,0.9915052667346246
0.7595002602811036,0.9915052667346246
0.7595991149290642,0.9915052667346246
0.7596979953137204,0.9915052667346246
0.7597969014451244,0.9915052667346246
0.7598958333333333,0.9915052667346246
0.7599947909884099,0.9915052667346246
0.760093774420422,0.9915052667346246
0.7601927836394425,0.9915052667346246
0.7602918186555497,0.9915052667346246
0.7603908794788273,0.9915052667346246
0.760489966119364,0.9915052667346246
0.760589078587254,0.9915052667346246
0.7606882168925965,0.9915052667346246
0.760787381045496,0.9915052667346246
0.7608865710560626,0.9915052667346246
0.7609857869344112,0.9915052667346246
0.7610850286906625,0.9915052667346246
0.761184296334942,0.9915052667346246
0.7612835898773807,0.9915052667346246
0.7613829093281148,0.9915052667346246
0.761482254697286,0.9915052667346246
0.7615816259950411,0.9915052667346246
0.7616810232315322,0.9915052667346246
0.7617804464169169,0.9915052667346246
0.7618798955613577,0.9915052667346246
0.7619793706750229,0.9915052667346246
0.7620788717680856,0.9915052667346246
0.7621783988507248,0.9915052667346246
0.7622779519331243,0.9915052667346246
0.7623775310254736,0.9915052667346246
0.7624771361379671,0.9915052667346246
0.7625767672808049,0.9915052667346246
0.7626764244641924,0.9915052667346246
0.76277610769834,0.9915052667346246
0.7628758169934641,0.9915052667346246
0.7629755523597856,0.9915052667346246
0.7630753138075314,0.9915052667346246
0.7631751013469334,0.9915052667346246
0.7632749149882292,0.9915052667346246
0.7633747547416612,0.9915052667346246
0.7634746206174777,0.9915052667346246
0.7635745126259322,0.9915052667346246
0.7636744307772835,0.9915052667346246
0.7637743750817956,0.9915052667346246
0.7638743455497382,0.9915052667346246
0.7639743421913863,0.9915052667346246
0.7640743650170202,0.9915052667346246
0.7641744140369255,0.9915052667346246
0.7642744892613934,0.9915052667346246
0.7643745907007203,0.9915052667346246
0.7644747183652083,0.9915052667346246
0.7645748722651644,0.9915052667346246
0.7646750524109015,0.9915052667346246
0.7647752588127376,0.9915052667346246
0.7648754914809961,0.9915052667346246
0.7649757504260061,0.9915052667346246
0.7650760356581018,0.9915052667346246
0.765176347187623,0.9915052667346246
0.7652766850249147,0.9915052667346246
0.7653770491803279,0.9915052667346246
0.7654774396642182,0.9915052667346246
0.7655778564869474,0.9915052667346246
0.7656782996588822,0.9915052667346246
0.765778769190395,0.9915052667346246
0.7658792650918635,0.9915052667346246
0.7659797873736711,0.9915052667346246
0.7660803360462064,0.9915052667346246
0.7661809111198634,0.9915052667346246
0.7662815126050421,0.9915052667346246
0.766382140512147,0.9915052667346246
0.7664827948515892,0.9915052667346246
0.7665834756337843,0.9915052667346246
0.766684182869154,0.9915052667346246
0.7667849165681251,0.9915052667346246
0.7668856767411301,0.9915052667346246
0.7669864633986069,0.9915052667346246
0.767087276550999,0.9915052667346246
0.767188116208755,0.9915052667346246
0.7672889823823298,0.9915052667346246
0.7673898750821828,0.9915052667346246
0.7674907943187795,0.9915052667346246
0.7675917401025911,0.9915052667346246
0.7676927124440937,0.9915052667346246
0.7677937113537693,0.9915052667346246
0.7678947368421053,0.9915052667346246
0.7679957889195946,0.9915052667346246
0.768096867596736,0.9915052667346246
0.7681979728840331,0.9915052667346246
0.7682991047919958,0.9915052667346246
0.7684002633311389,0.9915052667346246
0.7685014485119831,0.9915052667346246
0.7686026603450546,0.9915052667346246
0.7687038988408852,0.9915052667346246
0.7688051640100119,0.9915052667346246
0.7689064558629776,0.9915052667346246
0.7690077744103307,0.9915052667346246
0.7691091196626252,0.9915052667346246
0.7692104916304204,0.9915052667346246
0.7693118903242816,0.9915052667346246
0.7694133157547791,0.9915052667346246
0.7695147679324894,0.9915052667346246
0.7694843729394699,0.991335372069317
0.7695858612503297,0.991335372069317
0.7696873763355758,0.991335372069317
0.7697889182058048,0.991335372069317
0.769890486871619,0.991335372069317
0.7699920823436263,0.991335372069317
0.7700937046324403,0.991335372069317
0.7701953537486801,0.991335372069317
0.7702970297029703,0.991335372069317
0.7703987325059414,0.991335372069317
0.7705004621682292,0.991335372069317
0.7706022187004754,0.991335372069317
0.7707040021133271,0.991335372069317
0.7708058124174373,0.991335372069317
0.7709076496234641,0.991335372069317
0.7710095137420718,0.991335372069317
0.7711114047839303,0.991335372069317
0.7712133227597145,0.991335372069317
0.7713152676801057,0.991335372069317
0.7714172395557906,0.991335372069317
0.7715192383974613,0.991335372069317
0.7716212642158159,0.991335372069317
0.7717233170215579,0.991335372069317
0.7718253968253969,0.991335372069317
0.7719275036380474,0.991335372069317
0.7720296374702302,0.991335372069317
0.7721317983326716,0.991335372069317
0.7722339862361037,0.991335372069317
0.7723362011912641,0.991335372069317
0.772438443208896,0.991335372069317
0.7725407122997484,0.991335372069317
0.7726430084745762,0.991335372069317
0.7726128989537809,0.9911654774040095
0.7727152317880794,0.9911654774040095
0.7728175917340045,0.9911654774040095
0.7729199788023318,0.9911654774040095
0.7730223930038426,0.9911654774040095
0.7731248343493241,0.9911654774040095
0.7732273028495692,0.9911654774040095
0.7733297985153764,0.9911654774040095
0.77343232135755,0.9911654774040095
0.7735348713869,0.9911654774040095
0.7736374486142421,0.9911654774040095
0.7737400530503978,0.9911654774040095
0.7738426847061944,0.9911654774040095
0.7739453435924648,0.9911654774040095
0.7740480297200477,0.9911654774040095
0.7740180467091295,0.990995582738702
0.7741207697412077,0.990995582738702
0.7742235200424741,0.990995582738702
0.7743262976237887,0.990995582738702
0.774429102496017,0.990995582738702
0.7745319346700306,0.990995582738702
0.7746347941567066,0.990995582738702
0.7747376809669279,0.990995582738702
0.7748405951115834,0.990995582738702
0.7749435366015677,0.990995582738702
0.775046505447781,0.990995582738702
0.7751495016611296,0.990995582738702
0.7751196172248804,0.9908256880733946
0.775222650538349,0.9908256880733946
0.7751927678808828,0.990655793408087
0.7752958383193724,0.990655793408087
0.7753989361702127,0.990655793408087
0.775502061444341,0.990655793408087
0.7756052141527002,0.990655793408087
0.7757083943062392,0.990655793408087
0.7758116019159127,0.990655793408087
0.7759148369926813,0.990655793408087
0.7760180995475113,0.990655793408087
0.776121389591375,0.990655793408087
0.7762247071352503,0.990655793408087
0.7761949141259487,0.9904858987427795
0.7762982689747004,0.9904858987427795
0.7764016513517112,0.9904858987427795
0.7765050612679808,0.9904858987427795
0.7766084987345144,0.9904858987427795
0.7767119637623234,0.9904858987427795
0.7768154563624251,0.9904858987427795
0.7769189765458422,0.9904858987427795
0.7770225243236039,0.9904858987427795
0.7771260997067448,0.9904858987427795
0.7772297027063059,0.9904858987427795
0.7773333333333333,0.9904858987427795
0.7774369915988798,0.9904858987427795
0.7775406775140037,0.9904858987427795
0.7776443910897692,0.9904858987427795
0.7777481323372465,0.9904858987427795
0.7777184789859907,0.990316004077472
0.777822257806245,0.990316004077472
0.7777926064326705,0.9901461094121644
0.7778964228510411,0.9901461094121644
0.7780002669870512,0.9901461094121644
0.7781041388518024,0.9901461094121644
0.7782080384564027,0.9901461094121644
0.7783119658119658,0.9901461094121644
0.7784159209296113,0.9901461094121644
0.7785199038204649,0.9901461094121644
0.7786239144956579,0.9901461094121644
0.7787279529663281,0.9901461094121644
0.7788320192436189,0.9901461094121644
0.7789361133386795,0.9901461094121644
0.7790402352626654,0.9901461094121644
0.779144385026738,0.9901461094121644
0.7792485626420644,0.9901461094121644
0.7793527681198181,0.9901461094121644
0.7794570014711782,0.9901461094121644
0.7795612627073302,0.9901461094121644
0.7796655518394648,0.9901461094121644
0.7797698688787797,0.9901461094121644
0.779874213836478,0.9901461094121644
0.7799785867237687,0.9901461094121644
0.7800829875518672,0.9901461094121644
0.7801874163319946,0.9901461094121644
0.7802918730753783,0.9901461094121644
0.7803963577932512,0.9901461094121644
0.7805008704968528,0.9901461094121644
0.7806054111974283,0.9901461094121644
0.780709979906229,0.9901461094121644
0.7808145766345124,0.9901461094121644
0.7809192013935414,0.9901461094121644
0.7810238541945859,0.9901461094121644
0.7811285350489211,0.9901461094121644
0.7812332439678285,0.9901461094121644
0.7813379809625955,0.9901461094121644
0.7814427460445159,0.9901461094121644
0.7815475392248894,0.9901461094121644
0.7816523605150214,0.9901461094121644
0.781757209926224,0.9901461094121644
0.7818620874698149,0.9901461094121644
0.7819669931571179,0.9901461094121644
0.7820719269994633,0.9901461094121644
0.7821768890081868,0.9901461094121644
0.7822818791946309,0.9901461094121644
0.7823868975701437,0.9901461094121644
0.7824919441460795,0.9901461094121644
0.7825970189337988,0.9901461094121644
0.7827021219446683,0.9901461094121644
0.7828072531900604,0.9901461094121644
0.7829124126813541,0.9901461094121644
0.7830176004299342,0.9901461094121644
0.7831228164471916,0.9901461094121644
0.7830936702056175,0.9899762147468569
0.7831989247311828,0.9899762147468569
0.7833042075547789,0.9899762147468569
0.7834095186878193,0.9899762147468569
0.7835148581417238,0.9899762147468569
0.7836202259279182,0.9899762147468569
0.7837256220578346,0.9899762147468569
0.7838310465429109,0.9899762147468569
0.7839364993945916,0.9899762147468569
0.7840419806243273,0.9899762147468569
0.7841474902435742,0.9899762147468569
0.7842530282637954,0.9899762147468569
0.7842239870776686,0.9898063200815495
0.784329563812601,0.9898063200815495
0.7844351689780531,0.9898063200815495
0.7845408025855104,0.9898063200815495
0.7845117845117845,0.989636425416242
0.7846174568965517,0.989636425416242
0.7847231577529301,0.989636425416242
0.7848288870924279,0.989636425416242
0.7849346449265597,0.989636425416242
0.7850404312668463,0.989636425416242
0.7851462461248147,0.989636425416242
0.7852520895119979,0.989636425416242
0.7853579614399353,0.989636425416242
0.7854638619201726,0.989636425416242
0.7855697909642616,0.989636425416242
0.7856757485837604,0.989636425416242
0.7857817347902334,0.989636425416242
0.785887749595251,0.989636425416242
0.78599379301039,0.989636425416242
0.7860998650472335,0.989636425416242
0.7862059657173708,0.989636425416242
0.7863120950323974,0.989636425416242
0.7864182530039152,0.989636425416242
0.7865244396435322,0.989636425416242
0.7866306549628629,0.989636425416242
0.7867368989735278,0.989636425416242
0.7868431716871539,0.989636425416242
0.7869494731153742,0.989636425416242
0.7870558032698284,0.989636425416242
0.7871621621621622,0.989636425416242
0.7872685498040276,0.989636425416242
0.787374966207083,0.989636425416242
0.7874814113829931,0.989636425416242
0.7875878853434288,0.989636425416242
0.7876943881000676,0.989636425416242
0.7878009196645929,0.989636425416242
0.7879074800486947,0.989636425416242
0.7880140692640693,0.989636425416242
0.7881206873224191,0.989636425416242
0.7882273342354533,0.989636425416242
0.788334010014887,0.989636425416242
0.7883053600433135,0.9894665307509344
0.7884120752673616,0.9894665307509344
0.7883834281072299,0.9892966360856269
0.788490182802979,0.9892966360856269
0.7885969664138678,0.9892966360856269
0.7887037789516457,0.9892966360856269
0.7888106204280683,0.9892966360856269
0.7889174908548977,0.9892966360856269
0.7890243902439025,0.9892966360856269
0.7891313186068573,0.9892966360856269
0.7892382759555435,0.9892966360856269
0.7893452623017487,0.9892966360856269
0.7894522776572668,0.9892966360856269
0.7895593220338983,0.9892966360856269
0.78966639544345,0.9892966360856269
0.789773497897735,0.9892966360856269
0.789880629408573,0.9892966360856269
0.78998778998779,0.9892966360856269
0.7899592944369064,0.9891267414203194
0.7899307911521237,0.9889568467550119
0.7900380021715526,0.9889568467550119
0.7901452422967287,0.9889568467550119
0.7902525115395058,0.9889568467550119
0.7903598099117447,0.9889568467550119
0.7904671374253124,0.9889568467550119
0.7904386798859161,0.9887869520897044
0.7905460472697636,0.9887869520897044
0.7906534438255671,0.9887869520897044
0.7907608695652174,0.9887869520897044
0.7908683245006115,0.9887869520897044
0.7909758086436531,0.9887869520897044
0.7910833220062525,0.9887869520897044
0.7911908646003263,0.9887869520897044
0.7912984364377974,0.9887869520897044
0.7914060375305956,0.9887869520897044
0.7915136678906569,0.9887869520897044
0.7916213275299239,0.9887869520897044
0.7917290164603455,0.9887869520897044
0.7918367346938775,0.9887869520897044
0.7919444822424819,0.9887869520897044
0.7920522591181274,0.9887869520897044
0.7921600653327889,0.9887869520897044
0.7922679008984481,0.9887869520897044
0.7923757658270932,0.9887869520897044
0.7924836601307189,0.9887869520897044
0.7925915838213264,0.9887869520897044
0.7926995369109234,0.9887869520897044
0.7928075194115243,0.9887869520897044
0.7929155313351499,0.9887869520897044
0.7930235726938275,0.9887869520897044
0.7931316434995912,0.9887869520897044
0.7932397437644814,0.9887869520897044
0.7933478735005453,0.9887869520897044
0.7934560327198364,0.9887869520897044
0.7935642214344151,0.9887869520897044
0.793672439656348,0.9887869520897044
0.7937806873977087,0.9887869520897044
0.793888964670577,0.9887869520897044
0.7939972714870396,0.9887869520897044
0.7939691635966708,0.9886170574243969
0.7940775109170306,0.9886170574243969
0.7941858878122015,0.9886170574243969
0.7942942942942943,0.9886170574243969
0.7944027303754266,0.9886170574243969
0.7945111960677226,0.9886170574243969
0.7946196913833129,0.9886170574243969
0.7947282163343349,0.9886170574243969
0.7948367709329327,0.9886170574243969
0.7949453551912569,0.9886170574243969
0.7950539691214646,0.9886170574243969
0.7951626127357201,0.9886170574243969
0.7952712860461938,0.9886170574243969
0.7953799890650629,0.9886170574243969
0.7954887218045112,0.9886170574243969
0.7955974842767296,0.9886170574243969
0.7957062764939149,0.9886170574243969
0.7958150984682714,0.9886170574243969
0.7959239502120093,0.9886170574243969
0.7960328317373461,0.9886170574243969
0.7961417430565056,0.9886170574243969
0.7962506841817186,0.9886170574243969
0.7963596551252224,0.9886170574243969
0.7963317820969067,0.9884471627590894
0.7964407939767283,0.9884471627590894
0.7965498357064622,0.9884471627590894
0.7966589072983705,0.9884471627590894
0.796768008764722,0.9884471627590894
0.7968771401177921,0.9884471627590894
0.796986301369863,0.9884471627590894
0.7970954925332238,0.9884471627590894
0.7972047136201699,0.9884471627590894
0.797176922022749,0.9882772680937818
0.7972861842105263,0.9882772680937818
0.7973954763536669,0.9882772680937818
0.7975047984644914,0.9882772680937818
0.797614150555327,0.9882772680937818
0.7977235326385079,0.9882772680937818
0.797832944726375,0.9882772680937818
0.7979423868312757,0.9882772680937818
0.7980518589655645,0.9882772680937818
0.7981613611416026,0.9882772680937818
0.7982708933717579,0.9882772680937818
0.7983804556684052,0.9882772680937818
0.7984900480439259,0.9882772680937818
0.7985996705107083,0.9882772680937818
0.7987093230811478,0.9882772680937818
0.7988190057676463,0.9882772680937818
0.7989287185826123,0.9882772680937818
0.7990384615384616,0.9882772680937818
0.7991482346476164,0.9882772680937818
0.7992580379225062,0.9882772680937818
0.7993678713755669,0.9882772680937818
0.7994777350192414,0.9882772680937818
0.7995876288659793,0.9882772680937818
0.7996975529282375,0.9882772680937818
0.7998075072184793,0.9882772680937818
0.7997799779977998,0.9881073734284743
0.7998899738687938,0.9881073734284743
0.8,0.9881073734284743
0.800110056403907,0.9881073734284743
0.8002201430930105,0.9881073734284743
0.8003302600798129,0.9881073734284743
0.8004404073768235,0.9881073734284743
0.8005505849965588,0.9881073734284743
0.8005231277533039,0.9879374787631668
0.8006333471017486,0.9879374787631668
0.8007435968052878,0.9879374787631668
0.8008538768764633,0.9879374787631668
0.8009641873278237,0.9879374787631668
0.8010745281719245,0.9879374787631668
0.8011848994213282,0.9879374787631668
0.8012953010886041,0.9879374787631668
0.8014057331863286,0.9879374787631668
0.8015161957270848,0.9879374787631668
0.8014888337468983,0.9877675840978594
0.8015993382048807,0.9877675840978594
0.8017098731384446,0.9877675840978594
0.8016825265480624,0.9875976894325518
0.8017931034482758,0.9875976894325518
0.8017657607945924,0.9874277947672443
0.8018763796909493,0.9874277947672443
0.801987029115496,0.9874277947672443
0.8020977090808722,0.9874277947672443
0.802208419599724,0.9874277947672443
0.8023191606847045,0.9874277947672443
0.8024299323484744,0.9874277947672443
0.8025407346037007,0.9874277947672443
0.8026515674630575,0.9874277947672443
0.8027624309392265,0.9874277947672443
0.8027351844177373,0.9872579001019368
0.8027079303675049,0.9870880054366293
0.8028188475887799,0.9870880054366293
0.8029297954671089,0.9870880054366293
0.8030407740152039,0.9870880054366293
0.8031517832457838,0.9870880054366293
0.8032628231715747,0.9870880054366293
0.8033738938053098,0.9870880054366293
0.8034849951597289,0.9870880054366293
0.8035961272475796,0.9870880054366293
0.8037072900816157,0.9870880054366293
0.8038184836745987,0.9870880054366293
0.8039297080392971,0.9870880054366293
0.8040409631884861,0.9870880054366293
0.8041522491349481,0.9870880054366293
0.8042635658914729,0.9870880054366293
0.804374913470857,0.9870880054366293
0.8044862918859041,0.9870880054366293
0.8045977011494253,0.9870880054366293
0.8047091412742382,0.9870880054366293
0.804820612273168,0.9870880054366293
0.8049321141590469,0.9870880054366293
0.8050436469447139,0.9870880054366293
0.8051552106430155,0.9870880054366293
0.8052668052668053,0.9870880054366293
0.8053784308289437,0.9870880054366293
0.8054900873422987,0.9870880054366293
0.8056017748197448,0.9870880054366293
0.8057134932741644,0.9870880054366293
0.8058252427184466,0.9870880054366293
0.8059370231654875,0.9870880054366293
0.8060488346281909,0.9870880054366293
0.8061606771194672,0.9870880054366293
0.8062725506522342,0.9870880054366293
0.806384455239417,0.9870880054366293
0.8064963908939478,0.9870880054366293
0.8066083576287658,0.9870880054366293
0.8067203554568175,0.9870880054366293
0.8068323843910568,0.9870880054366293
0.8069444444444445,0.9870880054366293
0.8070565356299486,0.9870880054366293
0.8071686579605446,0.9870880054366293
0.8072808114492149,0.9870880054366293
0.8073929961089494,0.9870880054366293
0.8075052119527449,0.9870880054366293
0.8076174589936058,0.9870880054366293
0.8077297372445433,0.9870880054366293
0.8078420467185762,0.9870880054366293
0.8079543874287304,0.9870880054366293
0.808066759388039,0.9870880054366293
0.8081791626095424,0.9870880054366293
0.8082915971062883,0.9870880054366293
0.8084040628913316,0.9870880054366293
0.8085165599777345,0.9870880054366293
0.8086290883785665,0.9870880054366293
0.8087416481069042,0.9870880054366293
0.8088542391758319,0.9870880054366293
0.8089668615984406,0.9870880054366293
0.809079515387829,0.9870880054366293
0.8091922005571031,0.9870880054366293
0.8093049171193759,0.9870880054366293
0.8094176650877681,0.9870880054366293
0.8095304444754076,0.9870880054366293
0.8096432552954292,0.9870880054366293
0.8097560975609757,0.9870880054366293
0.8098689712851965,0.9870880054366293
0.8099818764812491,0.9870880054366293
0.8100948131622978,0.9870880054366293
0.8102077813415144,0.9870880054366293
0.810320781032078,0.9870880054366293
0.8104338122471754,0.9870880054366293
0.810546875,0.9870880054366293
0.8106599693037533,0.9870880054366293
0.8107730951716439,0.9870880054366293
0.8108862526168876,0.9870880054366293
0.810999441652708,0.9870880054366293
0.8111126622923356,0.9870880054366293
0.8112259145490086,0.9870880054366293
0.8113391984359726,0.9870880054366293
0.8114525139664804,0.9870880054366293
0.8114261768403408,0.9869181107713217
0.8115395361832914,0.9869181107713217
0.8116529272041358,0.9869181107713217
0.8116266070430408,0.9867482161060143
0.8117400419287212,0.9867482161060143
0.8118535085266984,0.9867482161060143
0.8119670068502726,0.9867482161060143
0.8120805369127517,0.9867482161060143
0.8121940987274507,0.9867482161060143
0.8123076923076923,0.9867482161060143
0.8124213176668066,0.9867482161060143
0.812534974818131,0.9867482161060143
0.8126486637750105,0.9867482161060143
0.8127623845507976,0.9867482161060143
0.8128761371588523,0.9867482161060143
0.812989921612542,0.9867482161060143
0.8131037379252415,0.9867482161060143
0.8132175861103332,0.9867482161060143
0.8133314661812071,0.9867482161060143
0.8134453781512605,0.9867482161060143
0.8135593220338984,0.9867482161060143
0.813673297842533,0.9867482161060143
0.8137873055905843,0.9867482161060143
0.8139013452914798,0.9867482161060143
0.8140154169586545,0.9867482161060143
0.8141295206055509,0.9867482161060143
0.814243656245619,0.9867482161060143
0.8143578238923164,0.9867482161060143
0.8144720235591081,0.9867482161060143
0.814586255259467,0.9867482161060143
0.8147005190068733,0.9867482161060143
0.8146745230078564,0.9865783214407068
0.8147888312052757,0.9865783214407068
0.8149031714847039,0.9865783214407068
0.8150175438596491,0.9865783214407068
0.8151319483436271,0.9865783214407068
0.8152463849501614,0.9865783214407068
0.8153608536927829,0.9865783214407068
0.8154753545850302,0.9865783214407068
0.8155898876404495,0.9865783214407068
0.8157044528725945,0.9865783214407068
0.8158190502950267,0.9865783214407068
0.8159336799213152,0.9865783214407068
0.8160483417650365,0.9865783214407068
0.8161630358397751,0.9865783214407068
0.8162777621591228,0.9865783214407068
0.8163925207366793,0.9865783214407068
0.8165073115860517,0.9865783214407068
0.8164815075235551,0.9864084267753993
0.8165963431786216,0.9864084267753993
0.8167112111408075,0.9864084267753993
0.8168261114237478,0.9864084267753993
0.8169410440410863,0.9864084267753993
0.8170560090064733,0.9864084267753993
0.8171710063335679,0.9864084267753993
0.817286036036036,0.9864084267753993
0.8174010981275517,0.9864084267753993
0.8175161926217966,0.9864084267753993
0.8176313195324603,0.9864084267753993
0.8177464788732395,0.9864084267753993
0.8178616706578391,0.9864084267753993
0.8179768948999718,0.9864084267753993
0.8180921516133578,0.9864084267753993
0.8182074408117249,0.9864084267753993
0.818322762508809,0.9864084267753993
0.8184381167183535,0.9864084267753993
0.8185535034541097,0.9864084267753993
0.8186689227298365,0.9864084267753993
0.8187843745593005,0.9864084267753993
0.8188998589562765,0.9864084267753993
0.8190153759345464,0.9864084267753993
0.8191309255079007,0.9864084267753993
0.8191054042613235,0.9862385321100917
0.81922099915326,0.9862385321100917
0.8193366266760762,0.9862385321100917
0.8194522868435912,0.9862385321100917
0.8195679796696315,0.9862385321100917
0.8196837051680317,0.9862385321100917
0.8197994633526338,0.9862385321100917
0.8199152542372882,0.9862385321100917
0.8200310778358525,0.9862385321100917
0.8201469341621928,0.9862385321100917
0.8202628232301823,0.9862385321100917
0.8203787450537027,0.9862385321100917
0.8204946996466431,0.9862385321100917
0.8206106870229007,0.9862385321100917
0.8207267071963806,0.9862385321100917
0.8208427601809954,0.9862385321100917
0.8209588459906662,0.9862385321100917
0.8209335219236209,0.9860686374447842
0.8210496534163249,0.9860686374447842
0.821165817770232,0.9860686374447842
0.8212820149992924,0.9860686374447842
0.821398245117464,0.9860686374447842
0.821514508138712,0.9860686374447842
0.8216308040770102,0.9860686374447842
0.82174713294634,0.9860686374447842
0.821863494760691,0.9860686374447842
0.8219798895340603,0.9860686374447842
0.8220963172804533,0.9860686374447842
0.822212778013883,0.9860686374447842
0.8223292717483707,0.9860686374447842
0.8224457984979453,0.9860686374447842
0.822562358276644,0.9860686374447842
0.8226789510985117,0.9860686374447842
0.8227955769776013,0.9860686374447842
0.8229122359279739,0.9860686374447842
0.8230289279636982,0.9860686374447842
0.8231456530988512,0.9860686374447842
0.8232624113475178,0.9860686374447842
0.8233792027237906,0.9860686374447842
0.8234960272417707,0.9860686374447842
0.823612884915567,0.9860686374447842
0.8237297757592961,0.9860686374447842
0.8237047551454932,0.9858987427794768
0.8238216922203293,0.9858987427794768
0.8239386625017748,0.9858987427794768
0.8240556660039762,0.9858987427794768
0.8241727027410879,0.9858987427794768
0.8242897727272728,0.9858987427794768
0.8244068759767013,0.9858987427794768
0.8245240125035521,0.9858987427794768
0.8246411823220122,0.9858987427794768
0.8247583854462763,0.9858987427794768
0.8248756218905473,0.9858987427794768
0.8249928916690361,0.9858987427794768
0.8251101947959619,0.9858987427794768
0.8252275312855518,0.9858987427794768
0.825344901152041,0.9858987427794768
0.8254623044096728,0.9858987427794768
0.8255797410726988,0.9858987427794768
0.8256972111553785,0.9858987427794768
0.8258147146719795,0.9858987427794768
0.8259322516367776,0.9858987427794768
0.826049822064057,0.9858987427794768
0.8261674259681093,0.9858987427794768
0.826285063363235,0.9858987427794768
0.8264027342637426,0.9858987427794768
0.8265204386839482,0.9858987427794768
0.8266381766381766,0.9858987427794768
0.8266134777033766,0.9857288481141692
0.8267312624679396,0.9857288481141692
0.8268490808037623,0.9857288481141692
0.8269669327251995,0.9857288481141692
0.8270848182466144,0.9857288481141692
0.8272027373823782,0.9857288481141692
0.8273206901468702,0.9857288481141692
0.827438676554478,0.9857288481141692
0.8275566966195977,0.9857288481141692
0.8276747503566334,0.9857288481141692
0.8277928377799971,0.9857288481141692
0.8279109589041096,0.9857288481141692
0.8280291137433995,0.9857288481141692
0.8281473023123037,0.9857288481141692
0.8282655246252677,0.9857288481141692
0.8283837806967447,0.9857288481141692
0.8285020705411966,0.9857288481141692
0.8286203941730934,0.9857288481141692
0.8287387516069133,0.9857288481141692
0.8288571428571428,0.9857288481141692
0.8288326903843406,0.9855589534488617
0.8289511288939697,0.9855589534488617
0.8290696012576818,0.9855589534488617
0.8290451686678102,0.9853890587835542
0.8291636883488206,0.9853890587835542
0.8292822419216471,0.9853890587835542
0.8294008294008294,0.9853890587835542
0.8295194508009154,0.9853890587835542
0.8296381061364612,0.9853890587835542
0.8297567954220315,0.9853890587835542
0.8298755186721992,0.9853890587835542
0.8299942759015455,0.9853890587835542
0.83011306712466,0.9853890587835542
0.8302318923561408,0.9853890587835542
0.8303507516105941,0.9853890587835542
0.8304696449026346,0.9853890587835542
0.8305885722468853,0.9853890587835542
0.8307075336579777,0.9853890587835542
0.8306832831972497,0.9852191641182467
0.8308022922636104,0.9852191641182467
0.830921335434876,0.9852191641182467
0.8310404127257094,0.9852191641182467
0.8311595241507811,0.9852191641182467
0.8312786697247706,0.9852191641182467
0.8312544802867383,0.9850492694529391
0.8313736736449671,0.9850492694529391
0.8314929011903055,0.9850492694529391
0.8316121629374641,0.9850492694529391
0.8315880074594749,0.9848793747876317
0.8317073170731707,0.9848793747876317
0.8318266609269622,0.9848793747876317
0.8319460390355913,0.9848793747876317
0.8320654514138079,0.9848793747876317
0.832184898076371,0.9848793747876317
0.8323043790380473,0.9848793747876317
0.8324238943136129,0.9848793747876317
0.8325434439178515,0.9848793747876317
0.8326630278655559,0.9848793747876317
0.8326389886510559,0.9847094801223242
0.8327586206896552,0.9847094801223242
0.8328782871102169,0.9847094801223242
0.8329979879275654,0.9847094801223242
0.833117723156533,0.9847094801223242
0.8332374928119609,0.9847094801223242
0.8333572969086988,0.9847094801223242
0.8334771354616048,0.9847094801223242
0.8335970084855459,0.9847094801223242
0.833716915995397,0.9847094801223242
0.8338368580060423,0.9847094801223242
0.8339568345323741,0.9847094801223242
0.8340768455892934,0.9847094801223242
0.8341968911917098,0.9847094801223242
0.8343169713545415,0.9847094801223242
0.8344370860927153,0.9847094801223242
0.8345572354211663,0.9847094801223242
0.8346774193548387,0.9847094801223242
0.834797637908685,0.9847094801223242
0.8349178910976663,0.9847094801223242
0.8350381789367526,0.9847094801223242
0.8351585014409222,0.9847094801223242
0.8351347456405822,0.9845395854570167
0.8352551167483424,0.9845395854570167
0.8352313680265244,0.9843696907917091
0.8353517877739332,0.9843696907917091
0.8354722422494593,0.9843696907917091
0.8355927314681281,0.9843696907917091
0.8357132554449733,0.9843696907917091
0.8358338141950375,0.9843696907917091
0.8359544077333718,0.9843696907917091
0.8360750360750361,0.9843696907917091
0.8361956992350988,0.9843696907917091
0.8363163972286374,0.9843696907917091
0.8362927674317887,0.9841997961264016
0.8364135142939648,0.9841997961264016
0.8365342960288809,0.9841997961264016
0.8366551126516465,0.9841997961264016
0.8367759641773798,0.9841997961264016
0.8368968506212078,0.9841997961264016
0.8370177719982661,0.9841997961264016
0.8371387283236994,0.9841997961264016
0.8372597196126608,0.9841997961264016
0.8372361954322058,0.9840299014610941
0.8373572357958653,0.9840299014610941
0.8374783111625217,0.9840299014610941
0.8375994215473608,0.9840299014610941
0.8377205669655771,0.9840299014610941
0.8378417474323738,0.9840299014610941
0.8379629629629629,0.9840299014610941
0.8380842135725655,0.9840299014610941
0.838205499276411,0.9840299014610941
0.838326820089738,0.9840299014610941
0.8384481760277939,0.9840299014610941
0.8385695671058346,0.9840299014610941
0.8386909933391254,0.9840299014610941
0.8388124547429399,0.9840299014610941
0.8389339513325609,0.9840299014610941
0.8390554831232797,0.9840299014610941
0.839177050130397,0.9840299014610941
0.8392986523692219,0.9840299014610941
0.8394202898550724,0.9840299014610941
0.8395419626032758,0.9840299014610941
0.8396636706291679,0.9840299014610941
0.8397854139480934,0.9840299014610941
0.839907192575406,0.9840299014610941
0.8398839738941262,0.9838600067957866
0.8398607484769365,0.9836901121304791
0.8399825910343827,0.9836901121304791
0.8401044689495066,0.9836901121304791
0.8402263822377013,0.9836901121304791
0.8403483309143687,0.9836901121304791
0.8403251560458702,0.9835202174651716
0.8404471544715447,0.9835202174651716
0.8405691883258313,0.9835202174651716
0.8405460354342144,0.9833503227998641
0.8406681190994917,0.9833503227998641
0.8407902382335851,0.9833503227998641
0.8409123928519541,0.9833503227998641
0.8410345829700668,0.9833503227998641
0.8411568086034007,0.9833503227998641
0.8412790697674418,0.9833503227998641
0.8414013664776857,0.9833503227998641
0.8415236987496365,0.9833503227998641
0.8416460665988076,0.9833503227998641
0.8417684700407213,0.9833503227998641
0.8418909090909091,0.9833503227998641
0.8420133837649113,0.9833503227998641
0.8421358940782773,0.9833503227998641
0.8422584400465658,0.9833503227998641
0.8423810216853442,0.9833503227998641
0.8425036390101892,0.9833503227998641
0.8426262920366866,0.9833503227998641
0.842748980780431,0.9833503227998641
0.8428717052570264,0.9833503227998641
0.8429944654820857,0.9833503227998641
0.8431172614712309,0.9833503227998641
0.8432400932400932,0.9833503227998641
0.8433629608043129,0.9833503227998641
0.8434858641795395,0.9833503227998641
0.8436088033814313,0.9833503227998641
0.8437317784256559,0.9833503227998641
0.8437089954803907,0.9831804281345565
0.8438320209973753,0.9831804281345565
0.8439550823975499,0.9831804281345565
0.8440781796966161,0.9831804281345565
0.8442013129102844,0.9831804281345565
0.8443244820542749,0.9831804281345565
0.8444476871443164,0.9831804281345565
0.844424985405721,0.983010533469249
0.8445482411326813,0.983010533469249
0.8446715328467154,0.983010533469249
0.8447948605635859,0.983010533469249
0.8449182242990654,0.983010533469249
0.84489557470425,0.9828406388039416
0.8450189891907683,0.9828406388039416
0.8451424397370343,0.9828406388039416
0.8452659263588544,0.9828406388039416
0.8453894490720444,0.9828406388039416
0.8455130078924291,0.9828406388039416
0.8456366028358427,0.9828406388039416
0.8457602339181286,0.9828406388039416
0.8458839011551397,0.9828406388039416
0.8460076045627376,0.9828406388039416
0.8461313441567939,0.9828406388039416
0.846255119953189,0.9828406388039416
0.8463789319678128,0.9828406388039416
0.8465027802165642,0.9828406388039416
0.846626664715352,0.9828406388039416
0.8467505854800936,0.9828406388039416
0.8468745425267165,0.9828406388039416
0.8469985358711567,0.9828406388039416
0.84712256552936,0.9828406388039416
0.8472466315172817,0.9828406388039416
0.8473707338508862,0.9828406388039416
0.8474948725461471,0.9828406388039416
0.8474725274725274,0.9826707441386341
0.8475967174677609,0.9826707441386341
0.8477209438663345,0.9826707441386341
0.8478452066842568,0.9826707441386341
0.8479695059375458,0.9826707441386341
0.8480938416422288,0.9826707441386341
0.8482182138143423,0.9826707441386341
0.8483426224699325,0.9826707441386341
0.848467067625055,0.9826707441386341
0.8485915492957746,0.9826707441386341
0.8487160674981659,0.9826707441386341
0.8488406222483122,0.9826707441386341
0.8488184353441949,0.9825008494733265
0.8489430416911333,0.9825008494733265
0.8490676846278079,0.9825008494733265
0.8491923641703377,0.9825008494733265
0.849317080334851,0.9825008494733265
0.8494418331374853,0.9825008494733265
0.8495666225943881,0.9825008494733265
0.8496914487217161,0.9825008494733265
0.8498163115356355,0.9825008494733265
0.8497942386831275,0.982330954808019
0.8499191533147141,0.982330954808019
0.8500441046750956,0.982330954808019
0.8501690927804735,0.982330954808019
0.8502941176470589,0.982330954808019
0.8504191792910722,0.982330954808019
0.8505442777287437,0.982330954808019
0.850669412976313,0.982330954808019
0.8507945850500295,0.982330954808019
0.8509197939661516,0.982330954808019
0.8510450397409479,0.982330954808019
0.8511703223906963,0.982330954808019
0.8512956419316844,0.982330954808019
0.8514209983802091,0.982330954808019
0.8515463917525773,0.982330954808019
0.8516718220651053,0.982330954808019
0.851797289334119,0.982330954808019
0.851922793575954,0.982330954808019
0.8520483348069555,0.982330954808019
0.8521739130434782,0.982330954808019
0.8522995283018868,0.982330954808019
0.8524251805985552,0.982330954808019
0.8524034208198171,0.9821610601427115
0.8525291254977142,0.9821610601427115
0.8526548672566372,0.9821610601427115
0.852780646112996,0.9821610601427115
0.8529064620832104,0.9821610601427115
0.8530323151837096,0.9821610601427115
0.8531582054309327,0.9821610601427115
0.8532841328413284,0.9821610601427115
0.8534100974313552,0.9821610601427115
0.8535360992174812,0.9821610601427115
0.8535144713526285,0.9819911654774041
0.8536405257716733,0.9819911654774041
0.8537666174298375,0.9819911654774041
0.8538927463436253,0.9819911654774041
0.8540189125295509,0.9819911654774041
0.8541451160041377,0.9819911654774041
0.8542713567839196,0.9819911654774041
0.854249815225425,0.9818212708120965
0.8543761088113542,0.9818212708120965
0.854502439745675,0.9818212708120965
0.8546288080449571,0.9818212708120965
0.8547552137257802,0.9818212708120965
0.8548816568047337,0.9818212708120965
0.8548601864181092,0.981651376146789
0.8548387096774194,0.9814814814814815
0.8549652212520349,0.9814814814814815
0.8550917702782712,0.9814814814814815
0.8552183567727609,0.9814814814814815
0.8553449807521468,0.9814814814814815
0.8554716422330816,0.9814814814814815
0.8555983412322274,0.9814814814814815
0.8557250777662568,0.9814814814814815
0.8558518518518519,0.9814814814814815
0.8559786635057045,0.9814814814814815
0.8561055127445168,0.9814814814814815
0.8562323995850007,0.9814814814814815
0.8563593240438778,0.9814814814814815
0.8564862861378799,0.9814814814814815
0.8566132858837485,0.9814814814814815
0.8567403232982352,0.9814814814814815
0.8568673983981014,0.9814814814814815
0.8569945112001187,0.9814814814814815
0.8571216617210683,0.9814814814814815
0.8572488499777415,0.9814814814814815
0.8573760759869398,0.9814814814814815
0.8575033397654742,0.9814814814814815
0.8576306413301663,0.9814814814814815
0.857757980697847,0.9814814814814815
0.8578853578853579,0.9814814814814815
0.85801277290955,0.9814814814814815
0.8581402257872847,0.9814814814814815
0.8582677165354331,0.9814814814814815
0.8583952451708766,0.9814814814814815
0.8585228117105068,0.9814814814814815
0.8586504161712247,0.9814814814814815
0.858778058569942,0.9814814814814815
0.8589057389235801,0.9814814814814815
0.8590334572490707,0.9814814814814815
0.8591612135633552,0.9814814814814815
0.8592890078833854,0.9814814814814815
0.8594168402261232,0.9814814814814815
0.8593959232257105,0.9813115868161739
0.8595238095238096,0.9813115868161739
0.8596517338889715,0.9813115868161739
0.8596308425126525,0.9811416921508664
0.8597588209021885,0.9811416921508664
0.8598868374032163,0.9811416921508664
0.8600148920327625,0.9811416921508664
0.8601429848078642,0.9811416921508664
0.8602711157455682,0.9811416921508664
0.860399284862932,0.9811416921508664
0.8605274921770228,0.9811416921508664
0.8605067064083457,0.980971797485559
0.8604859144432851,0.9808019028202515
0.8606141920095408,0.9808019028202515
0.8605934098702848,0.9806320081549439
0.8607217417238294,0.9806320081549439
0.8608501118568233,0.9806320081549439
0.8609785202863962,0.9806320081549439
0.8611069670296883,0.9806320081549439
0.8610862429125634,0.9804621134896364
0.8612147440680495,0.9804621134896364
0.8613432835820896,0.9804621134896364
0.8614718614718615,0.9804621134896364
0.8616004777545536,0.9804621134896364
0.8617291324473645,0.9804621134896364
0.861857825567503,0.9804621134896364
0.8619865571321882,0.9804621134896364
0.8621153271586496,0.9804621134896364
0.8622441356641267,0.9804621134896364
0.8622235505080693,0.9802922188243289
0.8623524136900313,0.9802922188243289
0.8624813153961136,0.9802922188243289
0.862610255643594,0.9802922188243289
0.8627392344497608,0.9802922188243289
0.8628682518319126,0.9802922188243289
0.8629973078073586,0.9802922188243289
0.8629768137621541,0.9801223241590215
0.8631059245960503,0.9801223241590215
0.8630854406703576,0.9799524294937139
0.8632146064052679,0.9799524294937139
0.8633438108067655,0.9799524294937139
0.8634730538922155,0.9799524294937139
0.8636023356789939,0.9799524294937139
0.8635819107517221,0.9797825348284064
0.8637112475662723,0.9797825348284064
0.8638406231276213,0.9797825348284064
0.8639700374531836,0.9797825348284064
0.8640994905603836,0.9797825348284064
0.8642289824666567,0.9797825348284064
0.8643585131894485,0.9797825348284064
0.8643381801828811,0.9796126401630989
0.8644677661169415,0.9796126401630989
0.8645973909131804,0.9796126401630989
0.8647270545890822,0.9796126401630989
0.8647067646617669,0.9794427454977914
0.8648364836483649,0.9794427454977914
0.8648162040510128,0.9792728508324838
0.8649459783913566,0.9792728508324838
0.865075791685427,0.9792728508324838
0.8652056439507655,0.9792728508324838
0.8653355352049242,0.9792728508324838
0.8654654654654654,0.9792728508324838
0.8654452620513591,0.9791029561671764
0.8655752478221688,0.9791029561671764
0.8657052726453357,0.9791029561671764
0.8658353365384616,0.9791029561671764
0.8658151765589782,0.9789330615018689
0.865795010519988,0.9787631668365613
0.8659251465504284,0.9787631668365613
0.8660553217077571,0.9787631668365613
0.8661855360096226,0.9787631668365613
0.8661654135338346,0.9785932721712538
0.866145285005264,0.9784233775059463
0.8661251504211793,0.9782534828406388
0.8662554535880849,0.9782534828406388
0.8663857959674992,0.9782534828406388
0.8665161775771256,0.9782534828406388
0.8664960866947622,0.9780835881753313
0.8666265241607707,0.9780835881753313
0.8667570009033424,0.9780835881753313
0.8668875169402198,0.9780835881753313
0.8670180722891566,0.9780835881753313
0.8669980418737762,0.9779136935100238
0.8671286532087978,0.9779136935100238
0.8672593039023655,0.9779136935100238
0.8673899939722725,0.9779136935100238
0.8675207234363226,0.9779136935100238
0.8676514923123304,0.9779136935100238
0.8677823006181216,0.9779136935100238
0.867913148371532,0.9779136935100238
0.8680440355904087,0.9779136935100238
0.8681749622926094,0.9779136935100238
0.8683059284960024,0.9779136935100238
0.8684369342184671,0.9779136935100238
0.8684170816357326,0.9777437988447163
0.8685481436764262,0.9777437988447163
0.8686792452830189,0.9777437988447163
0.8688103864734299,0.9777437988447163
0.8689415672655896,0.9777437988447163
0.8690727876774388,0.9777437988447163
0.8692040477269295,0.9777437988447163
0.8693353474320241,0.9777437988447163
0.8694666868106965,0.9777437988447163
0.8695980658809308,0.9777437988447163
0.8697294846607224,0.9777437988447163
0.8698609431680774,0.9777437988447163
0.8699924414210128,0.9777437988447163
0.869972785001512,0.9775739041794088
0.8701043399364887,0.9775739041794088
0.8702359346642469,0.9775739041794088
0.8703675692028437,0.9775739041794088
0.8704992435703479,0.9775739041794088
0.8706309577848389,0.9775739041794088
0.8707627118644068,0.9775739041794088
0.870894505827153,0.9775739041794088
0.8710263396911898,0.9775739041794088
0.8711582134746404,0.9775739041794088
0.871290127195639,0.9775739041794088
0.8714220808723308,0.9775739041794088
0.8715540745228718,0.9775739041794088
0.8716861081654295,0.9775739041794088
0.8716666666666667,0.9774040095141012
0.8716472192756478,0.9772341148487937
0.8716277659896938,0.9770642201834863
0.8717598908594816,0.9770642201834863
0.8718920557913887,0.9770642201834863
0.8720242608036392,0.9770642201834863
0.8721565059144677,0.9770642201834863
0.8721371151220992,0.9768943255181787
0.8722694174757282,0.9768943255181787
0.8724017599757244,0.9768943255181787
0.8723823975720789,0.9767244308528712
0.8725147973895887,0.9767244308528712
0.8726472374013358,0.9767244308528712
0.8727797176256262,0.9767244308528712
0.8729122380807774,0.9767244308528712
0.8728929384965831,0.9765545361875637
0.8728736330498177,0.9763846415222562
0.8730062281634513,0.9763846415222562
0.8731388635673047,0.9763846415222562
0.8732715392797448,0.9763846415222562
0.8734042553191489,0.9763846415222562
0.8735370117039064,0.9763846415222562
0.8736698084524172,0.9763846415222562
0.8738026455830926,0.9763846415222562
0.8739355231143552,0.9763846415222562
0.873916349809886,0.9762147468569486
0.8740492850623669,0.9762147468569486
0.8741822607637304,0.9762147468569486
0.8741631162507608,0.9760448521916412
0.8742961497488967,0.9760448521916412
0.8744292237442922,0.9760448521916412
0.8745623382554423,0.9760448521916412
0.8746954933008526,0.9760448521916412
0.8748286888990406,0.9760448521916412
0.8748096253426744,0.9758749575263337
0.8749428789032749,0.9758749575263337
0.8750761730652041,0.9758749575263337
0.8752095078470212,0.9758749575263337
0.8753428832672966,0.9758749575263337
0.8753238835543362,0.9757050628610262
0.8754573170731708,0.9757050628610262
0.8755907912791584,0.9757050628610262
0.8757243061909119,0.9757050628610262
0.8757053530578008,0.9755351681957186
0.8758389261744967,0.9755351681957186
0.8759725400457666,0.9755351681957186
0.8759536161122978,0.9753652735304111
0.8760872882649169,0.9753652735304111
0.8762210012210012,0.9753652735304111
0.8763547549992368,0.9753652735304111
0.8764885496183206,0.9753652735304111
0.8766223850969613,0.9753652735304111
0.8767562614538791,0.9753652735304111
0.8768901787078051,0.9753652735304111
0.8768713718301253,0.9751953788651037
0.8770053475935828,0.9751953788651037
0.8771393643031785,0.9751953788651037
0.8772734219776861,0.9751953788651037
0.8774075206358911,0.9751953788651037
0.8775416602965908,0.9751953788651037
0.8776758409785933,0.9751953788651037
0.8778100627007188,0.9751953788651037
0.8779443254817987,0.9751953788651037
0.8780786293406762,0.9751953788651037
0.8782129742962056,0.9751953788651037
0.8781943381790359,0.9750254841997962
0.8783287419651056,0.9750254841997962
0.8784631868972906,0.9750254841997962
0.8785976729944887,0.9750254841997962
0.8787322002756086,0.9750254841997962
0.8788667687595713,0.9750254841997962
0.8790013784653086,0.9750254841997962
0.8791360294117647,0.9750254841997962
0.8792707216178949,0.9750254841997962
0.8792522218817039,0.9748555895344886
0.8793869731800766,0.9748555895344886
0.8796565997240533,0.9748555895344886
0.8797914750076664,0.9748555895344886
0.8799263916577212,0.9748555895344886
0.8800613496932516,0.9748555895344886
0.8801963491333027,0.9748555895344886
0.8803313899969316,0.9748555895344886
0.880466472303207,0.9748555895344886
0.8806015960712094,0.9748555895344886
0.8807367613200306,0.9748555895344886
0.880871968068775,0.9748555895344886
0.8810072163365577,0.9748555895344886
0.8811425061425061,0.9748555895344886
0.8812778375057595,0.9748555895344886
0.8812596006144393,0.9746856948691811
0.8813949915501613,0.9746856948691811
0.8813767670559312,0.9745158002038736
0.8815122176118027,0.9745158002038736
0.8816477098063327,0.9745158002038736
0.8819188191881919,0.9745158002038736
0.8820544364139628,0.9745158002038736
0.8821900953552753,0.9745158002038736
0.8823257960313798,0.9745158002038736
0.8824615384615384,0.9745158002038736
0.8825973226650254,0.9745158002038736
0.8827331486611265,0.9745158002038736
0.8827150992765892,0.974345905538566
0.8828509852216748,0.974345905538566
0.8829869130100076,0.974345905538566
0.8831228826609178,0.974345905538566
0.8831048821808101,0.9741760108732586
0.883086876155268,0.9740061162079511
0.8832229240486827,0.9740061162079511
0.8833590138674885,0.9740061162079511
0.883495145631068,0.9740061162079511
0.8836313193588162,0.9740061162079511
0.8837675350701403,0.9740061162079511
0.8837496145544249,0.9738362215426436
0.8838858905165767,0.9738362215426436
0.8838679827267119,0.973666326877336
0.8840043189881228,0.973666326877336
0.8839864239432274,0.9734964322120285
0.8841228205523839,0.9734964322120285
0.8842592592592593,0.9734964322120285
0.8843957400833462,0.9734964322120285
0.8845322630441494,0.9734964322120285
0.884514435695538,0.973326537546721
0.884651019147622,0.973326537546721
0.8847876447876448,0.973326537546721
0.884924312635156,0.973326537546721
0.8850610227097173,0.973326537546721
0.8850432632880099,0.9731566428814136
0.8853168469860896,0.9731566428814136
0.885453702272376,0.9731566428814136
0.8854359925788498,0.972986748216106
0.8855729086129581,0.972986748216106
0.8857098669965976,0.972986748216106
0.88584686774942,0.972986748216106
0.8859839108910891,0.972986748216106
0.8861209964412812,0.972986748216106
0.8862581244196843,0.972986748216106
0.886240520043337,0.9728168535507985
0.8863777089783281,0.9728168535507985
0.8865149403932497,0.9728168535507985
0.8866522143078353,0.9728168535507985
0.8866346600588508,0.972646958885491
0.8867719950433705,0.972646958885491
0.8869093725793958,0.972646958885491
0.8870467926867059,0.972646958885491
0.8870292887029289,0.9724770642201835
0.8870117792932424,0.972307169554876
0.8869942644551232,0.9721372748895685
0.8871317829457365,0.9721372748895685
0.88711428128392,0.971967380224261
0.8872518610421837,0.971967380224261
0.8873894834806887,0.971967380224261
0.8875271486192988,0.971967380224261
0.8875096974398758,0.9717974855589534
0.8876474239602731,0.9717974855589534
0.887923005277864,0.9717974855589534
0.887905604719764,0.9716275908936459
0.8880434782608696,0.9716275908936459
0.8881813946264948,0.9716275908936459
0.8883193538365952,0.9716275908936459
0.8884573559111387,0.9716275908936459
0.8885954008701057,0.9716275908936459
0.8887334887334888,0.9716275908936459
0.8888716195212931,0.9716275908936459
0.8890097932535365,0.9716275908936459
0.8891480099502488,0.9716275908936459
0.8892862696314725,0.9716275908936459
0.8894245723172628,0.9716275908936459
0.8897013067828251,0.9716275908936459
0.8898397386027695,0.9716275908936459
0.8899782135076253,0.9716275908936459
0.8901167315175097,0.9716275908936459
0.8902552926525529,0.9716275908936459
0.8903938969328974,0.9716275908936459
0.8905325443786982,0.9716275908936459
0.890671235010123,0.9716275908936459
0.890809968847352,0.9716275908936459
0.8907929584047359,0.9714576962283384
0.8909317544406357,0.9714576962283384
0.8910705937353903,0.9714576962283384
0.891209476309227,0.9714576962283384
0.891348402182385,0.9714576962283384
0.8914873713751169,0.9714576962283384
0.8916263839076876,0.9714576962283384
0.8917654398003743,0.9714576962283384
0.8919045390734675,0.9714576962283384
0.8920436817472699,0.9714576962283384
0.892026837260103,0.971287801563031
0.8921660424469413,0.971287801563031
0.8923052910878726,0.971287801563031
0.8924445832032469,0.971287801563031
0.892583918813427,0.971287801563031
0.8927232979387882,0.971287801563031
0.8927065438075902,0.9711179068977234
0.8928459856294908,0.9711179068977234
0.8929854710201531,0.9711179068977234
0.893125,0.9711179068977234
0.8932645725894671,0.9711179068977234
0.8934041888090029,0.9711179068977234
0.8933875254025324,0.9709480122324159
0.8935272045028143,0.9709480122324159
0.8935105551211884,0.9707781175671084
0.8936502971535815,0.9707781175671084
0.8937900829031753,0.9707781175671084
0.8940697856360507,0.9707781175671084
0.8942097026604069,0.9707781175671084
0.8943496634841133,0.9707781175671084
0.8944896681277396,0.9707781175671084
0.8944731485830594,0.9706082229018009
0.8946132164108989,0.9706082229018009
0.8945967110415035,0.9704383282364933
0.8947368421052632,0.9704383282364933
0.8948770170766097,0.9704383282364933
0.8948605452836101,0.9702684335711859
0.8948440683278484,0.9700985389058784
0.8949843260188087,0.9700985389058784
0.8951246276845901,0.9700985389058784
0.8952649733458764,0.9700985389058784
0.8954053630233653,0.9700985389058784
0.8955457967377666,0.9700985389058784
0.8956862745098039,0.9700985389058784
0.8958267963602133,0.9700985389058784
0.8959673623097443,0.9700985389058784
0.8961079723791588,0.9700985389058784
0.8960916653586564,0.9699286442405708
0.896232339089482,0.9699286442405708
0.8963730569948186,0.9699286442405708
0.8963567839195979,0.9697587495752633
0.8964975655724832,0.9697587495752633
0.8966383914546026,0.9697587495752633
0.8967792615868029,0.9697587495752633
0.8969201759899434,0.9697587495752633
0.897061134684897,0.9697587495752633
0.8973431850337997,0.9697587495752633
0.8974842767295598,0.9697587495752633
0.8976254128007548,0.9697587495752633
0.8977665932683234,0.9697587495752633
0.8977505112474438,0.9695888549099558
0.8980330448465775,0.9695888549099558
0.89817437834435,0.9695888549099558
0.8983157563355895,0.9695888549099558
0.8984571788413098,0.9695888549099558
0.8984411903637223,0.9694189602446484
0.8984251968503937,0.9692490655793408
0.8984091982989447,0.9690791709140333
0.8985507246376812,0.9690791709140333
0.8986922955727115,0.9690791709140333
0.8986763315474314,0.9689092762487258
0.8988179669030733,0.9689092762487258
0.8989596469104666,0.9689092762487258
0.8991013715907299,0.9689092762487258
0.8990854619993692,0.9687393815834183
0.8992272512222047,0.9687393815834183
0.8993690851735016,0.9687393815834183
0.8995109638744282,0.9687393815834183
0.8994951088671506,0.9685694869181107
0.8996370522329178,0.9685694869181107
0.8997790404040404,0.9685694869181107
0.8997632202052092,0.9683995922528033
0.8999052731291443,0.9683995922528033
0.9000473709142587,0.9683995922528033
0.9001895135818067,0.9683995922528033
0.9001737482230295,0.9682296975874958
0.9003159557661927,0.9682296975874958
0.9004582082477485,0.9682296975874958
0.9006005056890013,0.9682296975874958
0.9007428481112691,0.9682296975874958
0.9008852355358836,0.9682296975874958
0.9010276679841898,0.9682296975874958
0.9011701454775458,0.9682296975874958
0.901312668037324,0.9682296975874958
0.9014552356849098,0.9682296975874958
0.9015978484417022,0.9682296975874958
0.901740506329114,0.9682296975874958
0.901883209368571,0.9682296975874958
0.9020259575815132,0.9682296975874958
0.9020104479974671,0.9680598029221883
0.9022961203483769,0.9680598029221883
0.9022806461830852,0.9678899082568807
0.9025665399239544,0.9678899082568807
0.9025511012517826,0.9677200135915732
0.9026941362916007,0.9677200135915732
0.9028372166745918,0.9677200135915732
0.9029803424223208,0.9677200135915732
0.903123513556366,0.9677200135915732
0.903266730098319,0.9677200135915732
0.9034099920697859,0.9677200135915732
0.9035532994923858,0.9677200135915732
0.9035379977788355,0.9675501189262657
0.9036813709933355,0.9675501189262657
0.9036660847484527,0.9673802242609582
0.9040965385836773,0.9673802242609582
0.9040813085596315,0.9672103295956507
0.9040660736975857,0.9670404349303432
0.9042096902303416,0.9670404349303432
0.9043533523991103,0.9670404349303432
0.9044970602256476,0.9670404349303432
0.9046408137317228,0.9670404349303432
0.9047846129391194,0.9670404349303432
0.9047694753577107,0.9668705402650357
0.9047543329623151,0.9667006455997281
0.9048982188295165,0.9667006455997281
0.9048830920947988,0.9665307509344206
0.9048679605472478,0.9663608562691132
0.9050119331742243,0.9663608562691132
0.9054441260744985,0.9663608562691132
0.9055882821206814,0.9663608562691132
0.9055732484076433,0.9661909616038057
0.9057174709348622,0.9661909616038057
0.9058617394074546,0.9661909616038057
0.9058467420742393,0.9660210669384981
0.9059910771191841,0.9660210669384981
0.9061354581673307,0.9660210669384981
0.9062798852406758,0.9660210669384981
0.9065688775510204,0.9660210669384981
0.9065539786317972,0.9658511722731906
0.9066985645933014,0.9658511722731906
0.9068431966820865,0.9658511722731906
0.9068283343969368,0.9656812776078831
0.9069730333492899,0.9656812776078831
0.9071177784870731,0.9656812776078831
0.9072625698324023,0.9656812776078831
0.9074074074074074,0.9656812776078831
0.9075522912342328,0.9656812776078831
0.9076972213350367,0.9656812776078831
0.9078421977319917,0.9656812776078831
0.9079872204472843,0.9656812776078831
0.9082774049217002,0.9656812776078831
0.9084225667252677,0.9656812776078831
0.9084079283887468,0.9655113829425757
0.9083932853717026,0.9653414882772681
0.90837863767189,0.9651715936119606
0.9085239085239085,0.9651715936119606
0.9086692258477287,0.9651715936119606
0.9088145896656535,0.9651715936119606
0.90896,0.9651715936119606
0.9091054568730997,0.9651715936119606
0.9092509603072984,0.9651715936119606
0.9093965103249559,0.9651715936119606
0.9095421069484471,0.9651715936119606
0.9096877502001601,0.9651715936119606
0.9098334401024984,0.9651715936119606
0.9098189972769501,0.9650016989466531
0.9099647548862544,0.9650016989466531
0.9099503284730012,0.9648318042813455
0.9099358974358974,0.964661909616038
0.9100817438692098,0.964661909616038
0.9103735770402437,0.964661909616038
0.9105195638229634,0.964661909616038
0.9106655974338412,0.964661909616038
0.9109578052302262,0.964661909616038
0.9109435173299102,0.9644920149507306
0.9110897127266891,0.9644920149507306
0.9112359550561798,0.9644920149507306
0.9113822443409857,0.9644920149507306
0.9113680154142582,0.9643221202854231
0.9115143728922435,0.9643221202854231
0.911660777385159,0.9643221202854231
0.9118072289156627,0.9643221202854231
0.9119537275064268,0.9643221202854231
0.9119395789811988,0.9641522256201155
0.9120861459337833,0.9641522256201155
0.9120720141456358,0.963982330954808
0.9122186495176848,0.963982330954808
0.9123653320469529,0.963982330954808
0.9125120617561917,0.963982330954808
0.9126588386681679,0.963982330954808
0.9128056628056628,0.963982330954808
0.9127916331456154,0.9638124362895005
0.9129385259092372,0.9638124362895005
0.9130854659584742,0.9638124362895005
0.9132324533161623,0.9638124362895005
0.9133794880051521,0.9638124362895005
0.9136736994685134,0.9638124362895005
0.9138208762886598,0.9638124362895005
0.9138069921056872,0.963642541624193
0.9139542378343538,0.963642541624193
0.9142488716956803,0.963642541624193
0.9142350475576334,0.9634726469588855
0.9142212189616253,0.963302752293578
0.9143686502177069,0.963302752293578
0.9145161290322581,0.963302752293578
0.9146636554282949,0.963302752293578
0.914649887060342,0.9631328576282705
0.9147974826528965,0.9631328576282705
0.915092816787732,0.9631328576282705
0.9152405553761704,0.9631328576282705
0.9156840575028267,0.9631328576282705
0.9158319870759289,0.9631328576282705
0.9158183874616255,0.9629629629629629
0.9159663865546218,0.9629629629629629
0.9159528042670114,0.9627930682976554
0.9161008729388943,0.9627930682976554
0.9162489894907033,0.9627930682976554
0.9163971539456662,0.9627930682976554
0.9163836325408378,0.962623173632348
0.9163701067615658,0.9624532789670405
0.9165183627244783,0.9624532789670405
0.916504854368932,0.9622833843017329
0.916653180126234,0.9622833843017329
0.917098445595855,0.9622833843017329
0.917246963562753,0.9622833843017329
0.9173955296404276,0.9622833843017329
0.9175441438522598,0.9622833843017329
0.9176928062216462,0.9622833843017329
0.9178415167719981,0.9622833843017329
0.9179902755267423,0.9622833843017329
0.9179769816826066,0.9621134896364254
0.9181258106355382,0.9621134896364254
0.9181125344575969,0.9619435949711179
0.9182614336685047,0.9619435949711179
0.9184103811841038,0.9619435949711179
0.9185593770279039,0.9619435949711179
0.9187084212234301,0.9619435949711179
0.9188575137942226,0.9619435949711179
0.919006654763837,0.9619435949711179
0.9191558441558442,0.9619435949711179
0.9193050819938302,0.9619435949711179
0.9194543683013966,0.9619435949711179
0.9194412863407504,0.9617737003058104
0.9195906432748538,0.9617737003058104
0.9197400487408611,0.9617737003058104
0.9201885565669701,0.9617737003058104
0.9204878048780488,0.9617737003058104
0.9206375020328509,0.9617737003058104
0.9207872478854913,0.9617737003058104
0.9209370424597365,0.9617737003058104
0.9210868857793687,0.9617737003058104
0.9215367084486408,0.9617737003058104
0.9216867469879518,0.9617737003058104
0.9216739944634424,0.9616038056405029
0.9218241042345277,0.9616038056405029
0.921811369929956,0.9614339109751954
0.9222620599739244,0.9614339109751954
0.9225627649168568,0.9614339109751954
0.9227131909342899,0.9614339109751954
0.922863666014351,0.9614339109751954
0.9228510846517697,0.9612640163098879
0.9228384991843394,0.9610941216445804
0.9229890683635177,0.9610941216445804
0.9231396866840731,0.9610941216445804
0.9235918367346939,0.9610941216445804
0.9237426518615284,0.9610941216445804
0.9238935162502041,0.9610941216445804
0.9241953929096552,0.9610941216445804
0.9243464052287582,0.9610941216445804
0.9244974669063573,0.9610941216445804
0.9244851258581236,0.9609242269792728
0.9246362596043812,0.9609242269792728
0.9247874427730542,0.9609242269792728
0.9249386753883893,0.9609242269792728
0.9250899574746484,0.9609242269792728
0.9252412890561099,0.9609242269792728
0.9255441008018328,0.9609242269792728
0.9258471108201015,0.9609242269792728
0.9259986902423052,0.9609242269792728
0.9259865727853284,0.9607543323139653
0.9259744513593187,0.9605844376486579
0.9262778505897772,0.9605844376486579
0.9264296247747009,0.9605844376486579
0.9264175680104884,0.9604145429833503
0.9265694148500245,0.9604145429833503
0.9267213114754098,0.9604145429833503
0.926873257911133,0.9604145429833503
0.9268612659888488,0.9602446483180428
0.9270132852222405,0.9602446483180428
0.9271653543307087,0.9602446483180428
0.9274696422710863,0.9602446483180428
0.9276218611521418,0.9602446483180428
0.927774130006566,0.9602446483180428
0.9282312366562654,0.9602446483180428
0.9283837056504599,0.9602446483180428
0.9285362247412519,0.9602446483180428
0.9285244824186658,0.9600747536527353
0.9285127362366475,0.9599048589874278
0.9286653517422748,0.9599048589874278
0.9288180174256123,0.9599048589874278
0.9289707333114107,0.9599048589874278
0.9291234994244367,0.9599048589874278
0.9292763157894737,0.9599048589874278
0.9294291824313209,0.9599048589874278
0.9295820993747943,0.9599048589874278
0.9298880842659645,0.9599048589874278
0.9298765432098766,0.9597349643221202
0.9301827762226247,0.9597349643221202
0.9303359683794467,0.9597349643221202
0.9307958477508651,0.9597349643221202
0.9311026866655678,0.9597349643221202
0.9312561819980217,0.9597349643221202
0.931244847485573,0.9595650696568128
0.9315520369454066,0.9595650696568128
0.9315407456285054,0.9593951749915053
0.931694439861409,0.9593951749915053
0.9318481848184819,0.9593951749915053
0.9320019805248391,0.9593951749915053
0.9319907560250907,0.9592252803261978
0.9321446260525013,0.9592252803261978
0.9321334214002642,0.9590553856608902
0.9321222130470685,0.9588854909955827
0.9324301999008756,0.9588854909955827
0.9325842696629213,0.9588854909955827
0.9330467845924947,0.9588854909955827
0.9335097585180284,0.9588854909955827
0.9338186631369954,0.9588854909955827
0.9338077114016217,0.9587155963302753
0.9339622641509434,0.9587155963302753
0.9344262295081968,0.9587155963302753
0.9345809870818151,0.9587155963302753
0.9347357959251283,0.9587155963302753
0.9348906560636183,0.9587155963302753
0.9353555445052213,0.9587155963302753
0.9355106100795756,0.9587155963302753
0.93566572707677,0.9587155963302753
0.935820895522388,0.9587155963302753
0.9359761154420302,0.9587155963302753
0.9361313868613139,0.9587155963302753
0.9364420843013608,0.9587155963302753
0.9367529880478087,0.9587155963302753
0.9369085173501577,0.9587155963302753
0.9370640983062105,0.9587155963302753
0.9375311513540455,0.9587155963302753
0.9376869391824526,0.9587155963302753
0.9378427787934186,0.9587155963302753
0.937998670212766,0.9587155963302753
0.9379883624272651,0.9585457016649678
0.9383003492433062,0.9585457016649678
0.9384564204923487,0.9585457016649678
0.9386125436699384,0.9585457016649678
0.939081225033289,0.9585457016649678
0.9390710837356417,0.9583758069996602
0.9392274392274392,0.9583758069996602
0.9392173189009159,0.9582059123343527
0.9392071952031978,0.9580360176690452
0.9396767205465756,0.9580360176690452
0.9398333333333333,0.9580360176690452
0.9399899983330555,0.9580360176690452
0.9401467155718572,0.9580360176690452
0.9401367350341837,0.9578661230037376
0.9401267511674449,0.9576962283384302
0.9404404404404404,0.9576962283384302
0.940430502252628,0.9575263336731227
0.9407444500083458,0.9575263336731227
0.9409015025041736,0.9575263336731227
0.9413729747786872,0.9575263336731227
0.9415302372201804,0.9575263336731227
0.9415204678362573,0.9573564390078152
0.9415106951871658,0.9571865443425076
0.9416680595019221,0.9571865443425076
0.9419829459956529,0.9571865443425076
0.9421404682274247,0.9571865443425076
0.9422980431510286,0.9571865443425076
0.9424556707929074,0.9571865443425076
0.9424460431654677,0.9570166496772001
0.9429193170405089,0.9570166496772001
0.9429097605893186,0.9568467550118926
0.943067649028801,0.9568467550118926
0.9430581142187239,0.9566768603465852
0.9430485762144054,0.9565069656812776
0.9432065672641984,0.9565069656812776
0.9431970509383378,0.9563370710159701
0.9431875314228255,0.9561671763506626
0.9435037720033529,0.9561671763506626
0.9439785306943979,0.9561671763506626
0.9442953020134228,0.9561671763506626
0.9446122860020141,0.9561671763506626
0.9447708578143361,0.9561671763506626
0.9447615849563465,0.955997281685355
0.9450789385287202,0.955997281685355
0.9450697127498741,0.9558273870200475
0.9452284946236559,0.9558273870200475
0.9453873298605276,0.9558273870200475
0.9457051605311817,0.9558273870200475
0.9456960322797578,0.9556574923547401
0.945855052967883,0.9556574923547401
0.9458459468550285,0.9554875976894326
0.9460050462573592,0.9554875976894326
0.946164199192463,0.9554875976894326
0.9461551405014302,0.955317703024125
0.9464736576333951,0.955317703024125
0.9464646464646465,0.9551478083588175
0.9464556322613235,0.95497791369351
0.9464466150218929,0.9548080190282026
0.9464375947448206,0.954638124362895
0.9465970350404312,0.954638124362895
0.9465880370682392,0.9544682296975875
0.946747556454331,0.9544682296975875
0.9467385808191472,0.95429833503228
0.9468981793661497,0.95429833503228
0.9470578317315799,0.95429833503228
0.9470489038785834,0.9541284403669725
0.947039973013999,0.9539585457016649
0.9471997300944669,0.9539585457016649
0.9471908216635735,0.9537886510363575
0.9471819102261222,0.95361875637105
0.9471729957805907,0.9534488617057424
0.9473328831870358,0.9534488617057424
0.9478128694477285,0.9534488617057424
0.947972972972973,0.9534488617057424
0.9484536082474226,0.9534488617057424
0.9484448951994591,0.9532789670404349
0.9486052409129332,0.9532789670404349
0.948596550557998,0.9531090723751274
0.9487569761542364,0.9531090723751274
0.9490779901877855,0.9531090723751274
0.9490693739424704,0.95293917770982
0.9493906567366283,0.95293917770982
0.9493820890468935,0.9527692830445124
0.9497036409822185,0.9527692830445124
0.9496951219512195,0.9525993883792049
0.9496866000338811,0.9524294937138974
0.949678075228736,0.9522595990485899
0.949839010337231,0.9522595990485899
0.9501610442447872,0.9522595990485899
0.9503221430993557,0.9522595990485899
0.9506445047489823,0.9522595990485899
0.9506361323155216,0.9520897043832823
0.9506277570410587,0.9519198097179749
0.9507890717800781,0.9519198097179749
0.9509504412763069,0.9519198097179749
0.9514348785871964,0.9519198097179749
0.9514266304347826,0.9517499150526674
0.9514183794802107,0.9515800203873598
0.9515800203873598,0.9515800203873598
0.9519034670292318,0.9515800203873598
0.9522271336280177,0.9515800203873598
0.9523890494813807,0.9515800203873598
0.9523809523809523,0.9514101257220523
0.9527050017012589,0.9514101257220523
0.9526969542283478,0.9512402310567448
0.9528590878148401,0.9512402310567448
0.9528510638297872,0.9510703363914373
0.9528430371127,0.9509004417261298
0.9531675749318801,0.9509004417261298
0.9531595980241867,0.9507305470608223
0.9531516183986372,0.9505606523955148
0.9533140228318282,0.9505606523955148
0.9534764826175869,0.9505606523955148
0.9534685529231294,0.9503907577302073
0.9534606205250596,0.9502208630648997
0.9539484905338564,0.9502208630648997
0.9541112248379393,0.9502208630648997
0.9541033953250299,0.9500509683995922
0.9542662116040955,0.9500509683995922
0.9544290834613415,0.9500509683995922
0.9547549940242445,0.9500509683995922
0.9549180327868853,0.9500509683995922
0.9549103330486763,0.9498810737342848
0.954902630679877,0.9497111790689773
0.9550657782333846,0.9497111790689773
0.9550580997949419,0.9495412844036697
0.9550504187318407,0.9493713897383622
0.9552136752136752,0.9493713897383622
0.9557037797160938,0.9493713897383622
0.9556962025316456,0.9492014950730547
0.9558597091531223,0.9492014950730547
0.9558521560574949,0.9490316004077471
0.9563430919363123,0.9490316004077471
0.9565068493150685,0.9490316004077471
0.9566706627847235,0.9490316004077471
0.9568345323741008,0.9490316004077471
0.9573264781491002,0.9490316004077471
0.9573191635241687,0.9488617057424397
0.9573118463912224,0.9486918110771322
0.9573045267489712,0.9485219164118247
0.9577972207925888,0.9485219164118247
0.9577899794097461,0.9483520217465171
0.957782735541445,0.9481821270812096
0.9581115879828326,0.9481821270812096
0.9584406663232011,0.9481821270812096
0.9586052902782549,0.9481821270812096
0.9589347079037801,0.9481821270812096
0.9589276507991064,0.9480122324159022
0.9589205912684772,0.9478423377505947
0.9589135293106412,0.9476724430852871
0.9590784044016506,0.9476724430852871
0.9590713671539123,0.9475025484199796
0.9592363261093911,0.9475025484199796
0.9592293136074316,0.9473326537546721
0.9593943565037852,0.9473326537546721
0.959387368783342,0.9471627590893646
0.959380378657487,0.9469928644240571
0.9593733861249785,0.9468229697587496
0.959538567493113,0.9468229697587496
0.959703805751679,0.9468229697587496
0.9598691009300724,0.9468229697587496
0.9598621877691645,0.9466530750934421
0.9600275671950379,0.9466530750934421
0.9601930036188179,0.9466530750934421
0.9601861427094105,0.9464831804281345
0.9601792794345803,0.946313285762827
0.9605104328332471,0.946313285762827
0.9606760952052432,0.946313285762827
0.9610008628127696,0.9461433910975195
0.9609941318605454,0.9459734964322121
0.9609873985844986,0.9458036017669045
0.9609806629834254,0.945633707101597
0.9611466068036608,0.945633707101597
0.9616447823082239,0.945633707101597
0.9616381544841887,0.9454638124362895
0.9621369294605809,0.9454638124362895
0.9623033027840221,0.9454638124362895
0.9624697336561744,0.9454638124362895
0.9626362221069019,0.9454638124362895
0.96280276816609,0.9454638124362895
0.96279633154525,0.945293917770982
0.9629629629629629,0.945293917770982
0.9629565518435174,0.9451240231056744
0.963123268698061,0.9451240231056744
0.9632900432900433,0.9451240231056744
0.9632836854866643,0.944954128440367
0.9632773254806859,0.9447842337750595
0.9632709632709633,0.9446143391097519
0.9632645988563507,0.9444444444444444
0.963258232235702,0.9442745497791369
0.9634252036748137,0.9442745497791369
0.9634188626907073,0.9441046551138295
0.9634125195075429,0.9439347604485219
0.9634061741241762,0.9437648657832144
0.9635732870771899,0.9437648657832144
0.9637404580152672,0.9437648657832144
0.9639076869685927,0.9437648657832144
0.964242319041833,0.9437648657832144
0.9644097222222222,0.9437648657832144
0.9644035422816462,0.9435949711179069
0.9643973601945119,0.9434250764525994
0.9649000868809731,0.9434250764525994
0.9652355292890665,0.9434250764525994
0.9652294853963839,0.9432551817872918
0.965397322204834,0.9432551817872918
0.965391304347826,0.9430852871219844
0.9653852843972864,0.9429153924566769
0.9653792623521225,0.9427454977913694
0.9653732382112407,0.9425756031260618
0.9660456207557025,0.9425756031260618
0.9660397074190178,0.9424057084607543
0.9660337920222958,0.9422358137954469
0.9660278745644599,0.9420659191301393
0.9660219550444328,0.9418960244648318
0.9661903102126176,0.9418960244648318
0.9663528591352859,0.9417261297995243
0.9663469921534438,0.9415562351342168
0.966341123125218,0.9413863404689092
0.9665096807953951,0.9413863404689092
0.96684697260513,0.9413863404689092
0.9673533519553073,0.9413863404689092
0.9673476514754671,0.9412164458036018
0.9673419490045407,0.9410465511382943
0.9676799440950384,0.9410465511382943
0.9676742966975362,0.9408766564729868
0.9680125852123754,0.9408766564729868
0.968006993006993,0.9407067618076792
0.9681762545899633,0.9407067618076792
0.9681706890521161,0.9405368671423717
0.9683400384817212,0.9405368671423717
0.968334499650105,0.9403669724770642
0.968503937007874,0.9403669724770642
0.968498424921246,0.9401970778117568
0.9684929109049536,0.9400271831464492
0.9684873949579832,0.9398572884811417
0.9684818770793207,0.9396873938158342
0.968476357267951,0.9395174991505266
0.9684708355228586,0.9393476044852191
0.9684653118430273,0.9391777098199117
0.96845978622744,0.9390078151546042
0.9686295127935507,0.9390078151546042
0.9686240140227871,0.9388379204892966
0.9687938288920056,0.9388379204892966
0.9691336373202385,0.9388379204892966
0.9691282231187511,0.9386680258239891
0.9691228070175438,0.9384981311586816
0.9691173890156167,0.9383282364933742
0.9692874692874693,0.9383282364933742
0.9697980684811238,0.9383282364933742
0.9697874582821008,0.9379884471627591
0.9699578355586789,0.9379884471627591
0.9701282727112985,0.9379884471627591
0.970298769771529,0.9379884471627591
0.9706399437412095,0.9379884471627591
0.9706347810796554,0.9378185524974516
0.9706296166021808,0.937648657832144
0.9706244503078276,0.9374787631668365
0.9706192821956369,0.9373088685015291
0.9707900756642618,0.9373088685015291
0.9707849348820837,0.9371389738362216
0.9707797922900898,0.936969079170914
0.9707746478873239,0.9367991845056065
0.9707695016728297,0.936629289840299
0.9707643536456498,0.9364593951749915
0.9709353531794962,0.9364593951749915
0.9709302325581395,0.936289500509684
0.9709251101321585,0.9361196058443765
0.9710962284102925,0.9361196058443765
0.9710911334390975,0.935949711179069
0.9715999294408185,0.9357798165137615
0.9715949188426253,0.9356099218484539
0.9715899064760897,0.9354400271831464
0.9719329214474846,0.9354400271831464
0.9721045197740112,0.9354400271831464
0.9720995938548472,0.935270132517839
0.9722712822324268,0.935270132517839
0.9722663840310899,0.9351002378525314
0.97226148409894,0.9349303431872239
0.9722565824350592,0.9347604485219164
0.9722516790385295,0.9345905538566089
0.9725954738330976,0.9345905538566089
0.9725906277630415,0.9344206591913014
0.972585779978776,0.9342507645259939
0.9725809304793914,0.9340808698606864
0.9727481861617413,0.9339109751953789
0.9727433628318584,0.9337410805300713
0.9727385377942999,0.9335711858647638
0.9727337110481586,0.9334012911994564
0.972728882592527,0.9332313965341489
0.9730735163861824,0.9332313965341489
0.9730687455705174,0.9330615018688413
0.9730639730639731,0.9328916072035338
0.9730591988656505,0.9327217125382263
0.9730544229746498,0.9325518178729187
0.9733995389253414,0.9325518178729187
0.9739176721078779,0.9325518178729187
0.9739130434782609,0.9323819232076113
0.9739084132055378,0.9322120285423038
0.9739037812888337,0.9320421338769963
0.9738991477272727,0.9318722392116887
0.9738945125199787,0.9317023445463812
0.9738898756660747,0.9315324498810738
0.9738852371646829,0.9313625552157663
0.9738805970149254,0.9311926605504587
0.9738759552159232,0.9310227658851512
0.9742222222222222,0.9310227658851512
0.9747420846673781,0.9310227658851512
0.9749154954634407,0.9310227658851512
0.9749110320284697,0.9308528712198437
0.9749065670048052,0.9306829765545361
0.9749021003915984,0.9305130818892287
0.9748976321880007,0.9303431872239212
0.9754185963662273,0.9303431872239212
0.9755923748441119,0.9303431872239212
0.9757662152530292,0.9303431872239212
0.9762838801711841,0.9301732925586137
0.9762796504369539,0.9300033978933061
0.9766280107047279,0.9300033978933061
0.9766238401142041,0.9298335032279986
0.9769725098179222,0.9298335032279986
0.9771469380467773,0.9298335032279986
0.9776705966416578,0.9298335032279986
0.9776666071109523,0.9296636085626911
0.977662616154396,0.9294937138973837
0.9780082245664223,0.9293238192320761
0.9780042918454935,0.9291539245667686
0.9780003577177607,0.9289840299014611
0.9783464566929134,0.9288141352361536
0.9783425809915877,0.928644240570846
0.9785138764547896,0.9284743459055386
0.978689111747851,0.9284743459055386
0.9786852946444564,0.9283044512402311
0.9786814761734145,0.9281345565749235
0.9786776563339903,0.927964661909616
0.978673835125448,0.9277947672443085
0.9786700125470514,0.9276248725790011
0.9786661885980639,0.9274549779136935
0.9788416711493635,0.9274549779136935
0.9788378766140603,0.927285083248386
0.9790134529147982,0.927285083248386
0.9790096878363832,0.9271151885830785
0.9790059214067827,0.926945293917771
0.9791816223977028,0.926945293917771
0.9793573864656255,0.926945293917771
0.9795332136445243,0.926945293917771
0.9797054597701149,0.9267753992524634
0.979701814262619,0.926605504587156
0.979698167445203,0.9264356099218485
0.9796908698777858,0.9260958205912334
0.9798597374572918,0.9257560312606185
0.9798524914552977,0.9254162419300034
0.9798488664987406,0.9252463472646959
0.9800180018001801,0.9249065579340808
0.9800144040331292,0.9247366632687734
0.9805405405405405,0.9245667686034659
0.9805370336997657,0.9243968739381584
0.9805265055896142,0.9238871899422358
0.9805229936880072,0.9237172952769283
0.9805194805194806,0.9235474006116208
0.9805124503789245,0.9232076112810058
0.9805089334055225,0.9230377166156982
0.9805054151624548,0.9228678219503907
0.9808595160707837,0.9228678219503907
0.9810332369942196,0.9226979272850833
0.9813877846042646,0.9226979272850833
0.9813844207482378,0.9225280326197758
0.981374321880651,0.9220183486238532
0.9815451420300344,0.9216785592932382
0.9815418023887079,0.9215086646279307
0.9817194570135747,0.9215086646279307
0.9817161477190441,0.9213387699626232
0.9824243522377242,0.9211688752973156
0.9827804966467283,0.9211688752973156
0.9827742520398912,0.9208290859667007
0.9829524845846935,0.9208290859667007
0.9829493923453655,0.9206591913013932
0.9829462989840348,0.9204892966360856
0.9829432045000908,0.9203194019707781
0.9829401088929219,0.9201495073054706
0.9829370121619169,0.9199796126401631
0.9834695731153497,0.9198097179748556
0.9834665697674418,0.9196398233095481
0.9834605597964376,0.919300033978933
0.9834575531721506,0.9191301393136255
0.9834545454545455,0.918960244648318
0.983451536643026,0.9187903499830106
0.9834485267369952,0.918620455317703
0.9834455157358559,0.9184505606523955
0.9834425036390102,0.918280665987088
0.9834364761558063,0.917940876656473
0.9834274266982335,0.9174311926605505
0.9839562443026436,0.916921508664628
0.9843122947829259,0.9167516139993204
0.9843065693430657,0.9164118246687054
0.9846631367536973,0.9162419300033979
0.9846603360116873,0.9160720353380903
0.9846519276448018,0.9155623513421679
0.9846463169438859,0.9152225620115528
0.9846407021393307,0.9148827726809379
0.9846350832266325,0.9145429833503228
0.9846294602012808,0.9142031940197077
0.9846238330587589,0.9138634046890928
0.9846210179421457,0.9136935100237853
0.9846182017945431,0.9135236153584777
0.9849706744868035,0.9130139313625553
0.9851485148514851,0.9128440366972477
0.9853211009174312,0.9123343527013251
0.9853184070471647,0.9121644580360176
0.9853130163392694,0.9118246687054027
0.9858559882439383,0.9118246687054027
0.9858533896748117,0.9116547740400951
0.9858507901506799,0.9114848793747876
0.9858481896710164,0.9113149847094801
0.9860268431697004,0.9111450900441727
0.9860165593376264,0.9104655113829426
0.9861954721148537,0.910295616717635
0.9861929307805597,0.9101257220523276
0.9863644739266629,0.9094461433910975
0.9863619609288611,0.90927624872579
0.9863569321533924,0.908936459395175
0.9863544163747003,0.9087665647298675
0.9863518996680192,0.90859667006456
0.9863493820328353,0.9084267753992524
0.9863443439749031,0.9080869860686375
0.9863418235511259,0.90791709140333
0.9863342566943675,0.9074074074074074
0.9865114560236512,0.9070676180767924
0.9866839282411689,0.9063880394155623
0.9866790009250693,0.9060482500849474
0.9866740699611327,0.9057084607543323
0.9866641970735321,0.9050288820931023
0.9866567828020756,0.9045191980971797
0.9868323442136498,0.9040095141012572
0.9870081662954714,0.9034998301053347
0.9870009285051068,0.9029901461094122
0.9869936826458565,0.9024804621134896
0.9873582450269567,0.9023105674481822
0.9873558943845295,0.9021406727828746
0.9873535428677701,0.9019707781175671
0.9873417721518988,0.9011213047910296
0.9873323397913562,0.9004417261297996
0.9873276183376817,0.9001019367991845
0.9873252562907735,0.899932042133877
0.9873205295543539,0.8995922528032619
0.9878708714312372,0.8994223581379545
0.9878663431024828,0.8990825688073395
0.9878595442659693,0.898572884811417
0.9878550074738416,0.8982330954808019
0.9878391019644528,0.8970438328236493
0.9883808095952024,0.8960244648318043
0.9885617851115694,0.8956846755011892
0.9885531994745731,0.8950050968399592
0.9889139421270199,0.8941556235134217
0.9890936442271531,0.8936459395174992
0.9890854347007904,0.8929663608562691
0.9890772128060263,0.8922867821950391
0.9892594686263426,0.891946992864424
0.9892513671506694,0.891267414203194
0.9894259818731118,0.890248046211349
0.9894159894159894,0.8893985728848114
0.9894119871431273,0.8890587835541964
0.9894059780552402,0.8885490995582739
0.9899602197385868,0.8878695208970439
0.9899545109931767,0.8873598369011213
0.9899430740037951,0.8863404689092762
0.9903097092912787,0.8854909955827387
0.9902912621359223,0.8837920489296636
0.9902801600914809,0.8827726809378186
0.9906452844597174,0.881583418280666
0.9908256880733946,0.8807339449541285
0.9908098793796669,0.8792048929663608
0.99080635893507,0.8788651036357459
0.9909840782658738,0.8776758409785933
0.9909736892644517,0.8766564729867482
0.9909580607926125,0.8751274209989807
0.990930142802007,0.8724091063540604
0.9914827719705769,0.8702004757050629
0.9924227705459491,0.8678219503907577
0.9927762592737212,0.863914373088685
0.9929356357927787,0.8596670064559973
0.9933018124507487,0.8566089024804621
0.9932646592709984,0.8518518518518519
0.9932176341512069,0.8459055385660891
0.9937625754527163,0.8391097519537887
0.9939135727328059,0.8323139653414883
0.9940488405499692,0.8229697587495752
0.9943585457584622,0.8085287121984369
0.9948375994837599,0.7857628270472308
0.9965509312485629,0.7363234794427455
1.0,0.0
